manifest_id,cohort,seed,domain,domain_label,value_head,rq_scope,task_type,stage,variant,architecture,teacher,source_checkpoint_ref,supervised_lr,max_epochs,original_training_set,estimator,puct,tree_sampling,anchor,width,iterations,workers,jpddl_heap,cpus,memory,time_limit,instance_timeout,completion_mode,dependency_ref,checkpoint_selection,status,notes
block_grouping-off-1963100312-stage1-train-primary,prospective-ten,1963100312,block_grouping,Block Grouping,off,RQ1/RQ2,train,stage1,primary,experiments_numeric.architecture_2.block_grouping,hadd-gbfs,new_lineage,0.003,1000,True,,,,,,,3,4g,6,48G,1-00:00:00,,,,validation-best; never test-selected,planned,
block_grouping-off-1963100312-stage1-policy_eval-primary,prospective-ten,1963100312,block_grouping,Block Grouping,off,RQ1/RQ2,policy_eval,stage1,primary,experiments_numeric.architecture_2.block_grouping,hadd-gbfs,selected:stage1:block_grouping:off:1963100312,,,True,,,,,,,3,4g,6,20G,04:00:00,,VAL,block_grouping-off-1963100312-stage1-train-primary,preselected dependency checkpoint,planned,
block_grouping-off-1963100312-stage1-mcts_eval-primary,prospective-ten,1963100312,block_grouping,Block Grouping,off,RQ1/RQ2,mcts_eval,stage1,primary,experiments_numeric.architecture_2.block_grouping_mcts,hadd-gbfs,selected:stage1:block_grouping:off:1963100312,,,True,0.5,1.0,,,5,3,3,4g,6,120G,3-00:00:00,21600,rolling+VAL,block_grouping-off-1963100312-stage1-train-primary,preselected dependency checkpoint,planned,
block_grouping-off-1963100312-stage2-train-primary,prospective-ten,1963100312,block_grouping,Block Grouping,off,RQ1/RQ2,train,stage2,primary,experiments_numeric.architecture_2.block_grouping_mcts,hadd-gbfs,selected:stage1:block_grouping:off:1963100312,0.0003,100,True,0.5,0.1,0,30,20,0,3,4g,6,48G,3-00:00:00,,,block_grouping-off-1963100312-stage1-train-primary,validation-best; never test-selected,planned,
block_grouping-off-1963100312-stage2-policy_eval-primary,prospective-ten,1963100312,block_grouping,Block Grouping,off,RQ1/RQ2,policy_eval,stage2,primary,experiments_numeric.architecture_2.block_grouping_mcts,hadd-gbfs,selected:stage2:block_grouping:off:1963100312,,,True,,,,,,,3,4g,6,20G,04:00:00,,VAL,block_grouping-off-1963100312-stage2-train-primary,preselected dependency checkpoint,planned,
block_grouping-off-1963100312-stage2-mcts_eval-primary,prospective-ten,1963100312,block_grouping,Block Grouping,off,RQ1/RQ2,mcts_eval,stage2,primary,experiments_numeric.architecture_2.block_grouping_mcts,hadd-gbfs,selected:stage2:block_grouping:off:1963100312,,,True,0.5,0.1,,,5,20,3,4g,6,120G,3-00:00:00,21600,rolling+VAL,block_grouping-off-1963100312-stage2-train-primary,preselected dependency checkpoint,planned,
block_grouping-off-1963100312-stage2-mcts_eval-normal,prospective-ten,1963100312,block_grouping,Block Grouping,off,RQ1/RQ2,mcts_eval,stage2,normal,experiments_numeric.architecture_2.block_grouping_mcts,hadd-gbfs,selected:stage2:block_grouping:off:1963100312,,,True,0.5,0.1,,,20,70,3,4g,6,120G,3-00:00:00,21600,rolling+VAL,block_grouping-off-1963100312-stage2-train-primary,preselected dependency checkpoint,planned,
block_grouping-off-2011206605-stage1-train-primary,prospective-ten,2011206605,block_grouping,Block Grouping,off,RQ1/RQ2,train,stage1,primary,experiments_numeric.architecture_2.block_grouping,hadd-gbfs,new_lineage,0.003,1000,True,,,,,,,3,4g,6,48G,1-00:00:00,,,,validation-best; never test-selected,planned,
block_grouping-off-2011206605-stage1-policy_eval-primary,prospective-ten,2011206605,block_grouping,Block Grouping,off,RQ1/RQ2,policy_eval,stage1,primary,experiments_numeric.architecture_2.block_grouping,hadd-gbfs,selected:stage1:block_grouping:off:2011206605,,,True,,,,,,,3,4g,6,20G,04:00:00,,VAL,block_grouping-off-2011206605-stage1-train-primary,preselected dependency checkpoint,planned,
block_grouping-off-2011206605-stage1-mcts_eval-primary,prospective-ten,2011206605,block_grouping,Block Grouping,off,RQ1/RQ2,mcts_eval,stage1,primary,experiments_numeric.architecture_2.block_grouping_mcts,hadd-gbfs,selected:stage1:block_grouping:off:2011206605,,,True,0.5,1.0,,,5,3,3,4g,6,120G,3-00:00:00,21600,rolling+VAL,block_grouping-off-2011206605-stage1-train-primary,preselected dependency checkpoint,planned,
block_grouping-off-2011206605-stage2-train-primary,prospective-ten,2011206605,block_grouping,Block Grouping,off,RQ1/RQ2,train,stage2,primary,experiments_numeric.architecture_2.block_grouping_mcts,hadd-gbfs,selected:stage1:block_grouping:off:2011206605,0.0003,100,True,0.5,0.1,0,30,20,0,3,4g,6,48G,3-00:00:00,,,block_grouping-off-2011206605-stage1-train-primary,validation-best; never test-selected,planned,
block_grouping-off-2011206605-stage2-policy_eval-primary,prospective-ten,2011206605,block_grouping,Block Grouping,off,RQ1/RQ2,policy_eval,stage2,primary,experiments_numeric.architecture_2.block_grouping_mcts,hadd-gbfs,selected:stage2:block_grouping:off:2011206605,,,True,,,,,,,3,4g,6,20G,04:00:00,,VAL,block_grouping-off-2011206605-stage2-train-primary,preselected dependency checkpoint,planned,
block_grouping-off-2011206605-stage2-mcts_eval-primary,prospective-ten,2011206605,block_grouping,Block Grouping,off,RQ1/RQ2,mcts_eval,stage2,primary,experiments_numeric.architecture_2.block_grouping_mcts,hadd-gbfs,selected:stage2:block_grouping:off:2011206605,,,True,0.5,0.1,,,5,20,3,4g,6,120G,3-00:00:00,21600,rolling+VAL,block_grouping-off-2011206605-stage2-train-primary,preselected dependency checkpoint,planned,
block_grouping-off-2011206605-stage2-mcts_eval-normal,prospective-ten,2011206605,block_grouping,Block Grouping,off,RQ1/RQ2,mcts_eval,stage2,normal,experiments_numeric.architecture_2.block_grouping_mcts,hadd-gbfs,selected:stage2:block_grouping:off:2011206605,,,True,0.5,0.1,,,20,70,3,4g,6,120G,3-00:00:00,21600,rolling+VAL,block_grouping-off-2011206605-stage2-train-primary,preselected dependency checkpoint,planned,
block_grouping-off-1073581256-stage1-train-primary,prospective-ten,1073581256,block_grouping,Block Grouping,off,RQ1/RQ2,train,stage1,primary,experiments_numeric.architecture_2.block_grouping,hadd-gbfs,new_lineage,0.003,1000,True,,,,,,,3,4g,6,48G,1-00:00:00,,,,validation-best; never test-selected,planned,
block_grouping-off-1073581256-stage1-policy_eval-primary,prospective-ten,1073581256,block_grouping,Block Grouping,off,RQ1/RQ2,policy_eval,stage1,primary,experiments_numeric.architecture_2.block_grouping,hadd-gbfs,selected:stage1:block_grouping:off:1073581256,,,True,,,,,,,3,4g,6,20G,04:00:00,,VAL,block_grouping-off-1073581256-stage1-train-primary,preselected dependency checkpoint,planned,
block_grouping-off-1073581256-stage1-mcts_eval-primary,prospective-ten,1073581256,block_grouping,Block Grouping,off,RQ1/RQ2,mcts_eval,stage1,primary,experiments_numeric.architecture_2.block_grouping_mcts,hadd-gbfs,selected:stage1:block_grouping:off:1073581256,,,True,0.5,1.0,,,5,3,3,4g,6,120G,3-00:00:00,21600,rolling+VAL,block_grouping-off-1073581256-stage1-train-primary,preselected dependency checkpoint,planned,
block_grouping-off-1073581256-stage2-train-primary,prospective-ten,1073581256,block_grouping,Block Grouping,off,RQ1/RQ2,train,stage2,primary,experiments_numeric.architecture_2.block_grouping_mcts,hadd-gbfs,selected:stage1:block_grouping:off:1073581256,0.0003,100,True,0.5,0.1,0,30,20,0,3,4g,6,48G,3-00:00:00,,,block_grouping-off-1073581256-stage1-train-primary,validation-best; never test-selected,planned,
block_grouping-off-1073581256-stage2-policy_eval-primary,prospective-ten,1073581256,block_grouping,Block Grouping,off,RQ1/RQ2,policy_eval,stage2,primary,experiments_numeric.architecture_2.block_grouping_mcts,hadd-gbfs,selected:stage2:block_grouping:off:1073581256,,,True,,,,,,,3,4g,6,20G,04:00:00,,VAL,block_grouping-off-1073581256-stage2-train-primary,preselected dependency checkpoint,planned,
block_grouping-off-1073581256-stage2-mcts_eval-primary,prospective-ten,1073581256,block_grouping,Block Grouping,off,RQ1/RQ2,mcts_eval,stage2,primary,experiments_numeric.architecture_2.block_grouping_mcts,hadd-gbfs,selected:stage2:block_grouping:off:1073581256,,,True,0.5,0.1,,,5,20,3,4g,6,120G,3-00:00:00,21600,rolling+VAL,block_grouping-off-1073581256-stage2-train-primary,preselected dependency checkpoint,planned,
block_grouping-off-1073581256-stage2-mcts_eval-normal,prospective-ten,1073581256,block_grouping,Block Grouping,off,RQ1/RQ2,mcts_eval,stage2,normal,experiments_numeric.architecture_2.block_grouping_mcts,hadd-gbfs,selected:stage2:block_grouping:off:1073581256,,,True,0.5,0.1,,,20,70,3,4g,6,120G,3-00:00:00,21600,rolling+VAL,block_grouping-off-1073581256-stage2-train-primary,preselected dependency checkpoint,planned,
block_grouping-off-1239739722-stage1-train-primary,prospective-ten,1239739722,block_grouping,Block Grouping,off,RQ1/RQ2,train,stage1,primary,experiments_numeric.architecture_2.block_grouping,hadd-gbfs,new_lineage,0.003,1000,True,,,,,,,3,4g,6,48G,1-00:00:00,,,,validation-best; never test-selected,planned,
block_grouping-off-1239739722-stage1-policy_eval-primary,prospective-ten,1239739722,block_grouping,Block Grouping,off,RQ1/RQ2,policy_eval,stage1,primary,experiments_numeric.architecture_2.block_grouping,hadd-gbfs,selected:stage1:block_grouping:off:1239739722,,,True,,,,,,,3,4g,6,20G,04:00:00,,VAL,block_grouping-off-1239739722-stage1-train-primary,preselected dependency checkpoint,planned,
block_grouping-off-1239739722-stage1-mcts_eval-primary,prospective-ten,1239739722,block_grouping,Block Grouping,off,RQ1/RQ2,mcts_eval,stage1,primary,experiments_numeric.architecture_2.block_grouping_mcts,hadd-gbfs,selected:stage1:block_grouping:off:1239739722,,,True,0.5,1.0,,,5,3,3,4g,6,120G,3-00:00:00,21600,rolling+VAL,block_grouping-off-1239739722-stage1-train-primary,preselected dependency checkpoint,planned,
block_grouping-off-1239739722-stage2-train-primary,prospective-ten,1239739722,block_grouping,Block Grouping,off,RQ1/RQ2,train,stage2,primary,experiments_numeric.architecture_2.block_grouping_mcts,hadd-gbfs,selected:stage1:block_grouping:off:1239739722,0.0003,100,True,0.5,0.1,0,30,20,0,3,4g,6,48G,3-00:00:00,,,block_grouping-off-1239739722-stage1-train-primary,validation-best; never test-selected,planned,
block_grouping-off-1239739722-stage2-policy_eval-primary,prospective-ten,1239739722,block_grouping,Block Grouping,off,RQ1/RQ2,policy_eval,stage2,primary,experiments_numeric.architecture_2.block_grouping_mcts,hadd-gbfs,selected:stage2:block_grouping:off:1239739722,,,True,,,,,,,3,4g,6,20G,04:00:00,,VAL,block_grouping-off-1239739722-stage2-train-primary,preselected dependency checkpoint,planned,
block_grouping-off-1239739722-stage2-mcts_eval-primary,prospective-ten,1239739722,block_grouping,Block Grouping,off,RQ1/RQ2,mcts_eval,stage2,primary,experiments_numeric.architecture_2.block_grouping_mcts,hadd-gbfs,selected:stage2:block_grouping:off:1239739722,,,True,0.5,0.1,,,5,20,3,4g,6,120G,3-00:00:00,21600,rolling+VAL,block_grouping-off-1239739722-stage2-train-primary,preselected dependency checkpoint,planned,
block_grouping-off-1239739722-stage2-mcts_eval-normal,prospective-ten,1239739722,block_grouping,Block Grouping,off,RQ1/RQ2,mcts_eval,stage2,normal,experiments_numeric.architecture_2.block_grouping_mcts,hadd-gbfs,selected:stage2:block_grouping:off:1239739722,,,True,0.5,0.1,,,20,70,3,4g,6,120G,3-00:00:00,21600,rolling+VAL,block_grouping-off-1239739722-stage2-train-primary,preselected dependency checkpoint,planned,
block_grouping-off-1472491096-stage1-train-primary,prospective-ten,1472491096,block_grouping,Block Grouping,off,RQ1/RQ2,train,stage1,primary,experiments_numeric.architecture_2.block_grouping,hadd-gbfs,new_lineage,0.003,1000,True,,,,,,,3,4g,6,48G,1-00:00:00,,,,validation-best; never test-selected,planned,
block_grouping-off-1472491096-stage1-policy_eval-primary,prospective-ten,1472491096,block_grouping,Block Grouping,off,RQ1/RQ2,policy_eval,stage1,primary,experiments_numeric.architecture_2.block_grouping,hadd-gbfs,selected:stage1:block_grouping:off:1472491096,,,True,,,,,,,3,4g,6,20G,04:00:00,,VAL,block_grouping-off-1472491096-stage1-train-primary,preselected dependency checkpoint,planned,
block_grouping-off-1472491096-stage1-mcts_eval-primary,prospective-ten,1472491096,block_grouping,Block Grouping,off,RQ1/RQ2,mcts_eval,stage1,primary,experiments_numeric.architecture_2.block_grouping_mcts,hadd-gbfs,selected:stage1:block_grouping:off:1472491096,,,True,0.5,1.0,,,5,3,3,4g,6,120G,3-00:00:00,21600,rolling+VAL,block_grouping-off-1472491096-stage1-train-primary,preselected dependency checkpoint,planned,
block_grouping-off-1472491096-stage2-train-primary,prospective-ten,1472491096,block_grouping,Block Grouping,off,RQ1/RQ2,train,stage2,primary,experiments_numeric.architecture_2.block_grouping_mcts,hadd-gbfs,selected:stage1:block_grouping:off:1472491096,0.0003,100,True,0.5,0.1,0,30,20,0,3,4g,6,48G,3-00:00:00,,,block_grouping-off-1472491096-stage1-train-primary,validation-best; never test-selected,planned,
block_grouping-off-1472491096-stage2-policy_eval-primary,prospective-ten,1472491096,block_grouping,Block Grouping,off,RQ1/RQ2,policy_eval,stage2,primary,experiments_numeric.architecture_2.block_grouping_mcts,hadd-gbfs,selected:stage2:block_grouping:off:1472491096,,,True,,,,,,,3,4g,6,20G,04:00:00,,VAL,block_grouping-off-1472491096-stage2-train-primary,preselected dependency checkpoint,planned,
block_grouping-off-1472491096-stage2-mcts_eval-primary,prospective-ten,1472491096,block_grouping,Block Grouping,off,RQ1/RQ2,mcts_eval,stage2,primary,experiments_numeric.architecture_2.block_grouping_mcts,hadd-gbfs,selected:stage2:block_grouping:off:1472491096,,,True,0.5,0.1,,,5,20,3,4g,6,120G,3-00:00:00,21600,rolling+VAL,block_grouping-off-1472491096-stage2-train-primary,preselected dependency checkpoint,planned,
block_grouping-off-1472491096-stage2-mcts_eval-normal,prospective-ten,1472491096,block_grouping,Block Grouping,off,RQ1/RQ2,mcts_eval,stage2,normal,experiments_numeric.architecture_2.block_grouping_mcts,hadd-gbfs,selected:stage2:block_grouping:off:1472491096,,,True,0.5,0.1,,,20,70,3,4g,6,120G,3-00:00:00,21600,rolling+VAL,block_grouping-off-1472491096-stage2-train-primary,preselected dependency checkpoint,planned,
block_grouping-off-534933607-stage1-train-primary,prospective-ten,534933607,block_grouping,Block Grouping,off,RQ1/RQ2,train,stage1,primary,experiments_numeric.architecture_2.block_grouping,hadd-gbfs,new_lineage,0.003,1000,True,,,,,,,3,4g,6,48G,1-00:00:00,,,,validation-best; never test-selected,planned,
block_grouping-off-534933607-stage1-policy_eval-primary,prospective-ten,534933607,block_grouping,Block Grouping,off,RQ1/RQ2,policy_eval,stage1,primary,experiments_numeric.architecture_2.block_grouping,hadd-gbfs,selected:stage1:block_grouping:off:534933607,,,True,,,,,,,3,4g,6,20G,04:00:00,,VAL,block_grouping-off-534933607-stage1-train-primary,preselected dependency checkpoint,planned,
block_grouping-off-534933607-stage1-mcts_eval-primary,prospective-ten,534933607,block_grouping,Block Grouping,off,RQ1/RQ2,mcts_eval,stage1,primary,experiments_numeric.architecture_2.block_grouping_mcts,hadd-gbfs,selected:stage1:block_grouping:off:534933607,,,True,0.5,1.0,,,5,3,3,4g,6,120G,3-00:00:00,21600,rolling+VAL,block_grouping-off-534933607-stage1-train-primary,preselected dependency checkpoint,planned,
block_grouping-off-534933607-stage2-train-primary,prospective-ten,534933607,block_grouping,Block Grouping,off,RQ1/RQ2,train,stage2,primary,experiments_numeric.architecture_2.block_grouping_mcts,hadd-gbfs,selected:stage1:block_grouping:off:534933607,0.0003,100,True,0.5,0.1,0,30,20,0,3,4g,6,48G,3-00:00:00,,,block_grouping-off-534933607-stage1-train-primary,validation-best; never test-selected,planned,
block_grouping-off-534933607-stage2-policy_eval-primary,prospective-ten,534933607,block_grouping,Block Grouping,off,RQ1/RQ2,policy_eval,stage2,primary,experiments_numeric.architecture_2.block_grouping_mcts,hadd-gbfs,selected:stage2:block_grouping:off:534933607,,,True,,,,,,,3,4g,6,20G,04:00:00,,VAL,block_grouping-off-534933607-stage2-train-primary,preselected dependency checkpoint,planned,
block_grouping-off-534933607-stage2-mcts_eval-primary,prospective-ten,534933607,block_grouping,Block Grouping,off,RQ1/RQ2,mcts_eval,stage2,primary,experiments_numeric.architecture_2.block_grouping_mcts,hadd-gbfs,selected:stage2:block_grouping:off:534933607,,,True,0.5,0.1,,,5,20,3,4g,6,120G,3-00:00:00,21600,rolling+VAL,block_grouping-off-534933607-stage2-train-primary,preselected dependency checkpoint,planned,
block_grouping-off-534933607-stage2-mcts_eval-normal,prospective-ten,534933607,block_grouping,Block Grouping,off,RQ1/RQ2,mcts_eval,stage2,normal,experiments_numeric.architecture_2.block_grouping_mcts,hadd-gbfs,selected:stage2:block_grouping:off:534933607,,,True,0.5,0.1,,,20,70,3,4g,6,120G,3-00:00:00,21600,rolling+VAL,block_grouping-off-534933607-stage2-train-primary,preselected dependency checkpoint,planned,
block_grouping-off-2082152039-stage1-train-primary,prospective-ten,2082152039,block_grouping,Block Grouping,off,RQ1/RQ2,train,stage1,primary,experiments_numeric.architecture_2.block_grouping,hadd-gbfs,new_lineage,0.003,1000,True,,,,,,,3,4g,6,48G,1-00:00:00,,,,validation-best; never test-selected,planned,
block_grouping-off-2082152039-stage1-policy_eval-primary,prospective-ten,2082152039,block_grouping,Block Grouping,off,RQ1/RQ2,policy_eval,stage1,primary,experiments_numeric.architecture_2.block_grouping,hadd-gbfs,selected:stage1:block_grouping:off:2082152039,,,True,,,,,,,3,4g,6,20G,04:00:00,,VAL,block_grouping-off-2082152039-stage1-train-primary,preselected dependency checkpoint,planned,
block_grouping-off-2082152039-stage1-mcts_eval-primary,prospective-ten,2082152039,block_grouping,Block Grouping,off,RQ1/RQ2,mcts_eval,stage1,primary,experiments_numeric.architecture_2.block_grouping_mcts,hadd-gbfs,selected:stage1:block_grouping:off:2082152039,,,True,0.5,1.0,,,5,3,3,4g,6,120G,3-00:00:00,21600,rolling+VAL,block_grouping-off-2082152039-stage1-train-primary,preselected dependency checkpoint,planned,
block_grouping-off-2082152039-stage2-train-primary,prospective-ten,2082152039,block_grouping,Block Grouping,off,RQ1/RQ2,train,stage2,primary,experiments_numeric.architecture_2.block_grouping_mcts,hadd-gbfs,selected:stage1:block_grouping:off:2082152039,0.0003,100,True,0.5,0.1,0,30,20,0,3,4g,6,48G,3-00:00:00,,,block_grouping-off-2082152039-stage1-train-primary,validation-best; never test-selected,planned,
block_grouping-off-2082152039-stage2-policy_eval-primary,prospective-ten,2082152039,block_grouping,Block Grouping,off,RQ1/RQ2,policy_eval,stage2,primary,experiments_numeric.architecture_2.block_grouping_mcts,hadd-gbfs,selected:stage2:block_grouping:off:2082152039,,,True,,,,,,,3,4g,6,20G,04:00:00,,VAL,block_grouping-off-2082152039-stage2-train-primary,preselected dependency checkpoint,planned,
block_grouping-off-2082152039-stage2-mcts_eval-primary,prospective-ten,2082152039,block_grouping,Block Grouping,off,RQ1/RQ2,mcts_eval,stage2,primary,experiments_numeric.architecture_2.block_grouping_mcts,hadd-gbfs,selected:stage2:block_grouping:off:2082152039,,,True,0.5,0.1,,,5,20,3,4g,6,120G,3-00:00:00,21600,rolling+VAL,block_grouping-off-2082152039-stage2-train-primary,preselected dependency checkpoint,planned,
block_grouping-off-2082152039-stage2-mcts_eval-normal,prospective-ten,2082152039,block_grouping,Block Grouping,off,RQ1/RQ2,mcts_eval,stage2,normal,experiments_numeric.architecture_2.block_grouping_mcts,hadd-gbfs,selected:stage2:block_grouping:off:2082152039,,,True,0.5,0.1,,,20,70,3,4g,6,120G,3-00:00:00,21600,rolling+VAL,block_grouping-off-2082152039-stage2-train-primary,preselected dependency checkpoint,planned,
block_grouping-off-1510771779-stage1-train-primary,prospective-ten,1510771779,block_grouping,Block Grouping,off,RQ1/RQ2,train,stage1,primary,experiments_numeric.architecture_2.block_grouping,hadd-gbfs,new_lineage,0.003,1000,True,,,,,,,3,4g,6,48G,1-00:00:00,,,,validation-best; never test-selected,planned,
block_grouping-off-1510771779-stage1-policy_eval-primary,prospective-ten,1510771779,block_grouping,Block Grouping,off,RQ1/RQ2,policy_eval,stage1,primary,experiments_numeric.architecture_2.block_grouping,hadd-gbfs,selected:stage1:block_grouping:off:1510771779,,,True,,,,,,,3,4g,6,20G,04:00:00,,VAL,block_grouping-off-1510771779-stage1-train-primary,preselected dependency checkpoint,planned,
block_grouping-off-1510771779-stage1-mcts_eval-primary,prospective-ten,1510771779,block_grouping,Block Grouping,off,RQ1/RQ2,mcts_eval,stage1,primary,experiments_numeric.architecture_2.block_grouping_mcts,hadd-gbfs,selected:stage1:block_grouping:off:1510771779,,,True,0.5,1.0,,,5,3,3,4g,6,120G,3-00:00:00,21600,rolling+VAL,block_grouping-off-1510771779-stage1-train-primary,preselected dependency checkpoint,planned,
block_grouping-off-1510771779-stage2-train-primary,prospective-ten,1510771779,block_grouping,Block Grouping,off,RQ1/RQ2,train,stage2,primary,experiments_numeric.architecture_2.block_grouping_mcts,hadd-gbfs,selected:stage1:block_grouping:off:1510771779,0.0003,100,True,0.5,0.1,0,30,20,0,3,4g,6,48G,3-00:00:00,,,block_grouping-off-1510771779-stage1-train-primary,validation-best; never test-selected,planned,
block_grouping-off-1510771779-stage2-policy_eval-primary,prospective-ten,1510771779,block_grouping,Block Grouping,off,RQ1/RQ2,policy_eval,stage2,primary,experiments_numeric.architecture_2.block_grouping_mcts,hadd-gbfs,selected:stage2:block_grouping:off:1510771779,,,True,,,,,,,3,4g,6,20G,04:00:00,,VAL,block_grouping-off-1510771779-stage2-train-primary,preselected dependency checkpoint,planned,
block_grouping-off-1510771779-stage2-mcts_eval-primary,prospective-ten,1510771779,block_grouping,Block Grouping,off,RQ1/RQ2,mcts_eval,stage2,primary,experiments_numeric.architecture_2.block_grouping_mcts,hadd-gbfs,selected:stage2:block_grouping:off:1510771779,,,True,0.5,0.1,,,5,20,3,4g,6,120G,3-00:00:00,21600,rolling+VAL,block_grouping-off-1510771779-stage2-train-primary,preselected dependency checkpoint,planned,
block_grouping-off-1510771779-stage2-mcts_eval-normal,prospective-ten,1510771779,block_grouping,Block Grouping,off,RQ1/RQ2,mcts_eval,stage2,normal,experiments_numeric.architecture_2.block_grouping_mcts,hadd-gbfs,selected:stage2:block_grouping:off:1510771779,,,True,0.5,0.1,,,20,70,3,4g,6,120G,3-00:00:00,21600,rolling+VAL,block_grouping-off-1510771779-stage2-train-primary,preselected dependency checkpoint,planned,
block_grouping-off-923500475-stage1-train-primary,prospective-ten,923500475,block_grouping,Block Grouping,off,RQ1/RQ2,train,stage1,primary,experiments_numeric.architecture_2.block_grouping,hadd-gbfs,new_lineage,0.003,1000,True,,,,,,,3,4g,6,48G,1-00:00:00,,,,validation-best; never test-selected,planned,
block_grouping-off-923500475-stage1-policy_eval-primary,prospective-ten,923500475,block_grouping,Block Grouping,off,RQ1/RQ2,policy_eval,stage1,primary,experiments_numeric.architecture_2.block_grouping,hadd-gbfs,selected:stage1:block_grouping:off:923500475,,,True,,,,,,,3,4g,6,20G,04:00:00,,VAL,block_grouping-off-923500475-stage1-train-primary,preselected dependency checkpoint,planned,
block_grouping-off-923500475-stage1-mcts_eval-primary,prospective-ten,923500475,block_grouping,Block Grouping,off,RQ1/RQ2,mcts_eval,stage1,primary,experiments_numeric.architecture_2.block_grouping_mcts,hadd-gbfs,selected:stage1:block_grouping:off:923500475,,,True,0.5,1.0,,,5,3,3,4g,6,120G,3-00:00:00,21600,rolling+VAL,block_grouping-off-923500475-stage1-train-primary,preselected dependency checkpoint,planned,
block_grouping-off-923500475-stage2-train-primary,prospective-ten,923500475,block_grouping,Block Grouping,off,RQ1/RQ2,train,stage2,primary,experiments_numeric.architecture_2.block_grouping_mcts,hadd-gbfs,selected:stage1:block_grouping:off:923500475,0.0003,100,True,0.5,0.1,0,30,20,0,3,4g,6,48G,3-00:00:00,,,block_grouping-off-923500475-stage1-train-primary,validation-best; never test-selected,planned,
block_grouping-off-923500475-stage2-policy_eval-primary,prospective-ten,923500475,block_grouping,Block Grouping,off,RQ1/RQ2,policy_eval,stage2,primary,experiments_numeric.architecture_2.block_grouping_mcts,hadd-gbfs,selected:stage2:block_grouping:off:923500475,,,True,,,,,,,3,4g,6,20G,04:00:00,,VAL,block_grouping-off-923500475-stage2-train-primary,preselected dependency checkpoint,planned,
block_grouping-off-923500475-stage2-mcts_eval-primary,prospective-ten,923500475,block_grouping,Block Grouping,off,RQ1/RQ2,mcts_eval,stage2,primary,experiments_numeric.architecture_2.block_grouping_mcts,hadd-gbfs,selected:stage2:block_grouping:off:923500475,,,True,0.5,0.1,,,5,20,3,4g,6,120G,3-00:00:00,21600,rolling+VAL,block_grouping-off-923500475-stage2-train-primary,preselected dependency checkpoint,planned,
block_grouping-off-923500475-stage2-mcts_eval-normal,prospective-ten,923500475,block_grouping,Block Grouping,off,RQ1/RQ2,mcts_eval,stage2,normal,experiments_numeric.architecture_2.block_grouping_mcts,hadd-gbfs,selected:stage2:block_grouping:off:923500475,,,True,0.5,0.1,,,20,70,3,4g,6,120G,3-00:00:00,21600,rolling+VAL,block_grouping-off-923500475-stage2-train-primary,preselected dependency checkpoint,planned,
block_grouping-off-1972442430-stage1-train-primary,prospective-ten,1972442430,block_grouping,Block Grouping,off,RQ1/RQ2,train,stage1,primary,experiments_numeric.architecture_2.block_grouping,hadd-gbfs,new_lineage,0.003,1000,True,,,,,,,3,4g,6,48G,1-00:00:00,,,,validation-best; never test-selected,planned,
block_grouping-off-1972442430-stage1-policy_eval-primary,prospective-ten,1972442430,block_grouping,Block Grouping,off,RQ1/RQ2,policy_eval,stage1,primary,experiments_numeric.architecture_2.block_grouping,hadd-gbfs,selected:stage1:block_grouping:off:1972442430,,,True,,,,,,,3,4g,6,20G,04:00:00,,VAL,block_grouping-off-1972442430-stage1-train-primary,preselected dependency checkpoint,planned,
block_grouping-off-1972442430-stage1-mcts_eval-primary,prospective-ten,1972442430,block_grouping,Block Grouping,off,RQ1/RQ2,mcts_eval,stage1,primary,experiments_numeric.architecture_2.block_grouping_mcts,hadd-gbfs,selected:stage1:block_grouping:off:1972442430,,,True,0.5,1.0,,,5,3,3,4g,6,120G,3-00:00:00,21600,rolling+VAL,block_grouping-off-1972442430-stage1-train-primary,preselected dependency checkpoint,planned,
block_grouping-off-1972442430-stage2-train-primary,prospective-ten,1972442430,block_grouping,Block Grouping,off,RQ1/RQ2,train,stage2,primary,experiments_numeric.architecture_2.block_grouping_mcts,hadd-gbfs,selected:stage1:block_grouping:off:1972442430,0.0003,100,True,0.5,0.1,0,30,20,0,3,4g,6,48G,3-00:00:00,,,block_grouping-off-1972442430-stage1-train-primary,validation-best; never test-selected,planned,
block_grouping-off-1972442430-stage2-policy_eval-primary,prospective-ten,1972442430,block_grouping,Block Grouping,off,RQ1/RQ2,policy_eval,stage2,primary,experiments_numeric.architecture_2.block_grouping_mcts,hadd-gbfs,selected:stage2:block_grouping:off:1972442430,,,True,,,,,,,3,4g,6,20G,04:00:00,,VAL,block_grouping-off-1972442430-stage2-train-primary,preselected dependency checkpoint,planned,
block_grouping-off-1972442430-stage2-mcts_eval-primary,prospective-ten,1972442430,block_grouping,Block Grouping,off,RQ1/RQ2,mcts_eval,stage2,primary,experiments_numeric.architecture_2.block_grouping_mcts,hadd-gbfs,selected:stage2:block_grouping:off:1972442430,,,True,0.5,0.1,,,5,20,3,4g,6,120G,3-00:00:00,21600,rolling+VAL,block_grouping-off-1972442430-stage2-train-primary,preselected dependency checkpoint,planned,
block_grouping-off-1972442430-stage2-mcts_eval-normal,prospective-ten,1972442430,block_grouping,Block Grouping,off,RQ1/RQ2,mcts_eval,stage2,normal,experiments_numeric.architecture_2.block_grouping_mcts,hadd-gbfs,selected:stage2:block_grouping:off:1972442430,,,True,0.5,0.1,,,20,70,3,4g,6,120G,3-00:00:00,21600,rolling+VAL,block_grouping-off-1972442430-stage2-train-primary,preselected dependency checkpoint,planned,
block_grouping-on-1963100312-stage1-train-primary,prospective-ten,1963100312,block_grouping,Block Grouping,on,RQ3/RQ4,train,stage1,primary,experiments_numeric.architecture_2.block_grouping,hadd-gbfs,new_lineage,0.003,1000,True,,,,,,,3,4g,6,48G,1-00:00:00,,,,validation-best; never test-selected,planned,
block_grouping-on-1963100312-stage1-policy_eval-primary,prospective-ten,1963100312,block_grouping,Block Grouping,on,RQ3/RQ4,policy_eval,stage1,primary,experiments_numeric.architecture_2.block_grouping,hadd-gbfs,selected:stage1:block_grouping:on:1963100312,,,True,,,,,,,3,4g,6,20G,04:00:00,,VAL,block_grouping-on-1963100312-stage1-train-primary,preselected dependency checkpoint,planned,
block_grouping-on-1963100312-stage1-mcts_eval-primary,prospective-ten,1963100312,block_grouping,Block Grouping,on,RQ3/RQ4,mcts_eval,stage1,primary,experiments_numeric.architecture_2.block_grouping_mcts,hadd-gbfs,selected:stage1:block_grouping:on:1963100312,,,True,0.5,0.1,,,5,20,3,4g,6,120G,3-00:00:00,21600,rolling+VAL,block_grouping-on-1963100312-stage1-train-primary,preselected dependency checkpoint,planned,
block_grouping-on-1963100312-stage2-train-primary,prospective-ten,1963100312,block_grouping,Block Grouping,on,RQ3/RQ4,train,stage2,primary,experiments_numeric.architecture_2.block_grouping_mcts,hadd-gbfs,selected:stage1:block_grouping:on:1963100312,0.0003,100,True,0.5,0.1,0,1,20,0,3,4g,6,48G,3-00:00:00,,,block_grouping-on-1963100312-stage1-train-primary,validation-best; never test-selected,planned,
block_grouping-on-1963100312-stage2-policy_eval-primary,prospective-ten,1963100312,block_grouping,Block Grouping,on,RQ3/RQ4,policy_eval,stage2,primary,experiments_numeric.architecture_2.block_grouping_mcts,hadd-gbfs,selected:stage2:block_grouping:on:1963100312,,,True,,,,,,,3,4g,6,20G,04:00:00,,VAL,block_grouping-on-1963100312-stage2-train-primary,preselected dependency checkpoint,planned,
block_grouping-on-1963100312-stage2-mcts_eval-primary,prospective-ten,1963100312,block_grouping,Block Grouping,on,RQ3/RQ4,mcts_eval,stage2,primary,experiments_numeric.architecture_2.block_grouping_mcts,hadd-gbfs,selected:stage2:block_grouping:on:1963100312,,,True,0.5,0.1,,,5,20,3,4g,6,120G,3-00:00:00,21600,rolling+VAL,block_grouping-on-1963100312-stage2-train-primary,preselected dependency checkpoint,planned,
block_grouping-on-1963100312-stage2-mcts_eval-normal,prospective-ten,1963100312,block_grouping,Block Grouping,on,RQ3/RQ4,mcts_eval,stage2,normal,experiments_numeric.architecture_2.block_grouping_mcts,hadd-gbfs,selected:stage2:block_grouping:on:1963100312,,,True,0.5,0.1,,,20,70,3,4g,6,120G,3-00:00:00,21600,rolling+VAL,block_grouping-on-1963100312-stage2-train-primary,preselected dependency checkpoint,planned,
block_grouping-on-2011206605-stage1-train-primary,prospective-ten,2011206605,block_grouping,Block Grouping,on,RQ3/RQ4,train,stage1,primary,experiments_numeric.architecture_2.block_grouping,hadd-gbfs,new_lineage,0.003,1000,True,,,,,,,3,4g,6,48G,1-00:00:00,,,,validation-best; never test-selected,planned,
block_grouping-on-2011206605-stage1-policy_eval-primary,prospective-ten,2011206605,block_grouping,Block Grouping,on,RQ3/RQ4,policy_eval,stage1,primary,experiments_numeric.architecture_2.block_grouping,hadd-gbfs,selected:stage1:block_grouping:on:2011206605,,,True,,,,,,,3,4g,6,20G,04:00:00,,VAL,block_grouping-on-2011206605-stage1-train-primary,preselected dependency checkpoint,planned,
block_grouping-on-2011206605-stage1-mcts_eval-primary,prospective-ten,2011206605,block_grouping,Block Grouping,on,RQ3/RQ4,mcts_eval,stage1,primary,experiments_numeric.architecture_2.block_grouping_mcts,hadd-gbfs,selected:stage1:block_grouping:on:2011206605,,,True,0.5,0.1,,,5,20,3,4g,6,120G,3-00:00:00,21600,rolling+VAL,block_grouping-on-2011206605-stage1-train-primary,preselected dependency checkpoint,planned,
block_grouping-on-2011206605-stage2-train-primary,prospective-ten,2011206605,block_grouping,Block Grouping,on,RQ3/RQ4,train,stage2,primary,experiments_numeric.architecture_2.block_grouping_mcts,hadd-gbfs,selected:stage1:block_grouping:on:2011206605,0.0003,100,True,0.5,0.1,0,1,20,0,3,4g,6,48G,3-00:00:00,,,block_grouping-on-2011206605-stage1-train-primary,validation-best; never test-selected,planned,
block_grouping-on-2011206605-stage2-policy_eval-primary,prospective-ten,2011206605,block_grouping,Block Grouping,on,RQ3/RQ4,policy_eval,stage2,primary,experiments_numeric.architecture_2.block_grouping_mcts,hadd-gbfs,selected:stage2:block_grouping:on:2011206605,,,True,,,,,,,3,4g,6,20G,04:00:00,,VAL,block_grouping-on-2011206605-stage2-train-primary,preselected dependency checkpoint,planned,
block_grouping-on-2011206605-stage2-mcts_eval-primary,prospective-ten,2011206605,block_grouping,Block Grouping,on,RQ3/RQ4,mcts_eval,stage2,primary,experiments_numeric.architecture_2.block_grouping_mcts,hadd-gbfs,selected:stage2:block_grouping:on:2011206605,,,True,0.5,0.1,,,5,20,3,4g,6,120G,3-00:00:00,21600,rolling+VAL,block_grouping-on-2011206605-stage2-train-primary,preselected dependency checkpoint,planned,
block_grouping-on-2011206605-stage2-mcts_eval-normal,prospective-ten,2011206605,block_grouping,Block Grouping,on,RQ3/RQ4,mcts_eval,stage2,normal,experiments_numeric.architecture_2.block_grouping_mcts,hadd-gbfs,selected:stage2:block_grouping:on:2011206605,,,True,0.5,0.1,,,20,70,3,4g,6,120G,3-00:00:00,21600,rolling+VAL,block_grouping-on-2011206605-stage2-train-primary,preselected dependency checkpoint,planned,
block_grouping-on-1073581256-stage1-train-primary,prospective-ten,1073581256,block_grouping,Block Grouping,on,RQ3/RQ4,train,stage1,primary,experiments_numeric.architecture_2.block_grouping,hadd-gbfs,new_lineage,0.003,1000,True,,,,,,,3,4g,6,48G,1-00:00:00,,,,validation-best; never test-selected,planned,
block_grouping-on-1073581256-stage1-policy_eval-primary,prospective-ten,1073581256,block_grouping,Block Grouping,on,RQ3/RQ4,policy_eval,stage1,primary,experiments_numeric.architecture_2.block_grouping,hadd-gbfs,selected:stage1:block_grouping:on:1073581256,,,True,,,,,,,3,4g,6,20G,04:00:00,,VAL,block_grouping-on-1073581256-stage1-train-primary,preselected dependency checkpoint,planned,
block_grouping-on-1073581256-stage1-mcts_eval-primary,prospective-ten,1073581256,block_grouping,Block Grouping,on,RQ3/RQ4,mcts_eval,stage1,primary,experiments_numeric.architecture_2.block_grouping_mcts,hadd-gbfs,selected:stage1:block_grouping:on:1073581256,,,True,0.5,0.1,,,5,20,3,4g,6,120G,3-00:00:00,21600,rolling+VAL,block_grouping-on-1073581256-stage1-train-primary,preselected dependency checkpoint,planned,
block_grouping-on-1073581256-stage2-train-primary,prospective-ten,1073581256,block_grouping,Block Grouping,on,RQ3/RQ4,train,stage2,primary,experiments_numeric.architecture_2.block_grouping_mcts,hadd-gbfs,selected:stage1:block_grouping:on:1073581256,0.0003,100,True,0.5,0.1,0,1,20,0,3,4g,6,48G,3-00:00:00,,,block_grouping-on-1073581256-stage1-train-primary,validation-best; never test-selected,planned,
block_grouping-on-1073581256-stage2-policy_eval-primary,prospective-ten,1073581256,block_grouping,Block Grouping,on,RQ3/RQ4,policy_eval,stage2,primary,experiments_numeric.architecture_2.block_grouping_mcts,hadd-gbfs,selected:stage2:block_grouping:on:1073581256,,,True,,,,,,,3,4g,6,20G,04:00:00,,VAL,block_grouping-on-1073581256-stage2-train-primary,preselected dependency checkpoint,planned,
block_grouping-on-1073581256-stage2-mcts_eval-primary,prospective-ten,1073581256,block_grouping,Block Grouping,on,RQ3/RQ4,mcts_eval,stage2,primary,experiments_numeric.architecture_2.block_grouping_mcts,hadd-gbfs,selected:stage2:block_grouping:on:1073581256,,,True,0.5,0.1,,,5,20,3,4g,6,120G,3-00:00:00,21600,rolling+VAL,block_grouping-on-1073581256-stage2-train-primary,preselected dependency checkpoint,planned,
block_grouping-on-1073581256-stage2-mcts_eval-normal,prospective-ten,1073581256,block_grouping,Block Grouping,on,RQ3/RQ4,mcts_eval,stage2,normal,experiments_numeric.architecture_2.block_grouping_mcts,hadd-gbfs,selected:stage2:block_grouping:on:1073581256,,,True,0.5,0.1,,,20,70,3,4g,6,120G,3-00:00:00,21600,rolling+VAL,block_grouping-on-1073581256-stage2-train-primary,preselected dependency checkpoint,planned,
block_grouping-on-1239739722-stage1-train-primary,prospective-ten,1239739722,block_grouping,Block Grouping,on,RQ3/RQ4,train,stage1,primary,experiments_numeric.architecture_2.block_grouping,hadd-gbfs,new_lineage,0.003,1000,True,,,,,,,3,4g,6,48G,1-00:00:00,,,,validation-best; never test-selected,planned,
block_grouping-on-1239739722-stage1-policy_eval-primary,prospective-ten,1239739722,block_grouping,Block Grouping,on,RQ3/RQ4,policy_eval,stage1,primary,experiments_numeric.architecture_2.block_grouping,hadd-gbfs,selected:stage1:block_grouping:on:1239739722,,,True,,,,,,,3,4g,6,20G,04:00:00,,VAL,block_grouping-on-1239739722-stage1-train-primary,preselected dependency checkpoint,planned,
block_grouping-on-1239739722-stage1-mcts_eval-primary,prospective-ten,1239739722,block_grouping,Block Grouping,on,RQ3/RQ4,mcts_eval,stage1,primary,experiments_numeric.architecture_2.block_grouping_mcts,hadd-gbfs,selected:stage1:block_grouping:on:1239739722,,,True,0.5,0.1,,,5,20,3,4g,6,120G,3-00:00:00,21600,rolling+VAL,block_grouping-on-1239739722-stage1-train-primary,preselected dependency checkpoint,planned,
block_grouping-on-1239739722-stage2-train-primary,prospective-ten,1239739722,block_grouping,Block Grouping,on,RQ3/RQ4,train,stage2,primary,experiments_numeric.architecture_2.block_grouping_mcts,hadd-gbfs,selected:stage1:block_grouping:on:1239739722,0.0003,100,True,0.5,0.1,0,1,20,0,3,4g,6,48G,3-00:00:00,,,block_grouping-on-1239739722-stage1-train-primary,validation-best; never test-selected,planned,
block_grouping-on-1239739722-stage2-policy_eval-primary,prospective-ten,1239739722,block_grouping,Block Grouping,on,RQ3/RQ4,policy_eval,stage2,primary,experiments_numeric.architecture_2.block_grouping_mcts,hadd-gbfs,selected:stage2:block_grouping:on:1239739722,,,True,,,,,,,3,4g,6,20G,04:00:00,,VAL,block_grouping-on-1239739722-stage2-train-primary,preselected dependency checkpoint,planned,
block_grouping-on-1239739722-stage2-mcts_eval-primary,prospective-ten,1239739722,block_grouping,Block Grouping,on,RQ3/RQ4,mcts_eval,stage2,primary,experiments_numeric.architecture_2.block_grouping_mcts,hadd-gbfs,selected:stage2:block_grouping:on:1239739722,,,True,0.5,0.1,,,5,20,3,4g,6,120G,3-00:00:00,21600,rolling+VAL,block_grouping-on-1239739722-stage2-train-primary,preselected dependency checkpoint,planned,
block_grouping-on-1239739722-stage2-mcts_eval-normal,prospective-ten,1239739722,block_grouping,Block Grouping,on,RQ3/RQ4,mcts_eval,stage2,normal,experiments_numeric.architecture_2.block_grouping_mcts,hadd-gbfs,selected:stage2:block_grouping:on:1239739722,,,True,0.5,0.1,,,20,70,3,4g,6,120G,3-00:00:00,21600,rolling+VAL,block_grouping-on-1239739722-stage2-train-primary,preselected dependency checkpoint,planned,
block_grouping-on-1472491096-stage1-train-primary,prospective-ten,1472491096,block_grouping,Block Grouping,on,RQ3/RQ4,train,stage1,primary,experiments_numeric.architecture_2.block_grouping,hadd-gbfs,new_lineage,0.003,1000,True,,,,,,,3,4g,6,48G,1-00:00:00,,,,validation-best; never test-selected,planned,
block_grouping-on-1472491096-stage1-policy_eval-primary,prospective-ten,1472491096,block_grouping,Block Grouping,on,RQ3/RQ4,policy_eval,stage1,primary,experiments_numeric.architecture_2.block_grouping,hadd-gbfs,selected:stage1:block_grouping:on:1472491096,,,True,,,,,,,3,4g,6,20G,04:00:00,,VAL,block_grouping-on-1472491096-stage1-train-primary,preselected dependency checkpoint,planned,
block_grouping-on-1472491096-stage1-mcts_eval-primary,prospective-ten,1472491096,block_grouping,Block Grouping,on,RQ3/RQ4,mcts_eval,stage1,primary,experiments_numeric.architecture_2.block_grouping_mcts,hadd-gbfs,selected:stage1:block_grouping:on:1472491096,,,True,0.5,0.1,,,5,20,3,4g,6,120G,3-00:00:00,21600,rolling+VAL,block_grouping-on-1472491096-stage1-train-primary,preselected dependency checkpoint,planned,
block_grouping-on-1472491096-stage2-train-primary,prospective-ten,1472491096,block_grouping,Block Grouping,on,RQ3/RQ4,train,stage2,primary,experiments_numeric.architecture_2.block_grouping_mcts,hadd-gbfs,selected:stage1:block_grouping:on:1472491096,0.0003,100,True,0.5,0.1,0,1,20,0,3,4g,6,48G,3-00:00:00,,,block_grouping-on-1472491096-stage1-train-primary,validation-best; never test-selected,planned,
block_grouping-on-1472491096-stage2-policy_eval-primary,prospective-ten,1472491096,block_grouping,Block Grouping,on,RQ3/RQ4,policy_eval,stage2,primary,experiments_numeric.architecture_2.block_grouping_mcts,hadd-gbfs,selected:stage2:block_grouping:on:1472491096,,,True,,,,,,,3,4g,6,20G,04:00:00,,VAL,block_grouping-on-1472491096-stage2-train-primary,preselected dependency checkpoint,planned,
block_grouping-on-1472491096-stage2-mcts_eval-primary,prospective-ten,1472491096,block_grouping,Block Grouping,on,RQ3/RQ4,mcts_eval,stage2,primary,experiments_numeric.architecture_2.block_grouping_mcts,hadd-gbfs,selected:stage2:block_grouping:on:1472491096,,,True,0.5,0.1,,,5,20,3,4g,6,120G,3-00:00:00,21600,rolling+VAL,block_grouping-on-1472491096-stage2-train-primary,preselected dependency checkpoint,planned,
block_grouping-on-1472491096-stage2-mcts_eval-normal,prospective-ten,1472491096,block_grouping,Block Grouping,on,RQ3/RQ4,mcts_eval,stage2,normal,experiments_numeric.architecture_2.block_grouping_mcts,hadd-gbfs,selected:stage2:block_grouping:on:1472491096,,,True,0.5,0.1,,,20,70,3,4g,6,120G,3-00:00:00,21600,rolling+VAL,block_grouping-on-1472491096-stage2-train-primary,preselected dependency checkpoint,planned,
block_grouping-on-534933607-stage1-train-primary,prospective-ten,534933607,block_grouping,Block Grouping,on,RQ3/RQ4,train,stage1,primary,experiments_numeric.architecture_2.block_grouping,hadd-gbfs,new_lineage,0.003,1000,True,,,,,,,3,4g,6,48G,1-00:00:00,,,,validation-best; never test-selected,planned,
block_grouping-on-534933607-stage1-policy_eval-primary,prospective-ten,534933607,block_grouping,Block Grouping,on,RQ3/RQ4,policy_eval,stage1,primary,experiments_numeric.architecture_2.block_grouping,hadd-gbfs,selected:stage1:block_grouping:on:534933607,,,True,,,,,,,3,4g,6,20G,04:00:00,,VAL,block_grouping-on-534933607-stage1-train-primary,preselected dependency checkpoint,planned,
block_grouping-on-534933607-stage1-mcts_eval-primary,prospective-ten,534933607,block_grouping,Block Grouping,on,RQ3/RQ4,mcts_eval,stage1,primary,experiments_numeric.architecture_2.block_grouping_mcts,hadd-gbfs,selected:stage1:block_grouping:on:534933607,,,True,0.5,0.1,,,5,20,3,4g,6,120G,3-00:00:00,21600,rolling+VAL,block_grouping-on-534933607-stage1-train-primary,preselected dependency checkpoint,planned,
block_grouping-on-534933607-stage2-train-primary,prospective-ten,534933607,block_grouping,Block Grouping,on,RQ3/RQ4,train,stage2,primary,experiments_numeric.architecture_2.block_grouping_mcts,hadd-gbfs,selected:stage1:block_grouping:on:534933607,0.0003,100,True,0.5,0.1,0,1,20,0,3,4g,6,48G,3-00:00:00,,,block_grouping-on-534933607-stage1-train-primary,validation-best; never test-selected,planned,
block_grouping-on-534933607-stage2-policy_eval-primary,prospective-ten,534933607,block_grouping,Block Grouping,on,RQ3/RQ4,policy_eval,stage2,primary,experiments_numeric.architecture_2.block_grouping_mcts,hadd-gbfs,selected:stage2:block_grouping:on:534933607,,,True,,,,,,,3,4g,6,20G,04:00:00,,VAL,block_grouping-on-534933607-stage2-train-primary,preselected dependency checkpoint,planned,
block_grouping-on-534933607-stage2-mcts_eval-primary,prospective-ten,534933607,block_grouping,Block Grouping,on,RQ3/RQ4,mcts_eval,stage2,primary,experiments_numeric.architecture_2.block_grouping_mcts,hadd-gbfs,selected:stage2:block_grouping:on:534933607,,,True,0.5,0.1,,,5,20,3,4g,6,120G,3-00:00:00,21600,rolling+VAL,block_grouping-on-534933607-stage2-train-primary,preselected dependency checkpoint,planned,
block_grouping-on-534933607-stage2-mcts_eval-normal,prospective-ten,534933607,block_grouping,Block Grouping,on,RQ3/RQ4,mcts_eval,stage2,normal,experiments_numeric.architecture_2.block_grouping_mcts,hadd-gbfs,selected:stage2:block_grouping:on:534933607,,,True,0.5,0.1,,,20,70,3,4g,6,120G,3-00:00:00,21600,rolling+VAL,block_grouping-on-534933607-stage2-train-primary,preselected dependency checkpoint,planned,
block_grouping-on-2082152039-stage1-train-primary,prospective-ten,2082152039,block_grouping,Block Grouping,on,RQ3/RQ4,train,stage1,primary,experiments_numeric.architecture_2.block_grouping,hadd-gbfs,new_lineage,0.003,1000,True,,,,,,,3,4g,6,48G,1-00:00:00,,,,validation-best; never test-selected,planned,
block_grouping-on-2082152039-stage1-policy_eval-primary,prospective-ten,2082152039,block_grouping,Block Grouping,on,RQ3/RQ4,policy_eval,stage1,primary,experiments_numeric.architecture_2.block_grouping,hadd-gbfs,selected:stage1:block_grouping:on:2082152039,,,True,,,,,,,3,4g,6,20G,04:00:00,,VAL,block_grouping-on-2082152039-stage1-train-primary,preselected dependency checkpoint,planned,
block_grouping-on-2082152039-stage1-mcts_eval-primary,prospective-ten,2082152039,block_grouping,Block Grouping,on,RQ3/RQ4,mcts_eval,stage1,primary,experiments_numeric.architecture_2.block_grouping_mcts,hadd-gbfs,selected:stage1:block_grouping:on:2082152039,,,True,0.5,0.1,,,5,20,3,4g,6,120G,3-00:00:00,21600,rolling+VAL,block_grouping-on-2082152039-stage1-train-primary,preselected dependency checkpoint,planned,
block_grouping-on-2082152039-stage2-train-primary,prospective-ten,2082152039,block_grouping,Block Grouping,on,RQ3/RQ4,train,stage2,primary,experiments_numeric.architecture_2.block_grouping_mcts,hadd-gbfs,selected:stage1:block_grouping:on:2082152039,0.0003,100,True,0.5,0.1,0,1,20,0,3,4g,6,48G,3-00:00:00,,,block_grouping-on-2082152039-stage1-train-primary,validation-best; never test-selected,planned,
block_grouping-on-2082152039-stage2-policy_eval-primary,prospective-ten,2082152039,block_grouping,Block Grouping,on,RQ3/RQ4,policy_eval,stage2,primary,experiments_numeric.architecture_2.block_grouping_mcts,hadd-gbfs,selected:stage2:block_grouping:on:2082152039,,,True,,,,,,,3,4g,6,20G,04:00:00,,VAL,block_grouping-on-2082152039-stage2-train-primary,preselected dependency checkpoint,planned,
block_grouping-on-2082152039-stage2-mcts_eval-primary,prospective-ten,2082152039,block_grouping,Block Grouping,on,RQ3/RQ4,mcts_eval,stage2,primary,experiments_numeric.architecture_2.block_grouping_mcts,hadd-gbfs,selected:stage2:block_grouping:on:2082152039,,,True,0.5,0.1,,,5,20,3,4g,6,120G,3-00:00:00,21600,rolling+VAL,block_grouping-on-2082152039-stage2-train-primary,preselected dependency checkpoint,planned,
block_grouping-on-2082152039-stage2-mcts_eval-normal,prospective-ten,2082152039,block_grouping,Block Grouping,on,RQ3/RQ4,mcts_eval,stage2,normal,experiments_numeric.architecture_2.block_grouping_mcts,hadd-gbfs,selected:stage2:block_grouping:on:2082152039,,,True,0.5,0.1,,,20,70,3,4g,6,120G,3-00:00:00,21600,rolling+VAL,block_grouping-on-2082152039-stage2-train-primary,preselected dependency checkpoint,planned,
block_grouping-on-1510771779-stage1-train-primary,prospective-ten,1510771779,block_grouping,Block Grouping,on,RQ3/RQ4,train,stage1,primary,experiments_numeric.architecture_2.block_grouping,hadd-gbfs,new_lineage,0.003,1000,True,,,,,,,3,4g,6,48G,1-00:00:00,,,,validation-best; never test-selected,planned,
block_grouping-on-1510771779-stage1-policy_eval-primary,prospective-ten,1510771779,block_grouping,Block Grouping,on,RQ3/RQ4,policy_eval,stage1,primary,experiments_numeric.architecture_2.block_grouping,hadd-gbfs,selected:stage1:block_grouping:on:1510771779,,,True,,,,,,,3,4g,6,20G,04:00:00,,VAL,block_grouping-on-1510771779-stage1-train-primary,preselected dependency checkpoint,planned,
block_grouping-on-1510771779-stage1-mcts_eval-primary,prospective-ten,1510771779,block_grouping,Block Grouping,on,RQ3/RQ4,mcts_eval,stage1,primary,experiments_numeric.architecture_2.block_grouping_mcts,hadd-gbfs,selected:stage1:block_grouping:on:1510771779,,,True,0.5,0.1,,,5,20,3,4g,6,120G,3-00:00:00,21600,rolling+VAL,block_grouping-on-1510771779-stage1-train-primary,preselected dependency checkpoint,planned,
block_grouping-on-1510771779-stage2-train-primary,prospective-ten,1510771779,block_grouping,Block Grouping,on,RQ3/RQ4,train,stage2,primary,experiments_numeric.architecture_2.block_grouping_mcts,hadd-gbfs,selected:stage1:block_grouping:on:1510771779,0.0003,100,True,0.5,0.1,0,1,20,0,3,4g,6,48G,3-00:00:00,,,block_grouping-on-1510771779-stage1-train-primary,validation-best; never test-selected,planned,
block_grouping-on-1510771779-stage2-policy_eval-primary,prospective-ten,1510771779,block_grouping,Block Grouping,on,RQ3/RQ4,policy_eval,stage2,primary,experiments_numeric.architecture_2.block_grouping_mcts,hadd-gbfs,selected:stage2:block_grouping:on:1510771779,,,True,,,,,,,3,4g,6,20G,04:00:00,,VAL,block_grouping-on-1510771779-stage2-train-primary,preselected dependency checkpoint,planned,
block_grouping-on-1510771779-stage2-mcts_eval-primary,prospective-ten,1510771779,block_grouping,Block Grouping,on,RQ3/RQ4,mcts_eval,stage2,primary,experiments_numeric.architecture_2.block_grouping_mcts,hadd-gbfs,selected:stage2:block_grouping:on:1510771779,,,True,0.5,0.1,,,5,20,3,4g,6,120G,3-00:00:00,21600,rolling+VAL,block_grouping-on-1510771779-stage2-train-primary,preselected dependency checkpoint,planned,
block_grouping-on-1510771779-stage2-mcts_eval-normal,prospective-ten,1510771779,block_grouping,Block Grouping,on,RQ3/RQ4,mcts_eval,stage2,normal,experiments_numeric.architecture_2.block_grouping_mcts,hadd-gbfs,selected:stage2:block_grouping:on:1510771779,,,True,0.5,0.1,,,20,70,3,4g,6,120G,3-00:00:00,21600,rolling+VAL,block_grouping-on-1510771779-stage2-train-primary,preselected dependency checkpoint,planned,
block_grouping-on-923500475-stage1-train-primary,prospective-ten,923500475,block_grouping,Block Grouping,on,RQ3/RQ4,train,stage1,primary,experiments_numeric.architecture_2.block_grouping,hadd-gbfs,new_lineage,0.003,1000,True,,,,,,,3,4g,6,48G,1-00:00:00,,,,validation-best; never test-selected,planned,
block_grouping-on-923500475-stage1-policy_eval-primary,prospective-ten,923500475,block_grouping,Block Grouping,on,RQ3/RQ4,policy_eval,stage1,primary,experiments_numeric.architecture_2.block_grouping,hadd-gbfs,selected:stage1:block_grouping:on:923500475,,,True,,,,,,,3,4g,6,20G,04:00:00,,VAL,block_grouping-on-923500475-stage1-train-primary,preselected dependency checkpoint,planned,
block_grouping-on-923500475-stage1-mcts_eval-primary,prospective-ten,923500475,block_grouping,Block Grouping,on,RQ3/RQ4,mcts_eval,stage1,primary,experiments_numeric.architecture_2.block_grouping_mcts,hadd-gbfs,selected:stage1:block_grouping:on:923500475,,,True,0.5,0.1,,,5,20,3,4g,6,120G,3-00:00:00,21600,rolling+VAL,block_grouping-on-923500475-stage1-train-primary,preselected dependency checkpoint,planned,
block_grouping-on-923500475-stage2-train-primary,prospective-ten,923500475,block_grouping,Block Grouping,on,RQ3/RQ4,train,stage2,primary,experiments_numeric.architecture_2.block_grouping_mcts,hadd-gbfs,selected:stage1:block_grouping:on:923500475,0.0003,100,True,0.5,0.1,0,1,20,0,3,4g,6,48G,3-00:00:00,,,block_grouping-on-923500475-stage1-train-primary,validation-best; never test-selected,planned,
block_grouping-on-923500475-stage2-policy_eval-primary,prospective-ten,923500475,block_grouping,Block Grouping,on,RQ3/RQ4,policy_eval,stage2,primary,experiments_numeric.architecture_2.block_grouping_mcts,hadd-gbfs,selected:stage2:block_grouping:on:923500475,,,True,,,,,,,3,4g,6,20G,04:00:00,,VAL,block_grouping-on-923500475-stage2-train-primary,preselected dependency checkpoint,planned,
block_grouping-on-923500475-stage2-mcts_eval-primary,prospective-ten,923500475,block_grouping,Block Grouping,on,RQ3/RQ4,mcts_eval,stage2,primary,experiments_numeric.architecture_2.block_grouping_mcts,hadd-gbfs,selected:stage2:block_grouping:on:923500475,,,True,0.5,0.1,,,5,20,3,4g,6,120G,3-00:00:00,21600,rolling+VAL,block_grouping-on-923500475-stage2-train-primary,preselected dependency checkpoint,planned,
block_grouping-on-923500475-stage2-mcts_eval-normal,prospective-ten,923500475,block_grouping,Block Grouping,on,RQ3/RQ4,mcts_eval,stage2,normal,experiments_numeric.architecture_2.block_grouping_mcts,hadd-gbfs,selected:stage2:block_grouping:on:923500475,,,True,0.5,0.1,,,20,70,3,4g,6,120G,3-00:00:00,21600,rolling+VAL,block_grouping-on-923500475-stage2-train-primary,preselected dependency checkpoint,planned,
block_grouping-on-1972442430-stage1-train-primary,prospective-ten,1972442430,block_grouping,Block Grouping,on,RQ3/RQ4,train,stage1,primary,experiments_numeric.architecture_2.block_grouping,hadd-gbfs,new_lineage,0.003,1000,True,,,,,,,3,4g,6,48G,1-00:00:00,,,,validation-best; never test-selected,planned,
block_grouping-on-1972442430-stage1-policy_eval-primary,prospective-ten,1972442430,block_grouping,Block Grouping,on,RQ3/RQ4,policy_eval,stage1,primary,experiments_numeric.architecture_2.block_grouping,hadd-gbfs,selected:stage1:block_grouping:on:1972442430,,,True,,,,,,,3,4g,6,20G,04:00:00,,VAL,block_grouping-on-1972442430-stage1-train-primary,preselected dependency checkpoint,planned,
block_grouping-on-1972442430-stage1-mcts_eval-primary,prospective-ten,1972442430,block_grouping,Block Grouping,on,RQ3/RQ4,mcts_eval,stage1,primary,experiments_numeric.architecture_2.block_grouping_mcts,hadd-gbfs,selected:stage1:block_grouping:on:1972442430,,,True,0.5,0.1,,,5,20,3,4g,6,120G,3-00:00:00,21600,rolling+VAL,block_grouping-on-1972442430-stage1-train-primary,preselected dependency checkpoint,planned,
block_grouping-on-1972442430-stage2-train-primary,prospective-ten,1972442430,block_grouping,Block Grouping,on,RQ3/RQ4,train,stage2,primary,experiments_numeric.architecture_2.block_grouping_mcts,hadd-gbfs,selected:stage1:block_grouping:on:1972442430,0.0003,100,True,0.5,0.1,0,1,20,0,3,4g,6,48G,3-00:00:00,,,block_grouping-on-1972442430-stage1-train-primary,validation-best; never test-selected,planned,
block_grouping-on-1972442430-stage2-policy_eval-primary,prospective-ten,1972442430,block_grouping,Block Grouping,on,RQ3/RQ4,policy_eval,stage2,primary,experiments_numeric.architecture_2.block_grouping_mcts,hadd-gbfs,selected:stage2:block_grouping:on:1972442430,,,True,,,,,,,3,4g,6,20G,04:00:00,,VAL,block_grouping-on-1972442430-stage2-train-primary,preselected dependency checkpoint,planned,
block_grouping-on-1972442430-stage2-mcts_eval-primary,prospective-ten,1972442430,block_grouping,Block Grouping,on,RQ3/RQ4,mcts_eval,stage2,primary,experiments_numeric.architecture_2.block_grouping_mcts,hadd-gbfs,selected:stage2:block_grouping:on:1972442430,,,True,0.5,0.1,,,5,20,3,4g,6,120G,3-00:00:00,21600,rolling+VAL,block_grouping-on-1972442430-stage2-train-primary,preselected dependency checkpoint,planned,
block_grouping-on-1972442430-stage2-mcts_eval-normal,prospective-ten,1972442430,block_grouping,Block Grouping,on,RQ3/RQ4,mcts_eval,stage2,normal,experiments_numeric.architecture_2.block_grouping_mcts,hadd-gbfs,selected:stage2:block_grouping:on:1972442430,,,True,0.5,0.1,,,20,70,3,4g,6,120G,3-00:00:00,21600,rolling+VAL,block_grouping-on-1972442430-stage2-train-primary,preselected dependency checkpoint,planned,
drone-off-1963100312-stage1-train-primary,prospective-ten,1963100312,drone,Drone,off,RQ1/RQ2,train,stage1,primary,experiments_numeric.architecture_2.drone,hadd-astar,new_lineage,0.003,1000,True,,,,,,,3,4g,6,48G,1-00:00:00,,,,validation-best; never test-selected,planned,
drone-off-1963100312-stage1-policy_eval-primary,prospective-ten,1963100312,drone,Drone,off,RQ1/RQ2,policy_eval,stage1,primary,experiments_numeric.architecture_2.drone,hadd-astar,selected:stage1:drone:off:1963100312,,,True,,,,,,,3,4g,6,20G,04:00:00,,VAL,drone-off-1963100312-stage1-train-primary,preselected dependency checkpoint,planned,
drone-off-1963100312-stage1-mcts_eval-primary,prospective-ten,1963100312,drone,Drone,off,RQ1/RQ2,mcts_eval,stage1,primary,experiments_numeric.architecture_2.drone_mcts,hadd-astar,selected:stage1:drone:off:1963100312,,,True,0.5,0.1,,,20,70,3,4g,6,120G,3-00:00:00,21600,rolling+VAL,drone-off-1963100312-stage1-train-primary,preselected dependency checkpoint,planned,
drone-off-1963100312-stage2-train-primary,prospective-ten,1963100312,drone,Drone,off,RQ1/RQ2,train,stage2,primary,experiments_numeric.architecture_2.drone_mcts,hadd-astar,selected:stage1:drone:off:1963100312,0.0003,100,True,0.5,0.1,0,0.03,20,0,3,4g,6,48G,3-00:00:00,,,drone-off-1963100312-stage1-train-primary,validation-best; never test-selected,planned,
drone-off-1963100312-stage2-policy_eval-primary,prospective-ten,1963100312,drone,Drone,off,RQ1/RQ2,policy_eval,stage2,primary,experiments_numeric.architecture_2.drone_mcts,hadd-astar,selected:stage2:drone:off:1963100312,,,True,,,,,,,3,4g,6,20G,04:00:00,,VAL,drone-off-1963100312-stage2-train-primary,preselected dependency checkpoint,planned,
drone-off-1963100312-stage2-mcts_eval-primary,prospective-ten,1963100312,drone,Drone,off,RQ1/RQ2,mcts_eval,stage2,primary,experiments_numeric.architecture_2.drone_mcts,hadd-astar,selected:stage2:drone:off:1963100312,,,True,0.5,0.1,,,20,70,3,4g,6,120G,3-00:00:00,21600,rolling+VAL,drone-off-1963100312-stage2-train-primary,preselected dependency checkpoint,planned,
drone-off-2011206605-stage1-train-primary,prospective-ten,2011206605,drone,Drone,off,RQ1/RQ2,train,stage1,primary,experiments_numeric.architecture_2.drone,hadd-astar,new_lineage,0.003,1000,True,,,,,,,3,4g,6,48G,1-00:00:00,,,,validation-best; never test-selected,planned,
drone-off-2011206605-stage1-policy_eval-primary,prospective-ten,2011206605,drone,Drone,off,RQ1/RQ2,policy_eval,stage1,primary,experiments_numeric.architecture_2.drone,hadd-astar,selected:stage1:drone:off:2011206605,,,True,,,,,,,3,4g,6,20G,04:00:00,,VAL,drone-off-2011206605-stage1-train-primary,preselected dependency checkpoint,planned,
drone-off-2011206605-stage1-mcts_eval-primary,prospective-ten,2011206605,drone,Drone,off,RQ1/RQ2,mcts_eval,stage1,primary,experiments_numeric.architecture_2.drone_mcts,hadd-astar,selected:stage1:drone:off:2011206605,,,True,0.5,0.1,,,20,70,3,4g,6,120G,3-00:00:00,21600,rolling+VAL,drone-off-2011206605-stage1-train-primary,preselected dependency checkpoint,planned,
drone-off-2011206605-stage2-train-primary,prospective-ten,2011206605,drone,Drone,off,RQ1/RQ2,train,stage2,primary,experiments_numeric.architecture_2.drone_mcts,hadd-astar,selected:stage1:drone:off:2011206605,0.0003,100,True,0.5,0.1,0,0.03,20,0,3,4g,6,48G,3-00:00:00,,,drone-off-2011206605-stage1-train-primary,validation-best; never test-selected,planned,
drone-off-2011206605-stage2-policy_eval-primary,prospective-ten,2011206605,drone,Drone,off,RQ1/RQ2,policy_eval,stage2,primary,experiments_numeric.architecture_2.drone_mcts,hadd-astar,selected:stage2:drone:off:2011206605,,,True,,,,,,,3,4g,6,20G,04:00:00,,VAL,drone-off-2011206605-stage2-train-primary,preselected dependency checkpoint,planned,
drone-off-2011206605-stage2-mcts_eval-primary,prospective-ten,2011206605,drone,Drone,off,RQ1/RQ2,mcts_eval,stage2,primary,experiments_numeric.architecture_2.drone_mcts,hadd-astar,selected:stage2:drone:off:2011206605,,,True,0.5,0.1,,,20,70,3,4g,6,120G,3-00:00:00,21600,rolling+VAL,drone-off-2011206605-stage2-train-primary,preselected dependency checkpoint,planned,
drone-off-1073581256-stage1-train-primary,prospective-ten,1073581256,drone,Drone,off,RQ1/RQ2,train,stage1,primary,experiments_numeric.architecture_2.drone,hadd-astar,new_lineage,0.003,1000,True,,,,,,,3,4g,6,48G,1-00:00:00,,,,validation-best; never test-selected,planned,
drone-off-1073581256-stage1-policy_eval-primary,prospective-ten,1073581256,drone,Drone,off,RQ1/RQ2,policy_eval,stage1,primary,experiments_numeric.architecture_2.drone,hadd-astar,selected:stage1:drone:off:1073581256,,,True,,,,,,,3,4g,6,20G,04:00:00,,VAL,drone-off-1073581256-stage1-train-primary,preselected dependency checkpoint,planned,
drone-off-1073581256-stage1-mcts_eval-primary,prospective-ten,1073581256,drone,Drone,off,RQ1/RQ2,mcts_eval,stage1,primary,experiments_numeric.architecture_2.drone_mcts,hadd-astar,selected:stage1:drone:off:1073581256,,,True,0.5,0.1,,,20,70,3,4g,6,120G,3-00:00:00,21600,rolling+VAL,drone-off-1073581256-stage1-train-primary,preselected dependency checkpoint,planned,
drone-off-1073581256-stage2-train-primary,prospective-ten,1073581256,drone,Drone,off,RQ1/RQ2,train,stage2,primary,experiments_numeric.architecture_2.drone_mcts,hadd-astar,selected:stage1:drone:off:1073581256,0.0003,100,True,0.5,0.1,0,0.03,20,0,3,4g,6,48G,3-00:00:00,,,drone-off-1073581256-stage1-train-primary,validation-best; never test-selected,planned,
drone-off-1073581256-stage2-policy_eval-primary,prospective-ten,1073581256,drone,Drone,off,RQ1/RQ2,policy_eval,stage2,primary,experiments_numeric.architecture_2.drone_mcts,hadd-astar,selected:stage2:drone:off:1073581256,,,True,,,,,,,3,4g,6,20G,04:00:00,,VAL,drone-off-1073581256-stage2-train-primary,preselected dependency checkpoint,planned,
drone-off-1073581256-stage2-mcts_eval-primary,prospective-ten,1073581256,drone,Drone,off,RQ1/RQ2,mcts_eval,stage2,primary,experiments_numeric.architecture_2.drone_mcts,hadd-astar,selected:stage2:drone:off:1073581256,,,True,0.5,0.1,,,20,70,3,4g,6,120G,3-00:00:00,21600,rolling+VAL,drone-off-1073581256-stage2-train-primary,preselected dependency checkpoint,planned,
drone-off-1239739722-stage1-train-primary,prospective-ten,1239739722,drone,Drone,off,RQ1/RQ2,train,stage1,primary,experiments_numeric.architecture_2.drone,hadd-astar,new_lineage,0.003,1000,True,,,,,,,3,4g,6,48G,1-00:00:00,,,,validation-best; never test-selected,planned,
drone-off-1239739722-stage1-policy_eval-primary,prospective-ten,1239739722,drone,Drone,off,RQ1/RQ2,policy_eval,stage1,primary,experiments_numeric.architecture_2.drone,hadd-astar,selected:stage1:drone:off:1239739722,,,True,,,,,,,3,4g,6,20G,04:00:00,,VAL,drone-off-1239739722-stage1-train-primary,preselected dependency checkpoint,planned,
drone-off-1239739722-stage1-mcts_eval-primary,prospective-ten,1239739722,drone,Drone,off,RQ1/RQ2,mcts_eval,stage1,primary,experiments_numeric.architecture_2.drone_mcts,hadd-astar,selected:stage1:drone:off:1239739722,,,True,0.5,0.1,,,20,70,3,4g,6,120G,3-00:00:00,21600,rolling+VAL,drone-off-1239739722-stage1-train-primary,preselected dependency checkpoint,planned,
drone-off-1239739722-stage2-train-primary,prospective-ten,1239739722,drone,Drone,off,RQ1/RQ2,train,stage2,primary,experiments_numeric.architecture_2.drone_mcts,hadd-astar,selected:stage1:drone:off:1239739722,0.0003,100,True,0.5,0.1,0,0.03,20,0,3,4g,6,48G,3-00:00:00,,,drone-off-1239739722-stage1-train-primary,validation-best; never test-selected,planned,
drone-off-1239739722-stage2-policy_eval-primary,prospective-ten,1239739722,drone,Drone,off,RQ1/RQ2,policy_eval,stage2,primary,experiments_numeric.architecture_2.drone_mcts,hadd-astar,selected:stage2:drone:off:1239739722,,,True,,,,,,,3,4g,6,20G,04:00:00,,VAL,drone-off-1239739722-stage2-train-primary,preselected dependency checkpoint,planned,
drone-off-1239739722-stage2-mcts_eval-primary,prospective-ten,1239739722,drone,Drone,off,RQ1/RQ2,mcts_eval,stage2,primary,experiments_numeric.architecture_2.drone_mcts,hadd-astar,selected:stage2:drone:off:1239739722,,,True,0.5,0.1,,,20,70,3,4g,6,120G,3-00:00:00,21600,rolling+VAL,drone-off-1239739722-stage2-train-primary,preselected dependency checkpoint,planned,
drone-off-1472491096-stage1-train-primary,prospective-ten,1472491096,drone,Drone,off,RQ1/RQ2,train,stage1,primary,experiments_numeric.architecture_2.drone,hadd-astar,new_lineage,0.003,1000,True,,,,,,,3,4g,6,48G,1-00:00:00,,,,validation-best; never test-selected,planned,
drone-off-1472491096-stage1-policy_eval-primary,prospective-ten,1472491096,drone,Drone,off,RQ1/RQ2,policy_eval,stage1,primary,experiments_numeric.architecture_2.drone,hadd-astar,selected:stage1:drone:off:1472491096,,,True,,,,,,,3,4g,6,20G,04:00:00,,VAL,drone-off-1472491096-stage1-train-primary,preselected dependency checkpoint,planned,
drone-off-1472491096-stage1-mcts_eval-primary,prospective-ten,1472491096,drone,Drone,off,RQ1/RQ2,mcts_eval,stage1,primary,experiments_numeric.architecture_2.drone_mcts,hadd-astar,selected:stage1:drone:off:1472491096,,,True,0.5,0.1,,,20,70,3,4g,6,120G,3-00:00:00,21600,rolling+VAL,drone-off-1472491096-stage1-train-primary,preselected dependency checkpoint,planned,
drone-off-1472491096-stage2-train-primary,prospective-ten,1472491096,drone,Drone,off,RQ1/RQ2,train,stage2,primary,experiments_numeric.architecture_2.drone_mcts,hadd-astar,selected:stage1:drone:off:1472491096,0.0003,100,True,0.5,0.1,0,0.03,20,0,3,4g,6,48G,3-00:00:00,,,drone-off-1472491096-stage1-train-primary,validation-best; never test-selected,planned,
drone-off-1472491096-stage2-policy_eval-primary,prospective-ten,1472491096,drone,Drone,off,RQ1/RQ2,policy_eval,stage2,primary,experiments_numeric.architecture_2.drone_mcts,hadd-astar,selected:stage2:drone:off:1472491096,,,True,,,,,,,3,4g,6,20G,04:00:00,,VAL,drone-off-1472491096-stage2-train-primary,preselected dependency checkpoint,planned,
drone-off-1472491096-stage2-mcts_eval-primary,prospective-ten,1472491096,drone,Drone,off,RQ1/RQ2,mcts_eval,stage2,primary,experiments_numeric.architecture_2.drone_mcts,hadd-astar,selected:stage2:drone:off:1472491096,,,True,0.5,0.1,,,20,70,3,4g,6,120G,3-00:00:00,21600,rolling+VAL,drone-off-1472491096-stage2-train-primary,preselected dependency checkpoint,planned,
drone-off-534933607-stage1-train-primary,prospective-ten,534933607,drone,Drone,off,RQ1/RQ2,train,stage1,primary,experiments_numeric.architecture_2.drone,hadd-astar,new_lineage,0.003,1000,True,,,,,,,3,4g,6,48G,1-00:00:00,,,,validation-best; never test-selected,planned,
drone-off-534933607-stage1-policy_eval-primary,prospective-ten,534933607,drone,Drone,off,RQ1/RQ2,policy_eval,stage1,primary,experiments_numeric.architecture_2.drone,hadd-astar,selected:stage1:drone:off:534933607,,,True,,,,,,,3,4g,6,20G,04:00:00,,VAL,drone-off-534933607-stage1-train-primary,preselected dependency checkpoint,planned,
drone-off-534933607-stage1-mcts_eval-primary,prospective-ten,534933607,drone,Drone,off,RQ1/RQ2,mcts_eval,stage1,primary,experiments_numeric.architecture_2.drone_mcts,hadd-astar,selected:stage1:drone:off:534933607,,,True,0.5,0.1,,,20,70,3,4g,6,120G,3-00:00:00,21600,rolling+VAL,drone-off-534933607-stage1-train-primary,preselected dependency checkpoint,planned,
drone-off-534933607-stage2-train-primary,prospective-ten,534933607,drone,Drone,off,RQ1/RQ2,train,stage2,primary,experiments_numeric.architecture_2.drone_mcts,hadd-astar,selected:stage1:drone:off:534933607,0.0003,100,True,0.5,0.1,0,0.03,20,0,3,4g,6,48G,3-00:00:00,,,drone-off-534933607-stage1-train-primary,validation-best; never test-selected,planned,
drone-off-534933607-stage2-policy_eval-primary,prospective-ten,534933607,drone,Drone,off,RQ1/RQ2,policy_eval,stage2,primary,experiments_numeric.architecture_2.drone_mcts,hadd-astar,selected:stage2:drone:off:534933607,,,True,,,,,,,3,4g,6,20G,04:00:00,,VAL,drone-off-534933607-stage2-train-primary,preselected dependency checkpoint,planned,
drone-off-534933607-stage2-mcts_eval-primary,prospective-ten,534933607,drone,Drone,off,RQ1/RQ2,mcts_eval,stage2,primary,experiments_numeric.architecture_2.drone_mcts,hadd-astar,selected:stage2:drone:off:534933607,,,True,0.5,0.1,,,20,70,3,4g,6,120G,3-00:00:00,21600,rolling+VAL,drone-off-534933607-stage2-train-primary,preselected dependency checkpoint,planned,
drone-off-2082152039-stage1-train-primary,prospective-ten,2082152039,drone,Drone,off,RQ1/RQ2,train,stage1,primary,experiments_numeric.architecture_2.drone,hadd-astar,new_lineage,0.003,1000,True,,,,,,,3,4g,6,48G,1-00:00:00,,,,validation-best; never test-selected,planned,
drone-off-2082152039-stage1-policy_eval-primary,prospective-ten,2082152039,drone,Drone,off,RQ1/RQ2,policy_eval,stage1,primary,experiments_numeric.architecture_2.drone,hadd-astar,selected:stage1:drone:off:2082152039,,,True,,,,,,,3,4g,6,20G,04:00:00,,VAL,drone-off-2082152039-stage1-train-primary,preselected dependency checkpoint,planned,
drone-off-2082152039-stage1-mcts_eval-primary,prospective-ten,2082152039,drone,Drone,off,RQ1/RQ2,mcts_eval,stage1,primary,experiments_numeric.architecture_2.drone_mcts,hadd-astar,selected:stage1:drone:off:2082152039,,,True,0.5,0.1,,,20,70,3,4g,6,120G,3-00:00:00,21600,rolling+VAL,drone-off-2082152039-stage1-train-primary,preselected dependency checkpoint,planned,
drone-off-2082152039-stage2-train-primary,prospective-ten,2082152039,drone,Drone,off,RQ1/RQ2,train,stage2,primary,experiments_numeric.architecture_2.drone_mcts,hadd-astar,selected:stage1:drone:off:2082152039,0.0003,100,True,0.5,0.1,0,0.03,20,0,3,4g,6,48G,3-00:00:00,,,drone-off-2082152039-stage1-train-primary,validation-best; never test-selected,planned,
drone-off-2082152039-stage2-policy_eval-primary,prospective-ten,2082152039,drone,Drone,off,RQ1/RQ2,policy_eval,stage2,primary,experiments_numeric.architecture_2.drone_mcts,hadd-astar,selected:stage2:drone:off:2082152039,,,True,,,,,,,3,4g,6,20G,04:00:00,,VAL,drone-off-2082152039-stage2-train-primary,preselected dependency checkpoint,planned,
drone-off-2082152039-stage2-mcts_eval-primary,prospective-ten,2082152039,drone,Drone,off,RQ1/RQ2,mcts_eval,stage2,primary,experiments_numeric.architecture_2.drone_mcts,hadd-astar,selected:stage2:drone:off:2082152039,,,True,0.5,0.1,,,20,70,3,4g,6,120G,3-00:00:00,21600,rolling+VAL,drone-off-2082152039-stage2-train-primary,preselected dependency checkpoint,planned,
drone-off-1510771779-stage1-train-primary,prospective-ten,1510771779,drone,Drone,off,RQ1/RQ2,train,stage1,primary,experiments_numeric.architecture_2.drone,hadd-astar,new_lineage,0.003,1000,True,,,,,,,3,4g,6,48G,1-00:00:00,,,,validation-best; never test-selected,planned,
drone-off-1510771779-stage1-policy_eval-primary,prospective-ten,1510771779,drone,Drone,off,RQ1/RQ2,policy_eval,stage1,primary,experiments_numeric.architecture_2.drone,hadd-astar,selected:stage1:drone:off:1510771779,,,True,,,,,,,3,4g,6,20G,04:00:00,,VAL,drone-off-1510771779-stage1-train-primary,preselected dependency checkpoint,planned,
drone-off-1510771779-stage1-mcts_eval-primary,prospective-ten,1510771779,drone,Drone,off,RQ1/RQ2,mcts_eval,stage1,primary,experiments_numeric.architecture_2.drone_mcts,hadd-astar,selected:stage1:drone:off:1510771779,,,True,0.5,0.1,,,20,70,3,4g,6,120G,3-00:00:00,21600,rolling+VAL,drone-off-1510771779-stage1-train-primary,preselected dependency checkpoint,planned,
drone-off-1510771779-stage2-train-primary,prospective-ten,1510771779,drone,Drone,off,RQ1/RQ2,train,stage2,primary,experiments_numeric.architecture_2.drone_mcts,hadd-astar,selected:stage1:drone:off:1510771779,0.0003,100,True,0.5,0.1,0,0.03,20,0,3,4g,6,48G,3-00:00:00,,,drone-off-1510771779-stage1-train-primary,validation-best; never test-selected,planned,
drone-off-1510771779-stage2-policy_eval-primary,prospective-ten,1510771779,drone,Drone,off,RQ1/RQ2,policy_eval,stage2,primary,experiments_numeric.architecture_2.drone_mcts,hadd-astar,selected:stage2:drone:off:1510771779,,,True,,,,,,,3,4g,6,20G,04:00:00,,VAL,drone-off-1510771779-stage2-train-primary,preselected dependency checkpoint,planned,
drone-off-1510771779-stage2-mcts_eval-primary,prospective-ten,1510771779,drone,Drone,off,RQ1/RQ2,mcts_eval,stage2,primary,experiments_numeric.architecture_2.drone_mcts,hadd-astar,selected:stage2:drone:off:1510771779,,,True,0.5,0.1,,,20,70,3,4g,6,120G,3-00:00:00,21600,rolling+VAL,drone-off-1510771779-stage2-train-primary,preselected dependency checkpoint,planned,
drone-off-923500475-stage1-train-primary,prospective-ten,923500475,drone,Drone,off,RQ1/RQ2,train,stage1,primary,experiments_numeric.architecture_2.drone,hadd-astar,new_lineage,0.003,1000,True,,,,,,,3,4g,6,48G,1-00:00:00,,,,validation-best; never test-selected,planned,
drone-off-923500475-stage1-policy_eval-primary,prospective-ten,923500475,drone,Drone,off,RQ1/RQ2,policy_eval,stage1,primary,experiments_numeric.architecture_2.drone,hadd-astar,selected:stage1:drone:off:923500475,,,True,,,,,,,3,4g,6,20G,04:00:00,,VAL,drone-off-923500475-stage1-train-primary,preselected dependency checkpoint,planned,
drone-off-923500475-stage1-mcts_eval-primary,prospective-ten,923500475,drone,Drone,off,RQ1/RQ2,mcts_eval,stage1,primary,experiments_numeric.architecture_2.drone_mcts,hadd-astar,selected:stage1:drone:off:923500475,,,True,0.5,0.1,,,20,70,3,4g,6,120G,3-00:00:00,21600,rolling+VAL,drone-off-923500475-stage1-train-primary,preselected dependency checkpoint,planned,
drone-off-923500475-stage2-train-primary,prospective-ten,923500475,drone,Drone,off,RQ1/RQ2,train,stage2,primary,experiments_numeric.architecture_2.drone_mcts,hadd-astar,selected:stage1:drone:off:923500475,0.0003,100,True,0.5,0.1,0,0.03,20,0,3,4g,6,48G,3-00:00:00,,,drone-off-923500475-stage1-train-primary,validation-best; never test-selected,planned,
drone-off-923500475-stage2-policy_eval-primary,prospective-ten,923500475,drone,Drone,off,RQ1/RQ2,policy_eval,stage2,primary,experiments_numeric.architecture_2.drone_mcts,hadd-astar,selected:stage2:drone:off:923500475,,,True,,,,,,,3,4g,6,20G,04:00:00,,VAL,drone-off-923500475-stage2-train-primary,preselected dependency checkpoint,planned,
drone-off-923500475-stage2-mcts_eval-primary,prospective-ten,923500475,drone,Drone,off,RQ1/RQ2,mcts_eval,stage2,primary,experiments_numeric.architecture_2.drone_mcts,hadd-astar,selected:stage2:drone:off:923500475,,,True,0.5,0.1,,,20,70,3,4g,6,120G,3-00:00:00,21600,rolling+VAL,drone-off-923500475-stage2-train-primary,preselected dependency checkpoint,planned,
drone-off-1972442430-stage1-train-primary,prospective-ten,1972442430,drone,Drone,off,RQ1/RQ2,train,stage1,primary,experiments_numeric.architecture_2.drone,hadd-astar,new_lineage,0.003,1000,True,,,,,,,3,4g,6,48G,1-00:00:00,,,,validation-best; never test-selected,planned,
drone-off-1972442430-stage1-policy_eval-primary,prospective-ten,1972442430,drone,Drone,off,RQ1/RQ2,policy_eval,stage1,primary,experiments_numeric.architecture_2.drone,hadd-astar,selected:stage1:drone:off:1972442430,,,True,,,,,,,3,4g,6,20G,04:00:00,,VAL,drone-off-1972442430-stage1-train-primary,preselected dependency checkpoint,planned,
drone-off-1972442430-stage1-mcts_eval-primary,prospective-ten,1972442430,drone,Drone,off,RQ1/RQ2,mcts_eval,stage1,primary,experiments_numeric.architecture_2.drone_mcts,hadd-astar,selected:stage1:drone:off:1972442430,,,True,0.5,0.1,,,20,70,3,4g,6,120G,3-00:00:00,21600,rolling+VAL,drone-off-1972442430-stage1-train-primary,preselected dependency checkpoint,planned,
drone-off-1972442430-stage2-train-primary,prospective-ten,1972442430,drone,Drone,off,RQ1/RQ2,train,stage2,primary,experiments_numeric.architecture_2.drone_mcts,hadd-astar,selected:stage1:drone:off:1972442430,0.0003,100,True,0.5,0.1,0,0.03,20,0,3,4g,6,48G,3-00:00:00,,,drone-off-1972442430-stage1-train-primary,validation-best; never test-selected,planned,
drone-off-1972442430-stage2-policy_eval-primary,prospective-ten,1972442430,drone,Drone,off,RQ1/RQ2,policy_eval,stage2,primary,experiments_numeric.architecture_2.drone_mcts,hadd-astar,selected:stage2:drone:off:1972442430,,,True,,,,,,,3,4g,6,20G,04:00:00,,VAL,drone-off-1972442430-stage2-train-primary,preselected dependency checkpoint,planned,
drone-off-1972442430-stage2-mcts_eval-primary,prospective-ten,1972442430,drone,Drone,off,RQ1/RQ2,mcts_eval,stage2,primary,experiments_numeric.architecture_2.drone_mcts,hadd-astar,selected:stage2:drone:off:1972442430,,,True,0.5,0.1,,,20,70,3,4g,6,120G,3-00:00:00,21600,rolling+VAL,drone-off-1972442430-stage2-train-primary,preselected dependency checkpoint,planned,
drone-on-1963100312-stage1-train-primary,prospective-ten,1963100312,drone,Drone,on,RQ3/RQ4,train,stage1,primary,experiments_numeric.architecture_2.drone,hadd-astar,new_lineage,0.003,1000,True,,,,,,,3,4g,6,48G,1-00:00:00,,,,validation-best; never test-selected,planned,
drone-on-1963100312-stage1-policy_eval-primary,prospective-ten,1963100312,drone,Drone,on,RQ3/RQ4,policy_eval,stage1,primary,experiments_numeric.architecture_2.drone,hadd-astar,selected:stage1:drone:on:1963100312,,,True,,,,,,,3,4g,6,20G,04:00:00,,VAL,drone-on-1963100312-stage1-train-primary,preselected dependency checkpoint,planned,
drone-on-1963100312-stage1-mcts_eval-primary,prospective-ten,1963100312,drone,Drone,on,RQ3/RQ4,mcts_eval,stage1,primary,experiments_numeric.architecture_2.drone_mcts,hadd-astar,selected:stage1:drone:on:1963100312,,,True,0.5,0.1,,,20,70,3,4g,6,120G,3-00:00:00,21600,rolling+VAL,drone-on-1963100312-stage1-train-primary,preselected dependency checkpoint,planned,
drone-on-1963100312-stage2-train-primary,prospective-ten,1963100312,drone,Drone,on,RQ3/RQ4,train,stage2,primary,experiments_numeric.architecture_2.drone_mcts,hadd-astar,selected:stage1:drone:on:1963100312,0.0003,100,True,0.5,0.1,0,3,20,0,3,4g,6,48G,3-00:00:00,,,drone-on-1963100312-stage1-train-primary,validation-best; never test-selected,planned,
drone-on-1963100312-stage2-policy_eval-primary,prospective-ten,1963100312,drone,Drone,on,RQ3/RQ4,policy_eval,stage2,primary,experiments_numeric.architecture_2.drone_mcts,hadd-astar,selected:stage2:drone:on:1963100312,,,True,,,,,,,3,4g,6,20G,04:00:00,,VAL,drone-on-1963100312-stage2-train-primary,preselected dependency checkpoint,planned,
drone-on-1963100312-stage2-mcts_eval-primary,prospective-ten,1963100312,drone,Drone,on,RQ3/RQ4,mcts_eval,stage2,primary,experiments_numeric.architecture_2.drone_mcts,hadd-astar,selected:stage2:drone:on:1963100312,,,True,0.5,0.1,,,20,70,3,4g,6,120G,3-00:00:00,21600,rolling+VAL,drone-on-1963100312-stage2-train-primary,preselected dependency checkpoint,planned,
drone-on-2011206605-stage1-train-primary,prospective-ten,2011206605,drone,Drone,on,RQ3/RQ4,train,stage1,primary,experiments_numeric.architecture_2.drone,hadd-astar,new_lineage,0.003,1000,True,,,,,,,3,4g,6,48G,1-00:00:00,,,,validation-best; never test-selected,planned,
drone-on-2011206605-stage1-policy_eval-primary,prospective-ten,2011206605,drone,Drone,on,RQ3/RQ4,policy_eval,stage1,primary,experiments_numeric.architecture_2.drone,hadd-astar,selected:stage1:drone:on:2011206605,,,True,,,,,,,3,4g,6,20G,04:00:00,,VAL,drone-on-2011206605-stage1-train-primary,preselected dependency checkpoint,planned,
drone-on-2011206605-stage1-mcts_eval-primary,prospective-ten,2011206605,drone,Drone,on,RQ3/RQ4,mcts_eval,stage1,primary,experiments_numeric.architecture_2.drone_mcts,hadd-astar,selected:stage1:drone:on:2011206605,,,True,0.5,0.1,,,20,70,3,4g,6,120G,3-00:00:00,21600,rolling+VAL,drone-on-2011206605-stage1-train-primary,preselected dependency checkpoint,planned,
drone-on-2011206605-stage2-train-primary,prospective-ten,2011206605,drone,Drone,on,RQ3/RQ4,train,stage2,primary,experiments_numeric.architecture_2.drone_mcts,hadd-astar,selected:stage1:drone:on:2011206605,0.0003,100,True,0.5,0.1,0,3,20,0,3,4g,6,48G,3-00:00:00,,,drone-on-2011206605-stage1-train-primary,validation-best; never test-selected,planned,
drone-on-2011206605-stage2-policy_eval-primary,prospective-ten,2011206605,drone,Drone,on,RQ3/RQ4,policy_eval,stage2,primary,experiments_numeric.architecture_2.drone_mcts,hadd-astar,selected:stage2:drone:on:2011206605,,,True,,,,,,,3,4g,6,20G,04:00:00,,VAL,drone-on-2011206605-stage2-train-primary,preselected dependency checkpoint,planned,
drone-on-2011206605-stage2-mcts_eval-primary,prospective-ten,2011206605,drone,Drone,on,RQ3/RQ4,mcts_eval,stage2,primary,experiments_numeric.architecture_2.drone_mcts,hadd-astar,selected:stage2:drone:on:2011206605,,,True,0.5,0.1,,,20,70,3,4g,6,120G,3-00:00:00,21600,rolling+VAL,drone-on-2011206605-stage2-train-primary,preselected dependency checkpoint,planned,
drone-on-1073581256-stage1-train-primary,prospective-ten,1073581256,drone,Drone,on,RQ3/RQ4,train,stage1,primary,experiments_numeric.architecture_2.drone,hadd-astar,new_lineage,0.003,1000,True,,,,,,,3,4g,6,48G,1-00:00:00,,,,validation-best; never test-selected,planned,
drone-on-1073581256-stage1-policy_eval-primary,prospective-ten,1073581256,drone,Drone,on,RQ3/RQ4,policy_eval,stage1,primary,experiments_numeric.architecture_2.drone,hadd-astar,selected:stage1:drone:on:1073581256,,,True,,,,,,,3,4g,6,20G,04:00:00,,VAL,drone-on-1073581256-stage1-train-primary,preselected dependency checkpoint,planned,
drone-on-1073581256-stage1-mcts_eval-primary,prospective-ten,1073581256,drone,Drone,on,RQ3/RQ4,mcts_eval,stage1,primary,experiments_numeric.architecture_2.drone_mcts,hadd-astar,selected:stage1:drone:on:1073581256,,,True,0.5,0.1,,,20,70,3,4g,6,120G,3-00:00:00,21600,rolling+VAL,drone-on-1073581256-stage1-train-primary,preselected dependency checkpoint,planned,
drone-on-1073581256-stage2-train-primary,prospective-ten,1073581256,drone,Drone,on,RQ3/RQ4,train,stage2,primary,experiments_numeric.architecture_2.drone_mcts,hadd-astar,selected:stage1:drone:on:1073581256,0.0003,100,True,0.5,0.1,0,3,20,0,3,4g,6,48G,3-00:00:00,,,drone-on-1073581256-stage1-train-primary,validation-best; never test-selected,planned,
drone-on-1073581256-stage2-policy_eval-primary,prospective-ten,1073581256,drone,Drone,on,RQ3/RQ4,policy_eval,stage2,primary,experiments_numeric.architecture_2.drone_mcts,hadd-astar,selected:stage2:drone:on:1073581256,,,True,,,,,,,3,4g,6,20G,04:00:00,,VAL,drone-on-1073581256-stage2-train-primary,preselected dependency checkpoint,planned,
drone-on-1073581256-stage2-mcts_eval-primary,prospective-ten,1073581256,drone,Drone,on,RQ3/RQ4,mcts_eval,stage2,primary,experiments_numeric.architecture_2.drone_mcts,hadd-astar,selected:stage2:drone:on:1073581256,,,True,0.5,0.1,,,20,70,3,4g,6,120G,3-00:00:00,21600,rolling+VAL,drone-on-1073581256-stage2-train-primary,preselected dependency checkpoint,planned,
drone-on-1239739722-stage1-train-primary,prospective-ten,1239739722,drone,Drone,on,RQ3/RQ4,train,stage1,primary,experiments_numeric.architecture_2.drone,hadd-astar,new_lineage,0.003,1000,True,,,,,,,3,4g,6,48G,1-00:00:00,,,,validation-best; never test-selected,planned,
drone-on-1239739722-stage1-policy_eval-primary,prospective-ten,1239739722,drone,Drone,on,RQ3/RQ4,policy_eval,stage1,primary,experiments_numeric.architecture_2.drone,hadd-astar,selected:stage1:drone:on:1239739722,,,True,,,,,,,3,4g,6,20G,04:00:00,,VAL,drone-on-1239739722-stage1-train-primary,preselected dependency checkpoint,planned,
drone-on-1239739722-stage1-mcts_eval-primary,prospective-ten,1239739722,drone,Drone,on,RQ3/RQ4,mcts_eval,stage1,primary,experiments_numeric.architecture_2.drone_mcts,hadd-astar,selected:stage1:drone:on:1239739722,,,True,0.5,0.1,,,20,70,3,4g,6,120G,3-00:00:00,21600,rolling+VAL,drone-on-1239739722-stage1-train-primary,preselected dependency checkpoint,planned,
drone-on-1239739722-stage2-train-primary,prospective-ten,1239739722,drone,Drone,on,RQ3/RQ4,train,stage2,primary,experiments_numeric.architecture_2.drone_mcts,hadd-astar,selected:stage1:drone:on:1239739722,0.0003,100,True,0.5,0.1,0,3,20,0,3,4g,6,48G,3-00:00:00,,,drone-on-1239739722-stage1-train-primary,validation-best; never test-selected,planned,
drone-on-1239739722-stage2-policy_eval-primary,prospective-ten,1239739722,drone,Drone,on,RQ3/RQ4,policy_eval,stage2,primary,experiments_numeric.architecture_2.drone_mcts,hadd-astar,selected:stage2:drone:on:1239739722,,,True,,,,,,,3,4g,6,20G,04:00:00,,VAL,drone-on-1239739722-stage2-train-primary,preselected dependency checkpoint,planned,
drone-on-1239739722-stage2-mcts_eval-primary,prospective-ten,1239739722,drone,Drone,on,RQ3/RQ4,mcts_eval,stage2,primary,experiments_numeric.architecture_2.drone_mcts,hadd-astar,selected:stage2:drone:on:1239739722,,,True,0.5,0.1,,,20,70,3,4g,6,120G,3-00:00:00,21600,rolling+VAL,drone-on-1239739722-stage2-train-primary,preselected dependency checkpoint,planned,
drone-on-1472491096-stage1-train-primary,prospective-ten,1472491096,drone,Drone,on,RQ3/RQ4,train,stage1,primary,experiments_numeric.architecture_2.drone,hadd-astar,new_lineage,0.003,1000,True,,,,,,,3,4g,6,48G,1-00:00:00,,,,validation-best; never test-selected,planned,
drone-on-1472491096-stage1-policy_eval-primary,prospective-ten,1472491096,drone,Drone,on,RQ3/RQ4,policy_eval,stage1,primary,experiments_numeric.architecture_2.drone,hadd-astar,selected:stage1:drone:on:1472491096,,,True,,,,,,,3,4g,6,20G,04:00:00,,VAL,drone-on-1472491096-stage1-train-primary,preselected dependency checkpoint,planned,
drone-on-1472491096-stage1-mcts_eval-primary,prospective-ten,1472491096,drone,Drone,on,RQ3/RQ4,mcts_eval,stage1,primary,experiments_numeric.architecture_2.drone_mcts,hadd-astar,selected:stage1:drone:on:1472491096,,,True,0.5,0.1,,,20,70,3,4g,6,120G,3-00:00:00,21600,rolling+VAL,drone-on-1472491096-stage1-train-primary,preselected dependency checkpoint,planned,
drone-on-1472491096-stage2-train-primary,prospective-ten,1472491096,drone,Drone,on,RQ3/RQ4,train,stage2,primary,experiments_numeric.architecture_2.drone_mcts,hadd-astar,selected:stage1:drone:on:1472491096,0.0003,100,True,0.5,0.1,0,3,20,0,3,4g,6,48G,3-00:00:00,,,drone-on-1472491096-stage1-train-primary,validation-best; never test-selected,planned,
drone-on-1472491096-stage2-policy_eval-primary,prospective-ten,1472491096,drone,Drone,on,RQ3/RQ4,policy_eval,stage2,primary,experiments_numeric.architecture_2.drone_mcts,hadd-astar,selected:stage2:drone:on:1472491096,,,True,,,,,,,3,4g,6,20G,04:00:00,,VAL,drone-on-1472491096-stage2-train-primary,preselected dependency checkpoint,planned,
drone-on-1472491096-stage2-mcts_eval-primary,prospective-ten,1472491096,drone,Drone,on,RQ3/RQ4,mcts_eval,stage2,primary,experiments_numeric.architecture_2.drone_mcts,hadd-astar,selected:stage2:drone:on:1472491096,,,True,0.5,0.1,,,20,70,3,4g,6,120G,3-00:00:00,21600,rolling+VAL,drone-on-1472491096-stage2-train-primary,preselected dependency checkpoint,planned,
drone-on-534933607-stage1-train-primary,prospective-ten,534933607,drone,Drone,on,RQ3/RQ4,train,stage1,primary,experiments_numeric.architecture_2.drone,hadd-astar,new_lineage,0.003,1000,True,,,,,,,3,4g,6,48G,1-00:00:00,,,,validation-best; never test-selected,planned,
drone-on-534933607-stage1-policy_eval-primary,prospective-ten,534933607,drone,Drone,on,RQ3/RQ4,policy_eval,stage1,primary,experiments_numeric.architecture_2.drone,hadd-astar,selected:stage1:drone:on:534933607,,,True,,,,,,,3,4g,6,20G,04:00:00,,VAL,drone-on-534933607-stage1-train-primary,preselected dependency checkpoint,planned,
drone-on-534933607-stage1-mcts_eval-primary,prospective-ten,534933607,drone,Drone,on,RQ3/RQ4,mcts_eval,stage1,primary,experiments_numeric.architecture_2.drone_mcts,hadd-astar,selected:stage1:drone:on:534933607,,,True,0.5,0.1,,,20,70,3,4g,6,120G,3-00:00:00,21600,rolling+VAL,drone-on-534933607-stage1-train-primary,preselected dependency checkpoint,planned,
drone-on-534933607-stage2-train-primary,prospective-ten,534933607,drone,Drone,on,RQ3/RQ4,train,stage2,primary,experiments_numeric.architecture_2.drone_mcts,hadd-astar,selected:stage1:drone:on:534933607,0.0003,100,True,0.5,0.1,0,3,20,0,3,4g,6,48G,3-00:00:00,,,drone-on-534933607-stage1-train-primary,validation-best; never test-selected,planned,
drone-on-534933607-stage2-policy_eval-primary,prospective-ten,534933607,drone,Drone,on,RQ3/RQ4,policy_eval,stage2,primary,experiments_numeric.architecture_2.drone_mcts,hadd-astar,selected:stage2:drone:on:534933607,,,True,,,,,,,3,4g,6,20G,04:00:00,,VAL,drone-on-534933607-stage2-train-primary,preselected dependency checkpoint,planned,
drone-on-534933607-stage2-mcts_eval-primary,prospective-ten,534933607,drone,Drone,on,RQ3/RQ4,mcts_eval,stage2,primary,experiments_numeric.architecture_2.drone_mcts,hadd-astar,selected:stage2:drone:on:534933607,,,True,0.5,0.1,,,20,70,3,4g,6,120G,3-00:00:00,21600,rolling+VAL,drone-on-534933607-stage2-train-primary,preselected dependency checkpoint,planned,
drone-on-2082152039-stage1-train-primary,prospective-ten,2082152039,drone,Drone,on,RQ3/RQ4,train,stage1,primary,experiments_numeric.architecture_2.drone,hadd-astar,new_lineage,0.003,1000,True,,,,,,,3,4g,6,48G,1-00:00:00,,,,validation-best; never test-selected,planned,
drone-on-2082152039-stage1-policy_eval-primary,prospective-ten,2082152039,drone,Drone,on,RQ3/RQ4,policy_eval,stage1,primary,experiments_numeric.architecture_2.drone,hadd-astar,selected:stage1:drone:on:2082152039,,,True,,,,,,,3,4g,6,20G,04:00:00,,VAL,drone-on-2082152039-stage1-train-primary,preselected dependency checkpoint,planned,
drone-on-2082152039-stage1-mcts_eval-primary,prospective-ten,2082152039,drone,Drone,on,RQ3/RQ4,mcts_eval,stage1,primary,experiments_numeric.architecture_2.drone_mcts,hadd-astar,selected:stage1:drone:on:2082152039,,,True,0.5,0.1,,,20,70,3,4g,6,120G,3-00:00:00,21600,rolling+VAL,drone-on-2082152039-stage1-train-primary,preselected dependency checkpoint,planned,
drone-on-2082152039-stage2-train-primary,prospective-ten,2082152039,drone,Drone,on,RQ3/RQ4,train,stage2,primary,experiments_numeric.architecture_2.drone_mcts,hadd-astar,selected:stage1:drone:on:2082152039,0.0003,100,True,0.5,0.1,0,3,20,0,3,4g,6,48G,3-00:00:00,,,drone-on-2082152039-stage1-train-primary,validation-best; never test-selected,planned,
drone-on-2082152039-stage2-policy_eval-primary,prospective-ten,2082152039,drone,Drone,on,RQ3/RQ4,policy_eval,stage2,primary,experiments_numeric.architecture_2.drone_mcts,hadd-astar,selected:stage2:drone:on:2082152039,,,True,,,,,,,3,4g,6,20G,04:00:00,,VAL,drone-on-2082152039-stage2-train-primary,preselected dependency checkpoint,planned,
drone-on-2082152039-stage2-mcts_eval-primary,prospective-ten,2082152039,drone,Drone,on,RQ3/RQ4,mcts_eval,stage2,primary,experiments_numeric.architecture_2.drone_mcts,hadd-astar,selected:stage2:drone:on:2082152039,,,True,0.5,0.1,,,20,70,3,4g,6,120G,3-00:00:00,21600,rolling+VAL,drone-on-2082152039-stage2-train-primary,preselected dependency checkpoint,planned,
drone-on-1510771779-stage1-train-primary,prospective-ten,1510771779,drone,Drone,on,RQ3/RQ4,train,stage1,primary,experiments_numeric.architecture_2.drone,hadd-astar,new_lineage,0.003,1000,True,,,,,,,3,4g,6,48G,1-00:00:00,,,,validation-best; never test-selected,planned,
drone-on-1510771779-stage1-policy_eval-primary,prospective-ten,1510771779,drone,Drone,on,RQ3/RQ4,policy_eval,stage1,primary,experiments_numeric.architecture_2.drone,hadd-astar,selected:stage1:drone:on:1510771779,,,True,,,,,,,3,4g,6,20G,04:00:00,,VAL,drone-on-1510771779-stage1-train-primary,preselected dependency checkpoint,planned,
drone-on-1510771779-stage1-mcts_eval-primary,prospective-ten,1510771779,drone,Drone,on,RQ3/RQ4,mcts_eval,stage1,primary,experiments_numeric.architecture_2.drone_mcts,hadd-astar,selected:stage1:drone:on:1510771779,,,True,0.5,0.1,,,20,70,3,4g,6,120G,3-00:00:00,21600,rolling+VAL,drone-on-1510771779-stage1-train-primary,preselected dependency checkpoint,planned,
drone-on-1510771779-stage2-train-primary,prospective-ten,1510771779,drone,Drone,on,RQ3/RQ4,train,stage2,primary,experiments_numeric.architecture_2.drone_mcts,hadd-astar,selected:stage1:drone:on:1510771779,0.0003,100,True,0.5,0.1,0,3,20,0,3,4g,6,48G,3-00:00:00,,,drone-on-1510771779-stage1-train-primary,validation-best; never test-selected,planned,
drone-on-1510771779-stage2-policy_eval-primary,prospective-ten,1510771779,drone,Drone,on,RQ3/RQ4,policy_eval,stage2,primary,experiments_numeric.architecture_2.drone_mcts,hadd-astar,selected:stage2:drone:on:1510771779,,,True,,,,,,,3,4g,6,20G,04:00:00,,VAL,drone-on-1510771779-stage2-train-primary,preselected dependency checkpoint,planned,
drone-on-1510771779-stage2-mcts_eval-primary,prospective-ten,1510771779,drone,Drone,on,RQ3/RQ4,mcts_eval,stage2,primary,experiments_numeric.architecture_2.drone_mcts,hadd-astar,selected:stage2:drone:on:1510771779,,,True,0.5,0.1,,,20,70,3,4g,6,120G,3-00:00:00,21600,rolling+VAL,drone-on-1510771779-stage2-train-primary,preselected dependency checkpoint,planned,
drone-on-923500475-stage1-train-primary,prospective-ten,923500475,drone,Drone,on,RQ3/RQ4,train,stage1,primary,experiments_numeric.architecture_2.drone,hadd-astar,new_lineage,0.003,1000,True,,,,,,,3,4g,6,48G,1-00:00:00,,,,validation-best; never test-selected,planned,
drone-on-923500475-stage1-policy_eval-primary,prospective-ten,923500475,drone,Drone,on,RQ3/RQ4,policy_eval,stage1,primary,experiments_numeric.architecture_2.drone,hadd-astar,selected:stage1:drone:on:923500475,,,True,,,,,,,3,4g,6,20G,04:00:00,,VAL,drone-on-923500475-stage1-train-primary,preselected dependency checkpoint,planned,
drone-on-923500475-stage1-mcts_eval-primary,prospective-ten,923500475,drone,Drone,on,RQ3/RQ4,mcts_eval,stage1,primary,experiments_numeric.architecture_2.drone_mcts,hadd-astar,selected:stage1:drone:on:923500475,,,True,0.5,0.1,,,20,70,3,4g,6,120G,3-00:00:00,21600,rolling+VAL,drone-on-923500475-stage1-train-primary,preselected dependency checkpoint,planned,
drone-on-923500475-stage2-train-primary,prospective-ten,923500475,drone,Drone,on,RQ3/RQ4,train,stage2,primary,experiments_numeric.architecture_2.drone_mcts,hadd-astar,selected:stage1:drone:on:923500475,0.0003,100,True,0.5,0.1,0,3,20,0,3,4g,6,48G,3-00:00:00,,,drone-on-923500475-stage1-train-primary,validation-best; never test-selected,planned,
drone-on-923500475-stage2-policy_eval-primary,prospective-ten,923500475,drone,Drone,on,RQ3/RQ4,policy_eval,stage2,primary,experiments_numeric.architecture_2.drone_mcts,hadd-astar,selected:stage2:drone:on:923500475,,,True,,,,,,,3,4g,6,20G,04:00:00,,VAL,drone-on-923500475-stage2-train-primary,preselected dependency checkpoint,planned,
drone-on-923500475-stage2-mcts_eval-primary,prospective-ten,923500475,drone,Drone,on,RQ3/RQ4,mcts_eval,stage2,primary,experiments_numeric.architecture_2.drone_mcts,hadd-astar,selected:stage2:drone:on:923500475,,,True,0.5,0.1,,,20,70,3,4g,6,120G,3-00:00:00,21600,rolling+VAL,drone-on-923500475-stage2-train-primary,preselected dependency checkpoint,planned,
drone-on-1972442430-stage1-train-primary,prospective-ten,1972442430,drone,Drone,on,RQ3/RQ4,train,stage1,primary,experiments_numeric.architecture_2.drone,hadd-astar,new_lineage,0.003,1000,True,,,,,,,3,4g,6,48G,1-00:00:00,,,,validation-best; never test-selected,planned,
drone-on-1972442430-stage1-policy_eval-primary,prospective-ten,1972442430,drone,Drone,on,RQ3/RQ4,policy_eval,stage1,primary,experiments_numeric.architecture_2.drone,hadd-astar,selected:stage1:drone:on:1972442430,,,True,,,,,,,3,4g,6,20G,04:00:00,,VAL,drone-on-1972442430-stage1-train-primary,preselected dependency checkpoint,planned,
drone-on-1972442430-stage1-mcts_eval-primary,prospective-ten,1972442430,drone,Drone,on,RQ3/RQ4,mcts_eval,stage1,primary,experiments_numeric.architecture_2.drone_mcts,hadd-astar,selected:stage1:drone:on:1972442430,,,True,0.5,0.1,,,20,70,3,4g,6,120G,3-00:00:00,21600,rolling+VAL,drone-on-1972442430-stage1-train-primary,preselected dependency checkpoint,planned,
drone-on-1972442430-stage2-train-primary,prospective-ten,1972442430,drone,Drone,on,RQ3/RQ4,train,stage2,primary,experiments_numeric.architecture_2.drone_mcts,hadd-astar,selected:stage1:drone:on:1972442430,0.0003,100,True,0.5,0.1,0,3,20,0,3,4g,6,48G,3-00:00:00,,,drone-on-1972442430-stage1-train-primary,validation-best; never test-selected,planned,
drone-on-1972442430-stage2-policy_eval-primary,prospective-ten,1972442430,drone,Drone,on,RQ3/RQ4,policy_eval,stage2,primary,experiments_numeric.architecture_2.drone_mcts,hadd-astar,selected:stage2:drone:on:1972442430,,,True,,,,,,,3,4g,6,20G,04:00:00,,VAL,drone-on-1972442430-stage2-train-primary,preselected dependency checkpoint,planned,
drone-on-1972442430-stage2-mcts_eval-primary,prospective-ten,1972442430,drone,Drone,on,RQ3/RQ4,mcts_eval,stage2,primary,experiments_numeric.architecture_2.drone_mcts,hadd-astar,selected:stage2:drone:on:1972442430,,,True,0.5,0.1,,,20,70,3,4g,6,120G,3-00:00:00,21600,rolling+VAL,drone-on-1972442430-stage2-train-primary,preselected dependency checkpoint,planned,
fo_counters-off-1963100312-stage1-train-primary,prospective-ten,1963100312,fo_counters,FO Counters,off,RQ1/RQ2,train,stage1,primary,experiments_numeric.architecture_2.fo_counters,hmrmax-astar,new_lineage,0.003,1000,True,,,,,,,3,4g,6,48G,1-00:00:00,,,,validation-best; never test-selected,planned,
fo_counters-off-1963100312-stage1-policy_eval-primary,prospective-ten,1963100312,fo_counters,FO Counters,off,RQ1/RQ2,policy_eval,stage1,primary,experiments_numeric.architecture_2.fo_counters,hmrmax-astar,selected:stage1:fo_counters:off:1963100312,,,True,,,,,,,3,4g,6,20G,04:00:00,,VAL,fo_counters-off-1963100312-stage1-train-primary,preselected dependency checkpoint,planned,
fo_counters-off-1963100312-stage1-mcts_eval-primary,prospective-ten,1963100312,fo_counters,FO Counters,off,RQ1/RQ2,mcts_eval,stage1,primary,experiments_numeric.architecture_2.fo_counters_mcts,hmrmax-astar,selected:stage1:fo_counters:off:1963100312,,,True,0.5,0.1,,,20,70,3,4g,6,120G,3-00:00:00,21600,rolling+VAL,fo_counters-off-1963100312-stage1-train-primary,preselected dependency checkpoint,planned,
fo_counters-off-1963100312-stage2-train-primary,prospective-ten,1963100312,fo_counters,FO Counters,off,RQ1/RQ2,train,stage2,primary,experiments_numeric.architecture_2.fo_counters_mcts,hmrmax-astar,selected:stage1:fo_counters:off:1963100312,0.0003,100,True,0.5,0.1,0,30,20,0,3,4g,6,48G,3-00:00:00,,,fo_counters-off-1963100312-stage1-train-primary,validation-best; never test-selected,planned,
fo_counters-off-1963100312-stage2-policy_eval-primary,prospective-ten,1963100312,fo_counters,FO Counters,off,RQ1/RQ2,policy_eval,stage2,primary,experiments_numeric.architecture_2.fo_counters_mcts,hmrmax-astar,selected:stage2:fo_counters:off:1963100312,,,True,,,,,,,3,4g,6,20G,04:00:00,,VAL,fo_counters-off-1963100312-stage2-train-primary,preselected dependency checkpoint,planned,
fo_counters-off-1963100312-stage2-mcts_eval-primary,prospective-ten,1963100312,fo_counters,FO Counters,off,RQ1/RQ2,mcts_eval,stage2,primary,experiments_numeric.architecture_2.fo_counters_mcts,hmrmax-astar,selected:stage2:fo_counters:off:1963100312,,,True,0.5,0.1,,,20,70,3,4g,6,120G,3-00:00:00,21600,rolling+VAL,fo_counters-off-1963100312-stage2-train-primary,preselected dependency checkpoint,planned,
fo_counters-off-2011206605-stage1-train-primary,prospective-ten,2011206605,fo_counters,FO Counters,off,RQ1/RQ2,train,stage1,primary,experiments_numeric.architecture_2.fo_counters,hmrmax-astar,new_lineage,0.003,1000,True,,,,,,,3,4g,6,48G,1-00:00:00,,,,validation-best; never test-selected,planned,
fo_counters-off-2011206605-stage1-policy_eval-primary,prospective-ten,2011206605,fo_counters,FO Counters,off,RQ1/RQ2,policy_eval,stage1,primary,experiments_numeric.architecture_2.fo_counters,hmrmax-astar,selected:stage1:fo_counters:off:2011206605,,,True,,,,,,,3,4g,6,20G,04:00:00,,VAL,fo_counters-off-2011206605-stage1-train-primary,preselected dependency checkpoint,planned,
fo_counters-off-2011206605-stage1-mcts_eval-primary,prospective-ten,2011206605,fo_counters,FO Counters,off,RQ1/RQ2,mcts_eval,stage1,primary,experiments_numeric.architecture_2.fo_counters_mcts,hmrmax-astar,selected:stage1:fo_counters:off:2011206605,,,True,0.5,0.1,,,20,70,3,4g,6,120G,3-00:00:00,21600,rolling+VAL,fo_counters-off-2011206605-stage1-train-primary,preselected dependency checkpoint,planned,
fo_counters-off-2011206605-stage2-train-primary,prospective-ten,2011206605,fo_counters,FO Counters,off,RQ1/RQ2,train,stage2,primary,experiments_numeric.architecture_2.fo_counters_mcts,hmrmax-astar,selected:stage1:fo_counters:off:2011206605,0.0003,100,True,0.5,0.1,0,30,20,0,3,4g,6,48G,3-00:00:00,,,fo_counters-off-2011206605-stage1-train-primary,validation-best; never test-selected,planned,
fo_counters-off-2011206605-stage2-policy_eval-primary,prospective-ten,2011206605,fo_counters,FO Counters,off,RQ1/RQ2,policy_eval,stage2,primary,experiments_numeric.architecture_2.fo_counters_mcts,hmrmax-astar,selected:stage2:fo_counters:off:2011206605,,,True,,,,,,,3,4g,6,20G,04:00:00,,VAL,fo_counters-off-2011206605-stage2-train-primary,preselected dependency checkpoint,planned,
fo_counters-off-2011206605-stage2-mcts_eval-primary,prospective-ten,2011206605,fo_counters,FO Counters,off,RQ1/RQ2,mcts_eval,stage2,primary,experiments_numeric.architecture_2.fo_counters_mcts,hmrmax-astar,selected:stage2:fo_counters:off:2011206605,,,True,0.5,0.1,,,20,70,3,4g,6,120G,3-00:00:00,21600,rolling+VAL,fo_counters-off-2011206605-stage2-train-primary,preselected dependency checkpoint,planned,
fo_counters-off-1073581256-stage1-train-primary,prospective-ten,1073581256,fo_counters,FO Counters,off,RQ1/RQ2,train,stage1,primary,experiments_numeric.architecture_2.fo_counters,hmrmax-astar,new_lineage,0.003,1000,True,,,,,,,3,4g,6,48G,1-00:00:00,,,,validation-best; never test-selected,planned,
fo_counters-off-1073581256-stage1-policy_eval-primary,prospective-ten,1073581256,fo_counters,FO Counters,off,RQ1/RQ2,policy_eval,stage1,primary,experiments_numeric.architecture_2.fo_counters,hmrmax-astar,selected:stage1:fo_counters:off:1073581256,,,True,,,,,,,3,4g,6,20G,04:00:00,,VAL,fo_counters-off-1073581256-stage1-train-primary,preselected dependency checkpoint,planned,
fo_counters-off-1073581256-stage1-mcts_eval-primary,prospective-ten,1073581256,fo_counters,FO Counters,off,RQ1/RQ2,mcts_eval,stage1,primary,experiments_numeric.architecture_2.fo_counters_mcts,hmrmax-astar,selected:stage1:fo_counters:off:1073581256,,,True,0.5,0.1,,,20,70,3,4g,6,120G,3-00:00:00,21600,rolling+VAL,fo_counters-off-1073581256-stage1-train-primary,preselected dependency checkpoint,planned,
fo_counters-off-1073581256-stage2-train-primary,prospective-ten,1073581256,fo_counters,FO Counters,off,RQ1/RQ2,train,stage2,primary,experiments_numeric.architecture_2.fo_counters_mcts,hmrmax-astar,selected:stage1:fo_counters:off:1073581256,0.0003,100,True,0.5,0.1,0,30,20,0,3,4g,6,48G,3-00:00:00,,,fo_counters-off-1073581256-stage1-train-primary,validation-best; never test-selected,planned,
fo_counters-off-1073581256-stage2-policy_eval-primary,prospective-ten,1073581256,fo_counters,FO Counters,off,RQ1/RQ2,policy_eval,stage2,primary,experiments_numeric.architecture_2.fo_counters_mcts,hmrmax-astar,selected:stage2:fo_counters:off:1073581256,,,True,,,,,,,3,4g,6,20G,04:00:00,,VAL,fo_counters-off-1073581256-stage2-train-primary,preselected dependency checkpoint,planned,
fo_counters-off-1073581256-stage2-mcts_eval-primary,prospective-ten,1073581256,fo_counters,FO Counters,off,RQ1/RQ2,mcts_eval,stage2,primary,experiments_numeric.architecture_2.fo_counters_mcts,hmrmax-astar,selected:stage2:fo_counters:off:1073581256,,,True,0.5,0.1,,,20,70,3,4g,6,120G,3-00:00:00,21600,rolling+VAL,fo_counters-off-1073581256-stage2-train-primary,preselected dependency checkpoint,planned,
fo_counters-off-1239739722-stage1-train-primary,prospective-ten,1239739722,fo_counters,FO Counters,off,RQ1/RQ2,train,stage1,primary,experiments_numeric.architecture_2.fo_counters,hmrmax-astar,new_lineage,0.003,1000,True,,,,,,,3,4g,6,48G,1-00:00:00,,,,validation-best; never test-selected,planned,
fo_counters-off-1239739722-stage1-policy_eval-primary,prospective-ten,1239739722,fo_counters,FO Counters,off,RQ1/RQ2,policy_eval,stage1,primary,experiments_numeric.architecture_2.fo_counters,hmrmax-astar,selected:stage1:fo_counters:off:1239739722,,,True,,,,,,,3,4g,6,20G,04:00:00,,VAL,fo_counters-off-1239739722-stage1-train-primary,preselected dependency checkpoint,planned,
fo_counters-off-1239739722-stage1-mcts_eval-primary,prospective-ten,1239739722,fo_counters,FO Counters,off,RQ1/RQ2,mcts_eval,stage1,primary,experiments_numeric.architecture_2.fo_counters_mcts,hmrmax-astar,selected:stage1:fo_counters:off:1239739722,,,True,0.5,0.1,,,20,70,3,4g,6,120G,3-00:00:00,21600,rolling+VAL,fo_counters-off-1239739722-stage1-train-primary,preselected dependency checkpoint,planned,
fo_counters-off-1239739722-stage2-train-primary,prospective-ten,1239739722,fo_counters,FO Counters,off,RQ1/RQ2,train,stage2,primary,experiments_numeric.architecture_2.fo_counters_mcts,hmrmax-astar,selected:stage1:fo_counters:off:1239739722,0.0003,100,True,0.5,0.1,0,30,20,0,3,4g,6,48G,3-00:00:00,,,fo_counters-off-1239739722-stage1-train-primary,validation-best; never test-selected,planned,
fo_counters-off-1239739722-stage2-policy_eval-primary,prospective-ten,1239739722,fo_counters,FO Counters,off,RQ1/RQ2,policy_eval,stage2,primary,experiments_numeric.architecture_2.fo_counters_mcts,hmrmax-astar,selected:stage2:fo_counters:off:1239739722,,,True,,,,,,,3,4g,6,20G,04:00:00,,VAL,fo_counters-off-1239739722-stage2-train-primary,preselected dependency checkpoint,planned,
fo_counters-off-1239739722-stage2-mcts_eval-primary,prospective-ten,1239739722,fo_counters,FO Counters,off,RQ1/RQ2,mcts_eval,stage2,primary,experiments_numeric.architecture_2.fo_counters_mcts,hmrmax-astar,selected:stage2:fo_counters:off:1239739722,,,True,0.5,0.1,,,20,70,3,4g,6,120G,3-00:00:00,21600,rolling+VAL,fo_counters-off-1239739722-stage2-train-primary,preselected dependency checkpoint,planned,
fo_counters-off-1472491096-stage1-train-primary,prospective-ten,1472491096,fo_counters,FO Counters,off,RQ1/RQ2,train,stage1,primary,experiments_numeric.architecture_2.fo_counters,hmrmax-astar,new_lineage,0.003,1000,True,,,,,,,3,4g,6,48G,1-00:00:00,,,,validation-best; never test-selected,planned,
fo_counters-off-1472491096-stage1-policy_eval-primary,prospective-ten,1472491096,fo_counters,FO Counters,off,RQ1/RQ2,policy_eval,stage1,primary,experiments_numeric.architecture_2.fo_counters,hmrmax-astar,selected:stage1:fo_counters:off:1472491096,,,True,,,,,,,3,4g,6,20G,04:00:00,,VAL,fo_counters-off-1472491096-stage1-train-primary,preselected dependency checkpoint,planned,
fo_counters-off-1472491096-stage1-mcts_eval-primary,prospective-ten,1472491096,fo_counters,FO Counters,off,RQ1/RQ2,mcts_eval,stage1,primary,experiments_numeric.architecture_2.fo_counters_mcts,hmrmax-astar,selected:stage1:fo_counters:off:1472491096,,,True,0.5,0.1,,,20,70,3,4g,6,120G,3-00:00:00,21600,rolling+VAL,fo_counters-off-1472491096-stage1-train-primary,preselected dependency checkpoint,planned,
fo_counters-off-1472491096-stage2-train-primary,prospective-ten,1472491096,fo_counters,FO Counters,off,RQ1/RQ2,train,stage2,primary,experiments_numeric.architecture_2.fo_counters_mcts,hmrmax-astar,selected:stage1:fo_counters:off:1472491096,0.0003,100,True,0.5,0.1,0,30,20,0,3,4g,6,48G,3-00:00:00,,,fo_counters-off-1472491096-stage1-train-primary,validation-best; never test-selected,planned,
fo_counters-off-1472491096-stage2-policy_eval-primary,prospective-ten,1472491096,fo_counters,FO Counters,off,RQ1/RQ2,policy_eval,stage2,primary,experiments_numeric.architecture_2.fo_counters_mcts,hmrmax-astar,selected:stage2:fo_counters:off:1472491096,,,True,,,,,,,3,4g,6,20G,04:00:00,,VAL,fo_counters-off-1472491096-stage2-train-primary,preselected dependency checkpoint,planned,
fo_counters-off-1472491096-stage2-mcts_eval-primary,prospective-ten,1472491096,fo_counters,FO Counters,off,RQ1/RQ2,mcts_eval,stage2,primary,experiments_numeric.architecture_2.fo_counters_mcts,hmrmax-astar,selected:stage2:fo_counters:off:1472491096,,,True,0.5,0.1,,,20,70,3,4g,6,120G,3-00:00:00,21600,rolling+VAL,fo_counters-off-1472491096-stage2-train-primary,preselected dependency checkpoint,planned,
fo_counters-off-534933607-stage1-train-primary,prospective-ten,534933607,fo_counters,FO Counters,off,RQ1/RQ2,train,stage1,primary,experiments_numeric.architecture_2.fo_counters,hmrmax-astar,new_lineage,0.003,1000,True,,,,,,,3,4g,6,48G,1-00:00:00,,,,validation-best; never test-selected,planned,
fo_counters-off-534933607-stage1-policy_eval-primary,prospective-ten,534933607,fo_counters,FO Counters,off,RQ1/RQ2,policy_eval,stage1,primary,experiments_numeric.architecture_2.fo_counters,hmrmax-astar,selected:stage1:fo_counters:off:534933607,,,True,,,,,,,3,4g,6,20G,04:00:00,,VAL,fo_counters-off-534933607-stage1-train-primary,preselected dependency checkpoint,planned,
fo_counters-off-534933607-stage1-mcts_eval-primary,prospective-ten,534933607,fo_counters,FO Counters,off,RQ1/RQ2,mcts_eval,stage1,primary,experiments_numeric.architecture_2.fo_counters_mcts,hmrmax-astar,selected:stage1:fo_counters:off:534933607,,,True,0.5,0.1,,,20,70,3,4g,6,120G,3-00:00:00,21600,rolling+VAL,fo_counters-off-534933607-stage1-train-primary,preselected dependency checkpoint,planned,
fo_counters-off-534933607-stage2-train-primary,prospective-ten,534933607,fo_counters,FO Counters,off,RQ1/RQ2,train,stage2,primary,experiments_numeric.architecture_2.fo_counters_mcts,hmrmax-astar,selected:stage1:fo_counters:off:534933607,0.0003,100,True,0.5,0.1,0,30,20,0,3,4g,6,48G,3-00:00:00,,,fo_counters-off-534933607-stage1-train-primary,validation-best; never test-selected,planned,
fo_counters-off-534933607-stage2-policy_eval-primary,prospective-ten,534933607,fo_counters,FO Counters,off,RQ1/RQ2,policy_eval,stage2,primary,experiments_numeric.architecture_2.fo_counters_mcts,hmrmax-astar,selected:stage2:fo_counters:off:534933607,,,True,,,,,,,3,4g,6,20G,04:00:00,,VAL,fo_counters-off-534933607-stage2-train-primary,preselected dependency checkpoint,planned,
fo_counters-off-534933607-stage2-mcts_eval-primary,prospective-ten,534933607,fo_counters,FO Counters,off,RQ1/RQ2,mcts_eval,stage2,primary,experiments_numeric.architecture_2.fo_counters_mcts,hmrmax-astar,selected:stage2:fo_counters:off:534933607,,,True,0.5,0.1,,,20,70,3,4g,6,120G,3-00:00:00,21600,rolling+VAL,fo_counters-off-534933607-stage2-train-primary,preselected dependency checkpoint,planned,
fo_counters-off-2082152039-stage1-train-primary,prospective-ten,2082152039,fo_counters,FO Counters,off,RQ1/RQ2,train,stage1,primary,experiments_numeric.architecture_2.fo_counters,hmrmax-astar,new_lineage,0.003,1000,True,,,,,,,3,4g,6,48G,1-00:00:00,,,,validation-best; never test-selected,planned,
fo_counters-off-2082152039-stage1-policy_eval-primary,prospective-ten,2082152039,fo_counters,FO Counters,off,RQ1/RQ2,policy_eval,stage1,primary,experiments_numeric.architecture_2.fo_counters,hmrmax-astar,selected:stage1:fo_counters:off:2082152039,,,True,,,,,,,3,4g,6,20G,04:00:00,,VAL,fo_counters-off-2082152039-stage1-train-primary,preselected dependency checkpoint,planned,
fo_counters-off-2082152039-stage1-mcts_eval-primary,prospective-ten,2082152039,fo_counters,FO Counters,off,RQ1/RQ2,mcts_eval,stage1,primary,experiments_numeric.architecture_2.fo_counters_mcts,hmrmax-astar,selected:stage1:fo_counters:off:2082152039,,,True,0.5,0.1,,,20,70,3,4g,6,120G,3-00:00:00,21600,rolling+VAL,fo_counters-off-2082152039-stage1-train-primary,preselected dependency checkpoint,planned,
fo_counters-off-2082152039-stage2-train-primary,prospective-ten,2082152039,fo_counters,FO Counters,off,RQ1/RQ2,train,stage2,primary,experiments_numeric.architecture_2.fo_counters_mcts,hmrmax-astar,selected:stage1:fo_counters:off:2082152039,0.0003,100,True,0.5,0.1,0,30,20,0,3,4g,6,48G,3-00:00:00,,,fo_counters-off-2082152039-stage1-train-primary,validation-best; never test-selected,planned,
fo_counters-off-2082152039-stage2-policy_eval-primary,prospective-ten,2082152039,fo_counters,FO Counters,off,RQ1/RQ2,policy_eval,stage2,primary,experiments_numeric.architecture_2.fo_counters_mcts,hmrmax-astar,selected:stage2:fo_counters:off:2082152039,,,True,,,,,,,3,4g,6,20G,04:00:00,,VAL,fo_counters-off-2082152039-stage2-train-primary,preselected dependency checkpoint,planned,
fo_counters-off-2082152039-stage2-mcts_eval-primary,prospective-ten,2082152039,fo_counters,FO Counters,off,RQ1/RQ2,mcts_eval,stage2,primary,experiments_numeric.architecture_2.fo_counters_mcts,hmrmax-astar,selected:stage2:fo_counters:off:2082152039,,,True,0.5,0.1,,,20,70,3,4g,6,120G,3-00:00:00,21600,rolling+VAL,fo_counters-off-2082152039-stage2-train-primary,preselected dependency checkpoint,planned,
fo_counters-off-1510771779-stage1-train-primary,prospective-ten,1510771779,fo_counters,FO Counters,off,RQ1/RQ2,train,stage1,primary,experiments_numeric.architecture_2.fo_counters,hmrmax-astar,new_lineage,0.003,1000,True,,,,,,,3,4g,6,48G,1-00:00:00,,,,validation-best; never test-selected,planned,
fo_counters-off-1510771779-stage1-policy_eval-primary,prospective-ten,1510771779,fo_counters,FO Counters,off,RQ1/RQ2,policy_eval,stage1,primary,experiments_numeric.architecture_2.fo_counters,hmrmax-astar,selected:stage1:fo_counters:off:1510771779,,,True,,,,,,,3,4g,6,20G,04:00:00,,VAL,fo_counters-off-1510771779-stage1-train-primary,preselected dependency checkpoint,planned,
fo_counters-off-1510771779-stage1-mcts_eval-primary,prospective-ten,1510771779,fo_counters,FO Counters,off,RQ1/RQ2,mcts_eval,stage1,primary,experiments_numeric.architecture_2.fo_counters_mcts,hmrmax-astar,selected:stage1:fo_counters:off:1510771779,,,True,0.5,0.1,,,20,70,3,4g,6,120G,3-00:00:00,21600,rolling+VAL,fo_counters-off-1510771779-stage1-train-primary,preselected dependency checkpoint,planned,
fo_counters-off-1510771779-stage2-train-primary,prospective-ten,1510771779,fo_counters,FO Counters,off,RQ1/RQ2,train,stage2,primary,experiments_numeric.architecture_2.fo_counters_mcts,hmrmax-astar,selected:stage1:fo_counters:off:1510771779,0.0003,100,True,0.5,0.1,0,30,20,0,3,4g,6,48G,3-00:00:00,,,fo_counters-off-1510771779-stage1-train-primary,validation-best; never test-selected,planned,
fo_counters-off-1510771779-stage2-policy_eval-primary,prospective-ten,1510771779,fo_counters,FO Counters,off,RQ1/RQ2,policy_eval,stage2,primary,experiments_numeric.architecture_2.fo_counters_mcts,hmrmax-astar,selected:stage2:fo_counters:off:1510771779,,,True,,,,,,,3,4g,6,20G,04:00:00,,VAL,fo_counters-off-1510771779-stage2-train-primary,preselected dependency checkpoint,planned,
fo_counters-off-1510771779-stage2-mcts_eval-primary,prospective-ten,1510771779,fo_counters,FO Counters,off,RQ1/RQ2,mcts_eval,stage2,primary,experiments_numeric.architecture_2.fo_counters_mcts,hmrmax-astar,selected:stage2:fo_counters:off:1510771779,,,True,0.5,0.1,,,20,70,3,4g,6,120G,3-00:00:00,21600,rolling+VAL,fo_counters-off-1510771779-stage2-train-primary,preselected dependency checkpoint,planned,
fo_counters-off-923500475-stage1-train-primary,prospective-ten,923500475,fo_counters,FO Counters,off,RQ1/RQ2,train,stage1,primary,experiments_numeric.architecture_2.fo_counters,hmrmax-astar,new_lineage,0.003,1000,True,,,,,,,3,4g,6,48G,1-00:00:00,,,,validation-best; never test-selected,planned,
fo_counters-off-923500475-stage1-policy_eval-primary,prospective-ten,923500475,fo_counters,FO Counters,off,RQ1/RQ2,policy_eval,stage1,primary,experiments_numeric.architecture_2.fo_counters,hmrmax-astar,selected:stage1:fo_counters:off:923500475,,,True,,,,,,,3,4g,6,20G,04:00:00,,VAL,fo_counters-off-923500475-stage1-train-primary,preselected dependency checkpoint,planned,
fo_counters-off-923500475-stage1-mcts_eval-primary,prospective-ten,923500475,fo_counters,FO Counters,off,RQ1/RQ2,mcts_eval,stage1,primary,experiments_numeric.architecture_2.fo_counters_mcts,hmrmax-astar,selected:stage1:fo_counters:off:923500475,,,True,0.5,0.1,,,20,70,3,4g,6,120G,3-00:00:00,21600,rolling+VAL,fo_counters-off-923500475-stage1-train-primary,preselected dependency checkpoint,planned,
fo_counters-off-923500475-stage2-train-primary,prospective-ten,923500475,fo_counters,FO Counters,off,RQ1/RQ2,train,stage2,primary,experiments_numeric.architecture_2.fo_counters_mcts,hmrmax-astar,selected:stage1:fo_counters:off:923500475,0.0003,100,True,0.5,0.1,0,30,20,0,3,4g,6,48G,3-00:00:00,,,fo_counters-off-923500475-stage1-train-primary,validation-best; never test-selected,planned,
fo_counters-off-923500475-stage2-policy_eval-primary,prospective-ten,923500475,fo_counters,FO Counters,off,RQ1/RQ2,policy_eval,stage2,primary,experiments_numeric.architecture_2.fo_counters_mcts,hmrmax-astar,selected:stage2:fo_counters:off:923500475,,,True,,,,,,,3,4g,6,20G,04:00:00,,VAL,fo_counters-off-923500475-stage2-train-primary,preselected dependency checkpoint,planned,
fo_counters-off-923500475-stage2-mcts_eval-primary,prospective-ten,923500475,fo_counters,FO Counters,off,RQ1/RQ2,mcts_eval,stage2,primary,experiments_numeric.architecture_2.fo_counters_mcts,hmrmax-astar,selected:stage2:fo_counters:off:923500475,,,True,0.5,0.1,,,20,70,3,4g,6,120G,3-00:00:00,21600,rolling+VAL,fo_counters-off-923500475-stage2-train-primary,preselected dependency checkpoint,planned,
fo_counters-off-1972442430-stage1-train-primary,prospective-ten,1972442430,fo_counters,FO Counters,off,RQ1/RQ2,train,stage1,primary,experiments_numeric.architecture_2.fo_counters,hmrmax-astar,new_lineage,0.003,1000,True,,,,,,,3,4g,6,48G,1-00:00:00,,,,validation-best; never test-selected,planned,
fo_counters-off-1972442430-stage1-policy_eval-primary,prospective-ten,1972442430,fo_counters,FO Counters,off,RQ1/RQ2,policy_eval,stage1,primary,experiments_numeric.architecture_2.fo_counters,hmrmax-astar,selected:stage1:fo_counters:off:1972442430,,,True,,,,,,,3,4g,6,20G,04:00:00,,VAL,fo_counters-off-1972442430-stage1-train-primary,preselected dependency checkpoint,planned,
fo_counters-off-1972442430-stage1-mcts_eval-primary,prospective-ten,1972442430,fo_counters,FO Counters,off,RQ1/RQ2,mcts_eval,stage1,primary,experiments_numeric.architecture_2.fo_counters_mcts,hmrmax-astar,selected:stage1:fo_counters:off:1972442430,,,True,0.5,0.1,,,20,70,3,4g,6,120G,3-00:00:00,21600,rolling+VAL,fo_counters-off-1972442430-stage1-train-primary,preselected dependency checkpoint,planned,
fo_counters-off-1972442430-stage2-train-primary,prospective-ten,1972442430,fo_counters,FO Counters,off,RQ1/RQ2,train,stage2,primary,experiments_numeric.architecture_2.fo_counters_mcts,hmrmax-astar,selected:stage1:fo_counters:off:1972442430,0.0003,100,True,0.5,0.1,0,30,20,0,3,4g,6,48G,3-00:00:00,,,fo_counters-off-1972442430-stage1-train-primary,validation-best; never test-selected,planned,
fo_counters-off-1972442430-stage2-policy_eval-primary,prospective-ten,1972442430,fo_counters,FO Counters,off,RQ1/RQ2,policy_eval,stage2,primary,experiments_numeric.architecture_2.fo_counters_mcts,hmrmax-astar,selected:stage2:fo_counters:off:1972442430,,,True,,,,,,,3,4g,6,20G,04:00:00,,VAL,fo_counters-off-1972442430-stage2-train-primary,preselected dependency checkpoint,planned,
fo_counters-off-1972442430-stage2-mcts_eval-primary,prospective-ten,1972442430,fo_counters,FO Counters,off,RQ1/RQ2,mcts_eval,stage2,primary,experiments_numeric.architecture_2.fo_counters_mcts,hmrmax-astar,selected:stage2:fo_counters:off:1972442430,,,True,0.5,0.1,,,20,70,3,4g,6,120G,3-00:00:00,21600,rolling+VAL,fo_counters-off-1972442430-stage2-train-primary,preselected dependency checkpoint,planned,
fo_counters-on-1963100312-stage1-train-primary,prospective-ten,1963100312,fo_counters,FO Counters,on,RQ3/RQ4,train,stage1,primary,experiments_numeric.architecture_2.fo_counters,hmrmax-astar,new_lineage,0.003,1000,True,,,,,,,3,4g,6,48G,1-00:00:00,,,,validation-best; never test-selected,planned,
fo_counters-on-1963100312-stage1-policy_eval-primary,prospective-ten,1963100312,fo_counters,FO Counters,on,RQ3/RQ4,policy_eval,stage1,primary,experiments_numeric.architecture_2.fo_counters,hmrmax-astar,selected:stage1:fo_counters:on:1963100312,,,True,,,,,,,3,4g,6,20G,04:00:00,,VAL,fo_counters-on-1963100312-stage1-train-primary,preselected dependency checkpoint,planned,
fo_counters-on-1963100312-stage1-mcts_eval-primary,prospective-ten,1963100312,fo_counters,FO Counters,on,RQ3/RQ4,mcts_eval,stage1,primary,experiments_numeric.architecture_2.fo_counters_mcts,hmrmax-astar,selected:stage1:fo_counters:on:1963100312,,,True,0.5,0.1,,,20,70,3,4g,6,120G,3-00:00:00,21600,rolling+VAL,fo_counters-on-1963100312-stage1-train-primary,preselected dependency checkpoint,planned,
fo_counters-on-1963100312-stage2-train-primary,prospective-ten,1963100312,fo_counters,FO Counters,on,RQ3/RQ4,train,stage2,primary,experiments_numeric.architecture_2.fo_counters_mcts,hmrmax-astar,selected:stage1:fo_counters:on:1963100312,0.0003,100,True,0.5,0.1,0,10,20,0,3,4g,6,48G,3-00:00:00,,,fo_counters-on-1963100312-stage1-train-primary,validation-best; never test-selected,planned,
fo_counters-on-1963100312-stage2-policy_eval-primary,prospective-ten,1963100312,fo_counters,FO Counters,on,RQ3/RQ4,policy_eval,stage2,primary,experiments_numeric.architecture_2.fo_counters_mcts,hmrmax-astar,selected:stage2:fo_counters:on:1963100312,,,True,,,,,,,3,4g,6,20G,04:00:00,,VAL,fo_counters-on-1963100312-stage2-train-primary,preselected dependency checkpoint,planned,
fo_counters-on-1963100312-stage2-mcts_eval-primary,prospective-ten,1963100312,fo_counters,FO Counters,on,RQ3/RQ4,mcts_eval,stage2,primary,experiments_numeric.architecture_2.fo_counters_mcts,hmrmax-astar,selected:stage2:fo_counters:on:1963100312,,,True,0.5,0.1,,,20,70,3,4g,6,120G,3-00:00:00,21600,rolling+VAL,fo_counters-on-1963100312-stage2-train-primary,preselected dependency checkpoint,planned,
fo_counters-on-2011206605-stage1-train-primary,prospective-ten,2011206605,fo_counters,FO Counters,on,RQ3/RQ4,train,stage1,primary,experiments_numeric.architecture_2.fo_counters,hmrmax-astar,new_lineage,0.003,1000,True,,,,,,,3,4g,6,48G,1-00:00:00,,,,validation-best; never test-selected,planned,
fo_counters-on-2011206605-stage1-policy_eval-primary,prospective-ten,2011206605,fo_counters,FO Counters,on,RQ3/RQ4,policy_eval,stage1,primary,experiments_numeric.architecture_2.fo_counters,hmrmax-astar,selected:stage1:fo_counters:on:2011206605,,,True,,,,,,,3,4g,6,20G,04:00:00,,VAL,fo_counters-on-2011206605-stage1-train-primary,preselected dependency checkpoint,planned,
fo_counters-on-2011206605-stage1-mcts_eval-primary,prospective-ten,2011206605,fo_counters,FO Counters,on,RQ3/RQ4,mcts_eval,stage1,primary,experiments_numeric.architecture_2.fo_counters_mcts,hmrmax-astar,selected:stage1:fo_counters:on:2011206605,,,True,0.5,0.1,,,20,70,3,4g,6,120G,3-00:00:00,21600,rolling+VAL,fo_counters-on-2011206605-stage1-train-primary,preselected dependency checkpoint,planned,
fo_counters-on-2011206605-stage2-train-primary,prospective-ten,2011206605,fo_counters,FO Counters,on,RQ3/RQ4,train,stage2,primary,experiments_numeric.architecture_2.fo_counters_mcts,hmrmax-astar,selected:stage1:fo_counters:on:2011206605,0.0003,100,True,0.5,0.1,0,10,20,0,3,4g,6,48G,3-00:00:00,,,fo_counters-on-2011206605-stage1-train-primary,validation-best; never test-selected,planned,
fo_counters-on-2011206605-stage2-policy_eval-primary,prospective-ten,2011206605,fo_counters,FO Counters,on,RQ3/RQ4,policy_eval,stage2,primary,experiments_numeric.architecture_2.fo_counters_mcts,hmrmax-astar,selected:stage2:fo_counters:on:2011206605,,,True,,,,,,,3,4g,6,20G,04:00:00,,VAL,fo_counters-on-2011206605-stage2-train-primary,preselected dependency checkpoint,planned,
fo_counters-on-2011206605-stage2-mcts_eval-primary,prospective-ten,2011206605,fo_counters,FO Counters,on,RQ3/RQ4,mcts_eval,stage2,primary,experiments_numeric.architecture_2.fo_counters_mcts,hmrmax-astar,selected:stage2:fo_counters:on:2011206605,,,True,0.5,0.1,,,20,70,3,4g,6,120G,3-00:00:00,21600,rolling+VAL,fo_counters-on-2011206605-stage2-train-primary,preselected dependency checkpoint,planned,
fo_counters-on-1073581256-stage1-train-primary,prospective-ten,1073581256,fo_counters,FO Counters,on,RQ3/RQ4,train,stage1,primary,experiments_numeric.architecture_2.fo_counters,hmrmax-astar,new_lineage,0.003,1000,True,,,,,,,3,4g,6,48G,1-00:00:00,,,,validation-best; never test-selected,planned,
fo_counters-on-1073581256-stage1-policy_eval-primary,prospective-ten,1073581256,fo_counters,FO Counters,on,RQ3/RQ4,policy_eval,stage1,primary,experiments_numeric.architecture_2.fo_counters,hmrmax-astar,selected:stage1:fo_counters:on:1073581256,,,True,,,,,,,3,4g,6,20G,04:00:00,,VAL,fo_counters-on-1073581256-stage1-train-primary,preselected dependency checkpoint,planned,
fo_counters-on-1073581256-stage1-mcts_eval-primary,prospective-ten,1073581256,fo_counters,FO Counters,on,RQ3/RQ4,mcts_eval,stage1,primary,experiments_numeric.architecture_2.fo_counters_mcts,hmrmax-astar,selected:stage1:fo_counters:on:1073581256,,,True,0.5,0.1,,,20,70,3,4g,6,120G,3-00:00:00,21600,rolling+VAL,fo_counters-on-1073581256-stage1-train-primary,preselected dependency checkpoint,planned,
fo_counters-on-1073581256-stage2-train-primary,prospective-ten,1073581256,fo_counters,FO Counters,on,RQ3/RQ4,train,stage2,primary,experiments_numeric.architecture_2.fo_counters_mcts,hmrmax-astar,selected:stage1:fo_counters:on:1073581256,0.0003,100,True,0.5,0.1,0,10,20,0,3,4g,6,48G,3-00:00:00,,,fo_counters-on-1073581256-stage1-train-primary,validation-best; never test-selected,planned,
fo_counters-on-1073581256-stage2-policy_eval-primary,prospective-ten,1073581256,fo_counters,FO Counters,on,RQ3/RQ4,policy_eval,stage2,primary,experiments_numeric.architecture_2.fo_counters_mcts,hmrmax-astar,selected:stage2:fo_counters:on:1073581256,,,True,,,,,,,3,4g,6,20G,04:00:00,,VAL,fo_counters-on-1073581256-stage2-train-primary,preselected dependency checkpoint,planned,
fo_counters-on-1073581256-stage2-mcts_eval-primary,prospective-ten,1073581256,fo_counters,FO Counters,on,RQ3/RQ4,mcts_eval,stage2,primary,experiments_numeric.architecture_2.fo_counters_mcts,hmrmax-astar,selected:stage2:fo_counters:on:1073581256,,,True,0.5,0.1,,,20,70,3,4g,6,120G,3-00:00:00,21600,rolling+VAL,fo_counters-on-1073581256-stage2-train-primary,preselected dependency checkpoint,planned,
fo_counters-on-1239739722-stage1-train-primary,prospective-ten,1239739722,fo_counters,FO Counters,on,RQ3/RQ4,train,stage1,primary,experiments_numeric.architecture_2.fo_counters,hmrmax-astar,new_lineage,0.003,1000,True,,,,,,,3,4g,6,48G,1-00:00:00,,,,validation-best; never test-selected,planned,
fo_counters-on-1239739722-stage1-policy_eval-primary,prospective-ten,1239739722,fo_counters,FO Counters,on,RQ3/RQ4,policy_eval,stage1,primary,experiments_numeric.architecture_2.fo_counters,hmrmax-astar,selected:stage1:fo_counters:on:1239739722,,,True,,,,,,,3,4g,6,20G,04:00:00,,VAL,fo_counters-on-1239739722-stage1-train-primary,preselected dependency checkpoint,planned,
fo_counters-on-1239739722-stage1-mcts_eval-primary,prospective-ten,1239739722,fo_counters,FO Counters,on,RQ3/RQ4,mcts_eval,stage1,primary,experiments_numeric.architecture_2.fo_counters_mcts,hmrmax-astar,selected:stage1:fo_counters:on:1239739722,,,True,0.5,0.1,,,20,70,3,4g,6,120G,3-00:00:00,21600,rolling+VAL,fo_counters-on-1239739722-stage1-train-primary,preselected dependency checkpoint,planned,
fo_counters-on-1239739722-stage2-train-primary,prospective-ten,1239739722,fo_counters,FO Counters,on,RQ3/RQ4,train,stage2,primary,experiments_numeric.architecture_2.fo_counters_mcts,hmrmax-astar,selected:stage1:fo_counters:on:1239739722,0.0003,100,True,0.5,0.1,0,10,20,0,3,4g,6,48G,3-00:00:00,,,fo_counters-on-1239739722-stage1-train-primary,validation-best; never test-selected,planned,
fo_counters-on-1239739722-stage2-policy_eval-primary,prospective-ten,1239739722,fo_counters,FO Counters,on,RQ3/RQ4,policy_eval,stage2,primary,experiments_numeric.architecture_2.fo_counters_mcts,hmrmax-astar,selected:stage2:fo_counters:on:1239739722,,,True,,,,,,,3,4g,6,20G,04:00:00,,VAL,fo_counters-on-1239739722-stage2-train-primary,preselected dependency checkpoint,planned,
fo_counters-on-1239739722-stage2-mcts_eval-primary,prospective-ten,1239739722,fo_counters,FO Counters,on,RQ3/RQ4,mcts_eval,stage2,primary,experiments_numeric.architecture_2.fo_counters_mcts,hmrmax-astar,selected:stage2:fo_counters:on:1239739722,,,True,0.5,0.1,,,20,70,3,4g,6,120G,3-00:00:00,21600,rolling+VAL,fo_counters-on-1239739722-stage2-train-primary,preselected dependency checkpoint,planned,
fo_counters-on-1472491096-stage1-train-primary,prospective-ten,1472491096,fo_counters,FO Counters,on,RQ3/RQ4,train,stage1,primary,experiments_numeric.architecture_2.fo_counters,hmrmax-astar,new_lineage,0.003,1000,True,,,,,,,3,4g,6,48G,1-00:00:00,,,,validation-best; never test-selected,planned,
fo_counters-on-1472491096-stage1-policy_eval-primary,prospective-ten,1472491096,fo_counters,FO Counters,on,RQ3/RQ4,policy_eval,stage1,primary,experiments_numeric.architecture_2.fo_counters,hmrmax-astar,selected:stage1:fo_counters:on:1472491096,,,True,,,,,,,3,4g,6,20G,04:00:00,,VAL,fo_counters-on-1472491096-stage1-train-primary,preselected dependency checkpoint,planned,
fo_counters-on-1472491096-stage1-mcts_eval-primary,prospective-ten,1472491096,fo_counters,FO Counters,on,RQ3/RQ4,mcts_eval,stage1,primary,experiments_numeric.architecture_2.fo_counters_mcts,hmrmax-astar,selected:stage1:fo_counters:on:1472491096,,,True,0.5,0.1,,,20,70,3,4g,6,120G,3-00:00:00,21600,rolling+VAL,fo_counters-on-1472491096-stage1-train-primary,preselected dependency checkpoint,planned,
fo_counters-on-1472491096-stage2-train-primary,prospective-ten,1472491096,fo_counters,FO Counters,on,RQ3/RQ4,train,stage2,primary,experiments_numeric.architecture_2.fo_counters_mcts,hmrmax-astar,selected:stage1:fo_counters:on:1472491096,0.0003,100,True,0.5,0.1,0,10,20,0,3,4g,6,48G,3-00:00:00,,,fo_counters-on-1472491096-stage1-train-primary,validation-best; never test-selected,planned,
fo_counters-on-1472491096-stage2-policy_eval-primary,prospective-ten,1472491096,fo_counters,FO Counters,on,RQ3/RQ4,policy_eval,stage2,primary,experiments_numeric.architecture_2.fo_counters_mcts,hmrmax-astar,selected:stage2:fo_counters:on:1472491096,,,True,,,,,,,3,4g,6,20G,04:00:00,,VAL,fo_counters-on-1472491096-stage2-train-primary,preselected dependency checkpoint,planned,
fo_counters-on-1472491096-stage2-mcts_eval-primary,prospective-ten,1472491096,fo_counters,FO Counters,on,RQ3/RQ4,mcts_eval,stage2,primary,experiments_numeric.architecture_2.fo_counters_mcts,hmrmax-astar,selected:stage2:fo_counters:on:1472491096,,,True,0.5,0.1,,,20,70,3,4g,6,120G,3-00:00:00,21600,rolling+VAL,fo_counters-on-1472491096-stage2-train-primary,preselected dependency checkpoint,planned,
fo_counters-on-534933607-stage1-train-primary,prospective-ten,534933607,fo_counters,FO Counters,on,RQ3/RQ4,train,stage1,primary,experiments_numeric.architecture_2.fo_counters,hmrmax-astar,new_lineage,0.003,1000,True,,,,,,,3,4g,6,48G,1-00:00:00,,,,validation-best; never test-selected,planned,
fo_counters-on-534933607-stage1-policy_eval-primary,prospective-ten,534933607,fo_counters,FO Counters,on,RQ3/RQ4,policy_eval,stage1,primary,experiments_numeric.architecture_2.fo_counters,hmrmax-astar,selected:stage1:fo_counters:on:534933607,,,True,,,,,,,3,4g,6,20G,04:00:00,,VAL,fo_counters-on-534933607-stage1-train-primary,preselected dependency checkpoint,planned,
fo_counters-on-534933607-stage1-mcts_eval-primary,prospective-ten,534933607,fo_counters,FO Counters,on,RQ3/RQ4,mcts_eval,stage1,primary,experiments_numeric.architecture_2.fo_counters_mcts,hmrmax-astar,selected:stage1:fo_counters:on:534933607,,,True,0.5,0.1,,,20,70,3,4g,6,120G,3-00:00:00,21600,rolling+VAL,fo_counters-on-534933607-stage1-train-primary,preselected dependency checkpoint,planned,
fo_counters-on-534933607-stage2-train-primary,prospective-ten,534933607,fo_counters,FO Counters,on,RQ3/RQ4,train,stage2,primary,experiments_numeric.architecture_2.fo_counters_mcts,hmrmax-astar,selected:stage1:fo_counters:on:534933607,0.0003,100,True,0.5,0.1,0,10,20,0,3,4g,6,48G,3-00:00:00,,,fo_counters-on-534933607-stage1-train-primary,validation-best; never test-selected,planned,
fo_counters-on-534933607-stage2-policy_eval-primary,prospective-ten,534933607,fo_counters,FO Counters,on,RQ3/RQ4,policy_eval,stage2,primary,experiments_numeric.architecture_2.fo_counters_mcts,hmrmax-astar,selected:stage2:fo_counters:on:534933607,,,True,,,,,,,3,4g,6,20G,04:00:00,,VAL,fo_counters-on-534933607-stage2-train-primary,preselected dependency checkpoint,planned,
fo_counters-on-534933607-stage2-mcts_eval-primary,prospective-ten,534933607,fo_counters,FO Counters,on,RQ3/RQ4,mcts_eval,stage2,primary,experiments_numeric.architecture_2.fo_counters_mcts,hmrmax-astar,selected:stage2:fo_counters:on:534933607,,,True,0.5,0.1,,,20,70,3,4g,6,120G,3-00:00:00,21600,rolling+VAL,fo_counters-on-534933607-stage2-train-primary,preselected dependency checkpoint,planned,
fo_counters-on-2082152039-stage1-train-primary,prospective-ten,2082152039,fo_counters,FO Counters,on,RQ3/RQ4,train,stage1,primary,experiments_numeric.architecture_2.fo_counters,hmrmax-astar,new_lineage,0.003,1000,True,,,,,,,3,4g,6,48G,1-00:00:00,,,,validation-best; never test-selected,planned,
fo_counters-on-2082152039-stage1-policy_eval-primary,prospective-ten,2082152039,fo_counters,FO Counters,on,RQ3/RQ4,policy_eval,stage1,primary,experiments_numeric.architecture_2.fo_counters,hmrmax-astar,selected:stage1:fo_counters:on:2082152039,,,True,,,,,,,3,4g,6,20G,04:00:00,,VAL,fo_counters-on-2082152039-stage1-train-primary,preselected dependency checkpoint,planned,
fo_counters-on-2082152039-stage1-mcts_eval-primary,prospective-ten,2082152039,fo_counters,FO Counters,on,RQ3/RQ4,mcts_eval,stage1,primary,experiments_numeric.architecture_2.fo_counters_mcts,hmrmax-astar,selected:stage1:fo_counters:on:2082152039,,,True,0.5,0.1,,,20,70,3,4g,6,120G,3-00:00:00,21600,rolling+VAL,fo_counters-on-2082152039-stage1-train-primary,preselected dependency checkpoint,planned,
fo_counters-on-2082152039-stage2-train-primary,prospective-ten,2082152039,fo_counters,FO Counters,on,RQ3/RQ4,train,stage2,primary,experiments_numeric.architecture_2.fo_counters_mcts,hmrmax-astar,selected:stage1:fo_counters:on:2082152039,0.0003,100,True,0.5,0.1,0,10,20,0,3,4g,6,48G,3-00:00:00,,,fo_counters-on-2082152039-stage1-train-primary,validation-best; never test-selected,planned,
fo_counters-on-2082152039-stage2-policy_eval-primary,prospective-ten,2082152039,fo_counters,FO Counters,on,RQ3/RQ4,policy_eval,stage2,primary,experiments_numeric.architecture_2.fo_counters_mcts,hmrmax-astar,selected:stage2:fo_counters:on:2082152039,,,True,,,,,,,3,4g,6,20G,04:00:00,,VAL,fo_counters-on-2082152039-stage2-train-primary,preselected dependency checkpoint,planned,
fo_counters-on-2082152039-stage2-mcts_eval-primary,prospective-ten,2082152039,fo_counters,FO Counters,on,RQ3/RQ4,mcts_eval,stage2,primary,experiments_numeric.architecture_2.fo_counters_mcts,hmrmax-astar,selected:stage2:fo_counters:on:2082152039,,,True,0.5,0.1,,,20,70,3,4g,6,120G,3-00:00:00,21600,rolling+VAL,fo_counters-on-2082152039-stage2-train-primary,preselected dependency checkpoint,planned,
fo_counters-on-1510771779-stage1-train-primary,prospective-ten,1510771779,fo_counters,FO Counters,on,RQ3/RQ4,train,stage1,primary,experiments_numeric.architecture_2.fo_counters,hmrmax-astar,new_lineage,0.003,1000,True,,,,,,,3,4g,6,48G,1-00:00:00,,,,validation-best; never test-selected,planned,
fo_counters-on-1510771779-stage1-policy_eval-primary,prospective-ten,1510771779,fo_counters,FO Counters,on,RQ3/RQ4,policy_eval,stage1,primary,experiments_numeric.architecture_2.fo_counters,hmrmax-astar,selected:stage1:fo_counters:on:1510771779,,,True,,,,,,,3,4g,6,20G,04:00:00,,VAL,fo_counters-on-1510771779-stage1-train-primary,preselected dependency checkpoint,planned,
fo_counters-on-1510771779-stage1-mcts_eval-primary,prospective-ten,1510771779,fo_counters,FO Counters,on,RQ3/RQ4,mcts_eval,stage1,primary,experiments_numeric.architecture_2.fo_counters_mcts,hmrmax-astar,selected:stage1:fo_counters:on:1510771779,,,True,0.5,0.1,,,20,70,3,4g,6,120G,3-00:00:00,21600,rolling+VAL,fo_counters-on-1510771779-stage1-train-primary,preselected dependency checkpoint,planned,
fo_counters-on-1510771779-stage2-train-primary,prospective-ten,1510771779,fo_counters,FO Counters,on,RQ3/RQ4,train,stage2,primary,experiments_numeric.architecture_2.fo_counters_mcts,hmrmax-astar,selected:stage1:fo_counters:on:1510771779,0.0003,100,True,0.5,0.1,0,10,20,0,3,4g,6,48G,3-00:00:00,,,fo_counters-on-1510771779-stage1-train-primary,validation-best; never test-selected,planned,
fo_counters-on-1510771779-stage2-policy_eval-primary,prospective-ten,1510771779,fo_counters,FO Counters,on,RQ3/RQ4,policy_eval,stage2,primary,experiments_numeric.architecture_2.fo_counters_mcts,hmrmax-astar,selected:stage2:fo_counters:on:1510771779,,,True,,,,,,,3,4g,6,20G,04:00:00,,VAL,fo_counters-on-1510771779-stage2-train-primary,preselected dependency checkpoint,planned,
fo_counters-on-1510771779-stage2-mcts_eval-primary,prospective-ten,1510771779,fo_counters,FO Counters,on,RQ3/RQ4,mcts_eval,stage2,primary,experiments_numeric.architecture_2.fo_counters_mcts,hmrmax-astar,selected:stage2:fo_counters:on:1510771779,,,True,0.5,0.1,,,20,70,3,4g,6,120G,3-00:00:00,21600,rolling+VAL,fo_counters-on-1510771779-stage2-train-primary,preselected dependency checkpoint,planned,
fo_counters-on-923500475-stage1-train-primary,prospective-ten,923500475,fo_counters,FO Counters,on,RQ3/RQ4,train,stage1,primary,experiments_numeric.architecture_2.fo_counters,hmrmax-astar,new_lineage,0.003,1000,True,,,,,,,3,4g,6,48G,1-00:00:00,,,,validation-best; never test-selected,planned,
fo_counters-on-923500475-stage1-policy_eval-primary,prospective-ten,923500475,fo_counters,FO Counters,on,RQ3/RQ4,policy_eval,stage1,primary,experiments_numeric.architecture_2.fo_counters,hmrmax-astar,selected:stage1:fo_counters:on:923500475,,,True,,,,,,,3,4g,6,20G,04:00:00,,VAL,fo_counters-on-923500475-stage1-train-primary,preselected dependency checkpoint,planned,
fo_counters-on-923500475-stage1-mcts_eval-primary,prospective-ten,923500475,fo_counters,FO Counters,on,RQ3/RQ4,mcts_eval,stage1,primary,experiments_numeric.architecture_2.fo_counters_mcts,hmrmax-astar,selected:stage1:fo_counters:on:923500475,,,True,0.5,0.1,,,20,70,3,4g,6,120G,3-00:00:00,21600,rolling+VAL,fo_counters-on-923500475-stage1-train-primary,preselected dependency checkpoint,planned,
fo_counters-on-923500475-stage2-train-primary,prospective-ten,923500475,fo_counters,FO Counters,on,RQ3/RQ4,train,stage2,primary,experiments_numeric.architecture_2.fo_counters_mcts,hmrmax-astar,selected:stage1:fo_counters:on:923500475,0.0003,100,True,0.5,0.1,0,10,20,0,3,4g,6,48G,3-00:00:00,,,fo_counters-on-923500475-stage1-train-primary,validation-best; never test-selected,planned,
fo_counters-on-923500475-stage2-policy_eval-primary,prospective-ten,923500475,fo_counters,FO Counters,on,RQ3/RQ4,policy_eval,stage2,primary,experiments_numeric.architecture_2.fo_counters_mcts,hmrmax-astar,selected:stage2:fo_counters:on:923500475,,,True,,,,,,,3,4g,6,20G,04:00:00,,VAL,fo_counters-on-923500475-stage2-train-primary,preselected dependency checkpoint,planned,
fo_counters-on-923500475-stage2-mcts_eval-primary,prospective-ten,923500475,fo_counters,FO Counters,on,RQ3/RQ4,mcts_eval,stage2,primary,experiments_numeric.architecture_2.fo_counters_mcts,hmrmax-astar,selected:stage2:fo_counters:on:923500475,,,True,0.5,0.1,,,20,70,3,4g,6,120G,3-00:00:00,21600,rolling+VAL,fo_counters-on-923500475-stage2-train-primary,preselected dependency checkpoint,planned,
fo_counters-on-1972442430-stage1-train-primary,prospective-ten,1972442430,fo_counters,FO Counters,on,RQ3/RQ4,train,stage1,primary,experiments_numeric.architecture_2.fo_counters,hmrmax-astar,new_lineage,0.003,1000,True,,,,,,,3,4g,6,48G,1-00:00:00,,,,validation-best; never test-selected,planned,
fo_counters-on-1972442430-stage1-policy_eval-primary,prospective-ten,1972442430,fo_counters,FO Counters,on,RQ3/RQ4,policy_eval,stage1,primary,experiments_numeric.architecture_2.fo_counters,hmrmax-astar,selected:stage1:fo_counters:on:1972442430,,,True,,,,,,,3,4g,6,20G,04:00:00,,VAL,fo_counters-on-1972442430-stage1-train-primary,preselected dependency checkpoint,planned,
fo_counters-on-1972442430-stage1-mcts_eval-primary,prospective-ten,1972442430,fo_counters,FO Counters,on,RQ3/RQ4,mcts_eval,stage1,primary,experiments_numeric.architecture_2.fo_counters_mcts,hmrmax-astar,selected:stage1:fo_counters:on:1972442430,,,True,0.5,0.1,,,20,70,3,4g,6,120G,3-00:00:00,21600,rolling+VAL,fo_counters-on-1972442430-stage1-train-primary,preselected dependency checkpoint,planned,
fo_counters-on-1972442430-stage2-train-primary,prospective-ten,1972442430,fo_counters,FO Counters,on,RQ3/RQ4,train,stage2,primary,experiments_numeric.architecture_2.fo_counters_mcts,hmrmax-astar,selected:stage1:fo_counters:on:1972442430,0.0003,100,True,0.5,0.1,0,10,20,0,3,4g,6,48G,3-00:00:00,,,fo_counters-on-1972442430-stage1-train-primary,validation-best; never test-selected,planned,
fo_counters-on-1972442430-stage2-policy_eval-primary,prospective-ten,1972442430,fo_counters,FO Counters,on,RQ3/RQ4,policy_eval,stage2,primary,experiments_numeric.architecture_2.fo_counters_mcts,hmrmax-astar,selected:stage2:fo_counters:on:1972442430,,,True,,,,,,,3,4g,6,20G,04:00:00,,VAL,fo_counters-on-1972442430-stage2-train-primary,preselected dependency checkpoint,planned,
fo_counters-on-1972442430-stage2-mcts_eval-primary,prospective-ten,1972442430,fo_counters,FO Counters,on,RQ3/RQ4,mcts_eval,stage2,primary,experiments_numeric.architecture_2.fo_counters_mcts,hmrmax-astar,selected:stage2:fo_counters:on:1972442430,,,True,0.5,0.1,,,20,70,3,4g,6,120G,3-00:00:00,21600,rolling+VAL,fo_counters-on-1972442430-stage2-train-primary,preselected dependency checkpoint,planned,
rover-off-1963100312-stage1-train-primary,prospective-ten,1963100312,rover,Rover,off,RQ1/RQ2,train,stage1,primary,experiments_numeric.architecture_2.rover,hmrp-ha-gbfs,new_lineage,0.003,1000,True,,,,,,,3,4g,6,48G,1-00:00:00,,,,validation-best; never test-selected,planned,
rover-off-1963100312-stage1-policy_eval-primary,prospective-ten,1963100312,rover,Rover,off,RQ1/RQ2,policy_eval,stage1,primary,experiments_numeric.architecture_2.rover,hmrp-ha-gbfs,selected:stage1:rover:off:1963100312,,,True,,,,,,,3,4g,6,20G,04:00:00,,VAL,rover-off-1963100312-stage1-train-primary,preselected dependency checkpoint,planned,
rover-off-1963100312-stage1-mcts_eval-primary,prospective-ten,1963100312,rover,Rover,off,RQ1/RQ2,mcts_eval,stage1,primary,experiments_numeric.architecture_2.rover_mcts,hmrp-ha-gbfs,selected:stage1:rover:off:1963100312,,,True,0.5,0.1,,,20,70,3,4g,6,120G,3-00:00:00,21600,rolling+VAL,rover-off-1963100312-stage1-train-primary,preselected dependency checkpoint,planned,
rover-off-1963100312-stage2-train-primary,prospective-ten,1963100312,rover,Rover,off,RQ1/RQ2,train,stage2,primary,experiments_numeric.architecture_2.rover_mcts,hmrp-ha-gbfs,selected:stage1:rover:off:1963100312,0.0003,100,True,0.5,0.1,0,0,20,0,3,4g,6,48G,3-00:00:00,,,rover-off-1963100312-stage1-train-primary,validation-best; never test-selected,planned,
rover-off-1963100312-stage2-policy_eval-primary,prospective-ten,1963100312,rover,Rover,off,RQ1/RQ2,policy_eval,stage2,primary,experiments_numeric.architecture_2.rover_mcts,hmrp-ha-gbfs,selected:stage2:rover:off:1963100312,,,True,,,,,,,3,4g,6,20G,04:00:00,,VAL,rover-off-1963100312-stage2-train-primary,preselected dependency checkpoint,planned,
rover-off-1963100312-stage2-mcts_eval-primary,prospective-ten,1963100312,rover,Rover,off,RQ1/RQ2,mcts_eval,stage2,primary,experiments_numeric.architecture_2.rover_mcts,hmrp-ha-gbfs,selected:stage2:rover:off:1963100312,,,True,0.5,0.1,,,20,70,3,4g,6,120G,3-00:00:00,21600,rolling+VAL,rover-off-1963100312-stage2-train-primary,preselected dependency checkpoint,planned,
rover-off-2011206605-stage1-train-primary,prospective-ten,2011206605,rover,Rover,off,RQ1/RQ2,train,stage1,primary,experiments_numeric.architecture_2.rover,hmrp-ha-gbfs,new_lineage,0.003,1000,True,,,,,,,3,4g,6,48G,1-00:00:00,,,,validation-best; never test-selected,planned,
rover-off-2011206605-stage1-policy_eval-primary,prospective-ten,2011206605,rover,Rover,off,RQ1/RQ2,policy_eval,stage1,primary,experiments_numeric.architecture_2.rover,hmrp-ha-gbfs,selected:stage1:rover:off:2011206605,,,True,,,,,,,3,4g,6,20G,04:00:00,,VAL,rover-off-2011206605-stage1-train-primary,preselected dependency checkpoint,planned,
rover-off-2011206605-stage1-mcts_eval-primary,prospective-ten,2011206605,rover,Rover,off,RQ1/RQ2,mcts_eval,stage1,primary,experiments_numeric.architecture_2.rover_mcts,hmrp-ha-gbfs,selected:stage1:rover:off:2011206605,,,True,0.5,0.1,,,20,70,3,4g,6,120G,3-00:00:00,21600,rolling+VAL,rover-off-2011206605-stage1-train-primary,preselected dependency checkpoint,planned,
rover-off-2011206605-stage2-train-primary,prospective-ten,2011206605,rover,Rover,off,RQ1/RQ2,train,stage2,primary,experiments_numeric.architecture_2.rover_mcts,hmrp-ha-gbfs,selected:stage1:rover:off:2011206605,0.0003,100,True,0.5,0.1,0,0,20,0,3,4g,6,48G,3-00:00:00,,,rover-off-2011206605-stage1-train-primary,validation-best; never test-selected,planned,
rover-off-2011206605-stage2-policy_eval-primary,prospective-ten,2011206605,rover,Rover,off,RQ1/RQ2,policy_eval,stage2,primary,experiments_numeric.architecture_2.rover_mcts,hmrp-ha-gbfs,selected:stage2:rover:off:2011206605,,,True,,,,,,,3,4g,6,20G,04:00:00,,VAL,rover-off-2011206605-stage2-train-primary,preselected dependency checkpoint,planned,
rover-off-2011206605-stage2-mcts_eval-primary,prospective-ten,2011206605,rover,Rover,off,RQ1/RQ2,mcts_eval,stage2,primary,experiments_numeric.architecture_2.rover_mcts,hmrp-ha-gbfs,selected:stage2:rover:off:2011206605,,,True,0.5,0.1,,,20,70,3,4g,6,120G,3-00:00:00,21600,rolling+VAL,rover-off-2011206605-stage2-train-primary,preselected dependency checkpoint,planned,
rover-off-1073581256-stage1-train-primary,prospective-ten,1073581256,rover,Rover,off,RQ1/RQ2,train,stage1,primary,experiments_numeric.architecture_2.rover,hmrp-ha-gbfs,new_lineage,0.003,1000,True,,,,,,,3,4g,6,48G,1-00:00:00,,,,validation-best; never test-selected,planned,
rover-off-1073581256-stage1-policy_eval-primary,prospective-ten,1073581256,rover,Rover,off,RQ1/RQ2,policy_eval,stage1,primary,experiments_numeric.architecture_2.rover,hmrp-ha-gbfs,selected:stage1:rover:off:1073581256,,,True,,,,,,,3,4g,6,20G,04:00:00,,VAL,rover-off-1073581256-stage1-train-primary,preselected dependency checkpoint,planned,
rover-off-1073581256-stage1-mcts_eval-primary,prospective-ten,1073581256,rover,Rover,off,RQ1/RQ2,mcts_eval,stage1,primary,experiments_numeric.architecture_2.rover_mcts,hmrp-ha-gbfs,selected:stage1:rover:off:1073581256,,,True,0.5,0.1,,,20,70,3,4g,6,120G,3-00:00:00,21600,rolling+VAL,rover-off-1073581256-stage1-train-primary,preselected dependency checkpoint,planned,
rover-off-1073581256-stage2-train-primary,prospective-ten,1073581256,rover,Rover,off,RQ1/RQ2,train,stage2,primary,experiments_numeric.architecture_2.rover_mcts,hmrp-ha-gbfs,selected:stage1:rover:off:1073581256,0.0003,100,True,0.5,0.1,0,0,20,0,3,4g,6,48G,3-00:00:00,,,rover-off-1073581256-stage1-train-primary,validation-best; never test-selected,planned,
rover-off-1073581256-stage2-policy_eval-primary,prospective-ten,1073581256,rover,Rover,off,RQ1/RQ2,policy_eval,stage2,primary,experiments_numeric.architecture_2.rover_mcts,hmrp-ha-gbfs,selected:stage2:rover:off:1073581256,,,True,,,,,,,3,4g,6,20G,04:00:00,,VAL,rover-off-1073581256-stage2-train-primary,preselected dependency checkpoint,planned,
rover-off-1073581256-stage2-mcts_eval-primary,prospective-ten,1073581256,rover,Rover,off,RQ1/RQ2,mcts_eval,stage2,primary,experiments_numeric.architecture_2.rover_mcts,hmrp-ha-gbfs,selected:stage2:rover:off:1073581256,,,True,0.5,0.1,,,20,70,3,4g,6,120G,3-00:00:00,21600,rolling+VAL,rover-off-1073581256-stage2-train-primary,preselected dependency checkpoint,planned,
rover-off-1239739722-stage1-train-primary,prospective-ten,1239739722,rover,Rover,off,RQ1/RQ2,train,stage1,primary,experiments_numeric.architecture_2.rover,hmrp-ha-gbfs,new_lineage,0.003,1000,True,,,,,,,3,4g,6,48G,1-00:00:00,,,,validation-best; never test-selected,planned,
rover-off-1239739722-stage1-policy_eval-primary,prospective-ten,1239739722,rover,Rover,off,RQ1/RQ2,policy_eval,stage1,primary,experiments_numeric.architecture_2.rover,hmrp-ha-gbfs,selected:stage1:rover:off:1239739722,,,True,,,,,,,3,4g,6,20G,04:00:00,,VAL,rover-off-1239739722-stage1-train-primary,preselected dependency checkpoint,planned,
rover-off-1239739722-stage1-mcts_eval-primary,prospective-ten,1239739722,rover,Rover,off,RQ1/RQ2,mcts_eval,stage1,primary,experiments_numeric.architecture_2.rover_mcts,hmrp-ha-gbfs,selected:stage1:rover:off:1239739722,,,True,0.5,0.1,,,20,70,3,4g,6,120G,3-00:00:00,21600,rolling+VAL,rover-off-1239739722-stage1-train-primary,preselected dependency checkpoint,planned,
rover-off-1239739722-stage2-train-primary,prospective-ten,1239739722,rover,Rover,off,RQ1/RQ2,train,stage2,primary,experiments_numeric.architecture_2.rover_mcts,hmrp-ha-gbfs,selected:stage1:rover:off:1239739722,0.0003,100,True,0.5,0.1,0,0,20,0,3,4g,6,48G,3-00:00:00,,,rover-off-1239739722-stage1-train-primary,validation-best; never test-selected,planned,
rover-off-1239739722-stage2-policy_eval-primary,prospective-ten,1239739722,rover,Rover,off,RQ1/RQ2,policy_eval,stage2,primary,experiments_numeric.architecture_2.rover_mcts,hmrp-ha-gbfs,selected:stage2:rover:off:1239739722,,,True,,,,,,,3,4g,6,20G,04:00:00,,VAL,rover-off-1239739722-stage2-train-primary,preselected dependency checkpoint,planned,
rover-off-1239739722-stage2-mcts_eval-primary,prospective-ten,1239739722,rover,Rover,off,RQ1/RQ2,mcts_eval,stage2,primary,experiments_numeric.architecture_2.rover_mcts,hmrp-ha-gbfs,selected:stage2:rover:off:1239739722,,,True,0.5,0.1,,,20,70,3,4g,6,120G,3-00:00:00,21600,rolling+VAL,rover-off-1239739722-stage2-train-primary,preselected dependency checkpoint,planned,
rover-off-1472491096-stage1-train-primary,prospective-ten,1472491096,rover,Rover,off,RQ1/RQ2,train,stage1,primary,experiments_numeric.architecture_2.rover,hmrp-ha-gbfs,new_lineage,0.003,1000,True,,,,,,,3,4g,6,48G,1-00:00:00,,,,validation-best; never test-selected,planned,
rover-off-1472491096-stage1-policy_eval-primary,prospective-ten,1472491096,rover,Rover,off,RQ1/RQ2,policy_eval,stage1,primary,experiments_numeric.architecture_2.rover,hmrp-ha-gbfs,selected:stage1:rover:off:1472491096,,,True,,,,,,,3,4g,6,20G,04:00:00,,VAL,rover-off-1472491096-stage1-train-primary,preselected dependency checkpoint,planned,
rover-off-1472491096-stage1-mcts_eval-primary,prospective-ten,1472491096,rover,Rover,off,RQ1/RQ2,mcts_eval,stage1,primary,experiments_numeric.architecture_2.rover_mcts,hmrp-ha-gbfs,selected:stage1:rover:off:1472491096,,,True,0.5,0.1,,,20,70,3,4g,6,120G,3-00:00:00,21600,rolling+VAL,rover-off-1472491096-stage1-train-primary,preselected dependency checkpoint,planned,
rover-off-1472491096-stage2-train-primary,prospective-ten,1472491096,rover,Rover,off,RQ1/RQ2,train,stage2,primary,experiments_numeric.architecture_2.rover_mcts,hmrp-ha-gbfs,selected:stage1:rover:off:1472491096,0.0003,100,True,0.5,0.1,0,0,20,0,3,4g,6,48G,3-00:00:00,,,rover-off-1472491096-stage1-train-primary,validation-best; never test-selected,planned,
rover-off-1472491096-stage2-policy_eval-primary,prospective-ten,1472491096,rover,Rover,off,RQ1/RQ2,policy_eval,stage2,primary,experiments_numeric.architecture_2.rover_mcts,hmrp-ha-gbfs,selected:stage2:rover:off:1472491096,,,True,,,,,,,3,4g,6,20G,04:00:00,,VAL,rover-off-1472491096-stage2-train-primary,preselected dependency checkpoint,planned,
rover-off-1472491096-stage2-mcts_eval-primary,prospective-ten,1472491096,rover,Rover,off,RQ1/RQ2,mcts_eval,stage2,primary,experiments_numeric.architecture_2.rover_mcts,hmrp-ha-gbfs,selected:stage2:rover:off:1472491096,,,True,0.5,0.1,,,20,70,3,4g,6,120G,3-00:00:00,21600,rolling+VAL,rover-off-1472491096-stage2-train-primary,preselected dependency checkpoint,planned,
rover-off-534933607-stage1-train-primary,prospective-ten,534933607,rover,Rover,off,RQ1/RQ2,train,stage1,primary,experiments_numeric.architecture_2.rover,hmrp-ha-gbfs,new_lineage,0.003,1000,True,,,,,,,3,4g,6,48G,1-00:00:00,,,,validation-best; never test-selected,planned,
rover-off-534933607-stage1-policy_eval-primary,prospective-ten,534933607,rover,Rover,off,RQ1/RQ2,policy_eval,stage1,primary,experiments_numeric.architecture_2.rover,hmrp-ha-gbfs,selected:stage1:rover:off:534933607,,,True,,,,,,,3,4g,6,20G,04:00:00,,VAL,rover-off-534933607-stage1-train-primary,preselected dependency checkpoint,planned,
rover-off-534933607-stage1-mcts_eval-primary,prospective-ten,534933607,rover,Rover,off,RQ1/RQ2,mcts_eval,stage1,primary,experiments_numeric.architecture_2.rover_mcts,hmrp-ha-gbfs,selected:stage1:rover:off:534933607,,,True,0.5,0.1,,,20,70,3,4g,6,120G,3-00:00:00,21600,rolling+VAL,rover-off-534933607-stage1-train-primary,preselected dependency checkpoint,planned,
rover-off-534933607-stage2-train-primary,prospective-ten,534933607,rover,Rover,off,RQ1/RQ2,train,stage2,primary,experiments_numeric.architecture_2.rover_mcts,hmrp-ha-gbfs,selected:stage1:rover:off:534933607,0.0003,100,True,0.5,0.1,0,0,20,0,3,4g,6,48G,3-00:00:00,,,rover-off-534933607-stage1-train-primary,validation-best; never test-selected,planned,
rover-off-534933607-stage2-policy_eval-primary,prospective-ten,534933607,rover,Rover,off,RQ1/RQ2,policy_eval,stage2,primary,experiments_numeric.architecture_2.rover_mcts,hmrp-ha-gbfs,selected:stage2:rover:off:534933607,,,True,,,,,,,3,4g,6,20G,04:00:00,,VAL,rover-off-534933607-stage2-train-primary,preselected dependency checkpoint,planned,
rover-off-534933607-stage2-mcts_eval-primary,prospective-ten,534933607,rover,Rover,off,RQ1/RQ2,mcts_eval,stage2,primary,experiments_numeric.architecture_2.rover_mcts,hmrp-ha-gbfs,selected:stage2:rover:off:534933607,,,True,0.5,0.1,,,20,70,3,4g,6,120G,3-00:00:00,21600,rolling+VAL,rover-off-534933607-stage2-train-primary,preselected dependency checkpoint,planned,
rover-off-2082152039-stage1-train-primary,prospective-ten,2082152039,rover,Rover,off,RQ1/RQ2,train,stage1,primary,experiments_numeric.architecture_2.rover,hmrp-ha-gbfs,new_lineage,0.003,1000,True,,,,,,,3,4g,6,48G,1-00:00:00,,,,validation-best; never test-selected,planned,
rover-off-2082152039-stage1-policy_eval-primary,prospective-ten,2082152039,rover,Rover,off,RQ1/RQ2,policy_eval,stage1,primary,experiments_numeric.architecture_2.rover,hmrp-ha-gbfs,selected:stage1:rover:off:2082152039,,,True,,,,,,,3,4g,6,20G,04:00:00,,VAL,rover-off-2082152039-stage1-train-primary,preselected dependency checkpoint,planned,
rover-off-2082152039-stage1-mcts_eval-primary,prospective-ten,2082152039,rover,Rover,off,RQ1/RQ2,mcts_eval,stage1,primary,experiments_numeric.architecture_2.rover_mcts,hmrp-ha-gbfs,selected:stage1:rover:off:2082152039,,,True,0.5,0.1,,,20,70,3,4g,6,120G,3-00:00:00,21600,rolling+VAL,rover-off-2082152039-stage1-train-primary,preselected dependency checkpoint,planned,
rover-off-2082152039-stage2-train-primary,prospective-ten,2082152039,rover,Rover,off,RQ1/RQ2,train,stage2,primary,experiments_numeric.architecture_2.rover_mcts,hmrp-ha-gbfs,selected:stage1:rover:off:2082152039,0.0003,100,True,0.5,0.1,0,0,20,0,3,4g,6,48G,3-00:00:00,,,rover-off-2082152039-stage1-train-primary,validation-best; never test-selected,planned,
rover-off-2082152039-stage2-policy_eval-primary,prospective-ten,2082152039,rover,Rover,off,RQ1/RQ2,policy_eval,stage2,primary,experiments_numeric.architecture_2.rover_mcts,hmrp-ha-gbfs,selected:stage2:rover:off:2082152039,,,True,,,,,,,3,4g,6,20G,04:00:00,,VAL,rover-off-2082152039-stage2-train-primary,preselected dependency checkpoint,planned,
rover-off-2082152039-stage2-mcts_eval-primary,prospective-ten,2082152039,rover,Rover,off,RQ1/RQ2,mcts_eval,stage2,primary,experiments_numeric.architecture_2.rover_mcts,hmrp-ha-gbfs,selected:stage2:rover:off:2082152039,,,True,0.5,0.1,,,20,70,3,4g,6,120G,3-00:00:00,21600,rolling+VAL,rover-off-2082152039-stage2-train-primary,preselected dependency checkpoint,planned,
rover-off-1510771779-stage1-train-primary,prospective-ten,1510771779,rover,Rover,off,RQ1/RQ2,train,stage1,primary,experiments_numeric.architecture_2.rover,hmrp-ha-gbfs,new_lineage,0.003,1000,True,,,,,,,3,4g,6,48G,1-00:00:00,,,,validation-best; never test-selected,planned,
rover-off-1510771779-stage1-policy_eval-primary,prospective-ten,1510771779,rover,Rover,off,RQ1/RQ2,policy_eval,stage1,primary,experiments_numeric.architecture_2.rover,hmrp-ha-gbfs,selected:stage1:rover:off:1510771779,,,True,,,,,,,3,4g,6,20G,04:00:00,,VAL,rover-off-1510771779-stage1-train-primary,preselected dependency checkpoint,planned,
rover-off-1510771779-stage1-mcts_eval-primary,prospective-ten,1510771779,rover,Rover,off,RQ1/RQ2,mcts_eval,stage1,primary,experiments_numeric.architecture_2.rover_mcts,hmrp-ha-gbfs,selected:stage1:rover:off:1510771779,,,True,0.5,0.1,,,20,70,3,4g,6,120G,3-00:00:00,21600,rolling+VAL,rover-off-1510771779-stage1-train-primary,preselected dependency checkpoint,planned,
rover-off-1510771779-stage2-train-primary,prospective-ten,1510771779,rover,Rover,off,RQ1/RQ2,train,stage2,primary,experiments_numeric.architecture_2.rover_mcts,hmrp-ha-gbfs,selected:stage1:rover:off:1510771779,0.0003,100,True,0.5,0.1,0,0,20,0,3,4g,6,48G,3-00:00:00,,,rover-off-1510771779-stage1-train-primary,validation-best; never test-selected,planned,
rover-off-1510771779-stage2-policy_eval-primary,prospective-ten,1510771779,rover,Rover,off,RQ1/RQ2,policy_eval,stage2,primary,experiments_numeric.architecture_2.rover_mcts,hmrp-ha-gbfs,selected:stage2:rover:off:1510771779,,,True,,,,,,,3,4g,6,20G,04:00:00,,VAL,rover-off-1510771779-stage2-train-primary,preselected dependency checkpoint,planned,
rover-off-1510771779-stage2-mcts_eval-primary,prospective-ten,1510771779,rover,Rover,off,RQ1/RQ2,mcts_eval,stage2,primary,experiments_numeric.architecture_2.rover_mcts,hmrp-ha-gbfs,selected:stage2:rover:off:1510771779,,,True,0.5,0.1,,,20,70,3,4g,6,120G,3-00:00:00,21600,rolling+VAL,rover-off-1510771779-stage2-train-primary,preselected dependency checkpoint,planned,
rover-off-923500475-stage1-train-primary,prospective-ten,923500475,rover,Rover,off,RQ1/RQ2,train,stage1,primary,experiments_numeric.architecture_2.rover,hmrp-ha-gbfs,new_lineage,0.003,1000,True,,,,,,,3,4g,6,48G,1-00:00:00,,,,validation-best; never test-selected,planned,
rover-off-923500475-stage1-policy_eval-primary,prospective-ten,923500475,rover,Rover,off,RQ1/RQ2,policy_eval,stage1,primary,experiments_numeric.architecture_2.rover,hmrp-ha-gbfs,selected:stage1:rover:off:923500475,,,True,,,,,,,3,4g,6,20G,04:00:00,,VAL,rover-off-923500475-stage1-train-primary,preselected dependency checkpoint,planned,
rover-off-923500475-stage1-mcts_eval-primary,prospective-ten,923500475,rover,Rover,off,RQ1/RQ2,mcts_eval,stage1,primary,experiments_numeric.architecture_2.rover_mcts,hmrp-ha-gbfs,selected:stage1:rover:off:923500475,,,True,0.5,0.1,,,20,70,3,4g,6,120G,3-00:00:00,21600,rolling+VAL,rover-off-923500475-stage1-train-primary,preselected dependency checkpoint,planned,
rover-off-923500475-stage2-train-primary,prospective-ten,923500475,rover,Rover,off,RQ1/RQ2,train,stage2,primary,experiments_numeric.architecture_2.rover_mcts,hmrp-ha-gbfs,selected:stage1:rover:off:923500475,0.0003,100,True,0.5,0.1,0,0,20,0,3,4g,6,48G,3-00:00:00,,,rover-off-923500475-stage1-train-primary,validation-best; never test-selected,planned,
rover-off-923500475-stage2-policy_eval-primary,prospective-ten,923500475,rover,Rover,off,RQ1/RQ2,policy_eval,stage2,primary,experiments_numeric.architecture_2.rover_mcts,hmrp-ha-gbfs,selected:stage2:rover:off:923500475,,,True,,,,,,,3,4g,6,20G,04:00:00,,VAL,rover-off-923500475-stage2-train-primary,preselected dependency checkpoint,planned,
rover-off-923500475-stage2-mcts_eval-primary,prospective-ten,923500475,rover,Rover,off,RQ1/RQ2,mcts_eval,stage2,primary,experiments_numeric.architecture_2.rover_mcts,hmrp-ha-gbfs,selected:stage2:rover:off:923500475,,,True,0.5,0.1,,,20,70,3,4g,6,120G,3-00:00:00,21600,rolling+VAL,rover-off-923500475-stage2-train-primary,preselected dependency checkpoint,planned,
rover-off-1972442430-stage1-train-primary,prospective-ten,1972442430,rover,Rover,off,RQ1/RQ2,train,stage1,primary,experiments_numeric.architecture_2.rover,hmrp-ha-gbfs,new_lineage,0.003,1000,True,,,,,,,3,4g,6,48G,1-00:00:00,,,,validation-best; never test-selected,planned,
rover-off-1972442430-stage1-policy_eval-primary,prospective-ten,1972442430,rover,Rover,off,RQ1/RQ2,policy_eval,stage1,primary,experiments_numeric.architecture_2.rover,hmrp-ha-gbfs,selected:stage1:rover:off:1972442430,,,True,,,,,,,3,4g,6,20G,04:00:00,,VAL,rover-off-1972442430-stage1-train-primary,preselected dependency checkpoint,planned,
rover-off-1972442430-stage1-mcts_eval-primary,prospective-ten,1972442430,rover,Rover,off,RQ1/RQ2,mcts_eval,stage1,primary,experiments_numeric.architecture_2.rover_mcts,hmrp-ha-gbfs,selected:stage1:rover:off:1972442430,,,True,0.5,0.1,,,20,70,3,4g,6,120G,3-00:00:00,21600,rolling+VAL,rover-off-1972442430-stage1-train-primary,preselected dependency checkpoint,planned,
rover-off-1972442430-stage2-train-primary,prospective-ten,1972442430,rover,Rover,off,RQ1/RQ2,train,stage2,primary,experiments_numeric.architecture_2.rover_mcts,hmrp-ha-gbfs,selected:stage1:rover:off:1972442430,0.0003,100,True,0.5,0.1,0,0,20,0,3,4g,6,48G,3-00:00:00,,,rover-off-1972442430-stage1-train-primary,validation-best; never test-selected,planned,
rover-off-1972442430-stage2-policy_eval-primary,prospective-ten,1972442430,rover,Rover,off,RQ1/RQ2,policy_eval,stage2,primary,experiments_numeric.architecture_2.rover_mcts,hmrp-ha-gbfs,selected:stage2:rover:off:1972442430,,,True,,,,,,,3,4g,6,20G,04:00:00,,VAL,rover-off-1972442430-stage2-train-primary,preselected dependency checkpoint,planned,
rover-off-1972442430-stage2-mcts_eval-primary,prospective-ten,1972442430,rover,Rover,off,RQ1/RQ2,mcts_eval,stage2,primary,experiments_numeric.architecture_2.rover_mcts,hmrp-ha-gbfs,selected:stage2:rover:off:1972442430,,,True,0.5,0.1,,,20,70,3,4g,6,120G,3-00:00:00,21600,rolling+VAL,rover-off-1972442430-stage2-train-primary,preselected dependency checkpoint,planned,
rover-on-1963100312-stage1-train-primary,prospective-ten,1963100312,rover,Rover,on,RQ3/RQ4,train,stage1,primary,experiments_numeric.architecture_2.rover,hmrp-ha-gbfs,new_lineage,0.003,1000,True,,,,,,,3,4g,6,48G,1-00:00:00,,,,validation-best; never test-selected,planned,
rover-on-1963100312-stage1-policy_eval-primary,prospective-ten,1963100312,rover,Rover,on,RQ3/RQ4,policy_eval,stage1,primary,experiments_numeric.architecture_2.rover,hmrp-ha-gbfs,selected:stage1:rover:on:1963100312,,,True,,,,,,,3,4g,6,20G,04:00:00,,VAL,rover-on-1963100312-stage1-train-primary,preselected dependency checkpoint,planned,
rover-on-1963100312-stage1-mcts_eval-primary,prospective-ten,1963100312,rover,Rover,on,RQ3/RQ4,mcts_eval,stage1,primary,experiments_numeric.architecture_2.rover_mcts,hmrp-ha-gbfs,selected:stage1:rover:on:1963100312,,,True,0.5,0.1,,,20,70,3,4g,6,120G,3-00:00:00,21600,rolling+VAL,rover-on-1963100312-stage1-train-primary,preselected dependency checkpoint,planned,
rover-on-1963100312-stage2-train-primary,prospective-ten,1963100312,rover,Rover,on,RQ3/RQ4,train,stage2,primary,experiments_numeric.architecture_2.rover_mcts,hmrp-ha-gbfs,selected:stage1:rover:on:1963100312,0.0003,100,True,0.5,0.1,0,30,20,0,3,4g,6,48G,3-00:00:00,,,rover-on-1963100312-stage1-train-primary,validation-best; never test-selected,planned,
rover-on-1963100312-stage2-policy_eval-primary,prospective-ten,1963100312,rover,Rover,on,RQ3/RQ4,policy_eval,stage2,primary,experiments_numeric.architecture_2.rover_mcts,hmrp-ha-gbfs,selected:stage2:rover:on:1963100312,,,True,,,,,,,3,4g,6,20G,04:00:00,,VAL,rover-on-1963100312-stage2-train-primary,preselected dependency checkpoint,planned,
rover-on-1963100312-stage2-mcts_eval-primary,prospective-ten,1963100312,rover,Rover,on,RQ3/RQ4,mcts_eval,stage2,primary,experiments_numeric.architecture_2.rover_mcts,hmrp-ha-gbfs,selected:stage2:rover:on:1963100312,,,True,0.5,0.1,,,20,200,3,4g,6,120G,3-00:00:00,21600,rolling+VAL,rover-on-1963100312-stage2-train-primary,preselected dependency checkpoint,planned,
rover-on-1963100312-stage2-mcts_eval-normal70,prospective-ten,1963100312,rover,Rover,on,RQ3/RQ4,mcts_eval,stage2,normal70,experiments_numeric.architecture_2.rover_mcts,hmrp-ha-gbfs,selected:stage2:rover:on:1963100312,,,True,0.5,0.1,,,20,70,3,4g,6,120G,3-00:00:00,21600,rolling+VAL,rover-on-1963100312-stage2-train-primary,preselected dependency checkpoint,planned,
rover-on-2011206605-stage1-train-primary,prospective-ten,2011206605,rover,Rover,on,RQ3/RQ4,train,stage1,primary,experiments_numeric.architecture_2.rover,hmrp-ha-gbfs,new_lineage,0.003,1000,True,,,,,,,3,4g,6,48G,1-00:00:00,,,,validation-best; never test-selected,planned,
rover-on-2011206605-stage1-policy_eval-primary,prospective-ten,2011206605,rover,Rover,on,RQ3/RQ4,policy_eval,stage1,primary,experiments_numeric.architecture_2.rover,hmrp-ha-gbfs,selected:stage1:rover:on:2011206605,,,True,,,,,,,3,4g,6,20G,04:00:00,,VAL,rover-on-2011206605-stage1-train-primary,preselected dependency checkpoint,planned,
rover-on-2011206605-stage1-mcts_eval-primary,prospective-ten,2011206605,rover,Rover,on,RQ3/RQ4,mcts_eval,stage1,primary,experiments_numeric.architecture_2.rover_mcts,hmrp-ha-gbfs,selected:stage1:rover:on:2011206605,,,True,0.5,0.1,,,20,70,3,4g,6,120G,3-00:00:00,21600,rolling+VAL,rover-on-2011206605-stage1-train-primary,preselected dependency checkpoint,planned,
rover-on-2011206605-stage2-train-primary,prospective-ten,2011206605,rover,Rover,on,RQ3/RQ4,train,stage2,primary,experiments_numeric.architecture_2.rover_mcts,hmrp-ha-gbfs,selected:stage1:rover:on:2011206605,0.0003,100,True,0.5,0.1,0,30,20,0,3,4g,6,48G,3-00:00:00,,,rover-on-2011206605-stage1-train-primary,validation-best; never test-selected,planned,
rover-on-2011206605-stage2-policy_eval-primary,prospective-ten,2011206605,rover,Rover,on,RQ3/RQ4,policy_eval,stage2,primary,experiments_numeric.architecture_2.rover_mcts,hmrp-ha-gbfs,selected:stage2:rover:on:2011206605,,,True,,,,,,,3,4g,6,20G,04:00:00,,VAL,rover-on-2011206605-stage2-train-primary,preselected dependency checkpoint,planned,
rover-on-2011206605-stage2-mcts_eval-primary,prospective-ten,2011206605,rover,Rover,on,RQ3/RQ4,mcts_eval,stage2,primary,experiments_numeric.architecture_2.rover_mcts,hmrp-ha-gbfs,selected:stage2:rover:on:2011206605,,,True,0.5,0.1,,,20,200,3,4g,6,120G,3-00:00:00,21600,rolling+VAL,rover-on-2011206605-stage2-train-primary,preselected dependency checkpoint,planned,
rover-on-2011206605-stage2-mcts_eval-normal70,prospective-ten,2011206605,rover,Rover,on,RQ3/RQ4,mcts_eval,stage2,normal70,experiments_numeric.architecture_2.rover_mcts,hmrp-ha-gbfs,selected:stage2:rover:on:2011206605,,,True,0.5,0.1,,,20,70,3,4g,6,120G,3-00:00:00,21600,rolling+VAL,rover-on-2011206605-stage2-train-primary,preselected dependency checkpoint,planned,
rover-on-1073581256-stage1-train-primary,prospective-ten,1073581256,rover,Rover,on,RQ3/RQ4,train,stage1,primary,experiments_numeric.architecture_2.rover,hmrp-ha-gbfs,new_lineage,0.003,1000,True,,,,,,,3,4g,6,48G,1-00:00:00,,,,validation-best; never test-selected,planned,
rover-on-1073581256-stage1-policy_eval-primary,prospective-ten,1073581256,rover,Rover,on,RQ3/RQ4,policy_eval,stage1,primary,experiments_numeric.architecture_2.rover,hmrp-ha-gbfs,selected:stage1:rover:on:1073581256,,,True,,,,,,,3,4g,6,20G,04:00:00,,VAL,rover-on-1073581256-stage1-train-primary,preselected dependency checkpoint,planned,
rover-on-1073581256-stage1-mcts_eval-primary,prospective-ten,1073581256,rover,Rover,on,RQ3/RQ4,mcts_eval,stage1,primary,experiments_numeric.architecture_2.rover_mcts,hmrp-ha-gbfs,selected:stage1:rover:on:1073581256,,,True,0.5,0.1,,,20,70,3,4g,6,120G,3-00:00:00,21600,rolling+VAL,rover-on-1073581256-stage1-train-primary,preselected dependency checkpoint,planned,
rover-on-1073581256-stage2-train-primary,prospective-ten,1073581256,rover,Rover,on,RQ3/RQ4,train,stage2,primary,experiments_numeric.architecture_2.rover_mcts,hmrp-ha-gbfs,selected:stage1:rover:on:1073581256,0.0003,100,True,0.5,0.1,0,30,20,0,3,4g,6,48G,3-00:00:00,,,rover-on-1073581256-stage1-train-primary,validation-best; never test-selected,planned,
rover-on-1073581256-stage2-policy_eval-primary,prospective-ten,1073581256,rover,Rover,on,RQ3/RQ4,policy_eval,stage2,primary,experiments_numeric.architecture_2.rover_mcts,hmrp-ha-gbfs,selected:stage2:rover:on:1073581256,,,True,,,,,,,3,4g,6,20G,04:00:00,,VAL,rover-on-1073581256-stage2-train-primary,preselected dependency checkpoint,planned,
rover-on-1073581256-stage2-mcts_eval-primary,prospective-ten,1073581256,rover,Rover,on,RQ3/RQ4,mcts_eval,stage2,primary,experiments_numeric.architecture_2.rover_mcts,hmrp-ha-gbfs,selected:stage2:rover:on:1073581256,,,True,0.5,0.1,,,20,200,3,4g,6,120G,3-00:00:00,21600,rolling+VAL,rover-on-1073581256-stage2-train-primary,preselected dependency checkpoint,planned,
rover-on-1073581256-stage2-mcts_eval-normal70,prospective-ten,1073581256,rover,Rover,on,RQ3/RQ4,mcts_eval,stage2,normal70,experiments_numeric.architecture_2.rover_mcts,hmrp-ha-gbfs,selected:stage2:rover:on:1073581256,,,True,0.5,0.1,,,20,70,3,4g,6,120G,3-00:00:00,21600,rolling+VAL,rover-on-1073581256-stage2-train-primary,preselected dependency checkpoint,planned,
rover-on-1239739722-stage1-train-primary,prospective-ten,1239739722,rover,Rover,on,RQ3/RQ4,train,stage1,primary,experiments_numeric.architecture_2.rover,hmrp-ha-gbfs,new_lineage,0.003,1000,True,,,,,,,3,4g,6,48G,1-00:00:00,,,,validation-best; never test-selected,planned,
rover-on-1239739722-stage1-policy_eval-primary,prospective-ten,1239739722,rover,Rover,on,RQ3/RQ4,policy_eval,stage1,primary,experiments_numeric.architecture_2.rover,hmrp-ha-gbfs,selected:stage1:rover:on:1239739722,,,True,,,,,,,3,4g,6,20G,04:00:00,,VAL,rover-on-1239739722-stage1-train-primary,preselected dependency checkpoint,planned,
rover-on-1239739722-stage1-mcts_eval-primary,prospective-ten,1239739722,rover,Rover,on,RQ3/RQ4,mcts_eval,stage1,primary,experiments_numeric.architecture_2.rover_mcts,hmrp-ha-gbfs,selected:stage1:rover:on:1239739722,,,True,0.5,0.1,,,20,70,3,4g,6,120G,3-00:00:00,21600,rolling+VAL,rover-on-1239739722-stage1-train-primary,preselected dependency checkpoint,planned,
rover-on-1239739722-stage2-train-primary,prospective-ten,1239739722,rover,Rover,on,RQ3/RQ4,train,stage2,primary,experiments_numeric.architecture_2.rover_mcts,hmrp-ha-gbfs,selected:stage1:rover:on:1239739722,0.0003,100,True,0.5,0.1,0,30,20,0,3,4g,6,48G,3-00:00:00,,,rover-on-1239739722-stage1-train-primary,validation-best; never test-selected,planned,
rover-on-1239739722-stage2-policy_eval-primary,prospective-ten,1239739722,rover,Rover,on,RQ3/RQ4,policy_eval,stage2,primary,experiments_numeric.architecture_2.rover_mcts,hmrp-ha-gbfs,selected:stage2:rover:on:1239739722,,,True,,,,,,,3,4g,6,20G,04:00:00,,VAL,rover-on-1239739722-stage2-train-primary,preselected dependency checkpoint,planned,
rover-on-1239739722-stage2-mcts_eval-primary,prospective-ten,1239739722,rover,Rover,on,RQ3/RQ4,mcts_eval,stage2,primary,experiments_numeric.architecture_2.rover_mcts,hmrp-ha-gbfs,selected:stage2:rover:on:1239739722,,,True,0.5,0.1,,,20,200,3,4g,6,120G,3-00:00:00,21600,rolling+VAL,rover-on-1239739722-stage2-train-primary,preselected dependency checkpoint,planned,
rover-on-1239739722-stage2-mcts_eval-normal70,prospective-ten,1239739722,rover,Rover,on,RQ3/RQ4,mcts_eval,stage2,normal70,experiments_numeric.architecture_2.rover_mcts,hmrp-ha-gbfs,selected:stage2:rover:on:1239739722,,,True,0.5,0.1,,,20,70,3,4g,6,120G,3-00:00:00,21600,rolling+VAL,rover-on-1239739722-stage2-train-primary,preselected dependency checkpoint,planned,
rover-on-1472491096-stage1-train-primary,prospective-ten,1472491096,rover,Rover,on,RQ3/RQ4,train,stage1,primary,experiments_numeric.architecture_2.rover,hmrp-ha-gbfs,new_lineage,0.003,1000,True,,,,,,,3,4g,6,48G,1-00:00:00,,,,validation-best; never test-selected,planned,
rover-on-1472491096-stage1-policy_eval-primary,prospective-ten,1472491096,rover,Rover,on,RQ3/RQ4,policy_eval,stage1,primary,experiments_numeric.architecture_2.rover,hmrp-ha-gbfs,selected:stage1:rover:on:1472491096,,,True,,,,,,,3,4g,6,20G,04:00:00,,VAL,rover-on-1472491096-stage1-train-primary,preselected dependency checkpoint,planned,
rover-on-1472491096-stage1-mcts_eval-primary,prospective-ten,1472491096,rover,Rover,on,RQ3/RQ4,mcts_eval,stage1,primary,experiments_numeric.architecture_2.rover_mcts,hmrp-ha-gbfs,selected:stage1:rover:on:1472491096,,,True,0.5,0.1,,,20,70,3,4g,6,120G,3-00:00:00,21600,rolling+VAL,rover-on-1472491096-stage1-train-primary,preselected dependency checkpoint,planned,
rover-on-1472491096-stage2-train-primary,prospective-ten,1472491096,rover,Rover,on,RQ3/RQ4,train,stage2,primary,experiments_numeric.architecture_2.rover_mcts,hmrp-ha-gbfs,selected:stage1:rover:on:1472491096,0.0003,100,True,0.5,0.1,0,30,20,0,3,4g,6,48G,3-00:00:00,,,rover-on-1472491096-stage1-train-primary,validation-best; never test-selected,planned,
rover-on-1472491096-stage2-policy_eval-primary,prospective-ten,1472491096,rover,Rover,on,RQ3/RQ4,policy_eval,stage2,primary,experiments_numeric.architecture_2.rover_mcts,hmrp-ha-gbfs,selected:stage2:rover:on:1472491096,,,True,,,,,,,3,4g,6,20G,04:00:00,,VAL,rover-on-1472491096-stage2-train-primary,preselected dependency checkpoint,planned,
rover-on-1472491096-stage2-mcts_eval-primary,prospective-ten,1472491096,rover,Rover,on,RQ3/RQ4,mcts_eval,stage2,primary,experiments_numeric.architecture_2.rover_mcts,hmrp-ha-gbfs,selected:stage2:rover:on:1472491096,,,True,0.5,0.1,,,20,200,3,4g,6,120G,3-00:00:00,21600,rolling+VAL,rover-on-1472491096-stage2-train-primary,preselected dependency checkpoint,planned,
rover-on-1472491096-stage2-mcts_eval-normal70,prospective-ten,1472491096,rover,Rover,on,RQ3/RQ4,mcts_eval,stage2,normal70,experiments_numeric.architecture_2.rover_mcts,hmrp-ha-gbfs,selected:stage2:rover:on:1472491096,,,True,0.5,0.1,,,20,70,3,4g,6,120G,3-00:00:00,21600,rolling+VAL,rover-on-1472491096-stage2-train-primary,preselected dependency checkpoint,planned,
rover-on-534933607-stage1-train-primary,prospective-ten,534933607,rover,Rover,on,RQ3/RQ4,train,stage1,primary,experiments_numeric.architecture_2.rover,hmrp-ha-gbfs,new_lineage,0.003,1000,True,,,,,,,3,4g,6,48G,1-00:00:00,,,,validation-best; never test-selected,planned,
rover-on-534933607-stage1-policy_eval-primary,prospective-ten,534933607,rover,Rover,on,RQ3/RQ4,policy_eval,stage1,primary,experiments_numeric.architecture_2.rover,hmrp-ha-gbfs,selected:stage1:rover:on:534933607,,,True,,,,,,,3,4g,6,20G,04:00:00,,VAL,rover-on-534933607-stage1-train-primary,preselected dependency checkpoint,planned,
rover-on-534933607-stage1-mcts_eval-primary,prospective-ten,534933607,rover,Rover,on,RQ3/RQ4,mcts_eval,stage1,primary,experiments_numeric.architecture_2.rover_mcts,hmrp-ha-gbfs,selected:stage1:rover:on:534933607,,,True,0.5,0.1,,,20,70,3,4g,6,120G,3-00:00:00,21600,rolling+VAL,rover-on-534933607-stage1-train-primary,preselected dependency checkpoint,planned,
rover-on-534933607-stage2-train-primary,prospective-ten,534933607,rover,Rover,on,RQ3/RQ4,train,stage2,primary,experiments_numeric.architecture_2.rover_mcts,hmrp-ha-gbfs,selected:stage1:rover:on:534933607,0.0003,100,True,0.5,0.1,0,30,20,0,3,4g,6,48G,3-00:00:00,,,rover-on-534933607-stage1-train-primary,validation-best; never test-selected,planned,
rover-on-534933607-stage2-policy_eval-primary,prospective-ten,534933607,rover,Rover,on,RQ3/RQ4,policy_eval,stage2,primary,experiments_numeric.architecture_2.rover_mcts,hmrp-ha-gbfs,selected:stage2:rover:on:534933607,,,True,,,,,,,3,4g,6,20G,04:00:00,,VAL,rover-on-534933607-stage2-train-primary,preselected dependency checkpoint,planned,
rover-on-534933607-stage2-mcts_eval-primary,prospective-ten,534933607,rover,Rover,on,RQ3/RQ4,mcts_eval,stage2,primary,experiments_numeric.architecture_2.rover_mcts,hmrp-ha-gbfs,selected:stage2:rover:on:534933607,,,True,0.5,0.1,,,20,200,3,4g,6,120G,3-00:00:00,21600,rolling+VAL,rover-on-534933607-stage2-train-primary,preselected dependency checkpoint,planned,
rover-on-534933607-stage2-mcts_eval-normal70,prospective-ten,534933607,rover,Rover,on,RQ3/RQ4,mcts_eval,stage2,normal70,experiments_numeric.architecture_2.rover_mcts,hmrp-ha-gbfs,selected:stage2:rover:on:534933607,,,True,0.5,0.1,,,20,70,3,4g,6,120G,3-00:00:00,21600,rolling+VAL,rover-on-534933607-stage2-train-primary,preselected dependency checkpoint,planned,
rover-on-2082152039-stage1-train-primary,prospective-ten,2082152039,rover,Rover,on,RQ3/RQ4,train,stage1,primary,experiments_numeric.architecture_2.rover,hmrp-ha-gbfs,new_lineage,0.003,1000,True,,,,,,,3,4g,6,48G,1-00:00:00,,,,validation-best; never test-selected,planned,
rover-on-2082152039-stage1-policy_eval-primary,prospective-ten,2082152039,rover,Rover,on,RQ3/RQ4,policy_eval,stage1,primary,experiments_numeric.architecture_2.rover,hmrp-ha-gbfs,selected:stage1:rover:on:2082152039,,,True,,,,,,,3,4g,6,20G,04:00:00,,VAL,rover-on-2082152039-stage1-train-primary,preselected dependency checkpoint,planned,
rover-on-2082152039-stage1-mcts_eval-primary,prospective-ten,2082152039,rover,Rover,on,RQ3/RQ4,mcts_eval,stage1,primary,experiments_numeric.architecture_2.rover_mcts,hmrp-ha-gbfs,selected:stage1:rover:on:2082152039,,,True,0.5,0.1,,,20,70,3,4g,6,120G,3-00:00:00,21600,rolling+VAL,rover-on-2082152039-stage1-train-primary,preselected dependency checkpoint,planned,
rover-on-2082152039-stage2-train-primary,prospective-ten,2082152039,rover,Rover,on,RQ3/RQ4,train,stage2,primary,experiments_numeric.architecture_2.rover_mcts,hmrp-ha-gbfs,selected:stage1:rover:on:2082152039,0.0003,100,True,0.5,0.1,0,30,20,0,3,4g,6,48G,3-00:00:00,,,rover-on-2082152039-stage1-train-primary,validation-best; never test-selected,planned,
rover-on-2082152039-stage2-policy_eval-primary,prospective-ten,2082152039,rover,Rover,on,RQ3/RQ4,policy_eval,stage2,primary,experiments_numeric.architecture_2.rover_mcts,hmrp-ha-gbfs,selected:stage2:rover:on:2082152039,,,True,,,,,,,3,4g,6,20G,04:00:00,,VAL,rover-on-2082152039-stage2-train-primary,preselected dependency checkpoint,planned,
rover-on-2082152039-stage2-mcts_eval-primary,prospective-ten,2082152039,rover,Rover,on,RQ3/RQ4,mcts_eval,stage2,primary,experiments_numeric.architecture_2.rover_mcts,hmrp-ha-gbfs,selected:stage2:rover:on:2082152039,,,True,0.5,0.1,,,20,200,3,4g,6,120G,3-00:00:00,21600,rolling+VAL,rover-on-2082152039-stage2-train-primary,preselected dependency checkpoint,planned,
rover-on-2082152039-stage2-mcts_eval-normal70,prospective-ten,2082152039,rover,Rover,on,RQ3/RQ4,mcts_eval,stage2,normal70,experiments_numeric.architecture_2.rover_mcts,hmrp-ha-gbfs,selected:stage2:rover:on:2082152039,,,True,0.5,0.1,,,20,70,3,4g,6,120G,3-00:00:00,21600,rolling+VAL,rover-on-2082152039-stage2-train-primary,preselected dependency checkpoint,planned,
rover-on-1510771779-stage1-train-primary,prospective-ten,1510771779,rover,Rover,on,RQ3/RQ4,train,stage1,primary,experiments_numeric.architecture_2.rover,hmrp-ha-gbfs,new_lineage,0.003,1000,True,,,,,,,3,4g,6,48G,1-00:00:00,,,,validation-best; never test-selected,planned,
rover-on-1510771779-stage1-policy_eval-primary,prospective-ten,1510771779,rover,Rover,on,RQ3/RQ4,policy_eval,stage1,primary,experiments_numeric.architecture_2.rover,hmrp-ha-gbfs,selected:stage1:rover:on:1510771779,,,True,,,,,,,3,4g,6,20G,04:00:00,,VAL,rover-on-1510771779-stage1-train-primary,preselected dependency checkpoint,planned,
rover-on-1510771779-stage1-mcts_eval-primary,prospective-ten,1510771779,rover,Rover,on,RQ3/RQ4,mcts_eval,stage1,primary,experiments_numeric.architecture_2.rover_mcts,hmrp-ha-gbfs,selected:stage1:rover:on:1510771779,,,True,0.5,0.1,,,20,70,3,4g,6,120G,3-00:00:00,21600,rolling+VAL,rover-on-1510771779-stage1-train-primary,preselected dependency checkpoint,planned,
rover-on-1510771779-stage2-train-primary,prospective-ten,1510771779,rover,Rover,on,RQ3/RQ4,train,stage2,primary,experiments_numeric.architecture_2.rover_mcts,hmrp-ha-gbfs,selected:stage1:rover:on:1510771779,0.0003,100,True,0.5,0.1,0,30,20,0,3,4g,6,48G,3-00:00:00,,,rover-on-1510771779-stage1-train-primary,validation-best; never test-selected,planned,
rover-on-1510771779-stage2-policy_eval-primary,prospective-ten,1510771779,rover,Rover,on,RQ3/RQ4,policy_eval,stage2,primary,experiments_numeric.architecture_2.rover_mcts,hmrp-ha-gbfs,selected:stage2:rover:on:1510771779,,,True,,,,,,,3,4g,6,20G,04:00:00,,VAL,rover-on-1510771779-stage2-train-primary,preselected dependency checkpoint,planned,
rover-on-1510771779-stage2-mcts_eval-primary,prospective-ten,1510771779,rover,Rover,on,RQ3/RQ4,mcts_eval,stage2,primary,experiments_numeric.architecture_2.rover_mcts,hmrp-ha-gbfs,selected:stage2:rover:on:1510771779,,,True,0.5,0.1,,,20,200,3,4g,6,120G,3-00:00:00,21600,rolling+VAL,rover-on-1510771779-stage2-train-primary,preselected dependency checkpoint,planned,
rover-on-1510771779-stage2-mcts_eval-normal70,prospective-ten,1510771779,rover,Rover,on,RQ3/RQ4,mcts_eval,stage2,normal70,experiments_numeric.architecture_2.rover_mcts,hmrp-ha-gbfs,selected:stage2:rover:on:1510771779,,,True,0.5,0.1,,,20,70,3,4g,6,120G,3-00:00:00,21600,rolling+VAL,rover-on-1510771779-stage2-train-primary,preselected dependency checkpoint,planned,
rover-on-923500475-stage1-train-primary,prospective-ten,923500475,rover,Rover,on,RQ3/RQ4,train,stage1,primary,experiments_numeric.architecture_2.rover,hmrp-ha-gbfs,new_lineage,0.003,1000,True,,,,,,,3,4g,6,48G,1-00:00:00,,,,validation-best; never test-selected,planned,
rover-on-923500475-stage1-policy_eval-primary,prospective-ten,923500475,rover,Rover,on,RQ3/RQ4,policy_eval,stage1,primary,experiments_numeric.architecture_2.rover,hmrp-ha-gbfs,selected:stage1:rover:on:923500475,,,True,,,,,,,3,4g,6,20G,04:00:00,,VAL,rover-on-923500475-stage1-train-primary,preselected dependency checkpoint,planned,
rover-on-923500475-stage1-mcts_eval-primary,prospective-ten,923500475,rover,Rover,on,RQ3/RQ4,mcts_eval,stage1,primary,experiments_numeric.architecture_2.rover_mcts,hmrp-ha-gbfs,selected:stage1:rover:on:923500475,,,True,0.5,0.1,,,20,70,3,4g,6,120G,3-00:00:00,21600,rolling+VAL,rover-on-923500475-stage1-train-primary,preselected dependency checkpoint,planned,
rover-on-923500475-stage2-train-primary,prospective-ten,923500475,rover,Rover,on,RQ3/RQ4,train,stage2,primary,experiments_numeric.architecture_2.rover_mcts,hmrp-ha-gbfs,selected:stage1:rover:on:923500475,0.0003,100,True,0.5,0.1,0,30,20,0,3,4g,6,48G,3-00:00:00,,,rover-on-923500475-stage1-train-primary,validation-best; never test-selected,planned,
rover-on-923500475-stage2-policy_eval-primary,prospective-ten,923500475,rover,Rover,on,RQ3/RQ4,policy_eval,stage2,primary,experiments_numeric.architecture_2.rover_mcts,hmrp-ha-gbfs,selected:stage2:rover:on:923500475,,,True,,,,,,,3,4g,6,20G,04:00:00,,VAL,rover-on-923500475-stage2-train-primary,preselected dependency checkpoint,planned,
rover-on-923500475-stage2-mcts_eval-primary,prospective-ten,923500475,rover,Rover,on,RQ3/RQ4,mcts_eval,stage2,primary,experiments_numeric.architecture_2.rover_mcts,hmrp-ha-gbfs,selected:stage2:rover:on:923500475,,,True,0.5,0.1,,,20,200,3,4g,6,120G,3-00:00:00,21600,rolling+VAL,rover-on-923500475-stage2-train-primary,preselected dependency checkpoint,planned,
rover-on-923500475-stage2-mcts_eval-normal70,prospective-ten,923500475,rover,Rover,on,RQ3/RQ4,mcts_eval,stage2,normal70,experiments_numeric.architecture_2.rover_mcts,hmrp-ha-gbfs,selected:stage2:rover:on:923500475,,,True,0.5,0.1,,,20,70,3,4g,6,120G,3-00:00:00,21600,rolling+VAL,rover-on-923500475-stage2-train-primary,preselected dependency checkpoint,planned,
rover-on-1972442430-stage1-train-primary,prospective-ten,1972442430,rover,Rover,on,RQ3/RQ4,train,stage1,primary,experiments_numeric.architecture_2.rover,hmrp-ha-gbfs,new_lineage,0.003,1000,True,,,,,,,3,4g,6,48G,1-00:00:00,,,,validation-best; never test-selected,planned,
rover-on-1972442430-stage1-policy_eval-primary,prospective-ten,1972442430,rover,Rover,on,RQ3/RQ4,policy_eval,stage1,primary,experiments_numeric.architecture_2.rover,hmrp-ha-gbfs,selected:stage1:rover:on:1972442430,,,True,,,,,,,3,4g,6,20G,04:00:00,,VAL,rover-on-1972442430-stage1-train-primary,preselected dependency checkpoint,planned,
rover-on-1972442430-stage1-mcts_eval-primary,prospective-ten,1972442430,rover,Rover,on,RQ3/RQ4,mcts_eval,stage1,primary,experiments_numeric.architecture_2.rover_mcts,hmrp-ha-gbfs,selected:stage1:rover:on:1972442430,,,True,0.5,0.1,,,20,70,3,4g,6,120G,3-00:00:00,21600,rolling+VAL,rover-on-1972442430-stage1-train-primary,preselected dependency checkpoint,planned,
rover-on-1972442430-stage2-train-primary,prospective-ten,1972442430,rover,Rover,on,RQ3/RQ4,train,stage2,primary,experiments_numeric.architecture_2.rover_mcts,hmrp-ha-gbfs,selected:stage1:rover:on:1972442430,0.0003,100,True,0.5,0.1,0,30,20,0,3,4g,6,48G,3-00:00:00,,,rover-on-1972442430-stage1-train-primary,validation-best; never test-selected,planned,
rover-on-1972442430-stage2-policy_eval-primary,prospective-ten,1972442430,rover,Rover,on,RQ3/RQ4,policy_eval,stage2,primary,experiments_numeric.architecture_2.rover_mcts,hmrp-ha-gbfs,selected:stage2:rover:on:1972442430,,,True,,,,,,,3,4g,6,20G,04:00:00,,VAL,rover-on-1972442430-stage2-train-primary,preselected dependency checkpoint,planned,
rover-on-1972442430-stage2-mcts_eval-primary,prospective-ten,1972442430,rover,Rover,on,RQ3/RQ4,mcts_eval,stage2,primary,experiments_numeric.architecture_2.rover_mcts,hmrp-ha-gbfs,selected:stage2:rover:on:1972442430,,,True,0.5,0.1,,,20,200,3,4g,6,120G,3-00:00:00,21600,rolling+VAL,rover-on-1972442430-stage2-train-primary,preselected dependency checkpoint,planned,
rover-on-1972442430-stage2-mcts_eval-normal70,prospective-ten,1972442430,rover,Rover,on,RQ3/RQ4,mcts_eval,stage2,normal70,experiments_numeric.architecture_2.rover_mcts,hmrp-ha-gbfs,selected:stage2:rover:on:1972442430,,,True,0.5,0.1,,,20,70,3,4g,6,120G,3-00:00:00,21600,rolling+VAL,rover-on-1972442430-stage2-train-primary,preselected dependency checkpoint,planned,
counters-off-1963100312-stage1-train-primary,prospective-ten,1963100312,counters,Counters,off,RQ1/RQ2,train,stage1,primary,experiments_numeric.architecture_2.counters,hmrmax-astar,new_lineage,0.003,1000,True,,,,,,,3,4g,6,48G,1-00:00:00,,,,validation-best; never test-selected,planned,
counters-off-1963100312-stage1-policy_eval-primary,prospective-ten,1963100312,counters,Counters,off,RQ1/RQ2,policy_eval,stage1,primary,experiments_numeric.architecture_2.counters,hmrmax-astar,selected:stage1:counters:off:1963100312,,,True,,,,,,,3,4g,6,20G,04:00:00,,VAL,counters-off-1963100312-stage1-train-primary,preselected dependency checkpoint,planned,
counters-off-1963100312-stage1-mcts_eval-primary,prospective-ten,1963100312,counters,Counters,off,RQ1/RQ2,mcts_eval,stage1,primary,experiments_numeric.architecture_2.counters_mcts,hmrmax-astar,selected:stage1:counters:off:1963100312,,,True,0.5,0.1,,,20,70,3,4g,6,120G,3-00:00:00,21600,rolling+VAL,counters-off-1963100312-stage1-train-primary,preselected dependency checkpoint,planned,
counters-off-1963100312-stage2-train-primary,prospective-ten,1963100312,counters,Counters,off,RQ1/RQ2,train,stage2,primary,experiments_numeric.architecture_2.counters_mcts,hmrmax-astar,selected:stage1:counters:off:1963100312,0.0003,100,True,0.5,0.1,0,1,20,0,3,4g,6,48G,3-00:00:00,,,counters-off-1963100312-stage1-train-primary,validation-best; never test-selected,planned,
counters-off-1963100312-stage2-policy_eval-primary,prospective-ten,1963100312,counters,Counters,off,RQ1/RQ2,policy_eval,stage2,primary,experiments_numeric.architecture_2.counters_mcts,hmrmax-astar,selected:stage2:counters:off:1963100312,,,True,,,,,,,3,4g,6,20G,04:00:00,,VAL,counters-off-1963100312-stage2-train-primary,preselected dependency checkpoint,planned,
counters-off-1963100312-stage2-mcts_eval-primary,prospective-ten,1963100312,counters,Counters,off,RQ1/RQ2,mcts_eval,stage2,primary,experiments_numeric.architecture_2.counters_mcts,hmrmax-astar,selected:stage2:counters:off:1963100312,,,True,0.5,0.1,,,20,70,3,4g,6,120G,3-00:00:00,21600,rolling+VAL,counters-off-1963100312-stage2-train-primary,preselected dependency checkpoint,planned,
counters-off-1963100312-stage2-mcts_eval-narrow,prospective-ten,1963100312,counters,Counters,off,RQ1/RQ2,mcts_eval,stage2,narrow,experiments_numeric.architecture_2.counters_mcts,hmrmax-astar,selected:stage2:counters:off:1963100312,,,True,0.5,0.1,,,5,70,3,4g,6,120G,3-00:00:00,21600,rolling+VAL,counters-off-1963100312-stage2-train-primary,preselected dependency checkpoint,planned,
counters-off-2011206605-stage1-train-primary,prospective-ten,2011206605,counters,Counters,off,RQ1/RQ2,train,stage1,primary,experiments_numeric.architecture_2.counters,hmrmax-astar,new_lineage,0.003,1000,True,,,,,,,3,4g,6,48G,1-00:00:00,,,,validation-best; never test-selected,planned,
counters-off-2011206605-stage1-policy_eval-primary,prospective-ten,2011206605,counters,Counters,off,RQ1/RQ2,policy_eval,stage1,primary,experiments_numeric.architecture_2.counters,hmrmax-astar,selected:stage1:counters:off:2011206605,,,True,,,,,,,3,4g,6,20G,04:00:00,,VAL,counters-off-2011206605-stage1-train-primary,preselected dependency checkpoint,planned,
counters-off-2011206605-stage1-mcts_eval-primary,prospective-ten,2011206605,counters,Counters,off,RQ1/RQ2,mcts_eval,stage1,primary,experiments_numeric.architecture_2.counters_mcts,hmrmax-astar,selected:stage1:counters:off:2011206605,,,True,0.5,0.1,,,20,70,3,4g,6,120G,3-00:00:00,21600,rolling+VAL,counters-off-2011206605-stage1-train-primary,preselected dependency checkpoint,planned,
counters-off-2011206605-stage2-train-primary,prospective-ten,2011206605,counters,Counters,off,RQ1/RQ2,train,stage2,primary,experiments_numeric.architecture_2.counters_mcts,hmrmax-astar,selected:stage1:counters:off:2011206605,0.0003,100,True,0.5,0.1,0,1,20,0,3,4g,6,48G,3-00:00:00,,,counters-off-2011206605-stage1-train-primary,validation-best; never test-selected,planned,
counters-off-2011206605-stage2-policy_eval-primary,prospective-ten,2011206605,counters,Counters,off,RQ1/RQ2,policy_eval,stage2,primary,experiments_numeric.architecture_2.counters_mcts,hmrmax-astar,selected:stage2:counters:off:2011206605,,,True,,,,,,,3,4g,6,20G,04:00:00,,VAL,counters-off-2011206605-stage2-train-primary,preselected dependency checkpoint,planned,
counters-off-2011206605-stage2-mcts_eval-primary,prospective-ten,2011206605,counters,Counters,off,RQ1/RQ2,mcts_eval,stage2,primary,experiments_numeric.architecture_2.counters_mcts,hmrmax-astar,selected:stage2:counters:off:2011206605,,,True,0.5,0.1,,,20,70,3,4g,6,120G,3-00:00:00,21600,rolling+VAL,counters-off-2011206605-stage2-train-primary,preselected dependency checkpoint,planned,
counters-off-2011206605-stage2-mcts_eval-narrow,prospective-ten,2011206605,counters,Counters,off,RQ1/RQ2,mcts_eval,stage2,narrow,experiments_numeric.architecture_2.counters_mcts,hmrmax-astar,selected:stage2:counters:off:2011206605,,,True,0.5,0.1,,,5,70,3,4g,6,120G,3-00:00:00,21600,rolling+VAL,counters-off-2011206605-stage2-train-primary,preselected dependency checkpoint,planned,
counters-off-1073581256-stage1-train-primary,prospective-ten,1073581256,counters,Counters,off,RQ1/RQ2,train,stage1,primary,experiments_numeric.architecture_2.counters,hmrmax-astar,new_lineage,0.003,1000,True,,,,,,,3,4g,6,48G,1-00:00:00,,,,validation-best; never test-selected,planned,
counters-off-1073581256-stage1-policy_eval-primary,prospective-ten,1073581256,counters,Counters,off,RQ1/RQ2,policy_eval,stage1,primary,experiments_numeric.architecture_2.counters,hmrmax-astar,selected:stage1:counters:off:1073581256,,,True,,,,,,,3,4g,6,20G,04:00:00,,VAL,counters-off-1073581256-stage1-train-primary,preselected dependency checkpoint,planned,
counters-off-1073581256-stage1-mcts_eval-primary,prospective-ten,1073581256,counters,Counters,off,RQ1/RQ2,mcts_eval,stage1,primary,experiments_numeric.architecture_2.counters_mcts,hmrmax-astar,selected:stage1:counters:off:1073581256,,,True,0.5,0.1,,,20,70,3,4g,6,120G,3-00:00:00,21600,rolling+VAL,counters-off-1073581256-stage1-train-primary,preselected dependency checkpoint,planned,
counters-off-1073581256-stage2-train-primary,prospective-ten,1073581256,counters,Counters,off,RQ1/RQ2,train,stage2,primary,experiments_numeric.architecture_2.counters_mcts,hmrmax-astar,selected:stage1:counters:off:1073581256,0.0003,100,True,0.5,0.1,0,1,20,0,3,4g,6,48G,3-00:00:00,,,counters-off-1073581256-stage1-train-primary,validation-best; never test-selected,planned,
counters-off-1073581256-stage2-policy_eval-primary,prospective-ten,1073581256,counters,Counters,off,RQ1/RQ2,policy_eval,stage2,primary,experiments_numeric.architecture_2.counters_mcts,hmrmax-astar,selected:stage2:counters:off:1073581256,,,True,,,,,,,3,4g,6,20G,04:00:00,,VAL,counters-off-1073581256-stage2-train-primary,preselected dependency checkpoint,planned,
counters-off-1073581256-stage2-mcts_eval-primary,prospective-ten,1073581256,counters,Counters,off,RQ1/RQ2,mcts_eval,stage2,primary,experiments_numeric.architecture_2.counters_mcts,hmrmax-astar,selected:stage2:counters:off:1073581256,,,True,0.5,0.1,,,20,70,3,4g,6,120G,3-00:00:00,21600,rolling+VAL,counters-off-1073581256-stage2-train-primary,preselected dependency checkpoint,planned,
counters-off-1073581256-stage2-mcts_eval-narrow,prospective-ten,1073581256,counters,Counters,off,RQ1/RQ2,mcts_eval,stage2,narrow,experiments_numeric.architecture_2.counters_mcts,hmrmax-astar,selected:stage2:counters:off:1073581256,,,True,0.5,0.1,,,5,70,3,4g,6,120G,3-00:00:00,21600,rolling+VAL,counters-off-1073581256-stage2-train-primary,preselected dependency checkpoint,planned,
counters-off-1239739722-stage1-train-primary,prospective-ten,1239739722,counters,Counters,off,RQ1/RQ2,train,stage1,primary,experiments_numeric.architecture_2.counters,hmrmax-astar,new_lineage,0.003,1000,True,,,,,,,3,4g,6,48G,1-00:00:00,,,,validation-best; never test-selected,planned,
counters-off-1239739722-stage1-policy_eval-primary,prospective-ten,1239739722,counters,Counters,off,RQ1/RQ2,policy_eval,stage1,primary,experiments_numeric.architecture_2.counters,hmrmax-astar,selected:stage1:counters:off:1239739722,,,True,,,,,,,3,4g,6,20G,04:00:00,,VAL,counters-off-1239739722-stage1-train-primary,preselected dependency checkpoint,planned,
counters-off-1239739722-stage1-mcts_eval-primary,prospective-ten,1239739722,counters,Counters,off,RQ1/RQ2,mcts_eval,stage1,primary,experiments_numeric.architecture_2.counters_mcts,hmrmax-astar,selected:stage1:counters:off:1239739722,,,True,0.5,0.1,,,20,70,3,4g,6,120G,3-00:00:00,21600,rolling+VAL,counters-off-1239739722-stage1-train-primary,preselected dependency checkpoint,planned,
counters-off-1239739722-stage2-train-primary,prospective-ten,1239739722,counters,Counters,off,RQ1/RQ2,train,stage2,primary,experiments_numeric.architecture_2.counters_mcts,hmrmax-astar,selected:stage1:counters:off:1239739722,0.0003,100,True,0.5,0.1,0,1,20,0,3,4g,6,48G,3-00:00:00,,,counters-off-1239739722-stage1-train-primary,validation-best; never test-selected,planned,
counters-off-1239739722-stage2-policy_eval-primary,prospective-ten,1239739722,counters,Counters,off,RQ1/RQ2,policy_eval,stage2,primary,experiments_numeric.architecture_2.counters_mcts,hmrmax-astar,selected:stage2:counters:off:1239739722,,,True,,,,,,,3,4g,6,20G,04:00:00,,VAL,counters-off-1239739722-stage2-train-primary,preselected dependency checkpoint,planned,
counters-off-1239739722-stage2-mcts_eval-primary,prospective-ten,1239739722,counters,Counters,off,RQ1/RQ2,mcts_eval,stage2,primary,experiments_numeric.architecture_2.counters_mcts,hmrmax-astar,selected:stage2:counters:off:1239739722,,,True,0.5,0.1,,,20,70,3,4g,6,120G,3-00:00:00,21600,rolling+VAL,counters-off-1239739722-stage2-train-primary,preselected dependency checkpoint,planned,
counters-off-1239739722-stage2-mcts_eval-narrow,prospective-ten,1239739722,counters,Counters,off,RQ1/RQ2,mcts_eval,stage2,narrow,experiments_numeric.architecture_2.counters_mcts,hmrmax-astar,selected:stage2:counters:off:1239739722,,,True,0.5,0.1,,,5,70,3,4g,6,120G,3-00:00:00,21600,rolling+VAL,counters-off-1239739722-stage2-train-primary,preselected dependency checkpoint,planned,
counters-off-1472491096-stage1-train-primary,prospective-ten,1472491096,counters,Counters,off,RQ1/RQ2,train,stage1,primary,experiments_numeric.architecture_2.counters,hmrmax-astar,new_lineage,0.003,1000,True,,,,,,,3,4g,6,48G,1-00:00:00,,,,validation-best; never test-selected,planned,
counters-off-1472491096-stage1-policy_eval-primary,prospective-ten,1472491096,counters,Counters,off,RQ1/RQ2,policy_eval,stage1,primary,experiments_numeric.architecture_2.counters,hmrmax-astar,selected:stage1:counters:off:1472491096,,,True,,,,,,,3,4g,6,20G,04:00:00,,VAL,counters-off-1472491096-stage1-train-primary,preselected dependency checkpoint,planned,
counters-off-1472491096-stage1-mcts_eval-primary,prospective-ten,1472491096,counters,Counters,off,RQ1/RQ2,mcts_eval,stage1,primary,experiments_numeric.architecture_2.counters_mcts,hmrmax-astar,selected:stage1:counters:off:1472491096,,,True,0.5,0.1,,,20,70,3,4g,6,120G,3-00:00:00,21600,rolling+VAL,counters-off-1472491096-stage1-train-primary,preselected dependency checkpoint,planned,
counters-off-1472491096-stage2-train-primary,prospective-ten,1472491096,counters,Counters,off,RQ1/RQ2,train,stage2,primary,experiments_numeric.architecture_2.counters_mcts,hmrmax-astar,selected:stage1:counters:off:1472491096,0.0003,100,True,0.5,0.1,0,1,20,0,3,4g,6,48G,3-00:00:00,,,counters-off-1472491096-stage1-train-primary,validation-best; never test-selected,planned,
counters-off-1472491096-stage2-policy_eval-primary,prospective-ten,1472491096,counters,Counters,off,RQ1/RQ2,policy_eval,stage2,primary,experiments_numeric.architecture_2.counters_mcts,hmrmax-astar,selected:stage2:counters:off:1472491096,,,True,,,,,,,3,4g,6,20G,04:00:00,,VAL,counters-off-1472491096-stage2-train-primary,preselected dependency checkpoint,planned,
counters-off-1472491096-stage2-mcts_eval-primary,prospective-ten,1472491096,counters,Counters,off,RQ1/RQ2,mcts_eval,stage2,primary,experiments_numeric.architecture_2.counters_mcts,hmrmax-astar,selected:stage2:counters:off:1472491096,,,True,0.5,0.1,,,20,70,3,4g,6,120G,3-00:00:00,21600,rolling+VAL,counters-off-1472491096-stage2-train-primary,preselected dependency checkpoint,planned,
counters-off-1472491096-stage2-mcts_eval-narrow,prospective-ten,1472491096,counters,Counters,off,RQ1/RQ2,mcts_eval,stage2,narrow,experiments_numeric.architecture_2.counters_mcts,hmrmax-astar,selected:stage2:counters:off:1472491096,,,True,0.5,0.1,,,5,70,3,4g,6,120G,3-00:00:00,21600,rolling+VAL,counters-off-1472491096-stage2-train-primary,preselected dependency checkpoint,planned,
counters-off-534933607-stage1-train-primary,prospective-ten,534933607,counters,Counters,off,RQ1/RQ2,train,stage1,primary,experiments_numeric.architecture_2.counters,hmrmax-astar,new_lineage,0.003,1000,True,,,,,,,3,4g,6,48G,1-00:00:00,,,,validation-best; never test-selected,planned,
counters-off-534933607-stage1-policy_eval-primary,prospective-ten,534933607,counters,Counters,off,RQ1/RQ2,policy_eval,stage1,primary,experiments_numeric.architecture_2.counters,hmrmax-astar,selected:stage1:counters:off:534933607,,,True,,,,,,,3,4g,6,20G,04:00:00,,VAL,counters-off-534933607-stage1-train-primary,preselected dependency checkpoint,planned,
counters-off-534933607-stage1-mcts_eval-primary,prospective-ten,534933607,counters,Counters,off,RQ1/RQ2,mcts_eval,stage1,primary,experiments_numeric.architecture_2.counters_mcts,hmrmax-astar,selected:stage1:counters:off:534933607,,,True,0.5,0.1,,,20,70,3,4g,6,120G,3-00:00:00,21600,rolling+VAL,counters-off-534933607-stage1-train-primary,preselected dependency checkpoint,planned,
counters-off-534933607-stage2-train-primary,prospective-ten,534933607,counters,Counters,off,RQ1/RQ2,train,stage2,primary,experiments_numeric.architecture_2.counters_mcts,hmrmax-astar,selected:stage1:counters:off:534933607,0.0003,100,True,0.5,0.1,0,1,20,0,3,4g,6,48G,3-00:00:00,,,counters-off-534933607-stage1-train-primary,validation-best; never test-selected,planned,
counters-off-534933607-stage2-policy_eval-primary,prospective-ten,534933607,counters,Counters,off,RQ1/RQ2,policy_eval,stage2,primary,experiments_numeric.architecture_2.counters_mcts,hmrmax-astar,selected:stage2:counters:off:534933607,,,True,,,,,,,3,4g,6,20G,04:00:00,,VAL,counters-off-534933607-stage2-train-primary,preselected dependency checkpoint,planned,
counters-off-534933607-stage2-mcts_eval-primary,prospective-ten,534933607,counters,Counters,off,RQ1/RQ2,mcts_eval,stage2,primary,experiments_numeric.architecture_2.counters_mcts,hmrmax-astar,selected:stage2:counters:off:534933607,,,True,0.5,0.1,,,20,70,3,4g,6,120G,3-00:00:00,21600,rolling+VAL,counters-off-534933607-stage2-train-primary,preselected dependency checkpoint,planned,
counters-off-534933607-stage2-mcts_eval-narrow,prospective-ten,534933607,counters,Counters,off,RQ1/RQ2,mcts_eval,stage2,narrow,experiments_numeric.architecture_2.counters_mcts,hmrmax-astar,selected:stage2:counters:off:534933607,,,True,0.5,0.1,,,5,70,3,4g,6,120G,3-00:00:00,21600,rolling+VAL,counters-off-534933607-stage2-train-primary,preselected dependency checkpoint,planned,
counters-off-2082152039-stage1-train-primary,prospective-ten,2082152039,counters,Counters,off,RQ1/RQ2,train,stage1,primary,experiments_numeric.architecture_2.counters,hmrmax-astar,new_lineage,0.003,1000,True,,,,,,,3,4g,6,48G,1-00:00:00,,,,validation-best; never test-selected,planned,
counters-off-2082152039-stage1-policy_eval-primary,prospective-ten,2082152039,counters,Counters,off,RQ1/RQ2,policy_eval,stage1,primary,experiments_numeric.architecture_2.counters,hmrmax-astar,selected:stage1:counters:off:2082152039,,,True,,,,,,,3,4g,6,20G,04:00:00,,VAL,counters-off-2082152039-stage1-train-primary,preselected dependency checkpoint,planned,
counters-off-2082152039-stage1-mcts_eval-primary,prospective-ten,2082152039,counters,Counters,off,RQ1/RQ2,mcts_eval,stage1,primary,experiments_numeric.architecture_2.counters_mcts,hmrmax-astar,selected:stage1:counters:off:2082152039,,,True,0.5,0.1,,,20,70,3,4g,6,120G,3-00:00:00,21600,rolling+VAL,counters-off-2082152039-stage1-train-primary,preselected dependency checkpoint,planned,
counters-off-2082152039-stage2-train-primary,prospective-ten,2082152039,counters,Counters,off,RQ1/RQ2,train,stage2,primary,experiments_numeric.architecture_2.counters_mcts,hmrmax-astar,selected:stage1:counters:off:2082152039,0.0003,100,True,0.5,0.1,0,1,20,0,3,4g,6,48G,3-00:00:00,,,counters-off-2082152039-stage1-train-primary,validation-best; never test-selected,planned,
counters-off-2082152039-stage2-policy_eval-primary,prospective-ten,2082152039,counters,Counters,off,RQ1/RQ2,policy_eval,stage2,primary,experiments_numeric.architecture_2.counters_mcts,hmrmax-astar,selected:stage2:counters:off:2082152039,,,True,,,,,,,3,4g,6,20G,04:00:00,,VAL,counters-off-2082152039-stage2-train-primary,preselected dependency checkpoint,planned,
counters-off-2082152039-stage2-mcts_eval-primary,prospective-ten,2082152039,counters,Counters,off,RQ1/RQ2,mcts_eval,stage2,primary,experiments_numeric.architecture_2.counters_mcts,hmrmax-astar,selected:stage2:counters:off:2082152039,,,True,0.5,0.1,,,20,70,3,4g,6,120G,3-00:00:00,21600,rolling+VAL,counters-off-2082152039-stage2-train-primary,preselected dependency checkpoint,planned,
counters-off-2082152039-stage2-mcts_eval-narrow,prospective-ten,2082152039,counters,Counters,off,RQ1/RQ2,mcts_eval,stage2,narrow,experiments_numeric.architecture_2.counters_mcts,hmrmax-astar,selected:stage2:counters:off:2082152039,,,True,0.5,0.1,,,5,70,3,4g,6,120G,3-00:00:00,21600,rolling+VAL,counters-off-2082152039-stage2-train-primary,preselected dependency checkpoint,planned,
counters-off-1510771779-stage1-train-primary,prospective-ten,1510771779,counters,Counters,off,RQ1/RQ2,train,stage1,primary,experiments_numeric.architecture_2.counters,hmrmax-astar,new_lineage,0.003,1000,True,,,,,,,3,4g,6,48G,1-00:00:00,,,,validation-best; never test-selected,planned,
counters-off-1510771779-stage1-policy_eval-primary,prospective-ten,1510771779,counters,Counters,off,RQ1/RQ2,policy_eval,stage1,primary,experiments_numeric.architecture_2.counters,hmrmax-astar,selected:stage1:counters:off:1510771779,,,True,,,,,,,3,4g,6,20G,04:00:00,,VAL,counters-off-1510771779-stage1-train-primary,preselected dependency checkpoint,planned,
counters-off-1510771779-stage1-mcts_eval-primary,prospective-ten,1510771779,counters,Counters,off,RQ1/RQ2,mcts_eval,stage1,primary,experiments_numeric.architecture_2.counters_mcts,hmrmax-astar,selected:stage1:counters:off:1510771779,,,True,0.5,0.1,,,20,70,3,4g,6,120G,3-00:00:00,21600,rolling+VAL,counters-off-1510771779-stage1-train-primary,preselected dependency checkpoint,planned,
counters-off-1510771779-stage2-train-primary,prospective-ten,1510771779,counters,Counters,off,RQ1/RQ2,train,stage2,primary,experiments_numeric.architecture_2.counters_mcts,hmrmax-astar,selected:stage1:counters:off:1510771779,0.0003,100,True,0.5,0.1,0,1,20,0,3,4g,6,48G,3-00:00:00,,,counters-off-1510771779-stage1-train-primary,validation-best; never test-selected,planned,
counters-off-1510771779-stage2-policy_eval-primary,prospective-ten,1510771779,counters,Counters,off,RQ1/RQ2,policy_eval,stage2,primary,experiments_numeric.architecture_2.counters_mcts,hmrmax-astar,selected:stage2:counters:off:1510771779,,,True,,,,,,,3,4g,6,20G,04:00:00,,VAL,counters-off-1510771779-stage2-train-primary,preselected dependency checkpoint,planned,
counters-off-1510771779-stage2-mcts_eval-primary,prospective-ten,1510771779,counters,Counters,off,RQ1/RQ2,mcts_eval,stage2,primary,experiments_numeric.architecture_2.counters_mcts,hmrmax-astar,selected:stage2:counters:off:1510771779,,,True,0.5,0.1,,,20,70,3,4g,6,120G,3-00:00:00,21600,rolling+VAL,counters-off-1510771779-stage2-train-primary,preselected dependency checkpoint,planned,
counters-off-1510771779-stage2-mcts_eval-narrow,prospective-ten,1510771779,counters,Counters,off,RQ1/RQ2,mcts_eval,stage2,narrow,experiments_numeric.architecture_2.counters_mcts,hmrmax-astar,selected:stage2:counters:off:1510771779,,,True,0.5,0.1,,,5,70,3,4g,6,120G,3-00:00:00,21600,rolling+VAL,counters-off-1510771779-stage2-train-primary,preselected dependency checkpoint,planned,
counters-off-923500475-stage1-train-primary,prospective-ten,923500475,counters,Counters,off,RQ1/RQ2,train,stage1,primary,experiments_numeric.architecture_2.counters,hmrmax-astar,new_lineage,0.003,1000,True,,,,,,,3,4g,6,48G,1-00:00:00,,,,validation-best; never test-selected,planned,
counters-off-923500475-stage1-policy_eval-primary,prospective-ten,923500475,counters,Counters,off,RQ1/RQ2,policy_eval,stage1,primary,experiments_numeric.architecture_2.counters,hmrmax-astar,selected:stage1:counters:off:923500475,,,True,,,,,,,3,4g,6,20G,04:00:00,,VAL,counters-off-923500475-stage1-train-primary,preselected dependency checkpoint,planned,
counters-off-923500475-stage1-mcts_eval-primary,prospective-ten,923500475,counters,Counters,off,RQ1/RQ2,mcts_eval,stage1,primary,experiments_numeric.architecture_2.counters_mcts,hmrmax-astar,selected:stage1:counters:off:923500475,,,True,0.5,0.1,,,20,70,3,4g,6,120G,3-00:00:00,21600,rolling+VAL,counters-off-923500475-stage1-train-primary,preselected dependency checkpoint,planned,
counters-off-923500475-stage2-train-primary,prospective-ten,923500475,counters,Counters,off,RQ1/RQ2,train,stage2,primary,experiments_numeric.architecture_2.counters_mcts,hmrmax-astar,selected:stage1:counters:off:923500475,0.0003,100,True,0.5,0.1,0,1,20,0,3,4g,6,48G,3-00:00:00,,,counters-off-923500475-stage1-train-primary,validation-best; never test-selected,planned,
counters-off-923500475-stage2-policy_eval-primary,prospective-ten,923500475,counters,Counters,off,RQ1/RQ2,policy_eval,stage2,primary,experiments_numeric.architecture_2.counters_mcts,hmrmax-astar,selected:stage2:counters:off:923500475,,,True,,,,,,,3,4g,6,20G,04:00:00,,VAL,counters-off-923500475-stage2-train-primary,preselected dependency checkpoint,planned,
counters-off-923500475-stage2-mcts_eval-primary,prospective-ten,923500475,counters,Counters,off,RQ1/RQ2,mcts_eval,stage2,primary,experiments_numeric.architecture_2.counters_mcts,hmrmax-astar,selected:stage2:counters:off:923500475,,,True,0.5,0.1,,,20,70,3,4g,6,120G,3-00:00:00,21600,rolling+VAL,counters-off-923500475-stage2-train-primary,preselected dependency checkpoint,planned,
counters-off-923500475-stage2-mcts_eval-narrow,prospective-ten,923500475,counters,Counters,off,RQ1/RQ2,mcts_eval,stage2,narrow,experiments_numeric.architecture_2.counters_mcts,hmrmax-astar,selected:stage2:counters:off:923500475,,,True,0.5,0.1,,,5,70,3,4g,6,120G,3-00:00:00,21600,rolling+VAL,counters-off-923500475-stage2-train-primary,preselected dependency checkpoint,planned,
counters-off-1972442430-stage1-train-primary,prospective-ten,1972442430,counters,Counters,off,RQ1/RQ2,train,stage1,primary,experiments_numeric.architecture_2.counters,hmrmax-astar,new_lineage,0.003,1000,True,,,,,,,3,4g,6,48G,1-00:00:00,,,,validation-best; never test-selected,planned,
counters-off-1972442430-stage1-policy_eval-primary,prospective-ten,1972442430,counters,Counters,off,RQ1/RQ2,policy_eval,stage1,primary,experiments_numeric.architecture_2.counters,hmrmax-astar,selected:stage1:counters:off:1972442430,,,True,,,,,,,3,4g,6,20G,04:00:00,,VAL,counters-off-1972442430-stage1-train-primary,preselected dependency checkpoint,planned,
counters-off-1972442430-stage1-mcts_eval-primary,prospective-ten,1972442430,counters,Counters,off,RQ1/RQ2,mcts_eval,stage1,primary,experiments_numeric.architecture_2.counters_mcts,hmrmax-astar,selected:stage1:counters:off:1972442430,,,True,0.5,0.1,,,20,70,3,4g,6,120G,3-00:00:00,21600,rolling+VAL,counters-off-1972442430-stage1-train-primary,preselected dependency checkpoint,planned,
counters-off-1972442430-stage2-train-primary,prospective-ten,1972442430,counters,Counters,off,RQ1/RQ2,train,stage2,primary,experiments_numeric.architecture_2.counters_mcts,hmrmax-astar,selected:stage1:counters:off:1972442430,0.0003,100,True,0.5,0.1,0,1,20,0,3,4g,6,48G,3-00:00:00,,,counters-off-1972442430-stage1-train-primary,validation-best; never test-selected,planned,
counters-off-1972442430-stage2-policy_eval-primary,prospective-ten,1972442430,counters,Counters,off,RQ1/RQ2,policy_eval,stage2,primary,experiments_numeric.architecture_2.counters_mcts,hmrmax-astar,selected:stage2:counters:off:1972442430,,,True,,,,,,,3,4g,6,20G,04:00:00,,VAL,counters-off-1972442430-stage2-train-primary,preselected dependency checkpoint,planned,
counters-off-1972442430-stage2-mcts_eval-primary,prospective-ten,1972442430,counters,Counters,off,RQ1/RQ2,mcts_eval,stage2,primary,experiments_numeric.architecture_2.counters_mcts,hmrmax-astar,selected:stage2:counters:off:1972442430,,,True,0.5,0.1,,,20,70,3,4g,6,120G,3-00:00:00,21600,rolling+VAL,counters-off-1972442430-stage2-train-primary,preselected dependency checkpoint,planned,
counters-off-1972442430-stage2-mcts_eval-narrow,prospective-ten,1972442430,counters,Counters,off,RQ1/RQ2,mcts_eval,stage2,narrow,experiments_numeric.architecture_2.counters_mcts,hmrmax-astar,selected:stage2:counters:off:1972442430,,,True,0.5,0.1,,,5,70,3,4g,6,120G,3-00:00:00,21600,rolling+VAL,counters-off-1972442430-stage2-train-primary,preselected dependency checkpoint,planned,
counters-on-1963100312-stage1-train-primary,prospective-ten,1963100312,counters,Counters,on,RQ3/RQ4,train,stage1,primary,experiments_numeric.architecture_2.counters,hadd-gbfs,new_lineage,0.003,1000,True,,,,,,,3,4g,6,48G,1-00:00:00,,,,validation-best; never test-selected,planned,
counters-on-1963100312-stage1-policy_eval-primary,prospective-ten,1963100312,counters,Counters,on,RQ3/RQ4,policy_eval,stage1,primary,experiments_numeric.architecture_2.counters,hadd-gbfs,selected:stage1:counters:on:1963100312,,,True,,,,,,,3,4g,6,20G,04:00:00,,VAL,counters-on-1963100312-stage1-train-primary,preselected dependency checkpoint,planned,
counters-on-1963100312-stage1-mcts_eval-primary,prospective-ten,1963100312,counters,Counters,on,RQ3/RQ4,mcts_eval,stage1,primary,experiments_numeric.architecture_2.counters_mcts,hmrmax-astar,selected:stage1:counters:on:1963100312,,,True,0.5,0.1,,,20,70,3,4g,6,120G,3-00:00:00,21600,rolling+VAL,counters-on-1963100312-stage1-train-primary,preselected dependency checkpoint,planned,
counters-on-1963100312-stage2-train-primary,prospective-ten,1963100312,counters,Counters,on,RQ3/RQ4,train,stage2,primary,experiments_numeric.architecture_2.counters_mcts,hmrmax-astar,selected:stage1:counters:on:1963100312,0.0003,100,True,0.5,0.1,0,30,20,0,3,4g,6,48G,3-00:00:00,,,counters-on-1963100312-stage1-train-primary,validation-best; never test-selected,planned,
counters-on-1963100312-stage2-policy_eval-primary,prospective-ten,1963100312,counters,Counters,on,RQ3/RQ4,policy_eval,stage2,primary,experiments_numeric.architecture_2.counters_mcts,hmrmax-astar,selected:stage2:counters:on:1963100312,,,True,,,,,,,3,4g,6,20G,04:00:00,,VAL,counters-on-1963100312-stage2-train-primary,preselected dependency checkpoint,planned,
counters-on-1963100312-stage2-mcts_eval-primary,prospective-ten,1963100312,counters,Counters,on,RQ3/RQ4,mcts_eval,stage2,primary,experiments_numeric.architecture_2.counters_mcts,hmrmax-astar,selected:stage2:counters:on:1963100312,,,True,0.5,0.1,,,20,70,3,4g,6,120G,3-00:00:00,21600,rolling+VAL,counters-on-1963100312-stage2-train-primary,preselected dependency checkpoint,planned,
counters-on-2011206605-stage1-train-primary,prospective-ten,2011206605,counters,Counters,on,RQ3/RQ4,train,stage1,primary,experiments_numeric.architecture_2.counters,hadd-gbfs,new_lineage,0.003,1000,True,,,,,,,3,4g,6,48G,1-00:00:00,,,,validation-best; never test-selected,planned,
counters-on-2011206605-stage1-policy_eval-primary,prospective-ten,2011206605,counters,Counters,on,RQ3/RQ4,policy_eval,stage1,primary,experiments_numeric.architecture_2.counters,hadd-gbfs,selected:stage1:counters:on:2011206605,,,True,,,,,,,3,4g,6,20G,04:00:00,,VAL,counters-on-2011206605-stage1-train-primary,preselected dependency checkpoint,planned,
counters-on-2011206605-stage1-mcts_eval-primary,prospective-ten,2011206605,counters,Counters,on,RQ3/RQ4,mcts_eval,stage1,primary,experiments_numeric.architecture_2.counters_mcts,hmrmax-astar,selected:stage1:counters:on:2011206605,,,True,0.5,0.1,,,20,70,3,4g,6,120G,3-00:00:00,21600,rolling+VAL,counters-on-2011206605-stage1-train-primary,preselected dependency checkpoint,planned,
counters-on-2011206605-stage2-train-primary,prospective-ten,2011206605,counters,Counters,on,RQ3/RQ4,train,stage2,primary,experiments_numeric.architecture_2.counters_mcts,hmrmax-astar,selected:stage1:counters:on:2011206605,0.0003,100,True,0.5,0.1,0,30,20,0,3,4g,6,48G,3-00:00:00,,,counters-on-2011206605-stage1-train-primary,validation-best; never test-selected,planned,
counters-on-2011206605-stage2-policy_eval-primary,prospective-ten,2011206605,counters,Counters,on,RQ3/RQ4,policy_eval,stage2,primary,experiments_numeric.architecture_2.counters_mcts,hmrmax-astar,selected:stage2:counters:on:2011206605,,,True,,,,,,,3,4g,6,20G,04:00:00,,VAL,counters-on-2011206605-stage2-train-primary,preselected dependency checkpoint,planned,
counters-on-2011206605-stage2-mcts_eval-primary,prospective-ten,2011206605,counters,Counters,on,RQ3/RQ4,mcts_eval,stage2,primary,experiments_numeric.architecture_2.counters_mcts,hmrmax-astar,selected:stage2:counters:on:2011206605,,,True,0.5,0.1,,,20,70,3,4g,6,120G,3-00:00:00,21600,rolling+VAL,counters-on-2011206605-stage2-train-primary,preselected dependency checkpoint,planned,
counters-on-1073581256-stage1-train-primary,prospective-ten,1073581256,counters,Counters,on,RQ3/RQ4,train,stage1,primary,experiments_numeric.architecture_2.counters,hadd-gbfs,new_lineage,0.003,1000,True,,,,,,,3,4g,6,48G,1-00:00:00,,,,validation-best; never test-selected,planned,
counters-on-1073581256-stage1-policy_eval-primary,prospective-ten,1073581256,counters,Counters,on,RQ3/RQ4,policy_eval,stage1,primary,experiments_numeric.architecture_2.counters,hadd-gbfs,selected:stage1:counters:on:1073581256,,,True,,,,,,,3,4g,6,20G,04:00:00,,VAL,counters-on-1073581256-stage1-train-primary,preselected dependency checkpoint,planned,
counters-on-1073581256-stage1-mcts_eval-primary,prospective-ten,1073581256,counters,Counters,on,RQ3/RQ4,mcts_eval,stage1,primary,experiments_numeric.architecture_2.counters_mcts,hmrmax-astar,selected:stage1:counters:on:1073581256,,,True,0.5,0.1,,,20,70,3,4g,6,120G,3-00:00:00,21600,rolling+VAL,counters-on-1073581256-stage1-train-primary,preselected dependency checkpoint,planned,
counters-on-1073581256-stage2-train-primary,prospective-ten,1073581256,counters,Counters,on,RQ3/RQ4,train,stage2,primary,experiments_numeric.architecture_2.counters_mcts,hmrmax-astar,selected:stage1:counters:on:1073581256,0.0003,100,True,0.5,0.1,0,30,20,0,3,4g,6,48G,3-00:00:00,,,counters-on-1073581256-stage1-train-primary,validation-best; never test-selected,planned,
counters-on-1073581256-stage2-policy_eval-primary,prospective-ten,1073581256,counters,Counters,on,RQ3/RQ4,policy_eval,stage2,primary,experiments_numeric.architecture_2.counters_mcts,hmrmax-astar,selected:stage2:counters:on:1073581256,,,True,,,,,,,3,4g,6,20G,04:00:00,,VAL,counters-on-1073581256-stage2-train-primary,preselected dependency checkpoint,planned,
counters-on-1073581256-stage2-mcts_eval-primary,prospective-ten,1073581256,counters,Counters,on,RQ3/RQ4,mcts_eval,stage2,primary,experiments_numeric.architecture_2.counters_mcts,hmrmax-astar,selected:stage2:counters:on:1073581256,,,True,0.5,0.1,,,20,70,3,4g,6,120G,3-00:00:00,21600,rolling+VAL,counters-on-1073581256-stage2-train-primary,preselected dependency checkpoint,planned,
counters-on-1239739722-stage1-train-primary,prospective-ten,1239739722,counters,Counters,on,RQ3/RQ4,train,stage1,primary,experiments_numeric.architecture_2.counters,hadd-gbfs,new_lineage,0.003,1000,True,,,,,,,3,4g,6,48G,1-00:00:00,,,,validation-best; never test-selected,planned,
counters-on-1239739722-stage1-policy_eval-primary,prospective-ten,1239739722,counters,Counters,on,RQ3/RQ4,policy_eval,stage1,primary,experiments_numeric.architecture_2.counters,hadd-gbfs,selected:stage1:counters:on:1239739722,,,True,,,,,,,3,4g,6,20G,04:00:00,,VAL,counters-on-1239739722-stage1-train-primary,preselected dependency checkpoint,planned,
counters-on-1239739722-stage1-mcts_eval-primary,prospective-ten,1239739722,counters,Counters,on,RQ3/RQ4,mcts_eval,stage1,primary,experiments_numeric.architecture_2.counters_mcts,hmrmax-astar,selected:stage1:counters:on:1239739722,,,True,0.5,0.1,,,20,70,3,4g,6,120G,3-00:00:00,21600,rolling+VAL,counters-on-1239739722-stage1-train-primary,preselected dependency checkpoint,planned,
counters-on-1239739722-stage2-train-primary,prospective-ten,1239739722,counters,Counters,on,RQ3/RQ4,train,stage2,primary,experiments_numeric.architecture_2.counters_mcts,hmrmax-astar,selected:stage1:counters:on:1239739722,0.0003,100,True,0.5,0.1,0,30,20,0,3,4g,6,48G,3-00:00:00,,,counters-on-1239739722-stage1-train-primary,validation-best; never test-selected,planned,
counters-on-1239739722-stage2-policy_eval-primary,prospective-ten,1239739722,counters,Counters,on,RQ3/RQ4,policy_eval,stage2,primary,experiments_numeric.architecture_2.counters_mcts,hmrmax-astar,selected:stage2:counters:on:1239739722,,,True,,,,,,,3,4g,6,20G,04:00:00,,VAL,counters-on-1239739722-stage2-train-primary,preselected dependency checkpoint,planned,
counters-on-1239739722-stage2-mcts_eval-primary,prospective-ten,1239739722,counters,Counters,on,RQ3/RQ4,mcts_eval,stage2,primary,experiments_numeric.architecture_2.counters_mcts,hmrmax-astar,selected:stage2:counters:on:1239739722,,,True,0.5,0.1,,,20,70,3,4g,6,120G,3-00:00:00,21600,rolling+VAL,counters-on-1239739722-stage2-train-primary,preselected dependency checkpoint,planned,
counters-on-1472491096-stage1-train-primary,prospective-ten,1472491096,counters,Counters,on,RQ3/RQ4,train,stage1,primary,experiments_numeric.architecture_2.counters,hadd-gbfs,new_lineage,0.003,1000,True,,,,,,,3,4g,6,48G,1-00:00:00,,,,validation-best; never test-selected,planned,
counters-on-1472491096-stage1-policy_eval-primary,prospective-ten,1472491096,counters,Counters,on,RQ3/RQ4,policy_eval,stage1,primary,experiments_numeric.architecture_2.counters,hadd-gbfs,selected:stage1:counters:on:1472491096,,,True,,,,,,,3,4g,6,20G,04:00:00,,VAL,counters-on-1472491096-stage1-train-primary,preselected dependency checkpoint,planned,
counters-on-1472491096-stage1-mcts_eval-primary,prospective-ten,1472491096,counters,Counters,on,RQ3/RQ4,mcts_eval,stage1,primary,experiments_numeric.architecture_2.counters_mcts,hmrmax-astar,selected:stage1:counters:on:1472491096,,,True,0.5,0.1,,,20,70,3,4g,6,120G,3-00:00:00,21600,rolling+VAL,counters-on-1472491096-stage1-train-primary,preselected dependency checkpoint,planned,
counters-on-1472491096-stage2-train-primary,prospective-ten,1472491096,counters,Counters,on,RQ3/RQ4,train,stage2,primary,experiments_numeric.architecture_2.counters_mcts,hmrmax-astar,selected:stage1:counters:on:1472491096,0.0003,100,True,0.5,0.1,0,30,20,0,3,4g,6,48G,3-00:00:00,,,counters-on-1472491096-stage1-train-primary,validation-best; never test-selected,planned,
counters-on-1472491096-stage2-policy_eval-primary,prospective-ten,1472491096,counters,Counters,on,RQ3/RQ4,policy_eval,stage2,primary,experiments_numeric.architecture_2.counters_mcts,hmrmax-astar,selected:stage2:counters:on:1472491096,,,True,,,,,,,3,4g,6,20G,04:00:00,,VAL,counters-on-1472491096-stage2-train-primary,preselected dependency checkpoint,planned,
counters-on-1472491096-stage2-mcts_eval-primary,prospective-ten,1472491096,counters,Counters,on,RQ3/RQ4,mcts_eval,stage2,primary,experiments_numeric.architecture_2.counters_mcts,hmrmax-astar,selected:stage2:counters:on:1472491096,,,True,0.5,0.1,,,20,70,3,4g,6,120G,3-00:00:00,21600,rolling+VAL,counters-on-1472491096-stage2-train-primary,preselected dependency checkpoint,planned,
counters-on-534933607-stage1-train-primary,prospective-ten,534933607,counters,Counters,on,RQ3/RQ4,train,stage1,primary,experiments_numeric.architecture_2.counters,hadd-gbfs,new_lineage,0.003,1000,True,,,,,,,3,4g,6,48G,1-00:00:00,,,,validation-best; never test-selected,planned,
counters-on-534933607-stage1-policy_eval-primary,prospective-ten,534933607,counters,Counters,on,RQ3/RQ4,policy_eval,stage1,primary,experiments_numeric.architecture_2.counters,hadd-gbfs,selected:stage1:counters:on:534933607,,,True,,,,,,,3,4g,6,20G,04:00:00,,VAL,counters-on-534933607-stage1-train-primary,preselected dependency checkpoint,planned,
counters-on-534933607-stage1-mcts_eval-primary,prospective-ten,534933607,counters,Counters,on,RQ3/RQ4,mcts_eval,stage1,primary,experiments_numeric.architecture_2.counters_mcts,hmrmax-astar,selected:stage1:counters:on:534933607,,,True,0.5,0.1,,,20,70,3,4g,6,120G,3-00:00:00,21600,rolling+VAL,counters-on-534933607-stage1-train-primary,preselected dependency checkpoint,planned,
counters-on-534933607-stage2-train-primary,prospective-ten,534933607,counters,Counters,on,RQ3/RQ4,train,stage2,primary,experiments_numeric.architecture_2.counters_mcts,hmrmax-astar,selected:stage1:counters:on:534933607,0.0003,100,True,0.5,0.1,0,30,20,0,3,4g,6,48G,3-00:00:00,,,counters-on-534933607-stage1-train-primary,validation-best; never test-selected,planned,
counters-on-534933607-stage2-policy_eval-primary,prospective-ten,534933607,counters,Counters,on,RQ3/RQ4,policy_eval,stage2,primary,experiments_numeric.architecture_2.counters_mcts,hmrmax-astar,selected:stage2:counters:on:534933607,,,True,,,,,,,3,4g,6,20G,04:00:00,,VAL,counters-on-534933607-stage2-train-primary,preselected dependency checkpoint,planned,
counters-on-534933607-stage2-mcts_eval-primary,prospective-ten,534933607,counters,Counters,on,RQ3/RQ4,mcts_eval,stage2,primary,experiments_numeric.architecture_2.counters_mcts,hmrmax-astar,selected:stage2:counters:on:534933607,,,True,0.5,0.1,,,20,70,3,4g,6,120G,3-00:00:00,21600,rolling+VAL,counters-on-534933607-stage2-train-primary,preselected dependency checkpoint,planned,
counters-on-2082152039-stage1-train-primary,prospective-ten,2082152039,counters,Counters,on,RQ3/RQ4,train,stage1,primary,experiments_numeric.architecture_2.counters,hadd-gbfs,new_lineage,0.003,1000,True,,,,,,,3,4g,6,48G,1-00:00:00,,,,validation-best; never test-selected,planned,
counters-on-2082152039-stage1-policy_eval-primary,prospective-ten,2082152039,counters,Counters,on,RQ3/RQ4,policy_eval,stage1,primary,experiments_numeric.architecture_2.counters,hadd-gbfs,selected:stage1:counters:on:2082152039,,,True,,,,,,,3,4g,6,20G,04:00:00,,VAL,counters-on-2082152039-stage1-train-primary,preselected dependency checkpoint,planned,
counters-on-2082152039-stage1-mcts_eval-primary,prospective-ten,2082152039,counters,Counters,on,RQ3/RQ4,mcts_eval,stage1,primary,experiments_numeric.architecture_2.counters_mcts,hmrmax-astar,selected:stage1:counters:on:2082152039,,,True,0.5,0.1,,,20,70,3,4g,6,120G,3-00:00:00,21600,rolling+VAL,counters-on-2082152039-stage1-train-primary,preselected dependency checkpoint,planned,
counters-on-2082152039-stage2-train-primary,prospective-ten,2082152039,counters,Counters,on,RQ3/RQ4,train,stage2,primary,experiments_numeric.architecture_2.counters_mcts,hmrmax-astar,selected:stage1:counters:on:2082152039,0.0003,100,True,0.5,0.1,0,30,20,0,3,4g,6,48G,3-00:00:00,,,counters-on-2082152039-stage1-train-primary,validation-best; never test-selected,planned,
counters-on-2082152039-stage2-policy_eval-primary,prospective-ten,2082152039,counters,Counters,on,RQ3/RQ4,policy_eval,stage2,primary,experiments_numeric.architecture_2.counters_mcts,hmrmax-astar,selected:stage2:counters:on:2082152039,,,True,,,,,,,3,4g,6,20G,04:00:00,,VAL,counters-on-2082152039-stage2-train-primary,preselected dependency checkpoint,planned,
counters-on-2082152039-stage2-mcts_eval-primary,prospective-ten,2082152039,counters,Counters,on,RQ3/RQ4,mcts_eval,stage2,primary,experiments_numeric.architecture_2.counters_mcts,hmrmax-astar,selected:stage2:counters:on:2082152039,,,True,0.5,0.1,,,20,70,3,4g,6,120G,3-00:00:00,21600,rolling+VAL,counters-on-2082152039-stage2-train-primary,preselected dependency checkpoint,planned,
counters-on-1510771779-stage1-train-primary,prospective-ten,1510771779,counters,Counters,on,RQ3/RQ4,train,stage1,primary,experiments_numeric.architecture_2.counters,hadd-gbfs,new_lineage,0.003,1000,True,,,,,,,3,4g,6,48G,1-00:00:00,,,,validation-best; never test-selected,planned,
counters-on-1510771779-stage1-policy_eval-primary,prospective-ten,1510771779,counters,Counters,on,RQ3/RQ4,policy_eval,stage1,primary,experiments_numeric.architecture_2.counters,hadd-gbfs,selected:stage1:counters:on:1510771779,,,True,,,,,,,3,4g,6,20G,04:00:00,,VAL,counters-on-1510771779-stage1-train-primary,preselected dependency checkpoint,planned,
counters-on-1510771779-stage1-mcts_eval-primary,prospective-ten,1510771779,counters,Counters,on,RQ3/RQ4,mcts_eval,stage1,primary,experiments_numeric.architecture_2.counters_mcts,hmrmax-astar,selected:stage1:counters:on:1510771779,,,True,0.5,0.1,,,20,70,3,4g,6,120G,3-00:00:00,21600,rolling+VAL,counters-on-1510771779-stage1-train-primary,preselected dependency checkpoint,planned,
counters-on-1510771779-stage2-train-primary,prospective-ten,1510771779,counters,Counters,on,RQ3/RQ4,train,stage2,primary,experiments_numeric.architecture_2.counters_mcts,hmrmax-astar,selected:stage1:counters:on:1510771779,0.0003,100,True,0.5,0.1,0,30,20,0,3,4g,6,48G,3-00:00:00,,,counters-on-1510771779-stage1-train-primary,validation-best; never test-selected,planned,
counters-on-1510771779-stage2-policy_eval-primary,prospective-ten,1510771779,counters,Counters,on,RQ3/RQ4,policy_eval,stage2,primary,experiments_numeric.architecture_2.counters_mcts,hmrmax-astar,selected:stage2:counters:on:1510771779,,,True,,,,,,,3,4g,6,20G,04:00:00,,VAL,counters-on-1510771779-stage2-train-primary,preselected dependency checkpoint,planned,
counters-on-1510771779-stage2-mcts_eval-primary,prospective-ten,1510771779,counters,Counters,on,RQ3/RQ4,mcts_eval,stage2,primary,experiments_numeric.architecture_2.counters_mcts,hmrmax-astar,selected:stage2:counters:on:1510771779,,,True,0.5,0.1,,,20,70,3,4g,6,120G,3-00:00:00,21600,rolling+VAL,counters-on-1510771779-stage2-train-primary,preselected dependency checkpoint,planned,
counters-on-923500475-stage1-train-primary,prospective-ten,923500475,counters,Counters,on,RQ3/RQ4,train,stage1,primary,experiments_numeric.architecture_2.counters,hadd-gbfs,new_lineage,0.003,1000,True,,,,,,,3,4g,6,48G,1-00:00:00,,,,validation-best; never test-selected,planned,
counters-on-923500475-stage1-policy_eval-primary,prospective-ten,923500475,counters,Counters,on,RQ3/RQ4,policy_eval,stage1,primary,experiments_numeric.architecture_2.counters,hadd-gbfs,selected:stage1:counters:on:923500475,,,True,,,,,,,3,4g,6,20G,04:00:00,,VAL,counters-on-923500475-stage1-train-primary,preselected dependency checkpoint,planned,
counters-on-923500475-stage1-mcts_eval-primary,prospective-ten,923500475,counters,Counters,on,RQ3/RQ4,mcts_eval,stage1,primary,experiments_numeric.architecture_2.counters_mcts,hmrmax-astar,selected:stage1:counters:on:923500475,,,True,0.5,0.1,,,20,70,3,4g,6,120G,3-00:00:00,21600,rolling+VAL,counters-on-923500475-stage1-train-primary,preselected dependency checkpoint,planned,
counters-on-923500475-stage2-train-primary,prospective-ten,923500475,counters,Counters,on,RQ3/RQ4,train,stage2,primary,experiments_numeric.architecture_2.counters_mcts,hmrmax-astar,selected:stage1:counters:on:923500475,0.0003,100,True,0.5,0.1,0,30,20,0,3,4g,6,48G,3-00:00:00,,,counters-on-923500475-stage1-train-primary,validation-best; never test-selected,planned,
counters-on-923500475-stage2-policy_eval-primary,prospective-ten,923500475,counters,Counters,on,RQ3/RQ4,policy_eval,stage2,primary,experiments_numeric.architecture_2.counters_mcts,hmrmax-astar,selected:stage2:counters:on:923500475,,,True,,,,,,,3,4g,6,20G,04:00:00,,VAL,counters-on-923500475-stage2-train-primary,preselected dependency checkpoint,planned,
counters-on-923500475-stage2-mcts_eval-primary,prospective-ten,923500475,counters,Counters,on,RQ3/RQ4,mcts_eval,stage2,primary,experiments_numeric.architecture_2.counters_mcts,hmrmax-astar,selected:stage2:counters:on:923500475,,,True,0.5,0.1,,,20,70,3,4g,6,120G,3-00:00:00,21600,rolling+VAL,counters-on-923500475-stage2-train-primary,preselected dependency checkpoint,planned,
counters-on-1972442430-stage1-train-primary,prospective-ten,1972442430,counters,Counters,on,RQ3/RQ4,train,stage1,primary,experiments_numeric.architecture_2.counters,hadd-gbfs,new_lineage,0.003,1000,True,,,,,,,3,4g,6,48G,1-00:00:00,,,,validation-best; never test-selected,planned,
counters-on-1972442430-stage1-policy_eval-primary,prospective-ten,1972442430,counters,Counters,on,RQ3/RQ4,policy_eval,stage1,primary,experiments_numeric.architecture_2.counters,hadd-gbfs,selected:stage1:counters:on:1972442430,,,True,,,,,,,3,4g,6,20G,04:00:00,,VAL,counters-on-1972442430-stage1-train-primary,preselected dependency checkpoint,planned,
counters-on-1972442430-stage1-mcts_eval-primary,prospective-ten,1972442430,counters,Counters,on,RQ3/RQ4,mcts_eval,stage1,primary,experiments_numeric.architecture_2.counters_mcts,hmrmax-astar,selected:stage1:counters:on:1972442430,,,True,0.5,0.1,,,20,70,3,4g,6,120G,3-00:00:00,21600,rolling+VAL,counters-on-1972442430-stage1-train-primary,preselected dependency checkpoint,planned,
counters-on-1972442430-stage2-train-primary,prospective-ten,1972442430,counters,Counters,on,RQ3/RQ4,train,stage2,primary,experiments_numeric.architecture_2.counters_mcts,hmrmax-astar,selected:stage1:counters:on:1972442430,0.0003,100,True,0.5,0.1,0,30,20,0,3,4g,6,48G,3-00:00:00,,,counters-on-1972442430-stage1-train-primary,validation-best; never test-selected,planned,
counters-on-1972442430-stage2-policy_eval-primary,prospective-ten,1972442430,counters,Counters,on,RQ3/RQ4,policy_eval,stage2,primary,experiments_numeric.architecture_2.counters_mcts,hmrmax-astar,selected:stage2:counters:on:1972442430,,,True,,,,,,,3,4g,6,20G,04:00:00,,VAL,counters-on-1972442430-stage2-train-primary,preselected dependency checkpoint,planned,
counters-on-1972442430-stage2-mcts_eval-primary,prospective-ten,1972442430,counters,Counters,on,RQ3/RQ4,mcts_eval,stage2,primary,experiments_numeric.architecture_2.counters_mcts,hmrmax-astar,selected:stage2:counters:on:1972442430,,,True,0.5,0.1,,,20,70,3,4g,6,120G,3-00:00:00,21600,rolling+VAL,counters-on-1972442430-stage2-train-primary,preselected dependency checkpoint,planned,
