manifest_id,cohort,seed,domain,domain_label,value_head,rq_scope,task_type,stage,variant,architecture,teacher,source_checkpoint_ref,supervised_lr,max_epochs,original_training_set,estimator,puct,tree_sampling,anchor,width,iterations,workers,jpddl_heap,cpus,memory,time_limit,instance_timeout,completion_mode,dependency_ref,checkpoint_selection,status,notes
block_grouping-off-1963100312-stage2-policy_eval-curve_epoch_00,prospective-ten,1963100312,block_grouping,Block Grouping,off,RQ1/RQ2,policy_eval,stage2,curve_epoch_00,experiments_numeric.architecture_2.block_grouping_mcts,hadd-gbfs,epoch:0:stage2:block_grouping:off:1963100312,,,True,,,,,,,3,4g,6,20G,04:00:00,,VAL,block_grouping-off-1963100312-stage2-train-primary,preselected dependency checkpoint,planned,Learning-curve test evaluation; never use for checkpoint selection
block_grouping-off-1963100312-stage2-policy_eval-curve_epoch_05,prospective-ten,1963100312,block_grouping,Block Grouping,off,RQ1/RQ2,policy_eval,stage2,curve_epoch_05,experiments_numeric.architecture_2.block_grouping_mcts,hadd-gbfs,epoch:5:stage2:block_grouping:off:1963100312,,,True,,,,,,,3,4g,6,20G,04:00:00,,VAL,block_grouping-off-1963100312-stage2-train-primary,preselected dependency checkpoint,planned,Learning-curve test evaluation; never use for checkpoint selection
block_grouping-off-1963100312-stage2-policy_eval-curve_epoch_10,prospective-ten,1963100312,block_grouping,Block Grouping,off,RQ1/RQ2,policy_eval,stage2,curve_epoch_10,experiments_numeric.architecture_2.block_grouping_mcts,hadd-gbfs,epoch:10:stage2:block_grouping:off:1963100312,,,True,,,,,,,3,4g,6,20G,04:00:00,,VAL,block_grouping-off-1963100312-stage2-train-primary,preselected dependency checkpoint,planned,Learning-curve test evaluation; never use for checkpoint selection
block_grouping-off-1963100312-stage2-policy_eval-curve_epoch_15,prospective-ten,1963100312,block_grouping,Block Grouping,off,RQ1/RQ2,policy_eval,stage2,curve_epoch_15,experiments_numeric.architecture_2.block_grouping_mcts,hadd-gbfs,epoch:15:stage2:block_grouping:off:1963100312,,,True,,,,,,,3,4g,6,20G,04:00:00,,VAL,block_grouping-off-1963100312-stage2-train-primary,preselected dependency checkpoint,planned,Learning-curve test evaluation; never use for checkpoint selection
block_grouping-off-1963100312-stage2-policy_eval-curve_epoch_20,prospective-ten,1963100312,block_grouping,Block Grouping,off,RQ1/RQ2,policy_eval,stage2,curve_epoch_20,experiments_numeric.architecture_2.block_grouping_mcts,hadd-gbfs,epoch:20:stage2:block_grouping:off:1963100312,,,True,,,,,,,3,4g,6,20G,04:00:00,,VAL,block_grouping-off-1963100312-stage2-train-primary,preselected dependency checkpoint,planned,Learning-curve test evaluation; never use for checkpoint selection
block_grouping-off-1963100312-stage2-policy_eval-curve_epoch_25,prospective-ten,1963100312,block_grouping,Block Grouping,off,RQ1/RQ2,policy_eval,stage2,curve_epoch_25,experiments_numeric.architecture_2.block_grouping_mcts,hadd-gbfs,epoch:25:stage2:block_grouping:off:1963100312,,,True,,,,,,,3,4g,6,20G,04:00:00,,VAL,block_grouping-off-1963100312-stage2-train-primary,preselected dependency checkpoint,planned,Learning-curve test evaluation; never use for checkpoint selection
block_grouping-off-1963100312-stage2-policy_eval-curve_epoch_30,prospective-ten,1963100312,block_grouping,Block Grouping,off,RQ1/RQ2,policy_eval,stage2,curve_epoch_30,experiments_numeric.architecture_2.block_grouping_mcts,hadd-gbfs,epoch:30:stage2:block_grouping:off:1963100312,,,True,,,,,,,3,4g,6,20G,04:00:00,,VAL,block_grouping-off-1963100312-stage2-train-primary,preselected dependency checkpoint,planned,Learning-curve test evaluation; never use for checkpoint selection
block_grouping-off-1963100312-stage2-policy_eval-curve_epoch_35,prospective-ten,1963100312,block_grouping,Block Grouping,off,RQ1/RQ2,policy_eval,stage2,curve_epoch_35,experiments_numeric.architecture_2.block_grouping_mcts,hadd-gbfs,epoch:35:stage2:block_grouping:off:1963100312,,,True,,,,,,,3,4g,6,20G,04:00:00,,VAL,block_grouping-off-1963100312-stage2-train-primary,preselected dependency checkpoint,planned,Learning-curve test evaluation; never use for checkpoint selection
block_grouping-off-1963100312-stage2-policy_eval-curve_epoch_40,prospective-ten,1963100312,block_grouping,Block Grouping,off,RQ1/RQ2,policy_eval,stage2,curve_epoch_40,experiments_numeric.architecture_2.block_grouping_mcts,hadd-gbfs,epoch:40:stage2:block_grouping:off:1963100312,,,True,,,,,,,3,4g,6,20G,04:00:00,,VAL,block_grouping-off-1963100312-stage2-train-primary,preselected dependency checkpoint,planned,Learning-curve test evaluation; never use for checkpoint selection
block_grouping-off-1963100312-stage2-policy_eval-curve_epoch_45,prospective-ten,1963100312,block_grouping,Block Grouping,off,RQ1/RQ2,policy_eval,stage2,curve_epoch_45,experiments_numeric.architecture_2.block_grouping_mcts,hadd-gbfs,epoch:45:stage2:block_grouping:off:1963100312,,,True,,,,,,,3,4g,6,20G,04:00:00,,VAL,block_grouping-off-1963100312-stage2-train-primary,preselected dependency checkpoint,planned,Learning-curve test evaluation; never use for checkpoint selection
block_grouping-off-1963100312-stage2-policy_eval-curve_epoch_50,prospective-ten,1963100312,block_grouping,Block Grouping,off,RQ1/RQ2,policy_eval,stage2,curve_epoch_50,experiments_numeric.architecture_2.block_grouping_mcts,hadd-gbfs,epoch:50:stage2:block_grouping:off:1963100312,,,True,,,,,,,3,4g,6,20G,04:00:00,,VAL,block_grouping-off-1963100312-stage2-train-primary,preselected dependency checkpoint,planned,Learning-curve test evaluation; never use for checkpoint selection
block_grouping-off-1963100312-stage2-policy_eval-curve_epoch_55,prospective-ten,1963100312,block_grouping,Block Grouping,off,RQ1/RQ2,policy_eval,stage2,curve_epoch_55,experiments_numeric.architecture_2.block_grouping_mcts,hadd-gbfs,epoch:55:stage2:block_grouping:off:1963100312,,,True,,,,,,,3,4g,6,20G,04:00:00,,VAL,block_grouping-off-1963100312-stage2-train-primary,preselected dependency checkpoint,planned,Learning-curve test evaluation; never use for checkpoint selection
block_grouping-off-1963100312-stage2-policy_eval-curve_epoch_60,prospective-ten,1963100312,block_grouping,Block Grouping,off,RQ1/RQ2,policy_eval,stage2,curve_epoch_60,experiments_numeric.architecture_2.block_grouping_mcts,hadd-gbfs,epoch:60:stage2:block_grouping:off:1963100312,,,True,,,,,,,3,4g,6,20G,04:00:00,,VAL,block_grouping-off-1963100312-stage2-train-primary,preselected dependency checkpoint,planned,Learning-curve test evaluation; never use for checkpoint selection
block_grouping-off-1963100312-stage2-policy_eval-curve_epoch_65,prospective-ten,1963100312,block_grouping,Block Grouping,off,RQ1/RQ2,policy_eval,stage2,curve_epoch_65,experiments_numeric.architecture_2.block_grouping_mcts,hadd-gbfs,epoch:65:stage2:block_grouping:off:1963100312,,,True,,,,,,,3,4g,6,20G,04:00:00,,VAL,block_grouping-off-1963100312-stage2-train-primary,preselected dependency checkpoint,planned,Learning-curve test evaluation; never use for checkpoint selection
block_grouping-off-1963100312-stage2-policy_eval-curve_epoch_70,prospective-ten,1963100312,block_grouping,Block Grouping,off,RQ1/RQ2,policy_eval,stage2,curve_epoch_70,experiments_numeric.architecture_2.block_grouping_mcts,hadd-gbfs,epoch:70:stage2:block_grouping:off:1963100312,,,True,,,,,,,3,4g,6,20G,04:00:00,,VAL,block_grouping-off-1963100312-stage2-train-primary,preselected dependency checkpoint,planned,Learning-curve test evaluation; never use for checkpoint selection
block_grouping-off-1963100312-stage2-policy_eval-curve_epoch_75,prospective-ten,1963100312,block_grouping,Block Grouping,off,RQ1/RQ2,policy_eval,stage2,curve_epoch_75,experiments_numeric.architecture_2.block_grouping_mcts,hadd-gbfs,epoch:75:stage2:block_grouping:off:1963100312,,,True,,,,,,,3,4g,6,20G,04:00:00,,VAL,block_grouping-off-1963100312-stage2-train-primary,preselected dependency checkpoint,planned,Learning-curve test evaluation; never use for checkpoint selection
block_grouping-off-1963100312-stage2-policy_eval-curve_epoch_80,prospective-ten,1963100312,block_grouping,Block Grouping,off,RQ1/RQ2,policy_eval,stage2,curve_epoch_80,experiments_numeric.architecture_2.block_grouping_mcts,hadd-gbfs,epoch:80:stage2:block_grouping:off:1963100312,,,True,,,,,,,3,4g,6,20G,04:00:00,,VAL,block_grouping-off-1963100312-stage2-train-primary,preselected dependency checkpoint,planned,Learning-curve test evaluation; never use for checkpoint selection
block_grouping-off-1963100312-stage2-policy_eval-curve_epoch_85,prospective-ten,1963100312,block_grouping,Block Grouping,off,RQ1/RQ2,policy_eval,stage2,curve_epoch_85,experiments_numeric.architecture_2.block_grouping_mcts,hadd-gbfs,epoch:85:stage2:block_grouping:off:1963100312,,,True,,,,,,,3,4g,6,20G,04:00:00,,VAL,block_grouping-off-1963100312-stage2-train-primary,preselected dependency checkpoint,planned,Learning-curve test evaluation; never use for checkpoint selection
block_grouping-off-1963100312-stage2-policy_eval-curve_epoch_90,prospective-ten,1963100312,block_grouping,Block Grouping,off,RQ1/RQ2,policy_eval,stage2,curve_epoch_90,experiments_numeric.architecture_2.block_grouping_mcts,hadd-gbfs,epoch:90:stage2:block_grouping:off:1963100312,,,True,,,,,,,3,4g,6,20G,04:00:00,,VAL,block_grouping-off-1963100312-stage2-train-primary,preselected dependency checkpoint,planned,Learning-curve test evaluation; never use for checkpoint selection
block_grouping-off-1963100312-stage2-policy_eval-curve_epoch_95,prospective-ten,1963100312,block_grouping,Block Grouping,off,RQ1/RQ2,policy_eval,stage2,curve_epoch_95,experiments_numeric.architecture_2.block_grouping_mcts,hadd-gbfs,epoch:95:stage2:block_grouping:off:1963100312,,,True,,,,,,,3,4g,6,20G,04:00:00,,VAL,block_grouping-off-1963100312-stage2-train-primary,preselected dependency checkpoint,planned,Learning-curve test evaluation; never use for checkpoint selection
block_grouping-off-1963100312-stage2-policy_eval-curve_epoch_99,prospective-ten,1963100312,block_grouping,Block Grouping,off,RQ1/RQ2,policy_eval,stage2,curve_epoch_99,experiments_numeric.architecture_2.block_grouping_mcts,hadd-gbfs,epoch:99:stage2:block_grouping:off:1963100312,,,True,,,,,,,3,4g,6,20G,04:00:00,,VAL,block_grouping-off-1963100312-stage2-train-primary,preselected dependency checkpoint,planned,Learning-curve test evaluation; never use for checkpoint selection
block_grouping-off-2011206605-stage2-policy_eval-curve_epoch_00,prospective-ten,2011206605,block_grouping,Block Grouping,off,RQ1/RQ2,policy_eval,stage2,curve_epoch_00,experiments_numeric.architecture_2.block_grouping_mcts,hadd-gbfs,epoch:0:stage2:block_grouping:off:2011206605,,,True,,,,,,,3,4g,6,20G,04:00:00,,VAL,block_grouping-off-2011206605-stage2-train-primary,preselected dependency checkpoint,planned,Learning-curve test evaluation; never use for checkpoint selection
block_grouping-off-2011206605-stage2-policy_eval-curve_epoch_05,prospective-ten,2011206605,block_grouping,Block Grouping,off,RQ1/RQ2,policy_eval,stage2,curve_epoch_05,experiments_numeric.architecture_2.block_grouping_mcts,hadd-gbfs,epoch:5:stage2:block_grouping:off:2011206605,,,True,,,,,,,3,4g,6,20G,04:00:00,,VAL,block_grouping-off-2011206605-stage2-train-primary,preselected dependency checkpoint,planned,Learning-curve test evaluation; never use for checkpoint selection
block_grouping-off-2011206605-stage2-policy_eval-curve_epoch_10,prospective-ten,2011206605,block_grouping,Block Grouping,off,RQ1/RQ2,policy_eval,stage2,curve_epoch_10,experiments_numeric.architecture_2.block_grouping_mcts,hadd-gbfs,epoch:10:stage2:block_grouping:off:2011206605,,,True,,,,,,,3,4g,6,20G,04:00:00,,VAL,block_grouping-off-2011206605-stage2-train-primary,preselected dependency checkpoint,planned,Learning-curve test evaluation; never use for checkpoint selection
block_grouping-off-2011206605-stage2-policy_eval-curve_epoch_15,prospective-ten,2011206605,block_grouping,Block Grouping,off,RQ1/RQ2,policy_eval,stage2,curve_epoch_15,experiments_numeric.architecture_2.block_grouping_mcts,hadd-gbfs,epoch:15:stage2:block_grouping:off:2011206605,,,True,,,,,,,3,4g,6,20G,04:00:00,,VAL,block_grouping-off-2011206605-stage2-train-primary,preselected dependency checkpoint,planned,Learning-curve test evaluation; never use for checkpoint selection
block_grouping-off-2011206605-stage2-policy_eval-curve_epoch_20,prospective-ten,2011206605,block_grouping,Block Grouping,off,RQ1/RQ2,policy_eval,stage2,curve_epoch_20,experiments_numeric.architecture_2.block_grouping_mcts,hadd-gbfs,epoch:20:stage2:block_grouping:off:2011206605,,,True,,,,,,,3,4g,6,20G,04:00:00,,VAL,block_grouping-off-2011206605-stage2-train-primary,preselected dependency checkpoint,planned,Learning-curve test evaluation; never use for checkpoint selection
block_grouping-off-2011206605-stage2-policy_eval-curve_epoch_25,prospective-ten,2011206605,block_grouping,Block Grouping,off,RQ1/RQ2,policy_eval,stage2,curve_epoch_25,experiments_numeric.architecture_2.block_grouping_mcts,hadd-gbfs,epoch:25:stage2:block_grouping:off:2011206605,,,True,,,,,,,3,4g,6,20G,04:00:00,,VAL,block_grouping-off-2011206605-stage2-train-primary,preselected dependency checkpoint,planned,Learning-curve test evaluation; never use for checkpoint selection
block_grouping-off-2011206605-stage2-policy_eval-curve_epoch_30,prospective-ten,2011206605,block_grouping,Block Grouping,off,RQ1/RQ2,policy_eval,stage2,curve_epoch_30,experiments_numeric.architecture_2.block_grouping_mcts,hadd-gbfs,epoch:30:stage2:block_grouping:off:2011206605,,,True,,,,,,,3,4g,6,20G,04:00:00,,VAL,block_grouping-off-2011206605-stage2-train-primary,preselected dependency checkpoint,planned,Learning-curve test evaluation; never use for checkpoint selection
block_grouping-off-2011206605-stage2-policy_eval-curve_epoch_35,prospective-ten,2011206605,block_grouping,Block Grouping,off,RQ1/RQ2,policy_eval,stage2,curve_epoch_35,experiments_numeric.architecture_2.block_grouping_mcts,hadd-gbfs,epoch:35:stage2:block_grouping:off:2011206605,,,True,,,,,,,3,4g,6,20G,04:00:00,,VAL,block_grouping-off-2011206605-stage2-train-primary,preselected dependency checkpoint,planned,Learning-curve test evaluation; never use for checkpoint selection
block_grouping-off-2011206605-stage2-policy_eval-curve_epoch_40,prospective-ten,2011206605,block_grouping,Block Grouping,off,RQ1/RQ2,policy_eval,stage2,curve_epoch_40,experiments_numeric.architecture_2.block_grouping_mcts,hadd-gbfs,epoch:40:stage2:block_grouping:off:2011206605,,,True,,,,,,,3,4g,6,20G,04:00:00,,VAL,block_grouping-off-2011206605-stage2-train-primary,preselected dependency checkpoint,planned,Learning-curve test evaluation; never use for checkpoint selection
block_grouping-off-2011206605-stage2-policy_eval-curve_epoch_45,prospective-ten,2011206605,block_grouping,Block Grouping,off,RQ1/RQ2,policy_eval,stage2,curve_epoch_45,experiments_numeric.architecture_2.block_grouping_mcts,hadd-gbfs,epoch:45:stage2:block_grouping:off:2011206605,,,True,,,,,,,3,4g,6,20G,04:00:00,,VAL,block_grouping-off-2011206605-stage2-train-primary,preselected dependency checkpoint,planned,Learning-curve test evaluation; never use for checkpoint selection
block_grouping-off-2011206605-stage2-policy_eval-curve_epoch_50,prospective-ten,2011206605,block_grouping,Block Grouping,off,RQ1/RQ2,policy_eval,stage2,curve_epoch_50,experiments_numeric.architecture_2.block_grouping_mcts,hadd-gbfs,epoch:50:stage2:block_grouping:off:2011206605,,,True,,,,,,,3,4g,6,20G,04:00:00,,VAL,block_grouping-off-2011206605-stage2-train-primary,preselected dependency checkpoint,planned,Learning-curve test evaluation; never use for checkpoint selection
block_grouping-off-2011206605-stage2-policy_eval-curve_epoch_55,prospective-ten,2011206605,block_grouping,Block Grouping,off,RQ1/RQ2,policy_eval,stage2,curve_epoch_55,experiments_numeric.architecture_2.block_grouping_mcts,hadd-gbfs,epoch:55:stage2:block_grouping:off:2011206605,,,True,,,,,,,3,4g,6,20G,04:00:00,,VAL,block_grouping-off-2011206605-stage2-train-primary,preselected dependency checkpoint,planned,Learning-curve test evaluation; never use for checkpoint selection
block_grouping-off-2011206605-stage2-policy_eval-curve_epoch_60,prospective-ten,2011206605,block_grouping,Block Grouping,off,RQ1/RQ2,policy_eval,stage2,curve_epoch_60,experiments_numeric.architecture_2.block_grouping_mcts,hadd-gbfs,epoch:60:stage2:block_grouping:off:2011206605,,,True,,,,,,,3,4g,6,20G,04:00:00,,VAL,block_grouping-off-2011206605-stage2-train-primary,preselected dependency checkpoint,planned,Learning-curve test evaluation; never use for checkpoint selection
block_grouping-off-2011206605-stage2-policy_eval-curve_epoch_65,prospective-ten,2011206605,block_grouping,Block Grouping,off,RQ1/RQ2,policy_eval,stage2,curve_epoch_65,experiments_numeric.architecture_2.block_grouping_mcts,hadd-gbfs,epoch:65:stage2:block_grouping:off:2011206605,,,True,,,,,,,3,4g,6,20G,04:00:00,,VAL,block_grouping-off-2011206605-stage2-train-primary,preselected dependency checkpoint,planned,Learning-curve test evaluation; never use for checkpoint selection
block_grouping-off-2011206605-stage2-policy_eval-curve_epoch_70,prospective-ten,2011206605,block_grouping,Block Grouping,off,RQ1/RQ2,policy_eval,stage2,curve_epoch_70,experiments_numeric.architecture_2.block_grouping_mcts,hadd-gbfs,epoch:70:stage2:block_grouping:off:2011206605,,,True,,,,,,,3,4g,6,20G,04:00:00,,VAL,block_grouping-off-2011206605-stage2-train-primary,preselected dependency checkpoint,planned,Learning-curve test evaluation; never use for checkpoint selection
block_grouping-off-2011206605-stage2-policy_eval-curve_epoch_75,prospective-ten,2011206605,block_grouping,Block Grouping,off,RQ1/RQ2,policy_eval,stage2,curve_epoch_75,experiments_numeric.architecture_2.block_grouping_mcts,hadd-gbfs,epoch:75:stage2:block_grouping:off:2011206605,,,True,,,,,,,3,4g,6,20G,04:00:00,,VAL,block_grouping-off-2011206605-stage2-train-primary,preselected dependency checkpoint,planned,Learning-curve test evaluation; never use for checkpoint selection
block_grouping-off-2011206605-stage2-policy_eval-curve_epoch_80,prospective-ten,2011206605,block_grouping,Block Grouping,off,RQ1/RQ2,policy_eval,stage2,curve_epoch_80,experiments_numeric.architecture_2.block_grouping_mcts,hadd-gbfs,epoch:80:stage2:block_grouping:off:2011206605,,,True,,,,,,,3,4g,6,20G,04:00:00,,VAL,block_grouping-off-2011206605-stage2-train-primary,preselected dependency checkpoint,planned,Learning-curve test evaluation; never use for checkpoint selection
block_grouping-off-2011206605-stage2-policy_eval-curve_epoch_85,prospective-ten,2011206605,block_grouping,Block Grouping,off,RQ1/RQ2,policy_eval,stage2,curve_epoch_85,experiments_numeric.architecture_2.block_grouping_mcts,hadd-gbfs,epoch:85:stage2:block_grouping:off:2011206605,,,True,,,,,,,3,4g,6,20G,04:00:00,,VAL,block_grouping-off-2011206605-stage2-train-primary,preselected dependency checkpoint,planned,Learning-curve test evaluation; never use for checkpoint selection
block_grouping-off-2011206605-stage2-policy_eval-curve_epoch_90,prospective-ten,2011206605,block_grouping,Block Grouping,off,RQ1/RQ2,policy_eval,stage2,curve_epoch_90,experiments_numeric.architecture_2.block_grouping_mcts,hadd-gbfs,epoch:90:stage2:block_grouping:off:2011206605,,,True,,,,,,,3,4g,6,20G,04:00:00,,VAL,block_grouping-off-2011206605-stage2-train-primary,preselected dependency checkpoint,planned,Learning-curve test evaluation; never use for checkpoint selection
block_grouping-off-2011206605-stage2-policy_eval-curve_epoch_95,prospective-ten,2011206605,block_grouping,Block Grouping,off,RQ1/RQ2,policy_eval,stage2,curve_epoch_95,experiments_numeric.architecture_2.block_grouping_mcts,hadd-gbfs,epoch:95:stage2:block_grouping:off:2011206605,,,True,,,,,,,3,4g,6,20G,04:00:00,,VAL,block_grouping-off-2011206605-stage2-train-primary,preselected dependency checkpoint,planned,Learning-curve test evaluation; never use for checkpoint selection
block_grouping-off-2011206605-stage2-policy_eval-curve_epoch_99,prospective-ten,2011206605,block_grouping,Block Grouping,off,RQ1/RQ2,policy_eval,stage2,curve_epoch_99,experiments_numeric.architecture_2.block_grouping_mcts,hadd-gbfs,epoch:99:stage2:block_grouping:off:2011206605,,,True,,,,,,,3,4g,6,20G,04:00:00,,VAL,block_grouping-off-2011206605-stage2-train-primary,preselected dependency checkpoint,planned,Learning-curve test evaluation; never use for checkpoint selection
block_grouping-off-1073581256-stage2-policy_eval-curve_epoch_00,prospective-ten,1073581256,block_grouping,Block Grouping,off,RQ1/RQ2,policy_eval,stage2,curve_epoch_00,experiments_numeric.architecture_2.block_grouping_mcts,hadd-gbfs,epoch:0:stage2:block_grouping:off:1073581256,,,True,,,,,,,3,4g,6,20G,04:00:00,,VAL,block_grouping-off-1073581256-stage2-train-primary,preselected dependency checkpoint,planned,Learning-curve test evaluation; never use for checkpoint selection
block_grouping-off-1073581256-stage2-policy_eval-curve_epoch_05,prospective-ten,1073581256,block_grouping,Block Grouping,off,RQ1/RQ2,policy_eval,stage2,curve_epoch_05,experiments_numeric.architecture_2.block_grouping_mcts,hadd-gbfs,epoch:5:stage2:block_grouping:off:1073581256,,,True,,,,,,,3,4g,6,20G,04:00:00,,VAL,block_grouping-off-1073581256-stage2-train-primary,preselected dependency checkpoint,planned,Learning-curve test evaluation; never use for checkpoint selection
block_grouping-off-1073581256-stage2-policy_eval-curve_epoch_10,prospective-ten,1073581256,block_grouping,Block Grouping,off,RQ1/RQ2,policy_eval,stage2,curve_epoch_10,experiments_numeric.architecture_2.block_grouping_mcts,hadd-gbfs,epoch:10:stage2:block_grouping:off:1073581256,,,True,,,,,,,3,4g,6,20G,04:00:00,,VAL,block_grouping-off-1073581256-stage2-train-primary,preselected dependency checkpoint,planned,Learning-curve test evaluation; never use for checkpoint selection
block_grouping-off-1073581256-stage2-policy_eval-curve_epoch_15,prospective-ten,1073581256,block_grouping,Block Grouping,off,RQ1/RQ2,policy_eval,stage2,curve_epoch_15,experiments_numeric.architecture_2.block_grouping_mcts,hadd-gbfs,epoch:15:stage2:block_grouping:off:1073581256,,,True,,,,,,,3,4g,6,20G,04:00:00,,VAL,block_grouping-off-1073581256-stage2-train-primary,preselected dependency checkpoint,planned,Learning-curve test evaluation; never use for checkpoint selection
block_grouping-off-1073581256-stage2-policy_eval-curve_epoch_20,prospective-ten,1073581256,block_grouping,Block Grouping,off,RQ1/RQ2,policy_eval,stage2,curve_epoch_20,experiments_numeric.architecture_2.block_grouping_mcts,hadd-gbfs,epoch:20:stage2:block_grouping:off:1073581256,,,True,,,,,,,3,4g,6,20G,04:00:00,,VAL,block_grouping-off-1073581256-stage2-train-primary,preselected dependency checkpoint,planned,Learning-curve test evaluation; never use for checkpoint selection
block_grouping-off-1073581256-stage2-policy_eval-curve_epoch_25,prospective-ten,1073581256,block_grouping,Block Grouping,off,RQ1/RQ2,policy_eval,stage2,curve_epoch_25,experiments_numeric.architecture_2.block_grouping_mcts,hadd-gbfs,epoch:25:stage2:block_grouping:off:1073581256,,,True,,,,,,,3,4g,6,20G,04:00:00,,VAL,block_grouping-off-1073581256-stage2-train-primary,preselected dependency checkpoint,planned,Learning-curve test evaluation; never use for checkpoint selection
block_grouping-off-1073581256-stage2-policy_eval-curve_epoch_30,prospective-ten,1073581256,block_grouping,Block Grouping,off,RQ1/RQ2,policy_eval,stage2,curve_epoch_30,experiments_numeric.architecture_2.block_grouping_mcts,hadd-gbfs,epoch:30:stage2:block_grouping:off:1073581256,,,True,,,,,,,3,4g,6,20G,04:00:00,,VAL,block_grouping-off-1073581256-stage2-train-primary,preselected dependency checkpoint,planned,Learning-curve test evaluation; never use for checkpoint selection
block_grouping-off-1073581256-stage2-policy_eval-curve_epoch_35,prospective-ten,1073581256,block_grouping,Block Grouping,off,RQ1/RQ2,policy_eval,stage2,curve_epoch_35,experiments_numeric.architecture_2.block_grouping_mcts,hadd-gbfs,epoch:35:stage2:block_grouping:off:1073581256,,,True,,,,,,,3,4g,6,20G,04:00:00,,VAL,block_grouping-off-1073581256-stage2-train-primary,preselected dependency checkpoint,planned,Learning-curve test evaluation; never use for checkpoint selection
block_grouping-off-1073581256-stage2-policy_eval-curve_epoch_40,prospective-ten,1073581256,block_grouping,Block Grouping,off,RQ1/RQ2,policy_eval,stage2,curve_epoch_40,experiments_numeric.architecture_2.block_grouping_mcts,hadd-gbfs,epoch:40:stage2:block_grouping:off:1073581256,,,True,,,,,,,3,4g,6,20G,04:00:00,,VAL,block_grouping-off-1073581256-stage2-train-primary,preselected dependency checkpoint,planned,Learning-curve test evaluation; never use for checkpoint selection
block_grouping-off-1073581256-stage2-policy_eval-curve_epoch_45,prospective-ten,1073581256,block_grouping,Block Grouping,off,RQ1/RQ2,policy_eval,stage2,curve_epoch_45,experiments_numeric.architecture_2.block_grouping_mcts,hadd-gbfs,epoch:45:stage2:block_grouping:off:1073581256,,,True,,,,,,,3,4g,6,20G,04:00:00,,VAL,block_grouping-off-1073581256-stage2-train-primary,preselected dependency checkpoint,planned,Learning-curve test evaluation; never use for checkpoint selection
block_grouping-off-1073581256-stage2-policy_eval-curve_epoch_50,prospective-ten,1073581256,block_grouping,Block Grouping,off,RQ1/RQ2,policy_eval,stage2,curve_epoch_50,experiments_numeric.architecture_2.block_grouping_mcts,hadd-gbfs,epoch:50:stage2:block_grouping:off:1073581256,,,True,,,,,,,3,4g,6,20G,04:00:00,,VAL,block_grouping-off-1073581256-stage2-train-primary,preselected dependency checkpoint,planned,Learning-curve test evaluation; never use for checkpoint selection
block_grouping-off-1073581256-stage2-policy_eval-curve_epoch_55,prospective-ten,1073581256,block_grouping,Block Grouping,off,RQ1/RQ2,policy_eval,stage2,curve_epoch_55,experiments_numeric.architecture_2.block_grouping_mcts,hadd-gbfs,epoch:55:stage2:block_grouping:off:1073581256,,,True,,,,,,,3,4g,6,20G,04:00:00,,VAL,block_grouping-off-1073581256-stage2-train-primary,preselected dependency checkpoint,planned,Learning-curve test evaluation; never use for checkpoint selection
block_grouping-off-1073581256-stage2-policy_eval-curve_epoch_60,prospective-ten,1073581256,block_grouping,Block Grouping,off,RQ1/RQ2,policy_eval,stage2,curve_epoch_60,experiments_numeric.architecture_2.block_grouping_mcts,hadd-gbfs,epoch:60:stage2:block_grouping:off:1073581256,,,True,,,,,,,3,4g,6,20G,04:00:00,,VAL,block_grouping-off-1073581256-stage2-train-primary,preselected dependency checkpoint,planned,Learning-curve test evaluation; never use for checkpoint selection
block_grouping-off-1073581256-stage2-policy_eval-curve_epoch_65,prospective-ten,1073581256,block_grouping,Block Grouping,off,RQ1/RQ2,policy_eval,stage2,curve_epoch_65,experiments_numeric.architecture_2.block_grouping_mcts,hadd-gbfs,epoch:65:stage2:block_grouping:off:1073581256,,,True,,,,,,,3,4g,6,20G,04:00:00,,VAL,block_grouping-off-1073581256-stage2-train-primary,preselected dependency checkpoint,planned,Learning-curve test evaluation; never use for checkpoint selection
block_grouping-off-1073581256-stage2-policy_eval-curve_epoch_70,prospective-ten,1073581256,block_grouping,Block Grouping,off,RQ1/RQ2,policy_eval,stage2,curve_epoch_70,experiments_numeric.architecture_2.block_grouping_mcts,hadd-gbfs,epoch:70:stage2:block_grouping:off:1073581256,,,True,,,,,,,3,4g,6,20G,04:00:00,,VAL,block_grouping-off-1073581256-stage2-train-primary,preselected dependency checkpoint,planned,Learning-curve test evaluation; never use for checkpoint selection
block_grouping-off-1073581256-stage2-policy_eval-curve_epoch_75,prospective-ten,1073581256,block_grouping,Block Grouping,off,RQ1/RQ2,policy_eval,stage2,curve_epoch_75,experiments_numeric.architecture_2.block_grouping_mcts,hadd-gbfs,epoch:75:stage2:block_grouping:off:1073581256,,,True,,,,,,,3,4g,6,20G,04:00:00,,VAL,block_grouping-off-1073581256-stage2-train-primary,preselected dependency checkpoint,planned,Learning-curve test evaluation; never use for checkpoint selection
block_grouping-off-1073581256-stage2-policy_eval-curve_epoch_80,prospective-ten,1073581256,block_grouping,Block Grouping,off,RQ1/RQ2,policy_eval,stage2,curve_epoch_80,experiments_numeric.architecture_2.block_grouping_mcts,hadd-gbfs,epoch:80:stage2:block_grouping:off:1073581256,,,True,,,,,,,3,4g,6,20G,04:00:00,,VAL,block_grouping-off-1073581256-stage2-train-primary,preselected dependency checkpoint,planned,Learning-curve test evaluation; never use for checkpoint selection
block_grouping-off-1073581256-stage2-policy_eval-curve_epoch_85,prospective-ten,1073581256,block_grouping,Block Grouping,off,RQ1/RQ2,policy_eval,stage2,curve_epoch_85,experiments_numeric.architecture_2.block_grouping_mcts,hadd-gbfs,epoch:85:stage2:block_grouping:off:1073581256,,,True,,,,,,,3,4g,6,20G,04:00:00,,VAL,block_grouping-off-1073581256-stage2-train-primary,preselected dependency checkpoint,planned,Learning-curve test evaluation; never use for checkpoint selection
block_grouping-off-1073581256-stage2-policy_eval-curve_epoch_90,prospective-ten,1073581256,block_grouping,Block Grouping,off,RQ1/RQ2,policy_eval,stage2,curve_epoch_90,experiments_numeric.architecture_2.block_grouping_mcts,hadd-gbfs,epoch:90:stage2:block_grouping:off:1073581256,,,True,,,,,,,3,4g,6,20G,04:00:00,,VAL,block_grouping-off-1073581256-stage2-train-primary,preselected dependency checkpoint,planned,Learning-curve test evaluation; never use for checkpoint selection
block_grouping-off-1073581256-stage2-policy_eval-curve_epoch_95,prospective-ten,1073581256,block_grouping,Block Grouping,off,RQ1/RQ2,policy_eval,stage2,curve_epoch_95,experiments_numeric.architecture_2.block_grouping_mcts,hadd-gbfs,epoch:95:stage2:block_grouping:off:1073581256,,,True,,,,,,,3,4g,6,20G,04:00:00,,VAL,block_grouping-off-1073581256-stage2-train-primary,preselected dependency checkpoint,planned,Learning-curve test evaluation; never use for checkpoint selection
block_grouping-off-1073581256-stage2-policy_eval-curve_epoch_99,prospective-ten,1073581256,block_grouping,Block Grouping,off,RQ1/RQ2,policy_eval,stage2,curve_epoch_99,experiments_numeric.architecture_2.block_grouping_mcts,hadd-gbfs,epoch:99:stage2:block_grouping:off:1073581256,,,True,,,,,,,3,4g,6,20G,04:00:00,,VAL,block_grouping-off-1073581256-stage2-train-primary,preselected dependency checkpoint,planned,Learning-curve test evaluation; never use for checkpoint selection
block_grouping-off-1239739722-stage2-policy_eval-curve_epoch_00,prospective-ten,1239739722,block_grouping,Block Grouping,off,RQ1/RQ2,policy_eval,stage2,curve_epoch_00,experiments_numeric.architecture_2.block_grouping_mcts,hadd-gbfs,epoch:0:stage2:block_grouping:off:1239739722,,,True,,,,,,,3,4g,6,20G,04:00:00,,VAL,block_grouping-off-1239739722-stage2-train-primary,preselected dependency checkpoint,planned,Learning-curve test evaluation; never use for checkpoint selection
block_grouping-off-1239739722-stage2-policy_eval-curve_epoch_05,prospective-ten,1239739722,block_grouping,Block Grouping,off,RQ1/RQ2,policy_eval,stage2,curve_epoch_05,experiments_numeric.architecture_2.block_grouping_mcts,hadd-gbfs,epoch:5:stage2:block_grouping:off:1239739722,,,True,,,,,,,3,4g,6,20G,04:00:00,,VAL,block_grouping-off-1239739722-stage2-train-primary,preselected dependency checkpoint,planned,Learning-curve test evaluation; never use for checkpoint selection
block_grouping-off-1239739722-stage2-policy_eval-curve_epoch_10,prospective-ten,1239739722,block_grouping,Block Grouping,off,RQ1/RQ2,policy_eval,stage2,curve_epoch_10,experiments_numeric.architecture_2.block_grouping_mcts,hadd-gbfs,epoch:10:stage2:block_grouping:off:1239739722,,,True,,,,,,,3,4g,6,20G,04:00:00,,VAL,block_grouping-off-1239739722-stage2-train-primary,preselected dependency checkpoint,planned,Learning-curve test evaluation; never use for checkpoint selection
block_grouping-off-1239739722-stage2-policy_eval-curve_epoch_15,prospective-ten,1239739722,block_grouping,Block Grouping,off,RQ1/RQ2,policy_eval,stage2,curve_epoch_15,experiments_numeric.architecture_2.block_grouping_mcts,hadd-gbfs,epoch:15:stage2:block_grouping:off:1239739722,,,True,,,,,,,3,4g,6,20G,04:00:00,,VAL,block_grouping-off-1239739722-stage2-train-primary,preselected dependency checkpoint,planned,Learning-curve test evaluation; never use for checkpoint selection
block_grouping-off-1239739722-stage2-policy_eval-curve_epoch_20,prospective-ten,1239739722,block_grouping,Block Grouping,off,RQ1/RQ2,policy_eval,stage2,curve_epoch_20,experiments_numeric.architecture_2.block_grouping_mcts,hadd-gbfs,epoch:20:stage2:block_grouping:off:1239739722,,,True,,,,,,,3,4g,6,20G,04:00:00,,VAL,block_grouping-off-1239739722-stage2-train-primary,preselected dependency checkpoint,planned,Learning-curve test evaluation; never use for checkpoint selection
block_grouping-off-1239739722-stage2-policy_eval-curve_epoch_25,prospective-ten,1239739722,block_grouping,Block Grouping,off,RQ1/RQ2,policy_eval,stage2,curve_epoch_25,experiments_numeric.architecture_2.block_grouping_mcts,hadd-gbfs,epoch:25:stage2:block_grouping:off:1239739722,,,True,,,,,,,3,4g,6,20G,04:00:00,,VAL,block_grouping-off-1239739722-stage2-train-primary,preselected dependency checkpoint,planned,Learning-curve test evaluation; never use for checkpoint selection
block_grouping-off-1239739722-stage2-policy_eval-curve_epoch_30,prospective-ten,1239739722,block_grouping,Block Grouping,off,RQ1/RQ2,policy_eval,stage2,curve_epoch_30,experiments_numeric.architecture_2.block_grouping_mcts,hadd-gbfs,epoch:30:stage2:block_grouping:off:1239739722,,,True,,,,,,,3,4g,6,20G,04:00:00,,VAL,block_grouping-off-1239739722-stage2-train-primary,preselected dependency checkpoint,planned,Learning-curve test evaluation; never use for checkpoint selection
block_grouping-off-1239739722-stage2-policy_eval-curve_epoch_35,prospective-ten,1239739722,block_grouping,Block Grouping,off,RQ1/RQ2,policy_eval,stage2,curve_epoch_35,experiments_numeric.architecture_2.block_grouping_mcts,hadd-gbfs,epoch:35:stage2:block_grouping:off:1239739722,,,True,,,,,,,3,4g,6,20G,04:00:00,,VAL,block_grouping-off-1239739722-stage2-train-primary,preselected dependency checkpoint,planned,Learning-curve test evaluation; never use for checkpoint selection
block_grouping-off-1239739722-stage2-policy_eval-curve_epoch_40,prospective-ten,1239739722,block_grouping,Block Grouping,off,RQ1/RQ2,policy_eval,stage2,curve_epoch_40,experiments_numeric.architecture_2.block_grouping_mcts,hadd-gbfs,epoch:40:stage2:block_grouping:off:1239739722,,,True,,,,,,,3,4g,6,20G,04:00:00,,VAL,block_grouping-off-1239739722-stage2-train-primary,preselected dependency checkpoint,planned,Learning-curve test evaluation; never use for checkpoint selection
block_grouping-off-1239739722-stage2-policy_eval-curve_epoch_45,prospective-ten,1239739722,block_grouping,Block Grouping,off,RQ1/RQ2,policy_eval,stage2,curve_epoch_45,experiments_numeric.architecture_2.block_grouping_mcts,hadd-gbfs,epoch:45:stage2:block_grouping:off:1239739722,,,True,,,,,,,3,4g,6,20G,04:00:00,,VAL,block_grouping-off-1239739722-stage2-train-primary,preselected dependency checkpoint,planned,Learning-curve test evaluation; never use for checkpoint selection
block_grouping-off-1239739722-stage2-policy_eval-curve_epoch_50,prospective-ten,1239739722,block_grouping,Block Grouping,off,RQ1/RQ2,policy_eval,stage2,curve_epoch_50,experiments_numeric.architecture_2.block_grouping_mcts,hadd-gbfs,epoch:50:stage2:block_grouping:off:1239739722,,,True,,,,,,,3,4g,6,20G,04:00:00,,VAL,block_grouping-off-1239739722-stage2-train-primary,preselected dependency checkpoint,planned,Learning-curve test evaluation; never use for checkpoint selection
block_grouping-off-1239739722-stage2-policy_eval-curve_epoch_55,prospective-ten,1239739722,block_grouping,Block Grouping,off,RQ1/RQ2,policy_eval,stage2,curve_epoch_55,experiments_numeric.architecture_2.block_grouping_mcts,hadd-gbfs,epoch:55:stage2:block_grouping:off:1239739722,,,True,,,,,,,3,4g,6,20G,04:00:00,,VAL,block_grouping-off-1239739722-stage2-train-primary,preselected dependency checkpoint,planned,Learning-curve test evaluation; never use for checkpoint selection
block_grouping-off-1239739722-stage2-policy_eval-curve_epoch_60,prospective-ten,1239739722,block_grouping,Block Grouping,off,RQ1/RQ2,policy_eval,stage2,curve_epoch_60,experiments_numeric.architecture_2.block_grouping_mcts,hadd-gbfs,epoch:60:stage2:block_grouping:off:1239739722,,,True,,,,,,,3,4g,6,20G,04:00:00,,VAL,block_grouping-off-1239739722-stage2-train-primary,preselected dependency checkpoint,planned,Learning-curve test evaluation; never use for checkpoint selection
block_grouping-off-1239739722-stage2-policy_eval-curve_epoch_65,prospective-ten,1239739722,block_grouping,Block Grouping,off,RQ1/RQ2,policy_eval,stage2,curve_epoch_65,experiments_numeric.architecture_2.block_grouping_mcts,hadd-gbfs,epoch:65:stage2:block_grouping:off:1239739722,,,True,,,,,,,3,4g,6,20G,04:00:00,,VAL,block_grouping-off-1239739722-stage2-train-primary,preselected dependency checkpoint,planned,Learning-curve test evaluation; never use for checkpoint selection
block_grouping-off-1239739722-stage2-policy_eval-curve_epoch_70,prospective-ten,1239739722,block_grouping,Block Grouping,off,RQ1/RQ2,policy_eval,stage2,curve_epoch_70,experiments_numeric.architecture_2.block_grouping_mcts,hadd-gbfs,epoch:70:stage2:block_grouping:off:1239739722,,,True,,,,,,,3,4g,6,20G,04:00:00,,VAL,block_grouping-off-1239739722-stage2-train-primary,preselected dependency checkpoint,planned,Learning-curve test evaluation; never use for checkpoint selection
block_grouping-off-1239739722-stage2-policy_eval-curve_epoch_75,prospective-ten,1239739722,block_grouping,Block Grouping,off,RQ1/RQ2,policy_eval,stage2,curve_epoch_75,experiments_numeric.architecture_2.block_grouping_mcts,hadd-gbfs,epoch:75:stage2:block_grouping:off:1239739722,,,True,,,,,,,3,4g,6,20G,04:00:00,,VAL,block_grouping-off-1239739722-stage2-train-primary,preselected dependency checkpoint,planned,Learning-curve test evaluation; never use for checkpoint selection
block_grouping-off-1239739722-stage2-policy_eval-curve_epoch_80,prospective-ten,1239739722,block_grouping,Block Grouping,off,RQ1/RQ2,policy_eval,stage2,curve_epoch_80,experiments_numeric.architecture_2.block_grouping_mcts,hadd-gbfs,epoch:80:stage2:block_grouping:off:1239739722,,,True,,,,,,,3,4g,6,20G,04:00:00,,VAL,block_grouping-off-1239739722-stage2-train-primary,preselected dependency checkpoint,planned,Learning-curve test evaluation; never use for checkpoint selection
block_grouping-off-1239739722-stage2-policy_eval-curve_epoch_85,prospective-ten,1239739722,block_grouping,Block Grouping,off,RQ1/RQ2,policy_eval,stage2,curve_epoch_85,experiments_numeric.architecture_2.block_grouping_mcts,hadd-gbfs,epoch:85:stage2:block_grouping:off:1239739722,,,True,,,,,,,3,4g,6,20G,04:00:00,,VAL,block_grouping-off-1239739722-stage2-train-primary,preselected dependency checkpoint,planned,Learning-curve test evaluation; never use for checkpoint selection
block_grouping-off-1239739722-stage2-policy_eval-curve_epoch_90,prospective-ten,1239739722,block_grouping,Block Grouping,off,RQ1/RQ2,policy_eval,stage2,curve_epoch_90,experiments_numeric.architecture_2.block_grouping_mcts,hadd-gbfs,epoch:90:stage2:block_grouping:off:1239739722,,,True,,,,,,,3,4g,6,20G,04:00:00,,VAL,block_grouping-off-1239739722-stage2-train-primary,preselected dependency checkpoint,planned,Learning-curve test evaluation; never use for checkpoint selection
block_grouping-off-1239739722-stage2-policy_eval-curve_epoch_95,prospective-ten,1239739722,block_grouping,Block Grouping,off,RQ1/RQ2,policy_eval,stage2,curve_epoch_95,experiments_numeric.architecture_2.block_grouping_mcts,hadd-gbfs,epoch:95:stage2:block_grouping:off:1239739722,,,True,,,,,,,3,4g,6,20G,04:00:00,,VAL,block_grouping-off-1239739722-stage2-train-primary,preselected dependency checkpoint,planned,Learning-curve test evaluation; never use for checkpoint selection
block_grouping-off-1239739722-stage2-policy_eval-curve_epoch_99,prospective-ten,1239739722,block_grouping,Block Grouping,off,RQ1/RQ2,policy_eval,stage2,curve_epoch_99,experiments_numeric.architecture_2.block_grouping_mcts,hadd-gbfs,epoch:99:stage2:block_grouping:off:1239739722,,,True,,,,,,,3,4g,6,20G,04:00:00,,VAL,block_grouping-off-1239739722-stage2-train-primary,preselected dependency checkpoint,planned,Learning-curve test evaluation; never use for checkpoint selection
block_grouping-off-1472491096-stage2-policy_eval-curve_epoch_00,prospective-ten,1472491096,block_grouping,Block Grouping,off,RQ1/RQ2,policy_eval,stage2,curve_epoch_00,experiments_numeric.architecture_2.block_grouping_mcts,hadd-gbfs,epoch:0:stage2:block_grouping:off:1472491096,,,True,,,,,,,3,4g,6,20G,04:00:00,,VAL,block_grouping-off-1472491096-stage2-train-primary,preselected dependency checkpoint,planned,Learning-curve test evaluation; never use for checkpoint selection
block_grouping-off-1472491096-stage2-policy_eval-curve_epoch_05,prospective-ten,1472491096,block_grouping,Block Grouping,off,RQ1/RQ2,policy_eval,stage2,curve_epoch_05,experiments_numeric.architecture_2.block_grouping_mcts,hadd-gbfs,epoch:5:stage2:block_grouping:off:1472491096,,,True,,,,,,,3,4g,6,20G,04:00:00,,VAL,block_grouping-off-1472491096-stage2-train-primary,preselected dependency checkpoint,planned,Learning-curve test evaluation; never use for checkpoint selection
block_grouping-off-1472491096-stage2-policy_eval-curve_epoch_10,prospective-ten,1472491096,block_grouping,Block Grouping,off,RQ1/RQ2,policy_eval,stage2,curve_epoch_10,experiments_numeric.architecture_2.block_grouping_mcts,hadd-gbfs,epoch:10:stage2:block_grouping:off:1472491096,,,True,,,,,,,3,4g,6,20G,04:00:00,,VAL,block_grouping-off-1472491096-stage2-train-primary,preselected dependency checkpoint,planned,Learning-curve test evaluation; never use for checkpoint selection
block_grouping-off-1472491096-stage2-policy_eval-curve_epoch_15,prospective-ten,1472491096,block_grouping,Block Grouping,off,RQ1/RQ2,policy_eval,stage2,curve_epoch_15,experiments_numeric.architecture_2.block_grouping_mcts,hadd-gbfs,epoch:15:stage2:block_grouping:off:1472491096,,,True,,,,,,,3,4g,6,20G,04:00:00,,VAL,block_grouping-off-1472491096-stage2-train-primary,preselected dependency checkpoint,planned,Learning-curve test evaluation; never use for checkpoint selection
block_grouping-off-1472491096-stage2-policy_eval-curve_epoch_20,prospective-ten,1472491096,block_grouping,Block Grouping,off,RQ1/RQ2,policy_eval,stage2,curve_epoch_20,experiments_numeric.architecture_2.block_grouping_mcts,hadd-gbfs,epoch:20:stage2:block_grouping:off:1472491096,,,True,,,,,,,3,4g,6,20G,04:00:00,,VAL,block_grouping-off-1472491096-stage2-train-primary,preselected dependency checkpoint,planned,Learning-curve test evaluation; never use for checkpoint selection
block_grouping-off-1472491096-stage2-policy_eval-curve_epoch_25,prospective-ten,1472491096,block_grouping,Block Grouping,off,RQ1/RQ2,policy_eval,stage2,curve_epoch_25,experiments_numeric.architecture_2.block_grouping_mcts,hadd-gbfs,epoch:25:stage2:block_grouping:off:1472491096,,,True,,,,,,,3,4g,6,20G,04:00:00,,VAL,block_grouping-off-1472491096-stage2-train-primary,preselected dependency checkpoint,planned,Learning-curve test evaluation; never use for checkpoint selection
block_grouping-off-1472491096-stage2-policy_eval-curve_epoch_30,prospective-ten,1472491096,block_grouping,Block Grouping,off,RQ1/RQ2,policy_eval,stage2,curve_epoch_30,experiments_numeric.architecture_2.block_grouping_mcts,hadd-gbfs,epoch:30:stage2:block_grouping:off:1472491096,,,True,,,,,,,3,4g,6,20G,04:00:00,,VAL,block_grouping-off-1472491096-stage2-train-primary,preselected dependency checkpoint,planned,Learning-curve test evaluation; never use for checkpoint selection
block_grouping-off-1472491096-stage2-policy_eval-curve_epoch_35,prospective-ten,1472491096,block_grouping,Block Grouping,off,RQ1/RQ2,policy_eval,stage2,curve_epoch_35,experiments_numeric.architecture_2.block_grouping_mcts,hadd-gbfs,epoch:35:stage2:block_grouping:off:1472491096,,,True,,,,,,,3,4g,6,20G,04:00:00,,VAL,block_grouping-off-1472491096-stage2-train-primary,preselected dependency checkpoint,planned,Learning-curve test evaluation; never use for checkpoint selection
block_grouping-off-1472491096-stage2-policy_eval-curve_epoch_40,prospective-ten,1472491096,block_grouping,Block Grouping,off,RQ1/RQ2,policy_eval,stage2,curve_epoch_40,experiments_numeric.architecture_2.block_grouping_mcts,hadd-gbfs,epoch:40:stage2:block_grouping:off:1472491096,,,True,,,,,,,3,4g,6,20G,04:00:00,,VAL,block_grouping-off-1472491096-stage2-train-primary,preselected dependency checkpoint,planned,Learning-curve test evaluation; never use for checkpoint selection
block_grouping-off-1472491096-stage2-policy_eval-curve_epoch_45,prospective-ten,1472491096,block_grouping,Block Grouping,off,RQ1/RQ2,policy_eval,stage2,curve_epoch_45,experiments_numeric.architecture_2.block_grouping_mcts,hadd-gbfs,epoch:45:stage2:block_grouping:off:1472491096,,,True,,,,,,,3,4g,6,20G,04:00:00,,VAL,block_grouping-off-1472491096-stage2-train-primary,preselected dependency checkpoint,planned,Learning-curve test evaluation; never use for checkpoint selection
block_grouping-off-1472491096-stage2-policy_eval-curve_epoch_50,prospective-ten,1472491096,block_grouping,Block Grouping,off,RQ1/RQ2,policy_eval,stage2,curve_epoch_50,experiments_numeric.architecture_2.block_grouping_mcts,hadd-gbfs,epoch:50:stage2:block_grouping:off:1472491096,,,True,,,,,,,3,4g,6,20G,04:00:00,,VAL,block_grouping-off-1472491096-stage2-train-primary,preselected dependency checkpoint,planned,Learning-curve test evaluation; never use for checkpoint selection
block_grouping-off-1472491096-stage2-policy_eval-curve_epoch_55,prospective-ten,1472491096,block_grouping,Block Grouping,off,RQ1/RQ2,policy_eval,stage2,curve_epoch_55,experiments_numeric.architecture_2.block_grouping_mcts,hadd-gbfs,epoch:55:stage2:block_grouping:off:1472491096,,,True,,,,,,,3,4g,6,20G,04:00:00,,VAL,block_grouping-off-1472491096-stage2-train-primary,preselected dependency checkpoint,planned,Learning-curve test evaluation; never use for checkpoint selection
block_grouping-off-1472491096-stage2-policy_eval-curve_epoch_60,prospective-ten,1472491096,block_grouping,Block Grouping,off,RQ1/RQ2,policy_eval,stage2,curve_epoch_60,experiments_numeric.architecture_2.block_grouping_mcts,hadd-gbfs,epoch:60:stage2:block_grouping:off:1472491096,,,True,,,,,,,3,4g,6,20G,04:00:00,,VAL,block_grouping-off-1472491096-stage2-train-primary,preselected dependency checkpoint,planned,Learning-curve test evaluation; never use for checkpoint selection
block_grouping-off-1472491096-stage2-policy_eval-curve_epoch_65,prospective-ten,1472491096,block_grouping,Block Grouping,off,RQ1/RQ2,policy_eval,stage2,curve_epoch_65,experiments_numeric.architecture_2.block_grouping_mcts,hadd-gbfs,epoch:65:stage2:block_grouping:off:1472491096,,,True,,,,,,,3,4g,6,20G,04:00:00,,VAL,block_grouping-off-1472491096-stage2-train-primary,preselected dependency checkpoint,planned,Learning-curve test evaluation; never use for checkpoint selection
block_grouping-off-1472491096-stage2-policy_eval-curve_epoch_70,prospective-ten,1472491096,block_grouping,Block Grouping,off,RQ1/RQ2,policy_eval,stage2,curve_epoch_70,experiments_numeric.architecture_2.block_grouping_mcts,hadd-gbfs,epoch:70:stage2:block_grouping:off:1472491096,,,True,,,,,,,3,4g,6,20G,04:00:00,,VAL,block_grouping-off-1472491096-stage2-train-primary,preselected dependency checkpoint,planned,Learning-curve test evaluation; never use for checkpoint selection
block_grouping-off-1472491096-stage2-policy_eval-curve_epoch_75,prospective-ten,1472491096,block_grouping,Block Grouping,off,RQ1/RQ2,policy_eval,stage2,curve_epoch_75,experiments_numeric.architecture_2.block_grouping_mcts,hadd-gbfs,epoch:75:stage2:block_grouping:off:1472491096,,,True,,,,,,,3,4g,6,20G,04:00:00,,VAL,block_grouping-off-1472491096-stage2-train-primary,preselected dependency checkpoint,planned,Learning-curve test evaluation; never use for checkpoint selection
block_grouping-off-1472491096-stage2-policy_eval-curve_epoch_80,prospective-ten,1472491096,block_grouping,Block Grouping,off,RQ1/RQ2,policy_eval,stage2,curve_epoch_80,experiments_numeric.architecture_2.block_grouping_mcts,hadd-gbfs,epoch:80:stage2:block_grouping:off:1472491096,,,True,,,,,,,3,4g,6,20G,04:00:00,,VAL,block_grouping-off-1472491096-stage2-train-primary,preselected dependency checkpoint,planned,Learning-curve test evaluation; never use for checkpoint selection
block_grouping-off-1472491096-stage2-policy_eval-curve_epoch_85,prospective-ten,1472491096,block_grouping,Block Grouping,off,RQ1/RQ2,policy_eval,stage2,curve_epoch_85,experiments_numeric.architecture_2.block_grouping_mcts,hadd-gbfs,epoch:85:stage2:block_grouping:off:1472491096,,,True,,,,,,,3,4g,6,20G,04:00:00,,VAL,block_grouping-off-1472491096-stage2-train-primary,preselected dependency checkpoint,planned,Learning-curve test evaluation; never use for checkpoint selection
block_grouping-off-1472491096-stage2-policy_eval-curve_epoch_90,prospective-ten,1472491096,block_grouping,Block Grouping,off,RQ1/RQ2,policy_eval,stage2,curve_epoch_90,experiments_numeric.architecture_2.block_grouping_mcts,hadd-gbfs,epoch:90:stage2:block_grouping:off:1472491096,,,True,,,,,,,3,4g,6,20G,04:00:00,,VAL,block_grouping-off-1472491096-stage2-train-primary,preselected dependency checkpoint,planned,Learning-curve test evaluation; never use for checkpoint selection
block_grouping-off-1472491096-stage2-policy_eval-curve_epoch_95,prospective-ten,1472491096,block_grouping,Block Grouping,off,RQ1/RQ2,policy_eval,stage2,curve_epoch_95,experiments_numeric.architecture_2.block_grouping_mcts,hadd-gbfs,epoch:95:stage2:block_grouping:off:1472491096,,,True,,,,,,,3,4g,6,20G,04:00:00,,VAL,block_grouping-off-1472491096-stage2-train-primary,preselected dependency checkpoint,planned,Learning-curve test evaluation; never use for checkpoint selection
block_grouping-off-1472491096-stage2-policy_eval-curve_epoch_99,prospective-ten,1472491096,block_grouping,Block Grouping,off,RQ1/RQ2,policy_eval,stage2,curve_epoch_99,experiments_numeric.architecture_2.block_grouping_mcts,hadd-gbfs,epoch:99:stage2:block_grouping:off:1472491096,,,True,,,,,,,3,4g,6,20G,04:00:00,,VAL,block_grouping-off-1472491096-stage2-train-primary,preselected dependency checkpoint,planned,Learning-curve test evaluation; never use for checkpoint selection
block_grouping-off-534933607-stage2-policy_eval-curve_epoch_00,prospective-ten,534933607,block_grouping,Block Grouping,off,RQ1/RQ2,policy_eval,stage2,curve_epoch_00,experiments_numeric.architecture_2.block_grouping_mcts,hadd-gbfs,epoch:0:stage2:block_grouping:off:534933607,,,True,,,,,,,3,4g,6,20G,04:00:00,,VAL,block_grouping-off-534933607-stage2-train-primary,preselected dependency checkpoint,planned,Learning-curve test evaluation; never use for checkpoint selection
block_grouping-off-534933607-stage2-policy_eval-curve_epoch_05,prospective-ten,534933607,block_grouping,Block Grouping,off,RQ1/RQ2,policy_eval,stage2,curve_epoch_05,experiments_numeric.architecture_2.block_grouping_mcts,hadd-gbfs,epoch:5:stage2:block_grouping:off:534933607,,,True,,,,,,,3,4g,6,20G,04:00:00,,VAL,block_grouping-off-534933607-stage2-train-primary,preselected dependency checkpoint,planned,Learning-curve test evaluation; never use for checkpoint selection
block_grouping-off-534933607-stage2-policy_eval-curve_epoch_10,prospective-ten,534933607,block_grouping,Block Grouping,off,RQ1/RQ2,policy_eval,stage2,curve_epoch_10,experiments_numeric.architecture_2.block_grouping_mcts,hadd-gbfs,epoch:10:stage2:block_grouping:off:534933607,,,True,,,,,,,3,4g,6,20G,04:00:00,,VAL,block_grouping-off-534933607-stage2-train-primary,preselected dependency checkpoint,planned,Learning-curve test evaluation; never use for checkpoint selection
block_grouping-off-534933607-stage2-policy_eval-curve_epoch_15,prospective-ten,534933607,block_grouping,Block Grouping,off,RQ1/RQ2,policy_eval,stage2,curve_epoch_15,experiments_numeric.architecture_2.block_grouping_mcts,hadd-gbfs,epoch:15:stage2:block_grouping:off:534933607,,,True,,,,,,,3,4g,6,20G,04:00:00,,VAL,block_grouping-off-534933607-stage2-train-primary,preselected dependency checkpoint,planned,Learning-curve test evaluation; never use for checkpoint selection
block_grouping-off-534933607-stage2-policy_eval-curve_epoch_20,prospective-ten,534933607,block_grouping,Block Grouping,off,RQ1/RQ2,policy_eval,stage2,curve_epoch_20,experiments_numeric.architecture_2.block_grouping_mcts,hadd-gbfs,epoch:20:stage2:block_grouping:off:534933607,,,True,,,,,,,3,4g,6,20G,04:00:00,,VAL,block_grouping-off-534933607-stage2-train-primary,preselected dependency checkpoint,planned,Learning-curve test evaluation; never use for checkpoint selection
block_grouping-off-534933607-stage2-policy_eval-curve_epoch_25,prospective-ten,534933607,block_grouping,Block Grouping,off,RQ1/RQ2,policy_eval,stage2,curve_epoch_25,experiments_numeric.architecture_2.block_grouping_mcts,hadd-gbfs,epoch:25:stage2:block_grouping:off:534933607,,,True,,,,,,,3,4g,6,20G,04:00:00,,VAL,block_grouping-off-534933607-stage2-train-primary,preselected dependency checkpoint,planned,Learning-curve test evaluation; never use for checkpoint selection
block_grouping-off-534933607-stage2-policy_eval-curve_epoch_30,prospective-ten,534933607,block_grouping,Block Grouping,off,RQ1/RQ2,policy_eval,stage2,curve_epoch_30,experiments_numeric.architecture_2.block_grouping_mcts,hadd-gbfs,epoch:30:stage2:block_grouping:off:534933607,,,True,,,,,,,3,4g,6,20G,04:00:00,,VAL,block_grouping-off-534933607-stage2-train-primary,preselected dependency checkpoint,planned,Learning-curve test evaluation; never use for checkpoint selection
block_grouping-off-534933607-stage2-policy_eval-curve_epoch_35,prospective-ten,534933607,block_grouping,Block Grouping,off,RQ1/RQ2,policy_eval,stage2,curve_epoch_35,experiments_numeric.architecture_2.block_grouping_mcts,hadd-gbfs,epoch:35:stage2:block_grouping:off:534933607,,,True,,,,,,,3,4g,6,20G,04:00:00,,VAL,block_grouping-off-534933607-stage2-train-primary,preselected dependency checkpoint,planned,Learning-curve test evaluation; never use for checkpoint selection
block_grouping-off-534933607-stage2-policy_eval-curve_epoch_40,prospective-ten,534933607,block_grouping,Block Grouping,off,RQ1/RQ2,policy_eval,stage2,curve_epoch_40,experiments_numeric.architecture_2.block_grouping_mcts,hadd-gbfs,epoch:40:stage2:block_grouping:off:534933607,,,True,,,,,,,3,4g,6,20G,04:00:00,,VAL,block_grouping-off-534933607-stage2-train-primary,preselected dependency checkpoint,planned,Learning-curve test evaluation; never use for checkpoint selection
block_grouping-off-534933607-stage2-policy_eval-curve_epoch_45,prospective-ten,534933607,block_grouping,Block Grouping,off,RQ1/RQ2,policy_eval,stage2,curve_epoch_45,experiments_numeric.architecture_2.block_grouping_mcts,hadd-gbfs,epoch:45:stage2:block_grouping:off:534933607,,,True,,,,,,,3,4g,6,20G,04:00:00,,VAL,block_grouping-off-534933607-stage2-train-primary,preselected dependency checkpoint,planned,Learning-curve test evaluation; never use for checkpoint selection
block_grouping-off-534933607-stage2-policy_eval-curve_epoch_50,prospective-ten,534933607,block_grouping,Block Grouping,off,RQ1/RQ2,policy_eval,stage2,curve_epoch_50,experiments_numeric.architecture_2.block_grouping_mcts,hadd-gbfs,epoch:50:stage2:block_grouping:off:534933607,,,True,,,,,,,3,4g,6,20G,04:00:00,,VAL,block_grouping-off-534933607-stage2-train-primary,preselected dependency checkpoint,planned,Learning-curve test evaluation; never use for checkpoint selection
block_grouping-off-534933607-stage2-policy_eval-curve_epoch_55,prospective-ten,534933607,block_grouping,Block Grouping,off,RQ1/RQ2,policy_eval,stage2,curve_epoch_55,experiments_numeric.architecture_2.block_grouping_mcts,hadd-gbfs,epoch:55:stage2:block_grouping:off:534933607,,,True,,,,,,,3,4g,6,20G,04:00:00,,VAL,block_grouping-off-534933607-stage2-train-primary,preselected dependency checkpoint,planned,Learning-curve test evaluation; never use for checkpoint selection
block_grouping-off-534933607-stage2-policy_eval-curve_epoch_60,prospective-ten,534933607,block_grouping,Block Grouping,off,RQ1/RQ2,policy_eval,stage2,curve_epoch_60,experiments_numeric.architecture_2.block_grouping_mcts,hadd-gbfs,epoch:60:stage2:block_grouping:off:534933607,,,True,,,,,,,3,4g,6,20G,04:00:00,,VAL,block_grouping-off-534933607-stage2-train-primary,preselected dependency checkpoint,planned,Learning-curve test evaluation; never use for checkpoint selection
block_grouping-off-534933607-stage2-policy_eval-curve_epoch_65,prospective-ten,534933607,block_grouping,Block Grouping,off,RQ1/RQ2,policy_eval,stage2,curve_epoch_65,experiments_numeric.architecture_2.block_grouping_mcts,hadd-gbfs,epoch:65:stage2:block_grouping:off:534933607,,,True,,,,,,,3,4g,6,20G,04:00:00,,VAL,block_grouping-off-534933607-stage2-train-primary,preselected dependency checkpoint,planned,Learning-curve test evaluation; never use for checkpoint selection
block_grouping-off-534933607-stage2-policy_eval-curve_epoch_70,prospective-ten,534933607,block_grouping,Block Grouping,off,RQ1/RQ2,policy_eval,stage2,curve_epoch_70,experiments_numeric.architecture_2.block_grouping_mcts,hadd-gbfs,epoch:70:stage2:block_grouping:off:534933607,,,True,,,,,,,3,4g,6,20G,04:00:00,,VAL,block_grouping-off-534933607-stage2-train-primary,preselected dependency checkpoint,planned,Learning-curve test evaluation; never use for checkpoint selection
block_grouping-off-534933607-stage2-policy_eval-curve_epoch_75,prospective-ten,534933607,block_grouping,Block Grouping,off,RQ1/RQ2,policy_eval,stage2,curve_epoch_75,experiments_numeric.architecture_2.block_grouping_mcts,hadd-gbfs,epoch:75:stage2:block_grouping:off:534933607,,,True,,,,,,,3,4g,6,20G,04:00:00,,VAL,block_grouping-off-534933607-stage2-train-primary,preselected dependency checkpoint,planned,Learning-curve test evaluation; never use for checkpoint selection
block_grouping-off-534933607-stage2-policy_eval-curve_epoch_80,prospective-ten,534933607,block_grouping,Block Grouping,off,RQ1/RQ2,policy_eval,stage2,curve_epoch_80,experiments_numeric.architecture_2.block_grouping_mcts,hadd-gbfs,epoch:80:stage2:block_grouping:off:534933607,,,True,,,,,,,3,4g,6,20G,04:00:00,,VAL,block_grouping-off-534933607-stage2-train-primary,preselected dependency checkpoint,planned,Learning-curve test evaluation; never use for checkpoint selection
block_grouping-off-534933607-stage2-policy_eval-curve_epoch_85,prospective-ten,534933607,block_grouping,Block Grouping,off,RQ1/RQ2,policy_eval,stage2,curve_epoch_85,experiments_numeric.architecture_2.block_grouping_mcts,hadd-gbfs,epoch:85:stage2:block_grouping:off:534933607,,,True,,,,,,,3,4g,6,20G,04:00:00,,VAL,block_grouping-off-534933607-stage2-train-primary,preselected dependency checkpoint,planned,Learning-curve test evaluation; never use for checkpoint selection
block_grouping-off-534933607-stage2-policy_eval-curve_epoch_90,prospective-ten,534933607,block_grouping,Block Grouping,off,RQ1/RQ2,policy_eval,stage2,curve_epoch_90,experiments_numeric.architecture_2.block_grouping_mcts,hadd-gbfs,epoch:90:stage2:block_grouping:off:534933607,,,True,,,,,,,3,4g,6,20G,04:00:00,,VAL,block_grouping-off-534933607-stage2-train-primary,preselected dependency checkpoint,planned,Learning-curve test evaluation; never use for checkpoint selection
block_grouping-off-534933607-stage2-policy_eval-curve_epoch_95,prospective-ten,534933607,block_grouping,Block Grouping,off,RQ1/RQ2,policy_eval,stage2,curve_epoch_95,experiments_numeric.architecture_2.block_grouping_mcts,hadd-gbfs,epoch:95:stage2:block_grouping:off:534933607,,,True,,,,,,,3,4g,6,20G,04:00:00,,VAL,block_grouping-off-534933607-stage2-train-primary,preselected dependency checkpoint,planned,Learning-curve test evaluation; never use for checkpoint selection
block_grouping-off-534933607-stage2-policy_eval-curve_epoch_99,prospective-ten,534933607,block_grouping,Block Grouping,off,RQ1/RQ2,policy_eval,stage2,curve_epoch_99,experiments_numeric.architecture_2.block_grouping_mcts,hadd-gbfs,epoch:99:stage2:block_grouping:off:534933607,,,True,,,,,,,3,4g,6,20G,04:00:00,,VAL,block_grouping-off-534933607-stage2-train-primary,preselected dependency checkpoint,planned,Learning-curve test evaluation; never use for checkpoint selection
block_grouping-off-2082152039-stage2-policy_eval-curve_epoch_00,prospective-ten,2082152039,block_grouping,Block Grouping,off,RQ1/RQ2,policy_eval,stage2,curve_epoch_00,experiments_numeric.architecture_2.block_grouping_mcts,hadd-gbfs,epoch:0:stage2:block_grouping:off:2082152039,,,True,,,,,,,3,4g,6,20G,04:00:00,,VAL,block_grouping-off-2082152039-stage2-train-primary,preselected dependency checkpoint,planned,Learning-curve test evaluation; never use for checkpoint selection
block_grouping-off-2082152039-stage2-policy_eval-curve_epoch_05,prospective-ten,2082152039,block_grouping,Block Grouping,off,RQ1/RQ2,policy_eval,stage2,curve_epoch_05,experiments_numeric.architecture_2.block_grouping_mcts,hadd-gbfs,epoch:5:stage2:block_grouping:off:2082152039,,,True,,,,,,,3,4g,6,20G,04:00:00,,VAL,block_grouping-off-2082152039-stage2-train-primary,preselected dependency checkpoint,planned,Learning-curve test evaluation; never use for checkpoint selection
block_grouping-off-2082152039-stage2-policy_eval-curve_epoch_10,prospective-ten,2082152039,block_grouping,Block Grouping,off,RQ1/RQ2,policy_eval,stage2,curve_epoch_10,experiments_numeric.architecture_2.block_grouping_mcts,hadd-gbfs,epoch:10:stage2:block_grouping:off:2082152039,,,True,,,,,,,3,4g,6,20G,04:00:00,,VAL,block_grouping-off-2082152039-stage2-train-primary,preselected dependency checkpoint,planned,Learning-curve test evaluation; never use for checkpoint selection
block_grouping-off-2082152039-stage2-policy_eval-curve_epoch_15,prospective-ten,2082152039,block_grouping,Block Grouping,off,RQ1/RQ2,policy_eval,stage2,curve_epoch_15,experiments_numeric.architecture_2.block_grouping_mcts,hadd-gbfs,epoch:15:stage2:block_grouping:off:2082152039,,,True,,,,,,,3,4g,6,20G,04:00:00,,VAL,block_grouping-off-2082152039-stage2-train-primary,preselected dependency checkpoint,planned,Learning-curve test evaluation; never use for checkpoint selection
block_grouping-off-2082152039-stage2-policy_eval-curve_epoch_20,prospective-ten,2082152039,block_grouping,Block Grouping,off,RQ1/RQ2,policy_eval,stage2,curve_epoch_20,experiments_numeric.architecture_2.block_grouping_mcts,hadd-gbfs,epoch:20:stage2:block_grouping:off:2082152039,,,True,,,,,,,3,4g,6,20G,04:00:00,,VAL,block_grouping-off-2082152039-stage2-train-primary,preselected dependency checkpoint,planned,Learning-curve test evaluation; never use for checkpoint selection
block_grouping-off-2082152039-stage2-policy_eval-curve_epoch_25,prospective-ten,2082152039,block_grouping,Block Grouping,off,RQ1/RQ2,policy_eval,stage2,curve_epoch_25,experiments_numeric.architecture_2.block_grouping_mcts,hadd-gbfs,epoch:25:stage2:block_grouping:off:2082152039,,,True,,,,,,,3,4g,6,20G,04:00:00,,VAL,block_grouping-off-2082152039-stage2-train-primary,preselected dependency checkpoint,planned,Learning-curve test evaluation; never use for checkpoint selection
block_grouping-off-2082152039-stage2-policy_eval-curve_epoch_30,prospective-ten,2082152039,block_grouping,Block Grouping,off,RQ1/RQ2,policy_eval,stage2,curve_epoch_30,experiments_numeric.architecture_2.block_grouping_mcts,hadd-gbfs,epoch:30:stage2:block_grouping:off:2082152039,,,True,,,,,,,3,4g,6,20G,04:00:00,,VAL,block_grouping-off-2082152039-stage2-train-primary,preselected dependency checkpoint,planned,Learning-curve test evaluation; never use for checkpoint selection
block_grouping-off-2082152039-stage2-policy_eval-curve_epoch_35,prospective-ten,2082152039,block_grouping,Block Grouping,off,RQ1/RQ2,policy_eval,stage2,curve_epoch_35,experiments_numeric.architecture_2.block_grouping_mcts,hadd-gbfs,epoch:35:stage2:block_grouping:off:2082152039,,,True,,,,,,,3,4g,6,20G,04:00:00,,VAL,block_grouping-off-2082152039-stage2-train-primary,preselected dependency checkpoint,planned,Learning-curve test evaluation; never use for checkpoint selection
block_grouping-off-2082152039-stage2-policy_eval-curve_epoch_40,prospective-ten,2082152039,block_grouping,Block Grouping,off,RQ1/RQ2,policy_eval,stage2,curve_epoch_40,experiments_numeric.architecture_2.block_grouping_mcts,hadd-gbfs,epoch:40:stage2:block_grouping:off:2082152039,,,True,,,,,,,3,4g,6,20G,04:00:00,,VAL,block_grouping-off-2082152039-stage2-train-primary,preselected dependency checkpoint,planned,Learning-curve test evaluation; never use for checkpoint selection
block_grouping-off-2082152039-stage2-policy_eval-curve_epoch_45,prospective-ten,2082152039,block_grouping,Block Grouping,off,RQ1/RQ2,policy_eval,stage2,curve_epoch_45,experiments_numeric.architecture_2.block_grouping_mcts,hadd-gbfs,epoch:45:stage2:block_grouping:off:2082152039,,,True,,,,,,,3,4g,6,20G,04:00:00,,VAL,block_grouping-off-2082152039-stage2-train-primary,preselected dependency checkpoint,planned,Learning-curve test evaluation; never use for checkpoint selection
block_grouping-off-2082152039-stage2-policy_eval-curve_epoch_50,prospective-ten,2082152039,block_grouping,Block Grouping,off,RQ1/RQ2,policy_eval,stage2,curve_epoch_50,experiments_numeric.architecture_2.block_grouping_mcts,hadd-gbfs,epoch:50:stage2:block_grouping:off:2082152039,,,True,,,,,,,3,4g,6,20G,04:00:00,,VAL,block_grouping-off-2082152039-stage2-train-primary,preselected dependency checkpoint,planned,Learning-curve test evaluation; never use for checkpoint selection
block_grouping-off-2082152039-stage2-policy_eval-curve_epoch_55,prospective-ten,2082152039,block_grouping,Block Grouping,off,RQ1/RQ2,policy_eval,stage2,curve_epoch_55,experiments_numeric.architecture_2.block_grouping_mcts,hadd-gbfs,epoch:55:stage2:block_grouping:off:2082152039,,,True,,,,,,,3,4g,6,20G,04:00:00,,VAL,block_grouping-off-2082152039-stage2-train-primary,preselected dependency checkpoint,planned,Learning-curve test evaluation; never use for checkpoint selection
block_grouping-off-2082152039-stage2-policy_eval-curve_epoch_60,prospective-ten,2082152039,block_grouping,Block Grouping,off,RQ1/RQ2,policy_eval,stage2,curve_epoch_60,experiments_numeric.architecture_2.block_grouping_mcts,hadd-gbfs,epoch:60:stage2:block_grouping:off:2082152039,,,True,,,,,,,3,4g,6,20G,04:00:00,,VAL,block_grouping-off-2082152039-stage2-train-primary,preselected dependency checkpoint,planned,Learning-curve test evaluation; never use for checkpoint selection
block_grouping-off-2082152039-stage2-policy_eval-curve_epoch_65,prospective-ten,2082152039,block_grouping,Block Grouping,off,RQ1/RQ2,policy_eval,stage2,curve_epoch_65,experiments_numeric.architecture_2.block_grouping_mcts,hadd-gbfs,epoch:65:stage2:block_grouping:off:2082152039,,,True,,,,,,,3,4g,6,20G,04:00:00,,VAL,block_grouping-off-2082152039-stage2-train-primary,preselected dependency checkpoint,planned,Learning-curve test evaluation; never use for checkpoint selection
block_grouping-off-2082152039-stage2-policy_eval-curve_epoch_70,prospective-ten,2082152039,block_grouping,Block Grouping,off,RQ1/RQ2,policy_eval,stage2,curve_epoch_70,experiments_numeric.architecture_2.block_grouping_mcts,hadd-gbfs,epoch:70:stage2:block_grouping:off:2082152039,,,True,,,,,,,3,4g,6,20G,04:00:00,,VAL,block_grouping-off-2082152039-stage2-train-primary,preselected dependency checkpoint,planned,Learning-curve test evaluation; never use for checkpoint selection
block_grouping-off-2082152039-stage2-policy_eval-curve_epoch_75,prospective-ten,2082152039,block_grouping,Block Grouping,off,RQ1/RQ2,policy_eval,stage2,curve_epoch_75,experiments_numeric.architecture_2.block_grouping_mcts,hadd-gbfs,epoch:75:stage2:block_grouping:off:2082152039,,,True,,,,,,,3,4g,6,20G,04:00:00,,VAL,block_grouping-off-2082152039-stage2-train-primary,preselected dependency checkpoint,planned,Learning-curve test evaluation; never use for checkpoint selection
block_grouping-off-2082152039-stage2-policy_eval-curve_epoch_80,prospective-ten,2082152039,block_grouping,Block Grouping,off,RQ1/RQ2,policy_eval,stage2,curve_epoch_80,experiments_numeric.architecture_2.block_grouping_mcts,hadd-gbfs,epoch:80:stage2:block_grouping:off:2082152039,,,True,,,,,,,3,4g,6,20G,04:00:00,,VAL,block_grouping-off-2082152039-stage2-train-primary,preselected dependency checkpoint,planned,Learning-curve test evaluation; never use for checkpoint selection
block_grouping-off-2082152039-stage2-policy_eval-curve_epoch_85,prospective-ten,2082152039,block_grouping,Block Grouping,off,RQ1/RQ2,policy_eval,stage2,curve_epoch_85,experiments_numeric.architecture_2.block_grouping_mcts,hadd-gbfs,epoch:85:stage2:block_grouping:off:2082152039,,,True,,,,,,,3,4g,6,20G,04:00:00,,VAL,block_grouping-off-2082152039-stage2-train-primary,preselected dependency checkpoint,planned,Learning-curve test evaluation; never use for checkpoint selection
block_grouping-off-2082152039-stage2-policy_eval-curve_epoch_90,prospective-ten,2082152039,block_grouping,Block Grouping,off,RQ1/RQ2,policy_eval,stage2,curve_epoch_90,experiments_numeric.architecture_2.block_grouping_mcts,hadd-gbfs,epoch:90:stage2:block_grouping:off:2082152039,,,True,,,,,,,3,4g,6,20G,04:00:00,,VAL,block_grouping-off-2082152039-stage2-train-primary,preselected dependency checkpoint,planned,Learning-curve test evaluation; never use for checkpoint selection
block_grouping-off-2082152039-stage2-policy_eval-curve_epoch_95,prospective-ten,2082152039,block_grouping,Block Grouping,off,RQ1/RQ2,policy_eval,stage2,curve_epoch_95,experiments_numeric.architecture_2.block_grouping_mcts,hadd-gbfs,epoch:95:stage2:block_grouping:off:2082152039,,,True,,,,,,,3,4g,6,20G,04:00:00,,VAL,block_grouping-off-2082152039-stage2-train-primary,preselected dependency checkpoint,planned,Learning-curve test evaluation; never use for checkpoint selection
block_grouping-off-2082152039-stage2-policy_eval-curve_epoch_99,prospective-ten,2082152039,block_grouping,Block Grouping,off,RQ1/RQ2,policy_eval,stage2,curve_epoch_99,experiments_numeric.architecture_2.block_grouping_mcts,hadd-gbfs,epoch:99:stage2:block_grouping:off:2082152039,,,True,,,,,,,3,4g,6,20G,04:00:00,,VAL,block_grouping-off-2082152039-stage2-train-primary,preselected dependency checkpoint,planned,Learning-curve test evaluation; never use for checkpoint selection
block_grouping-off-1510771779-stage2-policy_eval-curve_epoch_00,prospective-ten,1510771779,block_grouping,Block Grouping,off,RQ1/RQ2,policy_eval,stage2,curve_epoch_00,experiments_numeric.architecture_2.block_grouping_mcts,hadd-gbfs,epoch:0:stage2:block_grouping:off:1510771779,,,True,,,,,,,3,4g,6,20G,04:00:00,,VAL,block_grouping-off-1510771779-stage2-train-primary,preselected dependency checkpoint,planned,Learning-curve test evaluation; never use for checkpoint selection
block_grouping-off-1510771779-stage2-policy_eval-curve_epoch_05,prospective-ten,1510771779,block_grouping,Block Grouping,off,RQ1/RQ2,policy_eval,stage2,curve_epoch_05,experiments_numeric.architecture_2.block_grouping_mcts,hadd-gbfs,epoch:5:stage2:block_grouping:off:1510771779,,,True,,,,,,,3,4g,6,20G,04:00:00,,VAL,block_grouping-off-1510771779-stage2-train-primary,preselected dependency checkpoint,planned,Learning-curve test evaluation; never use for checkpoint selection
block_grouping-off-1510771779-stage2-policy_eval-curve_epoch_10,prospective-ten,1510771779,block_grouping,Block Grouping,off,RQ1/RQ2,policy_eval,stage2,curve_epoch_10,experiments_numeric.architecture_2.block_grouping_mcts,hadd-gbfs,epoch:10:stage2:block_grouping:off:1510771779,,,True,,,,,,,3,4g,6,20G,04:00:00,,VAL,block_grouping-off-1510771779-stage2-train-primary,preselected dependency checkpoint,planned,Learning-curve test evaluation; never use for checkpoint selection
block_grouping-off-1510771779-stage2-policy_eval-curve_epoch_15,prospective-ten,1510771779,block_grouping,Block Grouping,off,RQ1/RQ2,policy_eval,stage2,curve_epoch_15,experiments_numeric.architecture_2.block_grouping_mcts,hadd-gbfs,epoch:15:stage2:block_grouping:off:1510771779,,,True,,,,,,,3,4g,6,20G,04:00:00,,VAL,block_grouping-off-1510771779-stage2-train-primary,preselected dependency checkpoint,planned,Learning-curve test evaluation; never use for checkpoint selection
block_grouping-off-1510771779-stage2-policy_eval-curve_epoch_20,prospective-ten,1510771779,block_grouping,Block Grouping,off,RQ1/RQ2,policy_eval,stage2,curve_epoch_20,experiments_numeric.architecture_2.block_grouping_mcts,hadd-gbfs,epoch:20:stage2:block_grouping:off:1510771779,,,True,,,,,,,3,4g,6,20G,04:00:00,,VAL,block_grouping-off-1510771779-stage2-train-primary,preselected dependency checkpoint,planned,Learning-curve test evaluation; never use for checkpoint selection
block_grouping-off-1510771779-stage2-policy_eval-curve_epoch_25,prospective-ten,1510771779,block_grouping,Block Grouping,off,RQ1/RQ2,policy_eval,stage2,curve_epoch_25,experiments_numeric.architecture_2.block_grouping_mcts,hadd-gbfs,epoch:25:stage2:block_grouping:off:1510771779,,,True,,,,,,,3,4g,6,20G,04:00:00,,VAL,block_grouping-off-1510771779-stage2-train-primary,preselected dependency checkpoint,planned,Learning-curve test evaluation; never use for checkpoint selection
block_grouping-off-1510771779-stage2-policy_eval-curve_epoch_30,prospective-ten,1510771779,block_grouping,Block Grouping,off,RQ1/RQ2,policy_eval,stage2,curve_epoch_30,experiments_numeric.architecture_2.block_grouping_mcts,hadd-gbfs,epoch:30:stage2:block_grouping:off:1510771779,,,True,,,,,,,3,4g,6,20G,04:00:00,,VAL,block_grouping-off-1510771779-stage2-train-primary,preselected dependency checkpoint,planned,Learning-curve test evaluation; never use for checkpoint selection
block_grouping-off-1510771779-stage2-policy_eval-curve_epoch_35,prospective-ten,1510771779,block_grouping,Block Grouping,off,RQ1/RQ2,policy_eval,stage2,curve_epoch_35,experiments_numeric.architecture_2.block_grouping_mcts,hadd-gbfs,epoch:35:stage2:block_grouping:off:1510771779,,,True,,,,,,,3,4g,6,20G,04:00:00,,VAL,block_grouping-off-1510771779-stage2-train-primary,preselected dependency checkpoint,planned,Learning-curve test evaluation; never use for checkpoint selection
block_grouping-off-1510771779-stage2-policy_eval-curve_epoch_40,prospective-ten,1510771779,block_grouping,Block Grouping,off,RQ1/RQ2,policy_eval,stage2,curve_epoch_40,experiments_numeric.architecture_2.block_grouping_mcts,hadd-gbfs,epoch:40:stage2:block_grouping:off:1510771779,,,True,,,,,,,3,4g,6,20G,04:00:00,,VAL,block_grouping-off-1510771779-stage2-train-primary,preselected dependency checkpoint,planned,Learning-curve test evaluation; never use for checkpoint selection
block_grouping-off-1510771779-stage2-policy_eval-curve_epoch_45,prospective-ten,1510771779,block_grouping,Block Grouping,off,RQ1/RQ2,policy_eval,stage2,curve_epoch_45,experiments_numeric.architecture_2.block_grouping_mcts,hadd-gbfs,epoch:45:stage2:block_grouping:off:1510771779,,,True,,,,,,,3,4g,6,20G,04:00:00,,VAL,block_grouping-off-1510771779-stage2-train-primary,preselected dependency checkpoint,planned,Learning-curve test evaluation; never use for checkpoint selection
block_grouping-off-1510771779-stage2-policy_eval-curve_epoch_50,prospective-ten,1510771779,block_grouping,Block Grouping,off,RQ1/RQ2,policy_eval,stage2,curve_epoch_50,experiments_numeric.architecture_2.block_grouping_mcts,hadd-gbfs,epoch:50:stage2:block_grouping:off:1510771779,,,True,,,,,,,3,4g,6,20G,04:00:00,,VAL,block_grouping-off-1510771779-stage2-train-primary,preselected dependency checkpoint,planned,Learning-curve test evaluation; never use for checkpoint selection
block_grouping-off-1510771779-stage2-policy_eval-curve_epoch_55,prospective-ten,1510771779,block_grouping,Block Grouping,off,RQ1/RQ2,policy_eval,stage2,curve_epoch_55,experiments_numeric.architecture_2.block_grouping_mcts,hadd-gbfs,epoch:55:stage2:block_grouping:off:1510771779,,,True,,,,,,,3,4g,6,20G,04:00:00,,VAL,block_grouping-off-1510771779-stage2-train-primary,preselected dependency checkpoint,planned,Learning-curve test evaluation; never use for checkpoint selection
block_grouping-off-1510771779-stage2-policy_eval-curve_epoch_60,prospective-ten,1510771779,block_grouping,Block Grouping,off,RQ1/RQ2,policy_eval,stage2,curve_epoch_60,experiments_numeric.architecture_2.block_grouping_mcts,hadd-gbfs,epoch:60:stage2:block_grouping:off:1510771779,,,True,,,,,,,3,4g,6,20G,04:00:00,,VAL,block_grouping-off-1510771779-stage2-train-primary,preselected dependency checkpoint,planned,Learning-curve test evaluation; never use for checkpoint selection
block_grouping-off-1510771779-stage2-policy_eval-curve_epoch_65,prospective-ten,1510771779,block_grouping,Block Grouping,off,RQ1/RQ2,policy_eval,stage2,curve_epoch_65,experiments_numeric.architecture_2.block_grouping_mcts,hadd-gbfs,epoch:65:stage2:block_grouping:off:1510771779,,,True,,,,,,,3,4g,6,20G,04:00:00,,VAL,block_grouping-off-1510771779-stage2-train-primary,preselected dependency checkpoint,planned,Learning-curve test evaluation; never use for checkpoint selection
block_grouping-off-1510771779-stage2-policy_eval-curve_epoch_70,prospective-ten,1510771779,block_grouping,Block Grouping,off,RQ1/RQ2,policy_eval,stage2,curve_epoch_70,experiments_numeric.architecture_2.block_grouping_mcts,hadd-gbfs,epoch:70:stage2:block_grouping:off:1510771779,,,True,,,,,,,3,4g,6,20G,04:00:00,,VAL,block_grouping-off-1510771779-stage2-train-primary,preselected dependency checkpoint,planned,Learning-curve test evaluation; never use for checkpoint selection
block_grouping-off-1510771779-stage2-policy_eval-curve_epoch_75,prospective-ten,1510771779,block_grouping,Block Grouping,off,RQ1/RQ2,policy_eval,stage2,curve_epoch_75,experiments_numeric.architecture_2.block_grouping_mcts,hadd-gbfs,epoch:75:stage2:block_grouping:off:1510771779,,,True,,,,,,,3,4g,6,20G,04:00:00,,VAL,block_grouping-off-1510771779-stage2-train-primary,preselected dependency checkpoint,planned,Learning-curve test evaluation; never use for checkpoint selection
block_grouping-off-1510771779-stage2-policy_eval-curve_epoch_80,prospective-ten,1510771779,block_grouping,Block Grouping,off,RQ1/RQ2,policy_eval,stage2,curve_epoch_80,experiments_numeric.architecture_2.block_grouping_mcts,hadd-gbfs,epoch:80:stage2:block_grouping:off:1510771779,,,True,,,,,,,3,4g,6,20G,04:00:00,,VAL,block_grouping-off-1510771779-stage2-train-primary,preselected dependency checkpoint,planned,Learning-curve test evaluation; never use for checkpoint selection
block_grouping-off-1510771779-stage2-policy_eval-curve_epoch_85,prospective-ten,1510771779,block_grouping,Block Grouping,off,RQ1/RQ2,policy_eval,stage2,curve_epoch_85,experiments_numeric.architecture_2.block_grouping_mcts,hadd-gbfs,epoch:85:stage2:block_grouping:off:1510771779,,,True,,,,,,,3,4g,6,20G,04:00:00,,VAL,block_grouping-off-1510771779-stage2-train-primary,preselected dependency checkpoint,planned,Learning-curve test evaluation; never use for checkpoint selection
block_grouping-off-1510771779-stage2-policy_eval-curve_epoch_90,prospective-ten,1510771779,block_grouping,Block Grouping,off,RQ1/RQ2,policy_eval,stage2,curve_epoch_90,experiments_numeric.architecture_2.block_grouping_mcts,hadd-gbfs,epoch:90:stage2:block_grouping:off:1510771779,,,True,,,,,,,3,4g,6,20G,04:00:00,,VAL,block_grouping-off-1510771779-stage2-train-primary,preselected dependency checkpoint,planned,Learning-curve test evaluation; never use for checkpoint selection
block_grouping-off-1510771779-stage2-policy_eval-curve_epoch_95,prospective-ten,1510771779,block_grouping,Block Grouping,off,RQ1/RQ2,policy_eval,stage2,curve_epoch_95,experiments_numeric.architecture_2.block_grouping_mcts,hadd-gbfs,epoch:95:stage2:block_grouping:off:1510771779,,,True,,,,,,,3,4g,6,20G,04:00:00,,VAL,block_grouping-off-1510771779-stage2-train-primary,preselected dependency checkpoint,planned,Learning-curve test evaluation; never use for checkpoint selection
block_grouping-off-1510771779-stage2-policy_eval-curve_epoch_99,prospective-ten,1510771779,block_grouping,Block Grouping,off,RQ1/RQ2,policy_eval,stage2,curve_epoch_99,experiments_numeric.architecture_2.block_grouping_mcts,hadd-gbfs,epoch:99:stage2:block_grouping:off:1510771779,,,True,,,,,,,3,4g,6,20G,04:00:00,,VAL,block_grouping-off-1510771779-stage2-train-primary,preselected dependency checkpoint,planned,Learning-curve test evaluation; never use for checkpoint selection
block_grouping-off-923500475-stage2-policy_eval-curve_epoch_00,prospective-ten,923500475,block_grouping,Block Grouping,off,RQ1/RQ2,policy_eval,stage2,curve_epoch_00,experiments_numeric.architecture_2.block_grouping_mcts,hadd-gbfs,epoch:0:stage2:block_grouping:off:923500475,,,True,,,,,,,3,4g,6,20G,04:00:00,,VAL,block_grouping-off-923500475-stage2-train-primary,preselected dependency checkpoint,planned,Learning-curve test evaluation; never use for checkpoint selection
block_grouping-off-923500475-stage2-policy_eval-curve_epoch_05,prospective-ten,923500475,block_grouping,Block Grouping,off,RQ1/RQ2,policy_eval,stage2,curve_epoch_05,experiments_numeric.architecture_2.block_grouping_mcts,hadd-gbfs,epoch:5:stage2:block_grouping:off:923500475,,,True,,,,,,,3,4g,6,20G,04:00:00,,VAL,block_grouping-off-923500475-stage2-train-primary,preselected dependency checkpoint,planned,Learning-curve test evaluation; never use for checkpoint selection
block_grouping-off-923500475-stage2-policy_eval-curve_epoch_10,prospective-ten,923500475,block_grouping,Block Grouping,off,RQ1/RQ2,policy_eval,stage2,curve_epoch_10,experiments_numeric.architecture_2.block_grouping_mcts,hadd-gbfs,epoch:10:stage2:block_grouping:off:923500475,,,True,,,,,,,3,4g,6,20G,04:00:00,,VAL,block_grouping-off-923500475-stage2-train-primary,preselected dependency checkpoint,planned,Learning-curve test evaluation; never use for checkpoint selection
block_grouping-off-923500475-stage2-policy_eval-curve_epoch_15,prospective-ten,923500475,block_grouping,Block Grouping,off,RQ1/RQ2,policy_eval,stage2,curve_epoch_15,experiments_numeric.architecture_2.block_grouping_mcts,hadd-gbfs,epoch:15:stage2:block_grouping:off:923500475,,,True,,,,,,,3,4g,6,20G,04:00:00,,VAL,block_grouping-off-923500475-stage2-train-primary,preselected dependency checkpoint,planned,Learning-curve test evaluation; never use for checkpoint selection
block_grouping-off-923500475-stage2-policy_eval-curve_epoch_20,prospective-ten,923500475,block_grouping,Block Grouping,off,RQ1/RQ2,policy_eval,stage2,curve_epoch_20,experiments_numeric.architecture_2.block_grouping_mcts,hadd-gbfs,epoch:20:stage2:block_grouping:off:923500475,,,True,,,,,,,3,4g,6,20G,04:00:00,,VAL,block_grouping-off-923500475-stage2-train-primary,preselected dependency checkpoint,planned,Learning-curve test evaluation; never use for checkpoint selection
block_grouping-off-923500475-stage2-policy_eval-curve_epoch_25,prospective-ten,923500475,block_grouping,Block Grouping,off,RQ1/RQ2,policy_eval,stage2,curve_epoch_25,experiments_numeric.architecture_2.block_grouping_mcts,hadd-gbfs,epoch:25:stage2:block_grouping:off:923500475,,,True,,,,,,,3,4g,6,20G,04:00:00,,VAL,block_grouping-off-923500475-stage2-train-primary,preselected dependency checkpoint,planned,Learning-curve test evaluation; never use for checkpoint selection
block_grouping-off-923500475-stage2-policy_eval-curve_epoch_30,prospective-ten,923500475,block_grouping,Block Grouping,off,RQ1/RQ2,policy_eval,stage2,curve_epoch_30,experiments_numeric.architecture_2.block_grouping_mcts,hadd-gbfs,epoch:30:stage2:block_grouping:off:923500475,,,True,,,,,,,3,4g,6,20G,04:00:00,,VAL,block_grouping-off-923500475-stage2-train-primary,preselected dependency checkpoint,planned,Learning-curve test evaluation; never use for checkpoint selection
block_grouping-off-923500475-stage2-policy_eval-curve_epoch_35,prospective-ten,923500475,block_grouping,Block Grouping,off,RQ1/RQ2,policy_eval,stage2,curve_epoch_35,experiments_numeric.architecture_2.block_grouping_mcts,hadd-gbfs,epoch:35:stage2:block_grouping:off:923500475,,,True,,,,,,,3,4g,6,20G,04:00:00,,VAL,block_grouping-off-923500475-stage2-train-primary,preselected dependency checkpoint,planned,Learning-curve test evaluation; never use for checkpoint selection
block_grouping-off-923500475-stage2-policy_eval-curve_epoch_40,prospective-ten,923500475,block_grouping,Block Grouping,off,RQ1/RQ2,policy_eval,stage2,curve_epoch_40,experiments_numeric.architecture_2.block_grouping_mcts,hadd-gbfs,epoch:40:stage2:block_grouping:off:923500475,,,True,,,,,,,3,4g,6,20G,04:00:00,,VAL,block_grouping-off-923500475-stage2-train-primary,preselected dependency checkpoint,planned,Learning-curve test evaluation; never use for checkpoint selection
block_grouping-off-923500475-stage2-policy_eval-curve_epoch_45,prospective-ten,923500475,block_grouping,Block Grouping,off,RQ1/RQ2,policy_eval,stage2,curve_epoch_45,experiments_numeric.architecture_2.block_grouping_mcts,hadd-gbfs,epoch:45:stage2:block_grouping:off:923500475,,,True,,,,,,,3,4g,6,20G,04:00:00,,VAL,block_grouping-off-923500475-stage2-train-primary,preselected dependency checkpoint,planned,Learning-curve test evaluation; never use for checkpoint selection
block_grouping-off-923500475-stage2-policy_eval-curve_epoch_50,prospective-ten,923500475,block_grouping,Block Grouping,off,RQ1/RQ2,policy_eval,stage2,curve_epoch_50,experiments_numeric.architecture_2.block_grouping_mcts,hadd-gbfs,epoch:50:stage2:block_grouping:off:923500475,,,True,,,,,,,3,4g,6,20G,04:00:00,,VAL,block_grouping-off-923500475-stage2-train-primary,preselected dependency checkpoint,planned,Learning-curve test evaluation; never use for checkpoint selection
block_grouping-off-923500475-stage2-policy_eval-curve_epoch_55,prospective-ten,923500475,block_grouping,Block Grouping,off,RQ1/RQ2,policy_eval,stage2,curve_epoch_55,experiments_numeric.architecture_2.block_grouping_mcts,hadd-gbfs,epoch:55:stage2:block_grouping:off:923500475,,,True,,,,,,,3,4g,6,20G,04:00:00,,VAL,block_grouping-off-923500475-stage2-train-primary,preselected dependency checkpoint,planned,Learning-curve test evaluation; never use for checkpoint selection
block_grouping-off-923500475-stage2-policy_eval-curve_epoch_60,prospective-ten,923500475,block_grouping,Block Grouping,off,RQ1/RQ2,policy_eval,stage2,curve_epoch_60,experiments_numeric.architecture_2.block_grouping_mcts,hadd-gbfs,epoch:60:stage2:block_grouping:off:923500475,,,True,,,,,,,3,4g,6,20G,04:00:00,,VAL,block_grouping-off-923500475-stage2-train-primary,preselected dependency checkpoint,planned,Learning-curve test evaluation; never use for checkpoint selection
block_grouping-off-923500475-stage2-policy_eval-curve_epoch_65,prospective-ten,923500475,block_grouping,Block Grouping,off,RQ1/RQ2,policy_eval,stage2,curve_epoch_65,experiments_numeric.architecture_2.block_grouping_mcts,hadd-gbfs,epoch:65:stage2:block_grouping:off:923500475,,,True,,,,,,,3,4g,6,20G,04:00:00,,VAL,block_grouping-off-923500475-stage2-train-primary,preselected dependency checkpoint,planned,Learning-curve test evaluation; never use for checkpoint selection
block_grouping-off-923500475-stage2-policy_eval-curve_epoch_70,prospective-ten,923500475,block_grouping,Block Grouping,off,RQ1/RQ2,policy_eval,stage2,curve_epoch_70,experiments_numeric.architecture_2.block_grouping_mcts,hadd-gbfs,epoch:70:stage2:block_grouping:off:923500475,,,True,,,,,,,3,4g,6,20G,04:00:00,,VAL,block_grouping-off-923500475-stage2-train-primary,preselected dependency checkpoint,planned,Learning-curve test evaluation; never use for checkpoint selection
block_grouping-off-923500475-stage2-policy_eval-curve_epoch_75,prospective-ten,923500475,block_grouping,Block Grouping,off,RQ1/RQ2,policy_eval,stage2,curve_epoch_75,experiments_numeric.architecture_2.block_grouping_mcts,hadd-gbfs,epoch:75:stage2:block_grouping:off:923500475,,,True,,,,,,,3,4g,6,20G,04:00:00,,VAL,block_grouping-off-923500475-stage2-train-primary,preselected dependency checkpoint,planned,Learning-curve test evaluation; never use for checkpoint selection
block_grouping-off-923500475-stage2-policy_eval-curve_epoch_80,prospective-ten,923500475,block_grouping,Block Grouping,off,RQ1/RQ2,policy_eval,stage2,curve_epoch_80,experiments_numeric.architecture_2.block_grouping_mcts,hadd-gbfs,epoch:80:stage2:block_grouping:off:923500475,,,True,,,,,,,3,4g,6,20G,04:00:00,,VAL,block_grouping-off-923500475-stage2-train-primary,preselected dependency checkpoint,planned,Learning-curve test evaluation; never use for checkpoint selection
block_grouping-off-923500475-stage2-policy_eval-curve_epoch_85,prospective-ten,923500475,block_grouping,Block Grouping,off,RQ1/RQ2,policy_eval,stage2,curve_epoch_85,experiments_numeric.architecture_2.block_grouping_mcts,hadd-gbfs,epoch:85:stage2:block_grouping:off:923500475,,,True,,,,,,,3,4g,6,20G,04:00:00,,VAL,block_grouping-off-923500475-stage2-train-primary,preselected dependency checkpoint,planned,Learning-curve test evaluation; never use for checkpoint selection
block_grouping-off-923500475-stage2-policy_eval-curve_epoch_90,prospective-ten,923500475,block_grouping,Block Grouping,off,RQ1/RQ2,policy_eval,stage2,curve_epoch_90,experiments_numeric.architecture_2.block_grouping_mcts,hadd-gbfs,epoch:90:stage2:block_grouping:off:923500475,,,True,,,,,,,3,4g,6,20G,04:00:00,,VAL,block_grouping-off-923500475-stage2-train-primary,preselected dependency checkpoint,planned,Learning-curve test evaluation; never use for checkpoint selection
block_grouping-off-923500475-stage2-policy_eval-curve_epoch_95,prospective-ten,923500475,block_grouping,Block Grouping,off,RQ1/RQ2,policy_eval,stage2,curve_epoch_95,experiments_numeric.architecture_2.block_grouping_mcts,hadd-gbfs,epoch:95:stage2:block_grouping:off:923500475,,,True,,,,,,,3,4g,6,20G,04:00:00,,VAL,block_grouping-off-923500475-stage2-train-primary,preselected dependency checkpoint,planned,Learning-curve test evaluation; never use for checkpoint selection
block_grouping-off-923500475-stage2-policy_eval-curve_epoch_99,prospective-ten,923500475,block_grouping,Block Grouping,off,RQ1/RQ2,policy_eval,stage2,curve_epoch_99,experiments_numeric.architecture_2.block_grouping_mcts,hadd-gbfs,epoch:99:stage2:block_grouping:off:923500475,,,True,,,,,,,3,4g,6,20G,04:00:00,,VAL,block_grouping-off-923500475-stage2-train-primary,preselected dependency checkpoint,planned,Learning-curve test evaluation; never use for checkpoint selection
block_grouping-off-1972442430-stage2-policy_eval-curve_epoch_00,prospective-ten,1972442430,block_grouping,Block Grouping,off,RQ1/RQ2,policy_eval,stage2,curve_epoch_00,experiments_numeric.architecture_2.block_grouping_mcts,hadd-gbfs,epoch:0:stage2:block_grouping:off:1972442430,,,True,,,,,,,3,4g,6,20G,04:00:00,,VAL,block_grouping-off-1972442430-stage2-train-primary,preselected dependency checkpoint,planned,Learning-curve test evaluation; never use for checkpoint selection
block_grouping-off-1972442430-stage2-policy_eval-curve_epoch_05,prospective-ten,1972442430,block_grouping,Block Grouping,off,RQ1/RQ2,policy_eval,stage2,curve_epoch_05,experiments_numeric.architecture_2.block_grouping_mcts,hadd-gbfs,epoch:5:stage2:block_grouping:off:1972442430,,,True,,,,,,,3,4g,6,20G,04:00:00,,VAL,block_grouping-off-1972442430-stage2-train-primary,preselected dependency checkpoint,planned,Learning-curve test evaluation; never use for checkpoint selection
block_grouping-off-1972442430-stage2-policy_eval-curve_epoch_10,prospective-ten,1972442430,block_grouping,Block Grouping,off,RQ1/RQ2,policy_eval,stage2,curve_epoch_10,experiments_numeric.architecture_2.block_grouping_mcts,hadd-gbfs,epoch:10:stage2:block_grouping:off:1972442430,,,True,,,,,,,3,4g,6,20G,04:00:00,,VAL,block_grouping-off-1972442430-stage2-train-primary,preselected dependency checkpoint,planned,Learning-curve test evaluation; never use for checkpoint selection
block_grouping-off-1972442430-stage2-policy_eval-curve_epoch_15,prospective-ten,1972442430,block_grouping,Block Grouping,off,RQ1/RQ2,policy_eval,stage2,curve_epoch_15,experiments_numeric.architecture_2.block_grouping_mcts,hadd-gbfs,epoch:15:stage2:block_grouping:off:1972442430,,,True,,,,,,,3,4g,6,20G,04:00:00,,VAL,block_grouping-off-1972442430-stage2-train-primary,preselected dependency checkpoint,planned,Learning-curve test evaluation; never use for checkpoint selection
block_grouping-off-1972442430-stage2-policy_eval-curve_epoch_20,prospective-ten,1972442430,block_grouping,Block Grouping,off,RQ1/RQ2,policy_eval,stage2,curve_epoch_20,experiments_numeric.architecture_2.block_grouping_mcts,hadd-gbfs,epoch:20:stage2:block_grouping:off:1972442430,,,True,,,,,,,3,4g,6,20G,04:00:00,,VAL,block_grouping-off-1972442430-stage2-train-primary,preselected dependency checkpoint,planned,Learning-curve test evaluation; never use for checkpoint selection
block_grouping-off-1972442430-stage2-policy_eval-curve_epoch_25,prospective-ten,1972442430,block_grouping,Block Grouping,off,RQ1/RQ2,policy_eval,stage2,curve_epoch_25,experiments_numeric.architecture_2.block_grouping_mcts,hadd-gbfs,epoch:25:stage2:block_grouping:off:1972442430,,,True,,,,,,,3,4g,6,20G,04:00:00,,VAL,block_grouping-off-1972442430-stage2-train-primary,preselected dependency checkpoint,planned,Learning-curve test evaluation; never use for checkpoint selection
block_grouping-off-1972442430-stage2-policy_eval-curve_epoch_30,prospective-ten,1972442430,block_grouping,Block Grouping,off,RQ1/RQ2,policy_eval,stage2,curve_epoch_30,experiments_numeric.architecture_2.block_grouping_mcts,hadd-gbfs,epoch:30:stage2:block_grouping:off:1972442430,,,True,,,,,,,3,4g,6,20G,04:00:00,,VAL,block_grouping-off-1972442430-stage2-train-primary,preselected dependency checkpoint,planned,Learning-curve test evaluation; never use for checkpoint selection
block_grouping-off-1972442430-stage2-policy_eval-curve_epoch_35,prospective-ten,1972442430,block_grouping,Block Grouping,off,RQ1/RQ2,policy_eval,stage2,curve_epoch_35,experiments_numeric.architecture_2.block_grouping_mcts,hadd-gbfs,epoch:35:stage2:block_grouping:off:1972442430,,,True,,,,,,,3,4g,6,20G,04:00:00,,VAL,block_grouping-off-1972442430-stage2-train-primary,preselected dependency checkpoint,planned,Learning-curve test evaluation; never use for checkpoint selection
block_grouping-off-1972442430-stage2-policy_eval-curve_epoch_40,prospective-ten,1972442430,block_grouping,Block Grouping,off,RQ1/RQ2,policy_eval,stage2,curve_epoch_40,experiments_numeric.architecture_2.block_grouping_mcts,hadd-gbfs,epoch:40:stage2:block_grouping:off:1972442430,,,True,,,,,,,3,4g,6,20G,04:00:00,,VAL,block_grouping-off-1972442430-stage2-train-primary,preselected dependency checkpoint,planned,Learning-curve test evaluation; never use for checkpoint selection
block_grouping-off-1972442430-stage2-policy_eval-curve_epoch_45,prospective-ten,1972442430,block_grouping,Block Grouping,off,RQ1/RQ2,policy_eval,stage2,curve_epoch_45,experiments_numeric.architecture_2.block_grouping_mcts,hadd-gbfs,epoch:45:stage2:block_grouping:off:1972442430,,,True,,,,,,,3,4g,6,20G,04:00:00,,VAL,block_grouping-off-1972442430-stage2-train-primary,preselected dependency checkpoint,planned,Learning-curve test evaluation; never use for checkpoint selection
block_grouping-off-1972442430-stage2-policy_eval-curve_epoch_50,prospective-ten,1972442430,block_grouping,Block Grouping,off,RQ1/RQ2,policy_eval,stage2,curve_epoch_50,experiments_numeric.architecture_2.block_grouping_mcts,hadd-gbfs,epoch:50:stage2:block_grouping:off:1972442430,,,True,,,,,,,3,4g,6,20G,04:00:00,,VAL,block_grouping-off-1972442430-stage2-train-primary,preselected dependency checkpoint,planned,Learning-curve test evaluation; never use for checkpoint selection
block_grouping-off-1972442430-stage2-policy_eval-curve_epoch_55,prospective-ten,1972442430,block_grouping,Block Grouping,off,RQ1/RQ2,policy_eval,stage2,curve_epoch_55,experiments_numeric.architecture_2.block_grouping_mcts,hadd-gbfs,epoch:55:stage2:block_grouping:off:1972442430,,,True,,,,,,,3,4g,6,20G,04:00:00,,VAL,block_grouping-off-1972442430-stage2-train-primary,preselected dependency checkpoint,planned,Learning-curve test evaluation; never use for checkpoint selection
block_grouping-off-1972442430-stage2-policy_eval-curve_epoch_60,prospective-ten,1972442430,block_grouping,Block Grouping,off,RQ1/RQ2,policy_eval,stage2,curve_epoch_60,experiments_numeric.architecture_2.block_grouping_mcts,hadd-gbfs,epoch:60:stage2:block_grouping:off:1972442430,,,True,,,,,,,3,4g,6,20G,04:00:00,,VAL,block_grouping-off-1972442430-stage2-train-primary,preselected dependency checkpoint,planned,Learning-curve test evaluation; never use for checkpoint selection
block_grouping-off-1972442430-stage2-policy_eval-curve_epoch_65,prospective-ten,1972442430,block_grouping,Block Grouping,off,RQ1/RQ2,policy_eval,stage2,curve_epoch_65,experiments_numeric.architecture_2.block_grouping_mcts,hadd-gbfs,epoch:65:stage2:block_grouping:off:1972442430,,,True,,,,,,,3,4g,6,20G,04:00:00,,VAL,block_grouping-off-1972442430-stage2-train-primary,preselected dependency checkpoint,planned,Learning-curve test evaluation; never use for checkpoint selection
block_grouping-off-1972442430-stage2-policy_eval-curve_epoch_70,prospective-ten,1972442430,block_grouping,Block Grouping,off,RQ1/RQ2,policy_eval,stage2,curve_epoch_70,experiments_numeric.architecture_2.block_grouping_mcts,hadd-gbfs,epoch:70:stage2:block_grouping:off:1972442430,,,True,,,,,,,3,4g,6,20G,04:00:00,,VAL,block_grouping-off-1972442430-stage2-train-primary,preselected dependency checkpoint,planned,Learning-curve test evaluation; never use for checkpoint selection
block_grouping-off-1972442430-stage2-policy_eval-curve_epoch_75,prospective-ten,1972442430,block_grouping,Block Grouping,off,RQ1/RQ2,policy_eval,stage2,curve_epoch_75,experiments_numeric.architecture_2.block_grouping_mcts,hadd-gbfs,epoch:75:stage2:block_grouping:off:1972442430,,,True,,,,,,,3,4g,6,20G,04:00:00,,VAL,block_grouping-off-1972442430-stage2-train-primary,preselected dependency checkpoint,planned,Learning-curve test evaluation; never use for checkpoint selection
block_grouping-off-1972442430-stage2-policy_eval-curve_epoch_80,prospective-ten,1972442430,block_grouping,Block Grouping,off,RQ1/RQ2,policy_eval,stage2,curve_epoch_80,experiments_numeric.architecture_2.block_grouping_mcts,hadd-gbfs,epoch:80:stage2:block_grouping:off:1972442430,,,True,,,,,,,3,4g,6,20G,04:00:00,,VAL,block_grouping-off-1972442430-stage2-train-primary,preselected dependency checkpoint,planned,Learning-curve test evaluation; never use for checkpoint selection
block_grouping-off-1972442430-stage2-policy_eval-curve_epoch_85,prospective-ten,1972442430,block_grouping,Block Grouping,off,RQ1/RQ2,policy_eval,stage2,curve_epoch_85,experiments_numeric.architecture_2.block_grouping_mcts,hadd-gbfs,epoch:85:stage2:block_grouping:off:1972442430,,,True,,,,,,,3,4g,6,20G,04:00:00,,VAL,block_grouping-off-1972442430-stage2-train-primary,preselected dependency checkpoint,planned,Learning-curve test evaluation; never use for checkpoint selection
block_grouping-off-1972442430-stage2-policy_eval-curve_epoch_90,prospective-ten,1972442430,block_grouping,Block Grouping,off,RQ1/RQ2,policy_eval,stage2,curve_epoch_90,experiments_numeric.architecture_2.block_grouping_mcts,hadd-gbfs,epoch:90:stage2:block_grouping:off:1972442430,,,True,,,,,,,3,4g,6,20G,04:00:00,,VAL,block_grouping-off-1972442430-stage2-train-primary,preselected dependency checkpoint,planned,Learning-curve test evaluation; never use for checkpoint selection
block_grouping-off-1972442430-stage2-policy_eval-curve_epoch_95,prospective-ten,1972442430,block_grouping,Block Grouping,off,RQ1/RQ2,policy_eval,stage2,curve_epoch_95,experiments_numeric.architecture_2.block_grouping_mcts,hadd-gbfs,epoch:95:stage2:block_grouping:off:1972442430,,,True,,,,,,,3,4g,6,20G,04:00:00,,VAL,block_grouping-off-1972442430-stage2-train-primary,preselected dependency checkpoint,planned,Learning-curve test evaluation; never use for checkpoint selection
block_grouping-off-1972442430-stage2-policy_eval-curve_epoch_99,prospective-ten,1972442430,block_grouping,Block Grouping,off,RQ1/RQ2,policy_eval,stage2,curve_epoch_99,experiments_numeric.architecture_2.block_grouping_mcts,hadd-gbfs,epoch:99:stage2:block_grouping:off:1972442430,,,True,,,,,,,3,4g,6,20G,04:00:00,,VAL,block_grouping-off-1972442430-stage2-train-primary,preselected dependency checkpoint,planned,Learning-curve test evaluation; never use for checkpoint selection
block_grouping-on-1963100312-stage2-policy_eval-curve_epoch_00,prospective-ten,1963100312,block_grouping,Block Grouping,on,RQ3/RQ4,policy_eval,stage2,curve_epoch_00,experiments_numeric.architecture_2.block_grouping_mcts,hadd-gbfs,epoch:0:stage2:block_grouping:on:1963100312,,,True,,,,,,,3,4g,6,20G,04:00:00,,VAL,block_grouping-on-1963100312-stage2-train-primary,preselected dependency checkpoint,planned,Learning-curve test evaluation; never use for checkpoint selection
block_grouping-on-1963100312-stage2-policy_eval-curve_epoch_05,prospective-ten,1963100312,block_grouping,Block Grouping,on,RQ3/RQ4,policy_eval,stage2,curve_epoch_05,experiments_numeric.architecture_2.block_grouping_mcts,hadd-gbfs,epoch:5:stage2:block_grouping:on:1963100312,,,True,,,,,,,3,4g,6,20G,04:00:00,,VAL,block_grouping-on-1963100312-stage2-train-primary,preselected dependency checkpoint,planned,Learning-curve test evaluation; never use for checkpoint selection
block_grouping-on-1963100312-stage2-policy_eval-curve_epoch_10,prospective-ten,1963100312,block_grouping,Block Grouping,on,RQ3/RQ4,policy_eval,stage2,curve_epoch_10,experiments_numeric.architecture_2.block_grouping_mcts,hadd-gbfs,epoch:10:stage2:block_grouping:on:1963100312,,,True,,,,,,,3,4g,6,20G,04:00:00,,VAL,block_grouping-on-1963100312-stage2-train-primary,preselected dependency checkpoint,planned,Learning-curve test evaluation; never use for checkpoint selection
block_grouping-on-1963100312-stage2-policy_eval-curve_epoch_15,prospective-ten,1963100312,block_grouping,Block Grouping,on,RQ3/RQ4,policy_eval,stage2,curve_epoch_15,experiments_numeric.architecture_2.block_grouping_mcts,hadd-gbfs,epoch:15:stage2:block_grouping:on:1963100312,,,True,,,,,,,3,4g,6,20G,04:00:00,,VAL,block_grouping-on-1963100312-stage2-train-primary,preselected dependency checkpoint,planned,Learning-curve test evaluation; never use for checkpoint selection
block_grouping-on-1963100312-stage2-policy_eval-curve_epoch_20,prospective-ten,1963100312,block_grouping,Block Grouping,on,RQ3/RQ4,policy_eval,stage2,curve_epoch_20,experiments_numeric.architecture_2.block_grouping_mcts,hadd-gbfs,epoch:20:stage2:block_grouping:on:1963100312,,,True,,,,,,,3,4g,6,20G,04:00:00,,VAL,block_grouping-on-1963100312-stage2-train-primary,preselected dependency checkpoint,planned,Learning-curve test evaluation; never use for checkpoint selection
block_grouping-on-1963100312-stage2-policy_eval-curve_epoch_25,prospective-ten,1963100312,block_grouping,Block Grouping,on,RQ3/RQ4,policy_eval,stage2,curve_epoch_25,experiments_numeric.architecture_2.block_grouping_mcts,hadd-gbfs,epoch:25:stage2:block_grouping:on:1963100312,,,True,,,,,,,3,4g,6,20G,04:00:00,,VAL,block_grouping-on-1963100312-stage2-train-primary,preselected dependency checkpoint,planned,Learning-curve test evaluation; never use for checkpoint selection
block_grouping-on-1963100312-stage2-policy_eval-curve_epoch_30,prospective-ten,1963100312,block_grouping,Block Grouping,on,RQ3/RQ4,policy_eval,stage2,curve_epoch_30,experiments_numeric.architecture_2.block_grouping_mcts,hadd-gbfs,epoch:30:stage2:block_grouping:on:1963100312,,,True,,,,,,,3,4g,6,20G,04:00:00,,VAL,block_grouping-on-1963100312-stage2-train-primary,preselected dependency checkpoint,planned,Learning-curve test evaluation; never use for checkpoint selection
block_grouping-on-1963100312-stage2-policy_eval-curve_epoch_35,prospective-ten,1963100312,block_grouping,Block Grouping,on,RQ3/RQ4,policy_eval,stage2,curve_epoch_35,experiments_numeric.architecture_2.block_grouping_mcts,hadd-gbfs,epoch:35:stage2:block_grouping:on:1963100312,,,True,,,,,,,3,4g,6,20G,04:00:00,,VAL,block_grouping-on-1963100312-stage2-train-primary,preselected dependency checkpoint,planned,Learning-curve test evaluation; never use for checkpoint selection
block_grouping-on-1963100312-stage2-policy_eval-curve_epoch_40,prospective-ten,1963100312,block_grouping,Block Grouping,on,RQ3/RQ4,policy_eval,stage2,curve_epoch_40,experiments_numeric.architecture_2.block_grouping_mcts,hadd-gbfs,epoch:40:stage2:block_grouping:on:1963100312,,,True,,,,,,,3,4g,6,20G,04:00:00,,VAL,block_grouping-on-1963100312-stage2-train-primary,preselected dependency checkpoint,planned,Learning-curve test evaluation; never use for checkpoint selection
block_grouping-on-1963100312-stage2-policy_eval-curve_epoch_45,prospective-ten,1963100312,block_grouping,Block Grouping,on,RQ3/RQ4,policy_eval,stage2,curve_epoch_45,experiments_numeric.architecture_2.block_grouping_mcts,hadd-gbfs,epoch:45:stage2:block_grouping:on:1963100312,,,True,,,,,,,3,4g,6,20G,04:00:00,,VAL,block_grouping-on-1963100312-stage2-train-primary,preselected dependency checkpoint,planned,Learning-curve test evaluation; never use for checkpoint selection
block_grouping-on-1963100312-stage2-policy_eval-curve_epoch_50,prospective-ten,1963100312,block_grouping,Block Grouping,on,RQ3/RQ4,policy_eval,stage2,curve_epoch_50,experiments_numeric.architecture_2.block_grouping_mcts,hadd-gbfs,epoch:50:stage2:block_grouping:on:1963100312,,,True,,,,,,,3,4g,6,20G,04:00:00,,VAL,block_grouping-on-1963100312-stage2-train-primary,preselected dependency checkpoint,planned,Learning-curve test evaluation; never use for checkpoint selection
block_grouping-on-1963100312-stage2-policy_eval-curve_epoch_55,prospective-ten,1963100312,block_grouping,Block Grouping,on,RQ3/RQ4,policy_eval,stage2,curve_epoch_55,experiments_numeric.architecture_2.block_grouping_mcts,hadd-gbfs,epoch:55:stage2:block_grouping:on:1963100312,,,True,,,,,,,3,4g,6,20G,04:00:00,,VAL,block_grouping-on-1963100312-stage2-train-primary,preselected dependency checkpoint,planned,Learning-curve test evaluation; never use for checkpoint selection
block_grouping-on-1963100312-stage2-policy_eval-curve_epoch_60,prospective-ten,1963100312,block_grouping,Block Grouping,on,RQ3/RQ4,policy_eval,stage2,curve_epoch_60,experiments_numeric.architecture_2.block_grouping_mcts,hadd-gbfs,epoch:60:stage2:block_grouping:on:1963100312,,,True,,,,,,,3,4g,6,20G,04:00:00,,VAL,block_grouping-on-1963100312-stage2-train-primary,preselected dependency checkpoint,planned,Learning-curve test evaluation; never use for checkpoint selection
block_grouping-on-1963100312-stage2-policy_eval-curve_epoch_65,prospective-ten,1963100312,block_grouping,Block Grouping,on,RQ3/RQ4,policy_eval,stage2,curve_epoch_65,experiments_numeric.architecture_2.block_grouping_mcts,hadd-gbfs,epoch:65:stage2:block_grouping:on:1963100312,,,True,,,,,,,3,4g,6,20G,04:00:00,,VAL,block_grouping-on-1963100312-stage2-train-primary,preselected dependency checkpoint,planned,Learning-curve test evaluation; never use for checkpoint selection
block_grouping-on-1963100312-stage2-policy_eval-curve_epoch_70,prospective-ten,1963100312,block_grouping,Block Grouping,on,RQ3/RQ4,policy_eval,stage2,curve_epoch_70,experiments_numeric.architecture_2.block_grouping_mcts,hadd-gbfs,epoch:70:stage2:block_grouping:on:1963100312,,,True,,,,,,,3,4g,6,20G,04:00:00,,VAL,block_grouping-on-1963100312-stage2-train-primary,preselected dependency checkpoint,planned,Learning-curve test evaluation; never use for checkpoint selection
block_grouping-on-1963100312-stage2-policy_eval-curve_epoch_75,prospective-ten,1963100312,block_grouping,Block Grouping,on,RQ3/RQ4,policy_eval,stage2,curve_epoch_75,experiments_numeric.architecture_2.block_grouping_mcts,hadd-gbfs,epoch:75:stage2:block_grouping:on:1963100312,,,True,,,,,,,3,4g,6,20G,04:00:00,,VAL,block_grouping-on-1963100312-stage2-train-primary,preselected dependency checkpoint,planned,Learning-curve test evaluation; never use for checkpoint selection
block_grouping-on-1963100312-stage2-policy_eval-curve_epoch_80,prospective-ten,1963100312,block_grouping,Block Grouping,on,RQ3/RQ4,policy_eval,stage2,curve_epoch_80,experiments_numeric.architecture_2.block_grouping_mcts,hadd-gbfs,epoch:80:stage2:block_grouping:on:1963100312,,,True,,,,,,,3,4g,6,20G,04:00:00,,VAL,block_grouping-on-1963100312-stage2-train-primary,preselected dependency checkpoint,planned,Learning-curve test evaluation; never use for checkpoint selection
block_grouping-on-1963100312-stage2-policy_eval-curve_epoch_85,prospective-ten,1963100312,block_grouping,Block Grouping,on,RQ3/RQ4,policy_eval,stage2,curve_epoch_85,experiments_numeric.architecture_2.block_grouping_mcts,hadd-gbfs,epoch:85:stage2:block_grouping:on:1963100312,,,True,,,,,,,3,4g,6,20G,04:00:00,,VAL,block_grouping-on-1963100312-stage2-train-primary,preselected dependency checkpoint,planned,Learning-curve test evaluation; never use for checkpoint selection
block_grouping-on-1963100312-stage2-policy_eval-curve_epoch_90,prospective-ten,1963100312,block_grouping,Block Grouping,on,RQ3/RQ4,policy_eval,stage2,curve_epoch_90,experiments_numeric.architecture_2.block_grouping_mcts,hadd-gbfs,epoch:90:stage2:block_grouping:on:1963100312,,,True,,,,,,,3,4g,6,20G,04:00:00,,VAL,block_grouping-on-1963100312-stage2-train-primary,preselected dependency checkpoint,planned,Learning-curve test evaluation; never use for checkpoint selection
block_grouping-on-1963100312-stage2-policy_eval-curve_epoch_95,prospective-ten,1963100312,block_grouping,Block Grouping,on,RQ3/RQ4,policy_eval,stage2,curve_epoch_95,experiments_numeric.architecture_2.block_grouping_mcts,hadd-gbfs,epoch:95:stage2:block_grouping:on:1963100312,,,True,,,,,,,3,4g,6,20G,04:00:00,,VAL,block_grouping-on-1963100312-stage2-train-primary,preselected dependency checkpoint,planned,Learning-curve test evaluation; never use for checkpoint selection
block_grouping-on-1963100312-stage2-policy_eval-curve_epoch_99,prospective-ten,1963100312,block_grouping,Block Grouping,on,RQ3/RQ4,policy_eval,stage2,curve_epoch_99,experiments_numeric.architecture_2.block_grouping_mcts,hadd-gbfs,epoch:99:stage2:block_grouping:on:1963100312,,,True,,,,,,,3,4g,6,20G,04:00:00,,VAL,block_grouping-on-1963100312-stage2-train-primary,preselected dependency checkpoint,planned,Learning-curve test evaluation; never use for checkpoint selection
block_grouping-on-2011206605-stage2-policy_eval-curve_epoch_00,prospective-ten,2011206605,block_grouping,Block Grouping,on,RQ3/RQ4,policy_eval,stage2,curve_epoch_00,experiments_numeric.architecture_2.block_grouping_mcts,hadd-gbfs,epoch:0:stage2:block_grouping:on:2011206605,,,True,,,,,,,3,4g,6,20G,04:00:00,,VAL,block_grouping-on-2011206605-stage2-train-primary,preselected dependency checkpoint,planned,Learning-curve test evaluation; never use for checkpoint selection
block_grouping-on-2011206605-stage2-policy_eval-curve_epoch_05,prospective-ten,2011206605,block_grouping,Block Grouping,on,RQ3/RQ4,policy_eval,stage2,curve_epoch_05,experiments_numeric.architecture_2.block_grouping_mcts,hadd-gbfs,epoch:5:stage2:block_grouping:on:2011206605,,,True,,,,,,,3,4g,6,20G,04:00:00,,VAL,block_grouping-on-2011206605-stage2-train-primary,preselected dependency checkpoint,planned,Learning-curve test evaluation; never use for checkpoint selection
block_grouping-on-2011206605-stage2-policy_eval-curve_epoch_10,prospective-ten,2011206605,block_grouping,Block Grouping,on,RQ3/RQ4,policy_eval,stage2,curve_epoch_10,experiments_numeric.architecture_2.block_grouping_mcts,hadd-gbfs,epoch:10:stage2:block_grouping:on:2011206605,,,True,,,,,,,3,4g,6,20G,04:00:00,,VAL,block_grouping-on-2011206605-stage2-train-primary,preselected dependency checkpoint,planned,Learning-curve test evaluation; never use for checkpoint selection
block_grouping-on-2011206605-stage2-policy_eval-curve_epoch_15,prospective-ten,2011206605,block_grouping,Block Grouping,on,RQ3/RQ4,policy_eval,stage2,curve_epoch_15,experiments_numeric.architecture_2.block_grouping_mcts,hadd-gbfs,epoch:15:stage2:block_grouping:on:2011206605,,,True,,,,,,,3,4g,6,20G,04:00:00,,VAL,block_grouping-on-2011206605-stage2-train-primary,preselected dependency checkpoint,planned,Learning-curve test evaluation; never use for checkpoint selection
block_grouping-on-2011206605-stage2-policy_eval-curve_epoch_20,prospective-ten,2011206605,block_grouping,Block Grouping,on,RQ3/RQ4,policy_eval,stage2,curve_epoch_20,experiments_numeric.architecture_2.block_grouping_mcts,hadd-gbfs,epoch:20:stage2:block_grouping:on:2011206605,,,True,,,,,,,3,4g,6,20G,04:00:00,,VAL,block_grouping-on-2011206605-stage2-train-primary,preselected dependency checkpoint,planned,Learning-curve test evaluation; never use for checkpoint selection
block_grouping-on-2011206605-stage2-policy_eval-curve_epoch_25,prospective-ten,2011206605,block_grouping,Block Grouping,on,RQ3/RQ4,policy_eval,stage2,curve_epoch_25,experiments_numeric.architecture_2.block_grouping_mcts,hadd-gbfs,epoch:25:stage2:block_grouping:on:2011206605,,,True,,,,,,,3,4g,6,20G,04:00:00,,VAL,block_grouping-on-2011206605-stage2-train-primary,preselected dependency checkpoint,planned,Learning-curve test evaluation; never use for checkpoint selection
block_grouping-on-2011206605-stage2-policy_eval-curve_epoch_30,prospective-ten,2011206605,block_grouping,Block Grouping,on,RQ3/RQ4,policy_eval,stage2,curve_epoch_30,experiments_numeric.architecture_2.block_grouping_mcts,hadd-gbfs,epoch:30:stage2:block_grouping:on:2011206605,,,True,,,,,,,3,4g,6,20G,04:00:00,,VAL,block_grouping-on-2011206605-stage2-train-primary,preselected dependency checkpoint,planned,Learning-curve test evaluation; never use for checkpoint selection
block_grouping-on-2011206605-stage2-policy_eval-curve_epoch_35,prospective-ten,2011206605,block_grouping,Block Grouping,on,RQ3/RQ4,policy_eval,stage2,curve_epoch_35,experiments_numeric.architecture_2.block_grouping_mcts,hadd-gbfs,epoch:35:stage2:block_grouping:on:2011206605,,,True,,,,,,,3,4g,6,20G,04:00:00,,VAL,block_grouping-on-2011206605-stage2-train-primary,preselected dependency checkpoint,planned,Learning-curve test evaluation; never use for checkpoint selection
block_grouping-on-2011206605-stage2-policy_eval-curve_epoch_40,prospective-ten,2011206605,block_grouping,Block Grouping,on,RQ3/RQ4,policy_eval,stage2,curve_epoch_40,experiments_numeric.architecture_2.block_grouping_mcts,hadd-gbfs,epoch:40:stage2:block_grouping:on:2011206605,,,True,,,,,,,3,4g,6,20G,04:00:00,,VAL,block_grouping-on-2011206605-stage2-train-primary,preselected dependency checkpoint,planned,Learning-curve test evaluation; never use for checkpoint selection
block_grouping-on-2011206605-stage2-policy_eval-curve_epoch_45,prospective-ten,2011206605,block_grouping,Block Grouping,on,RQ3/RQ4,policy_eval,stage2,curve_epoch_45,experiments_numeric.architecture_2.block_grouping_mcts,hadd-gbfs,epoch:45:stage2:block_grouping:on:2011206605,,,True,,,,,,,3,4g,6,20G,04:00:00,,VAL,block_grouping-on-2011206605-stage2-train-primary,preselected dependency checkpoint,planned,Learning-curve test evaluation; never use for checkpoint selection
block_grouping-on-2011206605-stage2-policy_eval-curve_epoch_50,prospective-ten,2011206605,block_grouping,Block Grouping,on,RQ3/RQ4,policy_eval,stage2,curve_epoch_50,experiments_numeric.architecture_2.block_grouping_mcts,hadd-gbfs,epoch:50:stage2:block_grouping:on:2011206605,,,True,,,,,,,3,4g,6,20G,04:00:00,,VAL,block_grouping-on-2011206605-stage2-train-primary,preselected dependency checkpoint,planned,Learning-curve test evaluation; never use for checkpoint selection
block_grouping-on-2011206605-stage2-policy_eval-curve_epoch_55,prospective-ten,2011206605,block_grouping,Block Grouping,on,RQ3/RQ4,policy_eval,stage2,curve_epoch_55,experiments_numeric.architecture_2.block_grouping_mcts,hadd-gbfs,epoch:55:stage2:block_grouping:on:2011206605,,,True,,,,,,,3,4g,6,20G,04:00:00,,VAL,block_grouping-on-2011206605-stage2-train-primary,preselected dependency checkpoint,planned,Learning-curve test evaluation; never use for checkpoint selection
block_grouping-on-2011206605-stage2-policy_eval-curve_epoch_60,prospective-ten,2011206605,block_grouping,Block Grouping,on,RQ3/RQ4,policy_eval,stage2,curve_epoch_60,experiments_numeric.architecture_2.block_grouping_mcts,hadd-gbfs,epoch:60:stage2:block_grouping:on:2011206605,,,True,,,,,,,3,4g,6,20G,04:00:00,,VAL,block_grouping-on-2011206605-stage2-train-primary,preselected dependency checkpoint,planned,Learning-curve test evaluation; never use for checkpoint selection
block_grouping-on-2011206605-stage2-policy_eval-curve_epoch_65,prospective-ten,2011206605,block_grouping,Block Grouping,on,RQ3/RQ4,policy_eval,stage2,curve_epoch_65,experiments_numeric.architecture_2.block_grouping_mcts,hadd-gbfs,epoch:65:stage2:block_grouping:on:2011206605,,,True,,,,,,,3,4g,6,20G,04:00:00,,VAL,block_grouping-on-2011206605-stage2-train-primary,preselected dependency checkpoint,planned,Learning-curve test evaluation; never use for checkpoint selection
block_grouping-on-2011206605-stage2-policy_eval-curve_epoch_70,prospective-ten,2011206605,block_grouping,Block Grouping,on,RQ3/RQ4,policy_eval,stage2,curve_epoch_70,experiments_numeric.architecture_2.block_grouping_mcts,hadd-gbfs,epoch:70:stage2:block_grouping:on:2011206605,,,True,,,,,,,3,4g,6,20G,04:00:00,,VAL,block_grouping-on-2011206605-stage2-train-primary,preselected dependency checkpoint,planned,Learning-curve test evaluation; never use for checkpoint selection
block_grouping-on-2011206605-stage2-policy_eval-curve_epoch_75,prospective-ten,2011206605,block_grouping,Block Grouping,on,RQ3/RQ4,policy_eval,stage2,curve_epoch_75,experiments_numeric.architecture_2.block_grouping_mcts,hadd-gbfs,epoch:75:stage2:block_grouping:on:2011206605,,,True,,,,,,,3,4g,6,20G,04:00:00,,VAL,block_grouping-on-2011206605-stage2-train-primary,preselected dependency checkpoint,planned,Learning-curve test evaluation; never use for checkpoint selection
block_grouping-on-2011206605-stage2-policy_eval-curve_epoch_80,prospective-ten,2011206605,block_grouping,Block Grouping,on,RQ3/RQ4,policy_eval,stage2,curve_epoch_80,experiments_numeric.architecture_2.block_grouping_mcts,hadd-gbfs,epoch:80:stage2:block_grouping:on:2011206605,,,True,,,,,,,3,4g,6,20G,04:00:00,,VAL,block_grouping-on-2011206605-stage2-train-primary,preselected dependency checkpoint,planned,Learning-curve test evaluation; never use for checkpoint selection
block_grouping-on-2011206605-stage2-policy_eval-curve_epoch_85,prospective-ten,2011206605,block_grouping,Block Grouping,on,RQ3/RQ4,policy_eval,stage2,curve_epoch_85,experiments_numeric.architecture_2.block_grouping_mcts,hadd-gbfs,epoch:85:stage2:block_grouping:on:2011206605,,,True,,,,,,,3,4g,6,20G,04:00:00,,VAL,block_grouping-on-2011206605-stage2-train-primary,preselected dependency checkpoint,planned,Learning-curve test evaluation; never use for checkpoint selection
block_grouping-on-2011206605-stage2-policy_eval-curve_epoch_90,prospective-ten,2011206605,block_grouping,Block Grouping,on,RQ3/RQ4,policy_eval,stage2,curve_epoch_90,experiments_numeric.architecture_2.block_grouping_mcts,hadd-gbfs,epoch:90:stage2:block_grouping:on:2011206605,,,True,,,,,,,3,4g,6,20G,04:00:00,,VAL,block_grouping-on-2011206605-stage2-train-primary,preselected dependency checkpoint,planned,Learning-curve test evaluation; never use for checkpoint selection
block_grouping-on-2011206605-stage2-policy_eval-curve_epoch_95,prospective-ten,2011206605,block_grouping,Block Grouping,on,RQ3/RQ4,policy_eval,stage2,curve_epoch_95,experiments_numeric.architecture_2.block_grouping_mcts,hadd-gbfs,epoch:95:stage2:block_grouping:on:2011206605,,,True,,,,,,,3,4g,6,20G,04:00:00,,VAL,block_grouping-on-2011206605-stage2-train-primary,preselected dependency checkpoint,planned,Learning-curve test evaluation; never use for checkpoint selection
block_grouping-on-2011206605-stage2-policy_eval-curve_epoch_99,prospective-ten,2011206605,block_grouping,Block Grouping,on,RQ3/RQ4,policy_eval,stage2,curve_epoch_99,experiments_numeric.architecture_2.block_grouping_mcts,hadd-gbfs,epoch:99:stage2:block_grouping:on:2011206605,,,True,,,,,,,3,4g,6,20G,04:00:00,,VAL,block_grouping-on-2011206605-stage2-train-primary,preselected dependency checkpoint,planned,Learning-curve test evaluation; never use for checkpoint selection
block_grouping-on-1073581256-stage2-policy_eval-curve_epoch_00,prospective-ten,1073581256,block_grouping,Block Grouping,on,RQ3/RQ4,policy_eval,stage2,curve_epoch_00,experiments_numeric.architecture_2.block_grouping_mcts,hadd-gbfs,epoch:0:stage2:block_grouping:on:1073581256,,,True,,,,,,,3,4g,6,20G,04:00:00,,VAL,block_grouping-on-1073581256-stage2-train-primary,preselected dependency checkpoint,planned,Learning-curve test evaluation; never use for checkpoint selection
block_grouping-on-1073581256-stage2-policy_eval-curve_epoch_05,prospective-ten,1073581256,block_grouping,Block Grouping,on,RQ3/RQ4,policy_eval,stage2,curve_epoch_05,experiments_numeric.architecture_2.block_grouping_mcts,hadd-gbfs,epoch:5:stage2:block_grouping:on:1073581256,,,True,,,,,,,3,4g,6,20G,04:00:00,,VAL,block_grouping-on-1073581256-stage2-train-primary,preselected dependency checkpoint,planned,Learning-curve test evaluation; never use for checkpoint selection
block_grouping-on-1073581256-stage2-policy_eval-curve_epoch_10,prospective-ten,1073581256,block_grouping,Block Grouping,on,RQ3/RQ4,policy_eval,stage2,curve_epoch_10,experiments_numeric.architecture_2.block_grouping_mcts,hadd-gbfs,epoch:10:stage2:block_grouping:on:1073581256,,,True,,,,,,,3,4g,6,20G,04:00:00,,VAL,block_grouping-on-1073581256-stage2-train-primary,preselected dependency checkpoint,planned,Learning-curve test evaluation; never use for checkpoint selection
block_grouping-on-1073581256-stage2-policy_eval-curve_epoch_15,prospective-ten,1073581256,block_grouping,Block Grouping,on,RQ3/RQ4,policy_eval,stage2,curve_epoch_15,experiments_numeric.architecture_2.block_grouping_mcts,hadd-gbfs,epoch:15:stage2:block_grouping:on:1073581256,,,True,,,,,,,3,4g,6,20G,04:00:00,,VAL,block_grouping-on-1073581256-stage2-train-primary,preselected dependency checkpoint,planned,Learning-curve test evaluation; never use for checkpoint selection
block_grouping-on-1073581256-stage2-policy_eval-curve_epoch_20,prospective-ten,1073581256,block_grouping,Block Grouping,on,RQ3/RQ4,policy_eval,stage2,curve_epoch_20,experiments_numeric.architecture_2.block_grouping_mcts,hadd-gbfs,epoch:20:stage2:block_grouping:on:1073581256,,,True,,,,,,,3,4g,6,20G,04:00:00,,VAL,block_grouping-on-1073581256-stage2-train-primary,preselected dependency checkpoint,planned,Learning-curve test evaluation; never use for checkpoint selection
block_grouping-on-1073581256-stage2-policy_eval-curve_epoch_25,prospective-ten,1073581256,block_grouping,Block Grouping,on,RQ3/RQ4,policy_eval,stage2,curve_epoch_25,experiments_numeric.architecture_2.block_grouping_mcts,hadd-gbfs,epoch:25:stage2:block_grouping:on:1073581256,,,True,,,,,,,3,4g,6,20G,04:00:00,,VAL,block_grouping-on-1073581256-stage2-train-primary,preselected dependency checkpoint,planned,Learning-curve test evaluation; never use for checkpoint selection
block_grouping-on-1073581256-stage2-policy_eval-curve_epoch_30,prospective-ten,1073581256,block_grouping,Block Grouping,on,RQ3/RQ4,policy_eval,stage2,curve_epoch_30,experiments_numeric.architecture_2.block_grouping_mcts,hadd-gbfs,epoch:30:stage2:block_grouping:on:1073581256,,,True,,,,,,,3,4g,6,20G,04:00:00,,VAL,block_grouping-on-1073581256-stage2-train-primary,preselected dependency checkpoint,planned,Learning-curve test evaluation; never use for checkpoint selection
block_grouping-on-1073581256-stage2-policy_eval-curve_epoch_35,prospective-ten,1073581256,block_grouping,Block Grouping,on,RQ3/RQ4,policy_eval,stage2,curve_epoch_35,experiments_numeric.architecture_2.block_grouping_mcts,hadd-gbfs,epoch:35:stage2:block_grouping:on:1073581256,,,True,,,,,,,3,4g,6,20G,04:00:00,,VAL,block_grouping-on-1073581256-stage2-train-primary,preselected dependency checkpoint,planned,Learning-curve test evaluation; never use for checkpoint selection
block_grouping-on-1073581256-stage2-policy_eval-curve_epoch_40,prospective-ten,1073581256,block_grouping,Block Grouping,on,RQ3/RQ4,policy_eval,stage2,curve_epoch_40,experiments_numeric.architecture_2.block_grouping_mcts,hadd-gbfs,epoch:40:stage2:block_grouping:on:1073581256,,,True,,,,,,,3,4g,6,20G,04:00:00,,VAL,block_grouping-on-1073581256-stage2-train-primary,preselected dependency checkpoint,planned,Learning-curve test evaluation; never use for checkpoint selection
block_grouping-on-1073581256-stage2-policy_eval-curve_epoch_45,prospective-ten,1073581256,block_grouping,Block Grouping,on,RQ3/RQ4,policy_eval,stage2,curve_epoch_45,experiments_numeric.architecture_2.block_grouping_mcts,hadd-gbfs,epoch:45:stage2:block_grouping:on:1073581256,,,True,,,,,,,3,4g,6,20G,04:00:00,,VAL,block_grouping-on-1073581256-stage2-train-primary,preselected dependency checkpoint,planned,Learning-curve test evaluation; never use for checkpoint selection
block_grouping-on-1073581256-stage2-policy_eval-curve_epoch_50,prospective-ten,1073581256,block_grouping,Block Grouping,on,RQ3/RQ4,policy_eval,stage2,curve_epoch_50,experiments_numeric.architecture_2.block_grouping_mcts,hadd-gbfs,epoch:50:stage2:block_grouping:on:1073581256,,,True,,,,,,,3,4g,6,20G,04:00:00,,VAL,block_grouping-on-1073581256-stage2-train-primary,preselected dependency checkpoint,planned,Learning-curve test evaluation; never use for checkpoint selection
block_grouping-on-1073581256-stage2-policy_eval-curve_epoch_55,prospective-ten,1073581256,block_grouping,Block Grouping,on,RQ3/RQ4,policy_eval,stage2,curve_epoch_55,experiments_numeric.architecture_2.block_grouping_mcts,hadd-gbfs,epoch:55:stage2:block_grouping:on:1073581256,,,True,,,,,,,3,4g,6,20G,04:00:00,,VAL,block_grouping-on-1073581256-stage2-train-primary,preselected dependency checkpoint,planned,Learning-curve test evaluation; never use for checkpoint selection
block_grouping-on-1073581256-stage2-policy_eval-curve_epoch_60,prospective-ten,1073581256,block_grouping,Block Grouping,on,RQ3/RQ4,policy_eval,stage2,curve_epoch_60,experiments_numeric.architecture_2.block_grouping_mcts,hadd-gbfs,epoch:60:stage2:block_grouping:on:1073581256,,,True,,,,,,,3,4g,6,20G,04:00:00,,VAL,block_grouping-on-1073581256-stage2-train-primary,preselected dependency checkpoint,planned,Learning-curve test evaluation; never use for checkpoint selection
block_grouping-on-1073581256-stage2-policy_eval-curve_epoch_65,prospective-ten,1073581256,block_grouping,Block Grouping,on,RQ3/RQ4,policy_eval,stage2,curve_epoch_65,experiments_numeric.architecture_2.block_grouping_mcts,hadd-gbfs,epoch:65:stage2:block_grouping:on:1073581256,,,True,,,,,,,3,4g,6,20G,04:00:00,,VAL,block_grouping-on-1073581256-stage2-train-primary,preselected dependency checkpoint,planned,Learning-curve test evaluation; never use for checkpoint selection
block_grouping-on-1073581256-stage2-policy_eval-curve_epoch_70,prospective-ten,1073581256,block_grouping,Block Grouping,on,RQ3/RQ4,policy_eval,stage2,curve_epoch_70,experiments_numeric.architecture_2.block_grouping_mcts,hadd-gbfs,epoch:70:stage2:block_grouping:on:1073581256,,,True,,,,,,,3,4g,6,20G,04:00:00,,VAL,block_grouping-on-1073581256-stage2-train-primary,preselected dependency checkpoint,planned,Learning-curve test evaluation; never use for checkpoint selection
block_grouping-on-1073581256-stage2-policy_eval-curve_epoch_75,prospective-ten,1073581256,block_grouping,Block Grouping,on,RQ3/RQ4,policy_eval,stage2,curve_epoch_75,experiments_numeric.architecture_2.block_grouping_mcts,hadd-gbfs,epoch:75:stage2:block_grouping:on:1073581256,,,True,,,,,,,3,4g,6,20G,04:00:00,,VAL,block_grouping-on-1073581256-stage2-train-primary,preselected dependency checkpoint,planned,Learning-curve test evaluation; never use for checkpoint selection
block_grouping-on-1073581256-stage2-policy_eval-curve_epoch_80,prospective-ten,1073581256,block_grouping,Block Grouping,on,RQ3/RQ4,policy_eval,stage2,curve_epoch_80,experiments_numeric.architecture_2.block_grouping_mcts,hadd-gbfs,epoch:80:stage2:block_grouping:on:1073581256,,,True,,,,,,,3,4g,6,20G,04:00:00,,VAL,block_grouping-on-1073581256-stage2-train-primary,preselected dependency checkpoint,planned,Learning-curve test evaluation; never use for checkpoint selection
block_grouping-on-1073581256-stage2-policy_eval-curve_epoch_85,prospective-ten,1073581256,block_grouping,Block Grouping,on,RQ3/RQ4,policy_eval,stage2,curve_epoch_85,experiments_numeric.architecture_2.block_grouping_mcts,hadd-gbfs,epoch:85:stage2:block_grouping:on:1073581256,,,True,,,,,,,3,4g,6,20G,04:00:00,,VAL,block_grouping-on-1073581256-stage2-train-primary,preselected dependency checkpoint,planned,Learning-curve test evaluation; never use for checkpoint selection
block_grouping-on-1073581256-stage2-policy_eval-curve_epoch_90,prospective-ten,1073581256,block_grouping,Block Grouping,on,RQ3/RQ4,policy_eval,stage2,curve_epoch_90,experiments_numeric.architecture_2.block_grouping_mcts,hadd-gbfs,epoch:90:stage2:block_grouping:on:1073581256,,,True,,,,,,,3,4g,6,20G,04:00:00,,VAL,block_grouping-on-1073581256-stage2-train-primary,preselected dependency checkpoint,planned,Learning-curve test evaluation; never use for checkpoint selection
block_grouping-on-1073581256-stage2-policy_eval-curve_epoch_95,prospective-ten,1073581256,block_grouping,Block Grouping,on,RQ3/RQ4,policy_eval,stage2,curve_epoch_95,experiments_numeric.architecture_2.block_grouping_mcts,hadd-gbfs,epoch:95:stage2:block_grouping:on:1073581256,,,True,,,,,,,3,4g,6,20G,04:00:00,,VAL,block_grouping-on-1073581256-stage2-train-primary,preselected dependency checkpoint,planned,Learning-curve test evaluation; never use for checkpoint selection
block_grouping-on-1073581256-stage2-policy_eval-curve_epoch_99,prospective-ten,1073581256,block_grouping,Block Grouping,on,RQ3/RQ4,policy_eval,stage2,curve_epoch_99,experiments_numeric.architecture_2.block_grouping_mcts,hadd-gbfs,epoch:99:stage2:block_grouping:on:1073581256,,,True,,,,,,,3,4g,6,20G,04:00:00,,VAL,block_grouping-on-1073581256-stage2-train-primary,preselected dependency checkpoint,planned,Learning-curve test evaluation; never use for checkpoint selection
block_grouping-on-1239739722-stage2-policy_eval-curve_epoch_00,prospective-ten,1239739722,block_grouping,Block Grouping,on,RQ3/RQ4,policy_eval,stage2,curve_epoch_00,experiments_numeric.architecture_2.block_grouping_mcts,hadd-gbfs,epoch:0:stage2:block_grouping:on:1239739722,,,True,,,,,,,3,4g,6,20G,04:00:00,,VAL,block_grouping-on-1239739722-stage2-train-primary,preselected dependency checkpoint,planned,Learning-curve test evaluation; never use for checkpoint selection
block_grouping-on-1239739722-stage2-policy_eval-curve_epoch_05,prospective-ten,1239739722,block_grouping,Block Grouping,on,RQ3/RQ4,policy_eval,stage2,curve_epoch_05,experiments_numeric.architecture_2.block_grouping_mcts,hadd-gbfs,epoch:5:stage2:block_grouping:on:1239739722,,,True,,,,,,,3,4g,6,20G,04:00:00,,VAL,block_grouping-on-1239739722-stage2-train-primary,preselected dependency checkpoint,planned,Learning-curve test evaluation; never use for checkpoint selection
block_grouping-on-1239739722-stage2-policy_eval-curve_epoch_10,prospective-ten,1239739722,block_grouping,Block Grouping,on,RQ3/RQ4,policy_eval,stage2,curve_epoch_10,experiments_numeric.architecture_2.block_grouping_mcts,hadd-gbfs,epoch:10:stage2:block_grouping:on:1239739722,,,True,,,,,,,3,4g,6,20G,04:00:00,,VAL,block_grouping-on-1239739722-stage2-train-primary,preselected dependency checkpoint,planned,Learning-curve test evaluation; never use for checkpoint selection
block_grouping-on-1239739722-stage2-policy_eval-curve_epoch_15,prospective-ten,1239739722,block_grouping,Block Grouping,on,RQ3/RQ4,policy_eval,stage2,curve_epoch_15,experiments_numeric.architecture_2.block_grouping_mcts,hadd-gbfs,epoch:15:stage2:block_grouping:on:1239739722,,,True,,,,,,,3,4g,6,20G,04:00:00,,VAL,block_grouping-on-1239739722-stage2-train-primary,preselected dependency checkpoint,planned,Learning-curve test evaluation; never use for checkpoint selection
block_grouping-on-1239739722-stage2-policy_eval-curve_epoch_20,prospective-ten,1239739722,block_grouping,Block Grouping,on,RQ3/RQ4,policy_eval,stage2,curve_epoch_20,experiments_numeric.architecture_2.block_grouping_mcts,hadd-gbfs,epoch:20:stage2:block_grouping:on:1239739722,,,True,,,,,,,3,4g,6,20G,04:00:00,,VAL,block_grouping-on-1239739722-stage2-train-primary,preselected dependency checkpoint,planned,Learning-curve test evaluation; never use for checkpoint selection
block_grouping-on-1239739722-stage2-policy_eval-curve_epoch_25,prospective-ten,1239739722,block_grouping,Block Grouping,on,RQ3/RQ4,policy_eval,stage2,curve_epoch_25,experiments_numeric.architecture_2.block_grouping_mcts,hadd-gbfs,epoch:25:stage2:block_grouping:on:1239739722,,,True,,,,,,,3,4g,6,20G,04:00:00,,VAL,block_grouping-on-1239739722-stage2-train-primary,preselected dependency checkpoint,planned,Learning-curve test evaluation; never use for checkpoint selection
block_grouping-on-1239739722-stage2-policy_eval-curve_epoch_30,prospective-ten,1239739722,block_grouping,Block Grouping,on,RQ3/RQ4,policy_eval,stage2,curve_epoch_30,experiments_numeric.architecture_2.block_grouping_mcts,hadd-gbfs,epoch:30:stage2:block_grouping:on:1239739722,,,True,,,,,,,3,4g,6,20G,04:00:00,,VAL,block_grouping-on-1239739722-stage2-train-primary,preselected dependency checkpoint,planned,Learning-curve test evaluation; never use for checkpoint selection
block_grouping-on-1239739722-stage2-policy_eval-curve_epoch_35,prospective-ten,1239739722,block_grouping,Block Grouping,on,RQ3/RQ4,policy_eval,stage2,curve_epoch_35,experiments_numeric.architecture_2.block_grouping_mcts,hadd-gbfs,epoch:35:stage2:block_grouping:on:1239739722,,,True,,,,,,,3,4g,6,20G,04:00:00,,VAL,block_grouping-on-1239739722-stage2-train-primary,preselected dependency checkpoint,planned,Learning-curve test evaluation; never use for checkpoint selection
block_grouping-on-1239739722-stage2-policy_eval-curve_epoch_40,prospective-ten,1239739722,block_grouping,Block Grouping,on,RQ3/RQ4,policy_eval,stage2,curve_epoch_40,experiments_numeric.architecture_2.block_grouping_mcts,hadd-gbfs,epoch:40:stage2:block_grouping:on:1239739722,,,True,,,,,,,3,4g,6,20G,04:00:00,,VAL,block_grouping-on-1239739722-stage2-train-primary,preselected dependency checkpoint,planned,Learning-curve test evaluation; never use for checkpoint selection
block_grouping-on-1239739722-stage2-policy_eval-curve_epoch_45,prospective-ten,1239739722,block_grouping,Block Grouping,on,RQ3/RQ4,policy_eval,stage2,curve_epoch_45,experiments_numeric.architecture_2.block_grouping_mcts,hadd-gbfs,epoch:45:stage2:block_grouping:on:1239739722,,,True,,,,,,,3,4g,6,20G,04:00:00,,VAL,block_grouping-on-1239739722-stage2-train-primary,preselected dependency checkpoint,planned,Learning-curve test evaluation; never use for checkpoint selection
block_grouping-on-1239739722-stage2-policy_eval-curve_epoch_50,prospective-ten,1239739722,block_grouping,Block Grouping,on,RQ3/RQ4,policy_eval,stage2,curve_epoch_50,experiments_numeric.architecture_2.block_grouping_mcts,hadd-gbfs,epoch:50:stage2:block_grouping:on:1239739722,,,True,,,,,,,3,4g,6,20G,04:00:00,,VAL,block_grouping-on-1239739722-stage2-train-primary,preselected dependency checkpoint,planned,Learning-curve test evaluation; never use for checkpoint selection
block_grouping-on-1239739722-stage2-policy_eval-curve_epoch_55,prospective-ten,1239739722,block_grouping,Block Grouping,on,RQ3/RQ4,policy_eval,stage2,curve_epoch_55,experiments_numeric.architecture_2.block_grouping_mcts,hadd-gbfs,epoch:55:stage2:block_grouping:on:1239739722,,,True,,,,,,,3,4g,6,20G,04:00:00,,VAL,block_grouping-on-1239739722-stage2-train-primary,preselected dependency checkpoint,planned,Learning-curve test evaluation; never use for checkpoint selection
block_grouping-on-1239739722-stage2-policy_eval-curve_epoch_60,prospective-ten,1239739722,block_grouping,Block Grouping,on,RQ3/RQ4,policy_eval,stage2,curve_epoch_60,experiments_numeric.architecture_2.block_grouping_mcts,hadd-gbfs,epoch:60:stage2:block_grouping:on:1239739722,,,True,,,,,,,3,4g,6,20G,04:00:00,,VAL,block_grouping-on-1239739722-stage2-train-primary,preselected dependency checkpoint,planned,Learning-curve test evaluation; never use for checkpoint selection
block_grouping-on-1239739722-stage2-policy_eval-curve_epoch_65,prospective-ten,1239739722,block_grouping,Block Grouping,on,RQ3/RQ4,policy_eval,stage2,curve_epoch_65,experiments_numeric.architecture_2.block_grouping_mcts,hadd-gbfs,epoch:65:stage2:block_grouping:on:1239739722,,,True,,,,,,,3,4g,6,20G,04:00:00,,VAL,block_grouping-on-1239739722-stage2-train-primary,preselected dependency checkpoint,planned,Learning-curve test evaluation; never use for checkpoint selection
block_grouping-on-1239739722-stage2-policy_eval-curve_epoch_70,prospective-ten,1239739722,block_grouping,Block Grouping,on,RQ3/RQ4,policy_eval,stage2,curve_epoch_70,experiments_numeric.architecture_2.block_grouping_mcts,hadd-gbfs,epoch:70:stage2:block_grouping:on:1239739722,,,True,,,,,,,3,4g,6,20G,04:00:00,,VAL,block_grouping-on-1239739722-stage2-train-primary,preselected dependency checkpoint,planned,Learning-curve test evaluation; never use for checkpoint selection
block_grouping-on-1239739722-stage2-policy_eval-curve_epoch_75,prospective-ten,1239739722,block_grouping,Block Grouping,on,RQ3/RQ4,policy_eval,stage2,curve_epoch_75,experiments_numeric.architecture_2.block_grouping_mcts,hadd-gbfs,epoch:75:stage2:block_grouping:on:1239739722,,,True,,,,,,,3,4g,6,20G,04:00:00,,VAL,block_grouping-on-1239739722-stage2-train-primary,preselected dependency checkpoint,planned,Learning-curve test evaluation; never use for checkpoint selection
block_grouping-on-1239739722-stage2-policy_eval-curve_epoch_80,prospective-ten,1239739722,block_grouping,Block Grouping,on,RQ3/RQ4,policy_eval,stage2,curve_epoch_80,experiments_numeric.architecture_2.block_grouping_mcts,hadd-gbfs,epoch:80:stage2:block_grouping:on:1239739722,,,True,,,,,,,3,4g,6,20G,04:00:00,,VAL,block_grouping-on-1239739722-stage2-train-primary,preselected dependency checkpoint,planned,Learning-curve test evaluation; never use for checkpoint selection
block_grouping-on-1239739722-stage2-policy_eval-curve_epoch_85,prospective-ten,1239739722,block_grouping,Block Grouping,on,RQ3/RQ4,policy_eval,stage2,curve_epoch_85,experiments_numeric.architecture_2.block_grouping_mcts,hadd-gbfs,epoch:85:stage2:block_grouping:on:1239739722,,,True,,,,,,,3,4g,6,20G,04:00:00,,VAL,block_grouping-on-1239739722-stage2-train-primary,preselected dependency checkpoint,planned,Learning-curve test evaluation; never use for checkpoint selection
block_grouping-on-1239739722-stage2-policy_eval-curve_epoch_90,prospective-ten,1239739722,block_grouping,Block Grouping,on,RQ3/RQ4,policy_eval,stage2,curve_epoch_90,experiments_numeric.architecture_2.block_grouping_mcts,hadd-gbfs,epoch:90:stage2:block_grouping:on:1239739722,,,True,,,,,,,3,4g,6,20G,04:00:00,,VAL,block_grouping-on-1239739722-stage2-train-primary,preselected dependency checkpoint,planned,Learning-curve test evaluation; never use for checkpoint selection
block_grouping-on-1239739722-stage2-policy_eval-curve_epoch_95,prospective-ten,1239739722,block_grouping,Block Grouping,on,RQ3/RQ4,policy_eval,stage2,curve_epoch_95,experiments_numeric.architecture_2.block_grouping_mcts,hadd-gbfs,epoch:95:stage2:block_grouping:on:1239739722,,,True,,,,,,,3,4g,6,20G,04:00:00,,VAL,block_grouping-on-1239739722-stage2-train-primary,preselected dependency checkpoint,planned,Learning-curve test evaluation; never use for checkpoint selection
block_grouping-on-1239739722-stage2-policy_eval-curve_epoch_99,prospective-ten,1239739722,block_grouping,Block Grouping,on,RQ3/RQ4,policy_eval,stage2,curve_epoch_99,experiments_numeric.architecture_2.block_grouping_mcts,hadd-gbfs,epoch:99:stage2:block_grouping:on:1239739722,,,True,,,,,,,3,4g,6,20G,04:00:00,,VAL,block_grouping-on-1239739722-stage2-train-primary,preselected dependency checkpoint,planned,Learning-curve test evaluation; never use for checkpoint selection
block_grouping-on-1472491096-stage2-policy_eval-curve_epoch_00,prospective-ten,1472491096,block_grouping,Block Grouping,on,RQ3/RQ4,policy_eval,stage2,curve_epoch_00,experiments_numeric.architecture_2.block_grouping_mcts,hadd-gbfs,epoch:0:stage2:block_grouping:on:1472491096,,,True,,,,,,,3,4g,6,20G,04:00:00,,VAL,block_grouping-on-1472491096-stage2-train-primary,preselected dependency checkpoint,planned,Learning-curve test evaluation; never use for checkpoint selection
block_grouping-on-1472491096-stage2-policy_eval-curve_epoch_05,prospective-ten,1472491096,block_grouping,Block Grouping,on,RQ3/RQ4,policy_eval,stage2,curve_epoch_05,experiments_numeric.architecture_2.block_grouping_mcts,hadd-gbfs,epoch:5:stage2:block_grouping:on:1472491096,,,True,,,,,,,3,4g,6,20G,04:00:00,,VAL,block_grouping-on-1472491096-stage2-train-primary,preselected dependency checkpoint,planned,Learning-curve test evaluation; never use for checkpoint selection
block_grouping-on-1472491096-stage2-policy_eval-curve_epoch_10,prospective-ten,1472491096,block_grouping,Block Grouping,on,RQ3/RQ4,policy_eval,stage2,curve_epoch_10,experiments_numeric.architecture_2.block_grouping_mcts,hadd-gbfs,epoch:10:stage2:block_grouping:on:1472491096,,,True,,,,,,,3,4g,6,20G,04:00:00,,VAL,block_grouping-on-1472491096-stage2-train-primary,preselected dependency checkpoint,planned,Learning-curve test evaluation; never use for checkpoint selection
block_grouping-on-1472491096-stage2-policy_eval-curve_epoch_15,prospective-ten,1472491096,block_grouping,Block Grouping,on,RQ3/RQ4,policy_eval,stage2,curve_epoch_15,experiments_numeric.architecture_2.block_grouping_mcts,hadd-gbfs,epoch:15:stage2:block_grouping:on:1472491096,,,True,,,,,,,3,4g,6,20G,04:00:00,,VAL,block_grouping-on-1472491096-stage2-train-primary,preselected dependency checkpoint,planned,Learning-curve test evaluation; never use for checkpoint selection
block_grouping-on-1472491096-stage2-policy_eval-curve_epoch_20,prospective-ten,1472491096,block_grouping,Block Grouping,on,RQ3/RQ4,policy_eval,stage2,curve_epoch_20,experiments_numeric.architecture_2.block_grouping_mcts,hadd-gbfs,epoch:20:stage2:block_grouping:on:1472491096,,,True,,,,,,,3,4g,6,20G,04:00:00,,VAL,block_grouping-on-1472491096-stage2-train-primary,preselected dependency checkpoint,planned,Learning-curve test evaluation; never use for checkpoint selection
block_grouping-on-1472491096-stage2-policy_eval-curve_epoch_25,prospective-ten,1472491096,block_grouping,Block Grouping,on,RQ3/RQ4,policy_eval,stage2,curve_epoch_25,experiments_numeric.architecture_2.block_grouping_mcts,hadd-gbfs,epoch:25:stage2:block_grouping:on:1472491096,,,True,,,,,,,3,4g,6,20G,04:00:00,,VAL,block_grouping-on-1472491096-stage2-train-primary,preselected dependency checkpoint,planned,Learning-curve test evaluation; never use for checkpoint selection
block_grouping-on-1472491096-stage2-policy_eval-curve_epoch_30,prospective-ten,1472491096,block_grouping,Block Grouping,on,RQ3/RQ4,policy_eval,stage2,curve_epoch_30,experiments_numeric.architecture_2.block_grouping_mcts,hadd-gbfs,epoch:30:stage2:block_grouping:on:1472491096,,,True,,,,,,,3,4g,6,20G,04:00:00,,VAL,block_grouping-on-1472491096-stage2-train-primary,preselected dependency checkpoint,planned,Learning-curve test evaluation; never use for checkpoint selection
block_grouping-on-1472491096-stage2-policy_eval-curve_epoch_35,prospective-ten,1472491096,block_grouping,Block Grouping,on,RQ3/RQ4,policy_eval,stage2,curve_epoch_35,experiments_numeric.architecture_2.block_grouping_mcts,hadd-gbfs,epoch:35:stage2:block_grouping:on:1472491096,,,True,,,,,,,3,4g,6,20G,04:00:00,,VAL,block_grouping-on-1472491096-stage2-train-primary,preselected dependency checkpoint,planned,Learning-curve test evaluation; never use for checkpoint selection
block_grouping-on-1472491096-stage2-policy_eval-curve_epoch_40,prospective-ten,1472491096,block_grouping,Block Grouping,on,RQ3/RQ4,policy_eval,stage2,curve_epoch_40,experiments_numeric.architecture_2.block_grouping_mcts,hadd-gbfs,epoch:40:stage2:block_grouping:on:1472491096,,,True,,,,,,,3,4g,6,20G,04:00:00,,VAL,block_grouping-on-1472491096-stage2-train-primary,preselected dependency checkpoint,planned,Learning-curve test evaluation; never use for checkpoint selection
block_grouping-on-1472491096-stage2-policy_eval-curve_epoch_45,prospective-ten,1472491096,block_grouping,Block Grouping,on,RQ3/RQ4,policy_eval,stage2,curve_epoch_45,experiments_numeric.architecture_2.block_grouping_mcts,hadd-gbfs,epoch:45:stage2:block_grouping:on:1472491096,,,True,,,,,,,3,4g,6,20G,04:00:00,,VAL,block_grouping-on-1472491096-stage2-train-primary,preselected dependency checkpoint,planned,Learning-curve test evaluation; never use for checkpoint selection
block_grouping-on-1472491096-stage2-policy_eval-curve_epoch_50,prospective-ten,1472491096,block_grouping,Block Grouping,on,RQ3/RQ4,policy_eval,stage2,curve_epoch_50,experiments_numeric.architecture_2.block_grouping_mcts,hadd-gbfs,epoch:50:stage2:block_grouping:on:1472491096,,,True,,,,,,,3,4g,6,20G,04:00:00,,VAL,block_grouping-on-1472491096-stage2-train-primary,preselected dependency checkpoint,planned,Learning-curve test evaluation; never use for checkpoint selection
block_grouping-on-1472491096-stage2-policy_eval-curve_epoch_55,prospective-ten,1472491096,block_grouping,Block Grouping,on,RQ3/RQ4,policy_eval,stage2,curve_epoch_55,experiments_numeric.architecture_2.block_grouping_mcts,hadd-gbfs,epoch:55:stage2:block_grouping:on:1472491096,,,True,,,,,,,3,4g,6,20G,04:00:00,,VAL,block_grouping-on-1472491096-stage2-train-primary,preselected dependency checkpoint,planned,Learning-curve test evaluation; never use for checkpoint selection
block_grouping-on-1472491096-stage2-policy_eval-curve_epoch_60,prospective-ten,1472491096,block_grouping,Block Grouping,on,RQ3/RQ4,policy_eval,stage2,curve_epoch_60,experiments_numeric.architecture_2.block_grouping_mcts,hadd-gbfs,epoch:60:stage2:block_grouping:on:1472491096,,,True,,,,,,,3,4g,6,20G,04:00:00,,VAL,block_grouping-on-1472491096-stage2-train-primary,preselected dependency checkpoint,planned,Learning-curve test evaluation; never use for checkpoint selection
block_grouping-on-1472491096-stage2-policy_eval-curve_epoch_65,prospective-ten,1472491096,block_grouping,Block Grouping,on,RQ3/RQ4,policy_eval,stage2,curve_epoch_65,experiments_numeric.architecture_2.block_grouping_mcts,hadd-gbfs,epoch:65:stage2:block_grouping:on:1472491096,,,True,,,,,,,3,4g,6,20G,04:00:00,,VAL,block_grouping-on-1472491096-stage2-train-primary,preselected dependency checkpoint,planned,Learning-curve test evaluation; never use for checkpoint selection
block_grouping-on-1472491096-stage2-policy_eval-curve_epoch_70,prospective-ten,1472491096,block_grouping,Block Grouping,on,RQ3/RQ4,policy_eval,stage2,curve_epoch_70,experiments_numeric.architecture_2.block_grouping_mcts,hadd-gbfs,epoch:70:stage2:block_grouping:on:1472491096,,,True,,,,,,,3,4g,6,20G,04:00:00,,VAL,block_grouping-on-1472491096-stage2-train-primary,preselected dependency checkpoint,planned,Learning-curve test evaluation; never use for checkpoint selection
block_grouping-on-1472491096-stage2-policy_eval-curve_epoch_75,prospective-ten,1472491096,block_grouping,Block Grouping,on,RQ3/RQ4,policy_eval,stage2,curve_epoch_75,experiments_numeric.architecture_2.block_grouping_mcts,hadd-gbfs,epoch:75:stage2:block_grouping:on:1472491096,,,True,,,,,,,3,4g,6,20G,04:00:00,,VAL,block_grouping-on-1472491096-stage2-train-primary,preselected dependency checkpoint,planned,Learning-curve test evaluation; never use for checkpoint selection
block_grouping-on-1472491096-stage2-policy_eval-curve_epoch_80,prospective-ten,1472491096,block_grouping,Block Grouping,on,RQ3/RQ4,policy_eval,stage2,curve_epoch_80,experiments_numeric.architecture_2.block_grouping_mcts,hadd-gbfs,epoch:80:stage2:block_grouping:on:1472491096,,,True,,,,,,,3,4g,6,20G,04:00:00,,VAL,block_grouping-on-1472491096-stage2-train-primary,preselected dependency checkpoint,planned,Learning-curve test evaluation; never use for checkpoint selection
block_grouping-on-1472491096-stage2-policy_eval-curve_epoch_85,prospective-ten,1472491096,block_grouping,Block Grouping,on,RQ3/RQ4,policy_eval,stage2,curve_epoch_85,experiments_numeric.architecture_2.block_grouping_mcts,hadd-gbfs,epoch:85:stage2:block_grouping:on:1472491096,,,True,,,,,,,3,4g,6,20G,04:00:00,,VAL,block_grouping-on-1472491096-stage2-train-primary,preselected dependency checkpoint,planned,Learning-curve test evaluation; never use for checkpoint selection
block_grouping-on-1472491096-stage2-policy_eval-curve_epoch_90,prospective-ten,1472491096,block_grouping,Block Grouping,on,RQ3/RQ4,policy_eval,stage2,curve_epoch_90,experiments_numeric.architecture_2.block_grouping_mcts,hadd-gbfs,epoch:90:stage2:block_grouping:on:1472491096,,,True,,,,,,,3,4g,6,20G,04:00:00,,VAL,block_grouping-on-1472491096-stage2-train-primary,preselected dependency checkpoint,planned,Learning-curve test evaluation; never use for checkpoint selection
block_grouping-on-1472491096-stage2-policy_eval-curve_epoch_95,prospective-ten,1472491096,block_grouping,Block Grouping,on,RQ3/RQ4,policy_eval,stage2,curve_epoch_95,experiments_numeric.architecture_2.block_grouping_mcts,hadd-gbfs,epoch:95:stage2:block_grouping:on:1472491096,,,True,,,,,,,3,4g,6,20G,04:00:00,,VAL,block_grouping-on-1472491096-stage2-train-primary,preselected dependency checkpoint,planned,Learning-curve test evaluation; never use for checkpoint selection
block_grouping-on-1472491096-stage2-policy_eval-curve_epoch_99,prospective-ten,1472491096,block_grouping,Block Grouping,on,RQ3/RQ4,policy_eval,stage2,curve_epoch_99,experiments_numeric.architecture_2.block_grouping_mcts,hadd-gbfs,epoch:99:stage2:block_grouping:on:1472491096,,,True,,,,,,,3,4g,6,20G,04:00:00,,VAL,block_grouping-on-1472491096-stage2-train-primary,preselected dependency checkpoint,planned,Learning-curve test evaluation; never use for checkpoint selection
block_grouping-on-534933607-stage2-policy_eval-curve_epoch_00,prospective-ten,534933607,block_grouping,Block Grouping,on,RQ3/RQ4,policy_eval,stage2,curve_epoch_00,experiments_numeric.architecture_2.block_grouping_mcts,hadd-gbfs,epoch:0:stage2:block_grouping:on:534933607,,,True,,,,,,,3,4g,6,20G,04:00:00,,VAL,block_grouping-on-534933607-stage2-train-primary,preselected dependency checkpoint,planned,Learning-curve test evaluation; never use for checkpoint selection
block_grouping-on-534933607-stage2-policy_eval-curve_epoch_05,prospective-ten,534933607,block_grouping,Block Grouping,on,RQ3/RQ4,policy_eval,stage2,curve_epoch_05,experiments_numeric.architecture_2.block_grouping_mcts,hadd-gbfs,epoch:5:stage2:block_grouping:on:534933607,,,True,,,,,,,3,4g,6,20G,04:00:00,,VAL,block_grouping-on-534933607-stage2-train-primary,preselected dependency checkpoint,planned,Learning-curve test evaluation; never use for checkpoint selection
block_grouping-on-534933607-stage2-policy_eval-curve_epoch_10,prospective-ten,534933607,block_grouping,Block Grouping,on,RQ3/RQ4,policy_eval,stage2,curve_epoch_10,experiments_numeric.architecture_2.block_grouping_mcts,hadd-gbfs,epoch:10:stage2:block_grouping:on:534933607,,,True,,,,,,,3,4g,6,20G,04:00:00,,VAL,block_grouping-on-534933607-stage2-train-primary,preselected dependency checkpoint,planned,Learning-curve test evaluation; never use for checkpoint selection
block_grouping-on-534933607-stage2-policy_eval-curve_epoch_15,prospective-ten,534933607,block_grouping,Block Grouping,on,RQ3/RQ4,policy_eval,stage2,curve_epoch_15,experiments_numeric.architecture_2.block_grouping_mcts,hadd-gbfs,epoch:15:stage2:block_grouping:on:534933607,,,True,,,,,,,3,4g,6,20G,04:00:00,,VAL,block_grouping-on-534933607-stage2-train-primary,preselected dependency checkpoint,planned,Learning-curve test evaluation; never use for checkpoint selection
block_grouping-on-534933607-stage2-policy_eval-curve_epoch_20,prospective-ten,534933607,block_grouping,Block Grouping,on,RQ3/RQ4,policy_eval,stage2,curve_epoch_20,experiments_numeric.architecture_2.block_grouping_mcts,hadd-gbfs,epoch:20:stage2:block_grouping:on:534933607,,,True,,,,,,,3,4g,6,20G,04:00:00,,VAL,block_grouping-on-534933607-stage2-train-primary,preselected dependency checkpoint,planned,Learning-curve test evaluation; never use for checkpoint selection
block_grouping-on-534933607-stage2-policy_eval-curve_epoch_25,prospective-ten,534933607,block_grouping,Block Grouping,on,RQ3/RQ4,policy_eval,stage2,curve_epoch_25,experiments_numeric.architecture_2.block_grouping_mcts,hadd-gbfs,epoch:25:stage2:block_grouping:on:534933607,,,True,,,,,,,3,4g,6,20G,04:00:00,,VAL,block_grouping-on-534933607-stage2-train-primary,preselected dependency checkpoint,planned,Learning-curve test evaluation; never use for checkpoint selection
block_grouping-on-534933607-stage2-policy_eval-curve_epoch_30,prospective-ten,534933607,block_grouping,Block Grouping,on,RQ3/RQ4,policy_eval,stage2,curve_epoch_30,experiments_numeric.architecture_2.block_grouping_mcts,hadd-gbfs,epoch:30:stage2:block_grouping:on:534933607,,,True,,,,,,,3,4g,6,20G,04:00:00,,VAL,block_grouping-on-534933607-stage2-train-primary,preselected dependency checkpoint,planned,Learning-curve test evaluation; never use for checkpoint selection
block_grouping-on-534933607-stage2-policy_eval-curve_epoch_35,prospective-ten,534933607,block_grouping,Block Grouping,on,RQ3/RQ4,policy_eval,stage2,curve_epoch_35,experiments_numeric.architecture_2.block_grouping_mcts,hadd-gbfs,epoch:35:stage2:block_grouping:on:534933607,,,True,,,,,,,3,4g,6,20G,04:00:00,,VAL,block_grouping-on-534933607-stage2-train-primary,preselected dependency checkpoint,planned,Learning-curve test evaluation; never use for checkpoint selection
block_grouping-on-534933607-stage2-policy_eval-curve_epoch_40,prospective-ten,534933607,block_grouping,Block Grouping,on,RQ3/RQ4,policy_eval,stage2,curve_epoch_40,experiments_numeric.architecture_2.block_grouping_mcts,hadd-gbfs,epoch:40:stage2:block_grouping:on:534933607,,,True,,,,,,,3,4g,6,20G,04:00:00,,VAL,block_grouping-on-534933607-stage2-train-primary,preselected dependency checkpoint,planned,Learning-curve test evaluation; never use for checkpoint selection
block_grouping-on-534933607-stage2-policy_eval-curve_epoch_45,prospective-ten,534933607,block_grouping,Block Grouping,on,RQ3/RQ4,policy_eval,stage2,curve_epoch_45,experiments_numeric.architecture_2.block_grouping_mcts,hadd-gbfs,epoch:45:stage2:block_grouping:on:534933607,,,True,,,,,,,3,4g,6,20G,04:00:00,,VAL,block_grouping-on-534933607-stage2-train-primary,preselected dependency checkpoint,planned,Learning-curve test evaluation; never use for checkpoint selection
block_grouping-on-534933607-stage2-policy_eval-curve_epoch_50,prospective-ten,534933607,block_grouping,Block Grouping,on,RQ3/RQ4,policy_eval,stage2,curve_epoch_50,experiments_numeric.architecture_2.block_grouping_mcts,hadd-gbfs,epoch:50:stage2:block_grouping:on:534933607,,,True,,,,,,,3,4g,6,20G,04:00:00,,VAL,block_grouping-on-534933607-stage2-train-primary,preselected dependency checkpoint,planned,Learning-curve test evaluation; never use for checkpoint selection
block_grouping-on-534933607-stage2-policy_eval-curve_epoch_55,prospective-ten,534933607,block_grouping,Block Grouping,on,RQ3/RQ4,policy_eval,stage2,curve_epoch_55,experiments_numeric.architecture_2.block_grouping_mcts,hadd-gbfs,epoch:55:stage2:block_grouping:on:534933607,,,True,,,,,,,3,4g,6,20G,04:00:00,,VAL,block_grouping-on-534933607-stage2-train-primary,preselected dependency checkpoint,planned,Learning-curve test evaluation; never use for checkpoint selection
block_grouping-on-534933607-stage2-policy_eval-curve_epoch_60,prospective-ten,534933607,block_grouping,Block Grouping,on,RQ3/RQ4,policy_eval,stage2,curve_epoch_60,experiments_numeric.architecture_2.block_grouping_mcts,hadd-gbfs,epoch:60:stage2:block_grouping:on:534933607,,,True,,,,,,,3,4g,6,20G,04:00:00,,VAL,block_grouping-on-534933607-stage2-train-primary,preselected dependency checkpoint,planned,Learning-curve test evaluation; never use for checkpoint selection
block_grouping-on-534933607-stage2-policy_eval-curve_epoch_65,prospective-ten,534933607,block_grouping,Block Grouping,on,RQ3/RQ4,policy_eval,stage2,curve_epoch_65,experiments_numeric.architecture_2.block_grouping_mcts,hadd-gbfs,epoch:65:stage2:block_grouping:on:534933607,,,True,,,,,,,3,4g,6,20G,04:00:00,,VAL,block_grouping-on-534933607-stage2-train-primary,preselected dependency checkpoint,planned,Learning-curve test evaluation; never use for checkpoint selection
block_grouping-on-534933607-stage2-policy_eval-curve_epoch_70,prospective-ten,534933607,block_grouping,Block Grouping,on,RQ3/RQ4,policy_eval,stage2,curve_epoch_70,experiments_numeric.architecture_2.block_grouping_mcts,hadd-gbfs,epoch:70:stage2:block_grouping:on:534933607,,,True,,,,,,,3,4g,6,20G,04:00:00,,VAL,block_grouping-on-534933607-stage2-train-primary,preselected dependency checkpoint,planned,Learning-curve test evaluation; never use for checkpoint selection
block_grouping-on-534933607-stage2-policy_eval-curve_epoch_75,prospective-ten,534933607,block_grouping,Block Grouping,on,RQ3/RQ4,policy_eval,stage2,curve_epoch_75,experiments_numeric.architecture_2.block_grouping_mcts,hadd-gbfs,epoch:75:stage2:block_grouping:on:534933607,,,True,,,,,,,3,4g,6,20G,04:00:00,,VAL,block_grouping-on-534933607-stage2-train-primary,preselected dependency checkpoint,planned,Learning-curve test evaluation; never use for checkpoint selection
block_grouping-on-534933607-stage2-policy_eval-curve_epoch_80,prospective-ten,534933607,block_grouping,Block Grouping,on,RQ3/RQ4,policy_eval,stage2,curve_epoch_80,experiments_numeric.architecture_2.block_grouping_mcts,hadd-gbfs,epoch:80:stage2:block_grouping:on:534933607,,,True,,,,,,,3,4g,6,20G,04:00:00,,VAL,block_grouping-on-534933607-stage2-train-primary,preselected dependency checkpoint,planned,Learning-curve test evaluation; never use for checkpoint selection
block_grouping-on-534933607-stage2-policy_eval-curve_epoch_85,prospective-ten,534933607,block_grouping,Block Grouping,on,RQ3/RQ4,policy_eval,stage2,curve_epoch_85,experiments_numeric.architecture_2.block_grouping_mcts,hadd-gbfs,epoch:85:stage2:block_grouping:on:534933607,,,True,,,,,,,3,4g,6,20G,04:00:00,,VAL,block_grouping-on-534933607-stage2-train-primary,preselected dependency checkpoint,planned,Learning-curve test evaluation; never use for checkpoint selection
block_grouping-on-534933607-stage2-policy_eval-curve_epoch_90,prospective-ten,534933607,block_grouping,Block Grouping,on,RQ3/RQ4,policy_eval,stage2,curve_epoch_90,experiments_numeric.architecture_2.block_grouping_mcts,hadd-gbfs,epoch:90:stage2:block_grouping:on:534933607,,,True,,,,,,,3,4g,6,20G,04:00:00,,VAL,block_grouping-on-534933607-stage2-train-primary,preselected dependency checkpoint,planned,Learning-curve test evaluation; never use for checkpoint selection
block_grouping-on-534933607-stage2-policy_eval-curve_epoch_95,prospective-ten,534933607,block_grouping,Block Grouping,on,RQ3/RQ4,policy_eval,stage2,curve_epoch_95,experiments_numeric.architecture_2.block_grouping_mcts,hadd-gbfs,epoch:95:stage2:block_grouping:on:534933607,,,True,,,,,,,3,4g,6,20G,04:00:00,,VAL,block_grouping-on-534933607-stage2-train-primary,preselected dependency checkpoint,planned,Learning-curve test evaluation; never use for checkpoint selection
block_grouping-on-534933607-stage2-policy_eval-curve_epoch_99,prospective-ten,534933607,block_grouping,Block Grouping,on,RQ3/RQ4,policy_eval,stage2,curve_epoch_99,experiments_numeric.architecture_2.block_grouping_mcts,hadd-gbfs,epoch:99:stage2:block_grouping:on:534933607,,,True,,,,,,,3,4g,6,20G,04:00:00,,VAL,block_grouping-on-534933607-stage2-train-primary,preselected dependency checkpoint,planned,Learning-curve test evaluation; never use for checkpoint selection
block_grouping-on-2082152039-stage2-policy_eval-curve_epoch_00,prospective-ten,2082152039,block_grouping,Block Grouping,on,RQ3/RQ4,policy_eval,stage2,curve_epoch_00,experiments_numeric.architecture_2.block_grouping_mcts,hadd-gbfs,epoch:0:stage2:block_grouping:on:2082152039,,,True,,,,,,,3,4g,6,20G,04:00:00,,VAL,block_grouping-on-2082152039-stage2-train-primary,preselected dependency checkpoint,planned,Learning-curve test evaluation; never use for checkpoint selection
block_grouping-on-2082152039-stage2-policy_eval-curve_epoch_05,prospective-ten,2082152039,block_grouping,Block Grouping,on,RQ3/RQ4,policy_eval,stage2,curve_epoch_05,experiments_numeric.architecture_2.block_grouping_mcts,hadd-gbfs,epoch:5:stage2:block_grouping:on:2082152039,,,True,,,,,,,3,4g,6,20G,04:00:00,,VAL,block_grouping-on-2082152039-stage2-train-primary,preselected dependency checkpoint,planned,Learning-curve test evaluation; never use for checkpoint selection
block_grouping-on-2082152039-stage2-policy_eval-curve_epoch_10,prospective-ten,2082152039,block_grouping,Block Grouping,on,RQ3/RQ4,policy_eval,stage2,curve_epoch_10,experiments_numeric.architecture_2.block_grouping_mcts,hadd-gbfs,epoch:10:stage2:block_grouping:on:2082152039,,,True,,,,,,,3,4g,6,20G,04:00:00,,VAL,block_grouping-on-2082152039-stage2-train-primary,preselected dependency checkpoint,planned,Learning-curve test evaluation; never use for checkpoint selection
block_grouping-on-2082152039-stage2-policy_eval-curve_epoch_15,prospective-ten,2082152039,block_grouping,Block Grouping,on,RQ3/RQ4,policy_eval,stage2,curve_epoch_15,experiments_numeric.architecture_2.block_grouping_mcts,hadd-gbfs,epoch:15:stage2:block_grouping:on:2082152039,,,True,,,,,,,3,4g,6,20G,04:00:00,,VAL,block_grouping-on-2082152039-stage2-train-primary,preselected dependency checkpoint,planned,Learning-curve test evaluation; never use for checkpoint selection
block_grouping-on-2082152039-stage2-policy_eval-curve_epoch_20,prospective-ten,2082152039,block_grouping,Block Grouping,on,RQ3/RQ4,policy_eval,stage2,curve_epoch_20,experiments_numeric.architecture_2.block_grouping_mcts,hadd-gbfs,epoch:20:stage2:block_grouping:on:2082152039,,,True,,,,,,,3,4g,6,20G,04:00:00,,VAL,block_grouping-on-2082152039-stage2-train-primary,preselected dependency checkpoint,planned,Learning-curve test evaluation; never use for checkpoint selection
block_grouping-on-2082152039-stage2-policy_eval-curve_epoch_25,prospective-ten,2082152039,block_grouping,Block Grouping,on,RQ3/RQ4,policy_eval,stage2,curve_epoch_25,experiments_numeric.architecture_2.block_grouping_mcts,hadd-gbfs,epoch:25:stage2:block_grouping:on:2082152039,,,True,,,,,,,3,4g,6,20G,04:00:00,,VAL,block_grouping-on-2082152039-stage2-train-primary,preselected dependency checkpoint,planned,Learning-curve test evaluation; never use for checkpoint selection
block_grouping-on-2082152039-stage2-policy_eval-curve_epoch_30,prospective-ten,2082152039,block_grouping,Block Grouping,on,RQ3/RQ4,policy_eval,stage2,curve_epoch_30,experiments_numeric.architecture_2.block_grouping_mcts,hadd-gbfs,epoch:30:stage2:block_grouping:on:2082152039,,,True,,,,,,,3,4g,6,20G,04:00:00,,VAL,block_grouping-on-2082152039-stage2-train-primary,preselected dependency checkpoint,planned,Learning-curve test evaluation; never use for checkpoint selection
block_grouping-on-2082152039-stage2-policy_eval-curve_epoch_35,prospective-ten,2082152039,block_grouping,Block Grouping,on,RQ3/RQ4,policy_eval,stage2,curve_epoch_35,experiments_numeric.architecture_2.block_grouping_mcts,hadd-gbfs,epoch:35:stage2:block_grouping:on:2082152039,,,True,,,,,,,3,4g,6,20G,04:00:00,,VAL,block_grouping-on-2082152039-stage2-train-primary,preselected dependency checkpoint,planned,Learning-curve test evaluation; never use for checkpoint selection
block_grouping-on-2082152039-stage2-policy_eval-curve_epoch_40,prospective-ten,2082152039,block_grouping,Block Grouping,on,RQ3/RQ4,policy_eval,stage2,curve_epoch_40,experiments_numeric.architecture_2.block_grouping_mcts,hadd-gbfs,epoch:40:stage2:block_grouping:on:2082152039,,,True,,,,,,,3,4g,6,20G,04:00:00,,VAL,block_grouping-on-2082152039-stage2-train-primary,preselected dependency checkpoint,planned,Learning-curve test evaluation; never use for checkpoint selection
block_grouping-on-2082152039-stage2-policy_eval-curve_epoch_45,prospective-ten,2082152039,block_grouping,Block Grouping,on,RQ3/RQ4,policy_eval,stage2,curve_epoch_45,experiments_numeric.architecture_2.block_grouping_mcts,hadd-gbfs,epoch:45:stage2:block_grouping:on:2082152039,,,True,,,,,,,3,4g,6,20G,04:00:00,,VAL,block_grouping-on-2082152039-stage2-train-primary,preselected dependency checkpoint,planned,Learning-curve test evaluation; never use for checkpoint selection
block_grouping-on-2082152039-stage2-policy_eval-curve_epoch_50,prospective-ten,2082152039,block_grouping,Block Grouping,on,RQ3/RQ4,policy_eval,stage2,curve_epoch_50,experiments_numeric.architecture_2.block_grouping_mcts,hadd-gbfs,epoch:50:stage2:block_grouping:on:2082152039,,,True,,,,,,,3,4g,6,20G,04:00:00,,VAL,block_grouping-on-2082152039-stage2-train-primary,preselected dependency checkpoint,planned,Learning-curve test evaluation; never use for checkpoint selection
block_grouping-on-2082152039-stage2-policy_eval-curve_epoch_55,prospective-ten,2082152039,block_grouping,Block Grouping,on,RQ3/RQ4,policy_eval,stage2,curve_epoch_55,experiments_numeric.architecture_2.block_grouping_mcts,hadd-gbfs,epoch:55:stage2:block_grouping:on:2082152039,,,True,,,,,,,3,4g,6,20G,04:00:00,,VAL,block_grouping-on-2082152039-stage2-train-primary,preselected dependency checkpoint,planned,Learning-curve test evaluation; never use for checkpoint selection
block_grouping-on-2082152039-stage2-policy_eval-curve_epoch_60,prospective-ten,2082152039,block_grouping,Block Grouping,on,RQ3/RQ4,policy_eval,stage2,curve_epoch_60,experiments_numeric.architecture_2.block_grouping_mcts,hadd-gbfs,epoch:60:stage2:block_grouping:on:2082152039,,,True,,,,,,,3,4g,6,20G,04:00:00,,VAL,block_grouping-on-2082152039-stage2-train-primary,preselected dependency checkpoint,planned,Learning-curve test evaluation; never use for checkpoint selection
block_grouping-on-2082152039-stage2-policy_eval-curve_epoch_65,prospective-ten,2082152039,block_grouping,Block Grouping,on,RQ3/RQ4,policy_eval,stage2,curve_epoch_65,experiments_numeric.architecture_2.block_grouping_mcts,hadd-gbfs,epoch:65:stage2:block_grouping:on:2082152039,,,True,,,,,,,3,4g,6,20G,04:00:00,,VAL,block_grouping-on-2082152039-stage2-train-primary,preselected dependency checkpoint,planned,Learning-curve test evaluation; never use for checkpoint selection
block_grouping-on-2082152039-stage2-policy_eval-curve_epoch_70,prospective-ten,2082152039,block_grouping,Block Grouping,on,RQ3/RQ4,policy_eval,stage2,curve_epoch_70,experiments_numeric.architecture_2.block_grouping_mcts,hadd-gbfs,epoch:70:stage2:block_grouping:on:2082152039,,,True,,,,,,,3,4g,6,20G,04:00:00,,VAL,block_grouping-on-2082152039-stage2-train-primary,preselected dependency checkpoint,planned,Learning-curve test evaluation; never use for checkpoint selection
block_grouping-on-2082152039-stage2-policy_eval-curve_epoch_75,prospective-ten,2082152039,block_grouping,Block Grouping,on,RQ3/RQ4,policy_eval,stage2,curve_epoch_75,experiments_numeric.architecture_2.block_grouping_mcts,hadd-gbfs,epoch:75:stage2:block_grouping:on:2082152039,,,True,,,,,,,3,4g,6,20G,04:00:00,,VAL,block_grouping-on-2082152039-stage2-train-primary,preselected dependency checkpoint,planned,Learning-curve test evaluation; never use for checkpoint selection
block_grouping-on-2082152039-stage2-policy_eval-curve_epoch_80,prospective-ten,2082152039,block_grouping,Block Grouping,on,RQ3/RQ4,policy_eval,stage2,curve_epoch_80,experiments_numeric.architecture_2.block_grouping_mcts,hadd-gbfs,epoch:80:stage2:block_grouping:on:2082152039,,,True,,,,,,,3,4g,6,20G,04:00:00,,VAL,block_grouping-on-2082152039-stage2-train-primary,preselected dependency checkpoint,planned,Learning-curve test evaluation; never use for checkpoint selection
block_grouping-on-2082152039-stage2-policy_eval-curve_epoch_85,prospective-ten,2082152039,block_grouping,Block Grouping,on,RQ3/RQ4,policy_eval,stage2,curve_epoch_85,experiments_numeric.architecture_2.block_grouping_mcts,hadd-gbfs,epoch:85:stage2:block_grouping:on:2082152039,,,True,,,,,,,3,4g,6,20G,04:00:00,,VAL,block_grouping-on-2082152039-stage2-train-primary,preselected dependency checkpoint,planned,Learning-curve test evaluation; never use for checkpoint selection
block_grouping-on-2082152039-stage2-policy_eval-curve_epoch_90,prospective-ten,2082152039,block_grouping,Block Grouping,on,RQ3/RQ4,policy_eval,stage2,curve_epoch_90,experiments_numeric.architecture_2.block_grouping_mcts,hadd-gbfs,epoch:90:stage2:block_grouping:on:2082152039,,,True,,,,,,,3,4g,6,20G,04:00:00,,VAL,block_grouping-on-2082152039-stage2-train-primary,preselected dependency checkpoint,planned,Learning-curve test evaluation; never use for checkpoint selection
block_grouping-on-2082152039-stage2-policy_eval-curve_epoch_95,prospective-ten,2082152039,block_grouping,Block Grouping,on,RQ3/RQ4,policy_eval,stage2,curve_epoch_95,experiments_numeric.architecture_2.block_grouping_mcts,hadd-gbfs,epoch:95:stage2:block_grouping:on:2082152039,,,True,,,,,,,3,4g,6,20G,04:00:00,,VAL,block_grouping-on-2082152039-stage2-train-primary,preselected dependency checkpoint,planned,Learning-curve test evaluation; never use for checkpoint selection
block_grouping-on-2082152039-stage2-policy_eval-curve_epoch_99,prospective-ten,2082152039,block_grouping,Block Grouping,on,RQ3/RQ4,policy_eval,stage2,curve_epoch_99,experiments_numeric.architecture_2.block_grouping_mcts,hadd-gbfs,epoch:99:stage2:block_grouping:on:2082152039,,,True,,,,,,,3,4g,6,20G,04:00:00,,VAL,block_grouping-on-2082152039-stage2-train-primary,preselected dependency checkpoint,planned,Learning-curve test evaluation; never use for checkpoint selection
block_grouping-on-1510771779-stage2-policy_eval-curve_epoch_00,prospective-ten,1510771779,block_grouping,Block Grouping,on,RQ3/RQ4,policy_eval,stage2,curve_epoch_00,experiments_numeric.architecture_2.block_grouping_mcts,hadd-gbfs,epoch:0:stage2:block_grouping:on:1510771779,,,True,,,,,,,3,4g,6,20G,04:00:00,,VAL,block_grouping-on-1510771779-stage2-train-primary,preselected dependency checkpoint,planned,Learning-curve test evaluation; never use for checkpoint selection
block_grouping-on-1510771779-stage2-policy_eval-curve_epoch_05,prospective-ten,1510771779,block_grouping,Block Grouping,on,RQ3/RQ4,policy_eval,stage2,curve_epoch_05,experiments_numeric.architecture_2.block_grouping_mcts,hadd-gbfs,epoch:5:stage2:block_grouping:on:1510771779,,,True,,,,,,,3,4g,6,20G,04:00:00,,VAL,block_grouping-on-1510771779-stage2-train-primary,preselected dependency checkpoint,planned,Learning-curve test evaluation; never use for checkpoint selection
block_grouping-on-1510771779-stage2-policy_eval-curve_epoch_10,prospective-ten,1510771779,block_grouping,Block Grouping,on,RQ3/RQ4,policy_eval,stage2,curve_epoch_10,experiments_numeric.architecture_2.block_grouping_mcts,hadd-gbfs,epoch:10:stage2:block_grouping:on:1510771779,,,True,,,,,,,3,4g,6,20G,04:00:00,,VAL,block_grouping-on-1510771779-stage2-train-primary,preselected dependency checkpoint,planned,Learning-curve test evaluation; never use for checkpoint selection
block_grouping-on-1510771779-stage2-policy_eval-curve_epoch_15,prospective-ten,1510771779,block_grouping,Block Grouping,on,RQ3/RQ4,policy_eval,stage2,curve_epoch_15,experiments_numeric.architecture_2.block_grouping_mcts,hadd-gbfs,epoch:15:stage2:block_grouping:on:1510771779,,,True,,,,,,,3,4g,6,20G,04:00:00,,VAL,block_grouping-on-1510771779-stage2-train-primary,preselected dependency checkpoint,planned,Learning-curve test evaluation; never use for checkpoint selection
block_grouping-on-1510771779-stage2-policy_eval-curve_epoch_20,prospective-ten,1510771779,block_grouping,Block Grouping,on,RQ3/RQ4,policy_eval,stage2,curve_epoch_20,experiments_numeric.architecture_2.block_grouping_mcts,hadd-gbfs,epoch:20:stage2:block_grouping:on:1510771779,,,True,,,,,,,3,4g,6,20G,04:00:00,,VAL,block_grouping-on-1510771779-stage2-train-primary,preselected dependency checkpoint,planned,Learning-curve test evaluation; never use for checkpoint selection
block_grouping-on-1510771779-stage2-policy_eval-curve_epoch_25,prospective-ten,1510771779,block_grouping,Block Grouping,on,RQ3/RQ4,policy_eval,stage2,curve_epoch_25,experiments_numeric.architecture_2.block_grouping_mcts,hadd-gbfs,epoch:25:stage2:block_grouping:on:1510771779,,,True,,,,,,,3,4g,6,20G,04:00:00,,VAL,block_grouping-on-1510771779-stage2-train-primary,preselected dependency checkpoint,planned,Learning-curve test evaluation; never use for checkpoint selection
block_grouping-on-1510771779-stage2-policy_eval-curve_epoch_30,prospective-ten,1510771779,block_grouping,Block Grouping,on,RQ3/RQ4,policy_eval,stage2,curve_epoch_30,experiments_numeric.architecture_2.block_grouping_mcts,hadd-gbfs,epoch:30:stage2:block_grouping:on:1510771779,,,True,,,,,,,3,4g,6,20G,04:00:00,,VAL,block_grouping-on-1510771779-stage2-train-primary,preselected dependency checkpoint,planned,Learning-curve test evaluation; never use for checkpoint selection
block_grouping-on-1510771779-stage2-policy_eval-curve_epoch_35,prospective-ten,1510771779,block_grouping,Block Grouping,on,RQ3/RQ4,policy_eval,stage2,curve_epoch_35,experiments_numeric.architecture_2.block_grouping_mcts,hadd-gbfs,epoch:35:stage2:block_grouping:on:1510771779,,,True,,,,,,,3,4g,6,20G,04:00:00,,VAL,block_grouping-on-1510771779-stage2-train-primary,preselected dependency checkpoint,planned,Learning-curve test evaluation; never use for checkpoint selection
block_grouping-on-1510771779-stage2-policy_eval-curve_epoch_40,prospective-ten,1510771779,block_grouping,Block Grouping,on,RQ3/RQ4,policy_eval,stage2,curve_epoch_40,experiments_numeric.architecture_2.block_grouping_mcts,hadd-gbfs,epoch:40:stage2:block_grouping:on:1510771779,,,True,,,,,,,3,4g,6,20G,04:00:00,,VAL,block_grouping-on-1510771779-stage2-train-primary,preselected dependency checkpoint,planned,Learning-curve test evaluation; never use for checkpoint selection
block_grouping-on-1510771779-stage2-policy_eval-curve_epoch_45,prospective-ten,1510771779,block_grouping,Block Grouping,on,RQ3/RQ4,policy_eval,stage2,curve_epoch_45,experiments_numeric.architecture_2.block_grouping_mcts,hadd-gbfs,epoch:45:stage2:block_grouping:on:1510771779,,,True,,,,,,,3,4g,6,20G,04:00:00,,VAL,block_grouping-on-1510771779-stage2-train-primary,preselected dependency checkpoint,planned,Learning-curve test evaluation; never use for checkpoint selection
block_grouping-on-1510771779-stage2-policy_eval-curve_epoch_50,prospective-ten,1510771779,block_grouping,Block Grouping,on,RQ3/RQ4,policy_eval,stage2,curve_epoch_50,experiments_numeric.architecture_2.block_grouping_mcts,hadd-gbfs,epoch:50:stage2:block_grouping:on:1510771779,,,True,,,,,,,3,4g,6,20G,04:00:00,,VAL,block_grouping-on-1510771779-stage2-train-primary,preselected dependency checkpoint,planned,Learning-curve test evaluation; never use for checkpoint selection
block_grouping-on-1510771779-stage2-policy_eval-curve_epoch_55,prospective-ten,1510771779,block_grouping,Block Grouping,on,RQ3/RQ4,policy_eval,stage2,curve_epoch_55,experiments_numeric.architecture_2.block_grouping_mcts,hadd-gbfs,epoch:55:stage2:block_grouping:on:1510771779,,,True,,,,,,,3,4g,6,20G,04:00:00,,VAL,block_grouping-on-1510771779-stage2-train-primary,preselected dependency checkpoint,planned,Learning-curve test evaluation; never use for checkpoint selection
block_grouping-on-1510771779-stage2-policy_eval-curve_epoch_60,prospective-ten,1510771779,block_grouping,Block Grouping,on,RQ3/RQ4,policy_eval,stage2,curve_epoch_60,experiments_numeric.architecture_2.block_grouping_mcts,hadd-gbfs,epoch:60:stage2:block_grouping:on:1510771779,,,True,,,,,,,3,4g,6,20G,04:00:00,,VAL,block_grouping-on-1510771779-stage2-train-primary,preselected dependency checkpoint,planned,Learning-curve test evaluation; never use for checkpoint selection
block_grouping-on-1510771779-stage2-policy_eval-curve_epoch_65,prospective-ten,1510771779,block_grouping,Block Grouping,on,RQ3/RQ4,policy_eval,stage2,curve_epoch_65,experiments_numeric.architecture_2.block_grouping_mcts,hadd-gbfs,epoch:65:stage2:block_grouping:on:1510771779,,,True,,,,,,,3,4g,6,20G,04:00:00,,VAL,block_grouping-on-1510771779-stage2-train-primary,preselected dependency checkpoint,planned,Learning-curve test evaluation; never use for checkpoint selection
block_grouping-on-1510771779-stage2-policy_eval-curve_epoch_70,prospective-ten,1510771779,block_grouping,Block Grouping,on,RQ3/RQ4,policy_eval,stage2,curve_epoch_70,experiments_numeric.architecture_2.block_grouping_mcts,hadd-gbfs,epoch:70:stage2:block_grouping:on:1510771779,,,True,,,,,,,3,4g,6,20G,04:00:00,,VAL,block_grouping-on-1510771779-stage2-train-primary,preselected dependency checkpoint,planned,Learning-curve test evaluation; never use for checkpoint selection
block_grouping-on-1510771779-stage2-policy_eval-curve_epoch_75,prospective-ten,1510771779,block_grouping,Block Grouping,on,RQ3/RQ4,policy_eval,stage2,curve_epoch_75,experiments_numeric.architecture_2.block_grouping_mcts,hadd-gbfs,epoch:75:stage2:block_grouping:on:1510771779,,,True,,,,,,,3,4g,6,20G,04:00:00,,VAL,block_grouping-on-1510771779-stage2-train-primary,preselected dependency checkpoint,planned,Learning-curve test evaluation; never use for checkpoint selection
block_grouping-on-1510771779-stage2-policy_eval-curve_epoch_80,prospective-ten,1510771779,block_grouping,Block Grouping,on,RQ3/RQ4,policy_eval,stage2,curve_epoch_80,experiments_numeric.architecture_2.block_grouping_mcts,hadd-gbfs,epoch:80:stage2:block_grouping:on:1510771779,,,True,,,,,,,3,4g,6,20G,04:00:00,,VAL,block_grouping-on-1510771779-stage2-train-primary,preselected dependency checkpoint,planned,Learning-curve test evaluation; never use for checkpoint selection
block_grouping-on-1510771779-stage2-policy_eval-curve_epoch_85,prospective-ten,1510771779,block_grouping,Block Grouping,on,RQ3/RQ4,policy_eval,stage2,curve_epoch_85,experiments_numeric.architecture_2.block_grouping_mcts,hadd-gbfs,epoch:85:stage2:block_grouping:on:1510771779,,,True,,,,,,,3,4g,6,20G,04:00:00,,VAL,block_grouping-on-1510771779-stage2-train-primary,preselected dependency checkpoint,planned,Learning-curve test evaluation; never use for checkpoint selection
block_grouping-on-1510771779-stage2-policy_eval-curve_epoch_90,prospective-ten,1510771779,block_grouping,Block Grouping,on,RQ3/RQ4,policy_eval,stage2,curve_epoch_90,experiments_numeric.architecture_2.block_grouping_mcts,hadd-gbfs,epoch:90:stage2:block_grouping:on:1510771779,,,True,,,,,,,3,4g,6,20G,04:00:00,,VAL,block_grouping-on-1510771779-stage2-train-primary,preselected dependency checkpoint,planned,Learning-curve test evaluation; never use for checkpoint selection
block_grouping-on-1510771779-stage2-policy_eval-curve_epoch_95,prospective-ten,1510771779,block_grouping,Block Grouping,on,RQ3/RQ4,policy_eval,stage2,curve_epoch_95,experiments_numeric.architecture_2.block_grouping_mcts,hadd-gbfs,epoch:95:stage2:block_grouping:on:1510771779,,,True,,,,,,,3,4g,6,20G,04:00:00,,VAL,block_grouping-on-1510771779-stage2-train-primary,preselected dependency checkpoint,planned,Learning-curve test evaluation; never use for checkpoint selection
block_grouping-on-1510771779-stage2-policy_eval-curve_epoch_99,prospective-ten,1510771779,block_grouping,Block Grouping,on,RQ3/RQ4,policy_eval,stage2,curve_epoch_99,experiments_numeric.architecture_2.block_grouping_mcts,hadd-gbfs,epoch:99:stage2:block_grouping:on:1510771779,,,True,,,,,,,3,4g,6,20G,04:00:00,,VAL,block_grouping-on-1510771779-stage2-train-primary,preselected dependency checkpoint,planned,Learning-curve test evaluation; never use for checkpoint selection
block_grouping-on-923500475-stage2-policy_eval-curve_epoch_00,prospective-ten,923500475,block_grouping,Block Grouping,on,RQ3/RQ4,policy_eval,stage2,curve_epoch_00,experiments_numeric.architecture_2.block_grouping_mcts,hadd-gbfs,epoch:0:stage2:block_grouping:on:923500475,,,True,,,,,,,3,4g,6,20G,04:00:00,,VAL,block_grouping-on-923500475-stage2-train-primary,preselected dependency checkpoint,planned,Learning-curve test evaluation; never use for checkpoint selection
block_grouping-on-923500475-stage2-policy_eval-curve_epoch_05,prospective-ten,923500475,block_grouping,Block Grouping,on,RQ3/RQ4,policy_eval,stage2,curve_epoch_05,experiments_numeric.architecture_2.block_grouping_mcts,hadd-gbfs,epoch:5:stage2:block_grouping:on:923500475,,,True,,,,,,,3,4g,6,20G,04:00:00,,VAL,block_grouping-on-923500475-stage2-train-primary,preselected dependency checkpoint,planned,Learning-curve test evaluation; never use for checkpoint selection
block_grouping-on-923500475-stage2-policy_eval-curve_epoch_10,prospective-ten,923500475,block_grouping,Block Grouping,on,RQ3/RQ4,policy_eval,stage2,curve_epoch_10,experiments_numeric.architecture_2.block_grouping_mcts,hadd-gbfs,epoch:10:stage2:block_grouping:on:923500475,,,True,,,,,,,3,4g,6,20G,04:00:00,,VAL,block_grouping-on-923500475-stage2-train-primary,preselected dependency checkpoint,planned,Learning-curve test evaluation; never use for checkpoint selection
block_grouping-on-923500475-stage2-policy_eval-curve_epoch_15,prospective-ten,923500475,block_grouping,Block Grouping,on,RQ3/RQ4,policy_eval,stage2,curve_epoch_15,experiments_numeric.architecture_2.block_grouping_mcts,hadd-gbfs,epoch:15:stage2:block_grouping:on:923500475,,,True,,,,,,,3,4g,6,20G,04:00:00,,VAL,block_grouping-on-923500475-stage2-train-primary,preselected dependency checkpoint,planned,Learning-curve test evaluation; never use for checkpoint selection
block_grouping-on-923500475-stage2-policy_eval-curve_epoch_20,prospective-ten,923500475,block_grouping,Block Grouping,on,RQ3/RQ4,policy_eval,stage2,curve_epoch_20,experiments_numeric.architecture_2.block_grouping_mcts,hadd-gbfs,epoch:20:stage2:block_grouping:on:923500475,,,True,,,,,,,3,4g,6,20G,04:00:00,,VAL,block_grouping-on-923500475-stage2-train-primary,preselected dependency checkpoint,planned,Learning-curve test evaluation; never use for checkpoint selection
block_grouping-on-923500475-stage2-policy_eval-curve_epoch_25,prospective-ten,923500475,block_grouping,Block Grouping,on,RQ3/RQ4,policy_eval,stage2,curve_epoch_25,experiments_numeric.architecture_2.block_grouping_mcts,hadd-gbfs,epoch:25:stage2:block_grouping:on:923500475,,,True,,,,,,,3,4g,6,20G,04:00:00,,VAL,block_grouping-on-923500475-stage2-train-primary,preselected dependency checkpoint,planned,Learning-curve test evaluation; never use for checkpoint selection
block_grouping-on-923500475-stage2-policy_eval-curve_epoch_30,prospective-ten,923500475,block_grouping,Block Grouping,on,RQ3/RQ4,policy_eval,stage2,curve_epoch_30,experiments_numeric.architecture_2.block_grouping_mcts,hadd-gbfs,epoch:30:stage2:block_grouping:on:923500475,,,True,,,,,,,3,4g,6,20G,04:00:00,,VAL,block_grouping-on-923500475-stage2-train-primary,preselected dependency checkpoint,planned,Learning-curve test evaluation; never use for checkpoint selection
block_grouping-on-923500475-stage2-policy_eval-curve_epoch_35,prospective-ten,923500475,block_grouping,Block Grouping,on,RQ3/RQ4,policy_eval,stage2,curve_epoch_35,experiments_numeric.architecture_2.block_grouping_mcts,hadd-gbfs,epoch:35:stage2:block_grouping:on:923500475,,,True,,,,,,,3,4g,6,20G,04:00:00,,VAL,block_grouping-on-923500475-stage2-train-primary,preselected dependency checkpoint,planned,Learning-curve test evaluation; never use for checkpoint selection
block_grouping-on-923500475-stage2-policy_eval-curve_epoch_40,prospective-ten,923500475,block_grouping,Block Grouping,on,RQ3/RQ4,policy_eval,stage2,curve_epoch_40,experiments_numeric.architecture_2.block_grouping_mcts,hadd-gbfs,epoch:40:stage2:block_grouping:on:923500475,,,True,,,,,,,3,4g,6,20G,04:00:00,,VAL,block_grouping-on-923500475-stage2-train-primary,preselected dependency checkpoint,planned,Learning-curve test evaluation; never use for checkpoint selection
block_grouping-on-923500475-stage2-policy_eval-curve_epoch_45,prospective-ten,923500475,block_grouping,Block Grouping,on,RQ3/RQ4,policy_eval,stage2,curve_epoch_45,experiments_numeric.architecture_2.block_grouping_mcts,hadd-gbfs,epoch:45:stage2:block_grouping:on:923500475,,,True,,,,,,,3,4g,6,20G,04:00:00,,VAL,block_grouping-on-923500475-stage2-train-primary,preselected dependency checkpoint,planned,Learning-curve test evaluation; never use for checkpoint selection
block_grouping-on-923500475-stage2-policy_eval-curve_epoch_50,prospective-ten,923500475,block_grouping,Block Grouping,on,RQ3/RQ4,policy_eval,stage2,curve_epoch_50,experiments_numeric.architecture_2.block_grouping_mcts,hadd-gbfs,epoch:50:stage2:block_grouping:on:923500475,,,True,,,,,,,3,4g,6,20G,04:00:00,,VAL,block_grouping-on-923500475-stage2-train-primary,preselected dependency checkpoint,planned,Learning-curve test evaluation; never use for checkpoint selection
block_grouping-on-923500475-stage2-policy_eval-curve_epoch_55,prospective-ten,923500475,block_grouping,Block Grouping,on,RQ3/RQ4,policy_eval,stage2,curve_epoch_55,experiments_numeric.architecture_2.block_grouping_mcts,hadd-gbfs,epoch:55:stage2:block_grouping:on:923500475,,,True,,,,,,,3,4g,6,20G,04:00:00,,VAL,block_grouping-on-923500475-stage2-train-primary,preselected dependency checkpoint,planned,Learning-curve test evaluation; never use for checkpoint selection
block_grouping-on-923500475-stage2-policy_eval-curve_epoch_60,prospective-ten,923500475,block_grouping,Block Grouping,on,RQ3/RQ4,policy_eval,stage2,curve_epoch_60,experiments_numeric.architecture_2.block_grouping_mcts,hadd-gbfs,epoch:60:stage2:block_grouping:on:923500475,,,True,,,,,,,3,4g,6,20G,04:00:00,,VAL,block_grouping-on-923500475-stage2-train-primary,preselected dependency checkpoint,planned,Learning-curve test evaluation; never use for checkpoint selection
block_grouping-on-923500475-stage2-policy_eval-curve_epoch_65,prospective-ten,923500475,block_grouping,Block Grouping,on,RQ3/RQ4,policy_eval,stage2,curve_epoch_65,experiments_numeric.architecture_2.block_grouping_mcts,hadd-gbfs,epoch:65:stage2:block_grouping:on:923500475,,,True,,,,,,,3,4g,6,20G,04:00:00,,VAL,block_grouping-on-923500475-stage2-train-primary,preselected dependency checkpoint,planned,Learning-curve test evaluation; never use for checkpoint selection
block_grouping-on-923500475-stage2-policy_eval-curve_epoch_70,prospective-ten,923500475,block_grouping,Block Grouping,on,RQ3/RQ4,policy_eval,stage2,curve_epoch_70,experiments_numeric.architecture_2.block_grouping_mcts,hadd-gbfs,epoch:70:stage2:block_grouping:on:923500475,,,True,,,,,,,3,4g,6,20G,04:00:00,,VAL,block_grouping-on-923500475-stage2-train-primary,preselected dependency checkpoint,planned,Learning-curve test evaluation; never use for checkpoint selection
block_grouping-on-923500475-stage2-policy_eval-curve_epoch_75,prospective-ten,923500475,block_grouping,Block Grouping,on,RQ3/RQ4,policy_eval,stage2,curve_epoch_75,experiments_numeric.architecture_2.block_grouping_mcts,hadd-gbfs,epoch:75:stage2:block_grouping:on:923500475,,,True,,,,,,,3,4g,6,20G,04:00:00,,VAL,block_grouping-on-923500475-stage2-train-primary,preselected dependency checkpoint,planned,Learning-curve test evaluation; never use for checkpoint selection
block_grouping-on-923500475-stage2-policy_eval-curve_epoch_80,prospective-ten,923500475,block_grouping,Block Grouping,on,RQ3/RQ4,policy_eval,stage2,curve_epoch_80,experiments_numeric.architecture_2.block_grouping_mcts,hadd-gbfs,epoch:80:stage2:block_grouping:on:923500475,,,True,,,,,,,3,4g,6,20G,04:00:00,,VAL,block_grouping-on-923500475-stage2-train-primary,preselected dependency checkpoint,planned,Learning-curve test evaluation; never use for checkpoint selection
block_grouping-on-923500475-stage2-policy_eval-curve_epoch_85,prospective-ten,923500475,block_grouping,Block Grouping,on,RQ3/RQ4,policy_eval,stage2,curve_epoch_85,experiments_numeric.architecture_2.block_grouping_mcts,hadd-gbfs,epoch:85:stage2:block_grouping:on:923500475,,,True,,,,,,,3,4g,6,20G,04:00:00,,VAL,block_grouping-on-923500475-stage2-train-primary,preselected dependency checkpoint,planned,Learning-curve test evaluation; never use for checkpoint selection
block_grouping-on-923500475-stage2-policy_eval-curve_epoch_90,prospective-ten,923500475,block_grouping,Block Grouping,on,RQ3/RQ4,policy_eval,stage2,curve_epoch_90,experiments_numeric.architecture_2.block_grouping_mcts,hadd-gbfs,epoch:90:stage2:block_grouping:on:923500475,,,True,,,,,,,3,4g,6,20G,04:00:00,,VAL,block_grouping-on-923500475-stage2-train-primary,preselected dependency checkpoint,planned,Learning-curve test evaluation; never use for checkpoint selection
block_grouping-on-923500475-stage2-policy_eval-curve_epoch_95,prospective-ten,923500475,block_grouping,Block Grouping,on,RQ3/RQ4,policy_eval,stage2,curve_epoch_95,experiments_numeric.architecture_2.block_grouping_mcts,hadd-gbfs,epoch:95:stage2:block_grouping:on:923500475,,,True,,,,,,,3,4g,6,20G,04:00:00,,VAL,block_grouping-on-923500475-stage2-train-primary,preselected dependency checkpoint,planned,Learning-curve test evaluation; never use for checkpoint selection
block_grouping-on-923500475-stage2-policy_eval-curve_epoch_99,prospective-ten,923500475,block_grouping,Block Grouping,on,RQ3/RQ4,policy_eval,stage2,curve_epoch_99,experiments_numeric.architecture_2.block_grouping_mcts,hadd-gbfs,epoch:99:stage2:block_grouping:on:923500475,,,True,,,,,,,3,4g,6,20G,04:00:00,,VAL,block_grouping-on-923500475-stage2-train-primary,preselected dependency checkpoint,planned,Learning-curve test evaluation; never use for checkpoint selection
block_grouping-on-1972442430-stage2-policy_eval-curve_epoch_00,prospective-ten,1972442430,block_grouping,Block Grouping,on,RQ3/RQ4,policy_eval,stage2,curve_epoch_00,experiments_numeric.architecture_2.block_grouping_mcts,hadd-gbfs,epoch:0:stage2:block_grouping:on:1972442430,,,True,,,,,,,3,4g,6,20G,04:00:00,,VAL,block_grouping-on-1972442430-stage2-train-primary,preselected dependency checkpoint,planned,Learning-curve test evaluation; never use for checkpoint selection
block_grouping-on-1972442430-stage2-policy_eval-curve_epoch_05,prospective-ten,1972442430,block_grouping,Block Grouping,on,RQ3/RQ4,policy_eval,stage2,curve_epoch_05,experiments_numeric.architecture_2.block_grouping_mcts,hadd-gbfs,epoch:5:stage2:block_grouping:on:1972442430,,,True,,,,,,,3,4g,6,20G,04:00:00,,VAL,block_grouping-on-1972442430-stage2-train-primary,preselected dependency checkpoint,planned,Learning-curve test evaluation; never use for checkpoint selection
block_grouping-on-1972442430-stage2-policy_eval-curve_epoch_10,prospective-ten,1972442430,block_grouping,Block Grouping,on,RQ3/RQ4,policy_eval,stage2,curve_epoch_10,experiments_numeric.architecture_2.block_grouping_mcts,hadd-gbfs,epoch:10:stage2:block_grouping:on:1972442430,,,True,,,,,,,3,4g,6,20G,04:00:00,,VAL,block_grouping-on-1972442430-stage2-train-primary,preselected dependency checkpoint,planned,Learning-curve test evaluation; never use for checkpoint selection
block_grouping-on-1972442430-stage2-policy_eval-curve_epoch_15,prospective-ten,1972442430,block_grouping,Block Grouping,on,RQ3/RQ4,policy_eval,stage2,curve_epoch_15,experiments_numeric.architecture_2.block_grouping_mcts,hadd-gbfs,epoch:15:stage2:block_grouping:on:1972442430,,,True,,,,,,,3,4g,6,20G,04:00:00,,VAL,block_grouping-on-1972442430-stage2-train-primary,preselected dependency checkpoint,planned,Learning-curve test evaluation; never use for checkpoint selection
block_grouping-on-1972442430-stage2-policy_eval-curve_epoch_20,prospective-ten,1972442430,block_grouping,Block Grouping,on,RQ3/RQ4,policy_eval,stage2,curve_epoch_20,experiments_numeric.architecture_2.block_grouping_mcts,hadd-gbfs,epoch:20:stage2:block_grouping:on:1972442430,,,True,,,,,,,3,4g,6,20G,04:00:00,,VAL,block_grouping-on-1972442430-stage2-train-primary,preselected dependency checkpoint,planned,Learning-curve test evaluation; never use for checkpoint selection
block_grouping-on-1972442430-stage2-policy_eval-curve_epoch_25,prospective-ten,1972442430,block_grouping,Block Grouping,on,RQ3/RQ4,policy_eval,stage2,curve_epoch_25,experiments_numeric.architecture_2.block_grouping_mcts,hadd-gbfs,epoch:25:stage2:block_grouping:on:1972442430,,,True,,,,,,,3,4g,6,20G,04:00:00,,VAL,block_grouping-on-1972442430-stage2-train-primary,preselected dependency checkpoint,planned,Learning-curve test evaluation; never use for checkpoint selection
block_grouping-on-1972442430-stage2-policy_eval-curve_epoch_30,prospective-ten,1972442430,block_grouping,Block Grouping,on,RQ3/RQ4,policy_eval,stage2,curve_epoch_30,experiments_numeric.architecture_2.block_grouping_mcts,hadd-gbfs,epoch:30:stage2:block_grouping:on:1972442430,,,True,,,,,,,3,4g,6,20G,04:00:00,,VAL,block_grouping-on-1972442430-stage2-train-primary,preselected dependency checkpoint,planned,Learning-curve test evaluation; never use for checkpoint selection
block_grouping-on-1972442430-stage2-policy_eval-curve_epoch_35,prospective-ten,1972442430,block_grouping,Block Grouping,on,RQ3/RQ4,policy_eval,stage2,curve_epoch_35,experiments_numeric.architecture_2.block_grouping_mcts,hadd-gbfs,epoch:35:stage2:block_grouping:on:1972442430,,,True,,,,,,,3,4g,6,20G,04:00:00,,VAL,block_grouping-on-1972442430-stage2-train-primary,preselected dependency checkpoint,planned,Learning-curve test evaluation; never use for checkpoint selection
block_grouping-on-1972442430-stage2-policy_eval-curve_epoch_40,prospective-ten,1972442430,block_grouping,Block Grouping,on,RQ3/RQ4,policy_eval,stage2,curve_epoch_40,experiments_numeric.architecture_2.block_grouping_mcts,hadd-gbfs,epoch:40:stage2:block_grouping:on:1972442430,,,True,,,,,,,3,4g,6,20G,04:00:00,,VAL,block_grouping-on-1972442430-stage2-train-primary,preselected dependency checkpoint,planned,Learning-curve test evaluation; never use for checkpoint selection
block_grouping-on-1972442430-stage2-policy_eval-curve_epoch_45,prospective-ten,1972442430,block_grouping,Block Grouping,on,RQ3/RQ4,policy_eval,stage2,curve_epoch_45,experiments_numeric.architecture_2.block_grouping_mcts,hadd-gbfs,epoch:45:stage2:block_grouping:on:1972442430,,,True,,,,,,,3,4g,6,20G,04:00:00,,VAL,block_grouping-on-1972442430-stage2-train-primary,preselected dependency checkpoint,planned,Learning-curve test evaluation; never use for checkpoint selection
block_grouping-on-1972442430-stage2-policy_eval-curve_epoch_50,prospective-ten,1972442430,block_grouping,Block Grouping,on,RQ3/RQ4,policy_eval,stage2,curve_epoch_50,experiments_numeric.architecture_2.block_grouping_mcts,hadd-gbfs,epoch:50:stage2:block_grouping:on:1972442430,,,True,,,,,,,3,4g,6,20G,04:00:00,,VAL,block_grouping-on-1972442430-stage2-train-primary,preselected dependency checkpoint,planned,Learning-curve test evaluation; never use for checkpoint selection
block_grouping-on-1972442430-stage2-policy_eval-curve_epoch_55,prospective-ten,1972442430,block_grouping,Block Grouping,on,RQ3/RQ4,policy_eval,stage2,curve_epoch_55,experiments_numeric.architecture_2.block_grouping_mcts,hadd-gbfs,epoch:55:stage2:block_grouping:on:1972442430,,,True,,,,,,,3,4g,6,20G,04:00:00,,VAL,block_grouping-on-1972442430-stage2-train-primary,preselected dependency checkpoint,planned,Learning-curve test evaluation; never use for checkpoint selection
block_grouping-on-1972442430-stage2-policy_eval-curve_epoch_60,prospective-ten,1972442430,block_grouping,Block Grouping,on,RQ3/RQ4,policy_eval,stage2,curve_epoch_60,experiments_numeric.architecture_2.block_grouping_mcts,hadd-gbfs,epoch:60:stage2:block_grouping:on:1972442430,,,True,,,,,,,3,4g,6,20G,04:00:00,,VAL,block_grouping-on-1972442430-stage2-train-primary,preselected dependency checkpoint,planned,Learning-curve test evaluation; never use for checkpoint selection
block_grouping-on-1972442430-stage2-policy_eval-curve_epoch_65,prospective-ten,1972442430,block_grouping,Block Grouping,on,RQ3/RQ4,policy_eval,stage2,curve_epoch_65,experiments_numeric.architecture_2.block_grouping_mcts,hadd-gbfs,epoch:65:stage2:block_grouping:on:1972442430,,,True,,,,,,,3,4g,6,20G,04:00:00,,VAL,block_grouping-on-1972442430-stage2-train-primary,preselected dependency checkpoint,planned,Learning-curve test evaluation; never use for checkpoint selection
block_grouping-on-1972442430-stage2-policy_eval-curve_epoch_70,prospective-ten,1972442430,block_grouping,Block Grouping,on,RQ3/RQ4,policy_eval,stage2,curve_epoch_70,experiments_numeric.architecture_2.block_grouping_mcts,hadd-gbfs,epoch:70:stage2:block_grouping:on:1972442430,,,True,,,,,,,3,4g,6,20G,04:00:00,,VAL,block_grouping-on-1972442430-stage2-train-primary,preselected dependency checkpoint,planned,Learning-curve test evaluation; never use for checkpoint selection
block_grouping-on-1972442430-stage2-policy_eval-curve_epoch_75,prospective-ten,1972442430,block_grouping,Block Grouping,on,RQ3/RQ4,policy_eval,stage2,curve_epoch_75,experiments_numeric.architecture_2.block_grouping_mcts,hadd-gbfs,epoch:75:stage2:block_grouping:on:1972442430,,,True,,,,,,,3,4g,6,20G,04:00:00,,VAL,block_grouping-on-1972442430-stage2-train-primary,preselected dependency checkpoint,planned,Learning-curve test evaluation; never use for checkpoint selection
block_grouping-on-1972442430-stage2-policy_eval-curve_epoch_80,prospective-ten,1972442430,block_grouping,Block Grouping,on,RQ3/RQ4,policy_eval,stage2,curve_epoch_80,experiments_numeric.architecture_2.block_grouping_mcts,hadd-gbfs,epoch:80:stage2:block_grouping:on:1972442430,,,True,,,,,,,3,4g,6,20G,04:00:00,,VAL,block_grouping-on-1972442430-stage2-train-primary,preselected dependency checkpoint,planned,Learning-curve test evaluation; never use for checkpoint selection
block_grouping-on-1972442430-stage2-policy_eval-curve_epoch_85,prospective-ten,1972442430,block_grouping,Block Grouping,on,RQ3/RQ4,policy_eval,stage2,curve_epoch_85,experiments_numeric.architecture_2.block_grouping_mcts,hadd-gbfs,epoch:85:stage2:block_grouping:on:1972442430,,,True,,,,,,,3,4g,6,20G,04:00:00,,VAL,block_grouping-on-1972442430-stage2-train-primary,preselected dependency checkpoint,planned,Learning-curve test evaluation; never use for checkpoint selection
block_grouping-on-1972442430-stage2-policy_eval-curve_epoch_90,prospective-ten,1972442430,block_grouping,Block Grouping,on,RQ3/RQ4,policy_eval,stage2,curve_epoch_90,experiments_numeric.architecture_2.block_grouping_mcts,hadd-gbfs,epoch:90:stage2:block_grouping:on:1972442430,,,True,,,,,,,3,4g,6,20G,04:00:00,,VAL,block_grouping-on-1972442430-stage2-train-primary,preselected dependency checkpoint,planned,Learning-curve test evaluation; never use for checkpoint selection
block_grouping-on-1972442430-stage2-policy_eval-curve_epoch_95,prospective-ten,1972442430,block_grouping,Block Grouping,on,RQ3/RQ4,policy_eval,stage2,curve_epoch_95,experiments_numeric.architecture_2.block_grouping_mcts,hadd-gbfs,epoch:95:stage2:block_grouping:on:1972442430,,,True,,,,,,,3,4g,6,20G,04:00:00,,VAL,block_grouping-on-1972442430-stage2-train-primary,preselected dependency checkpoint,planned,Learning-curve test evaluation; never use for checkpoint selection
block_grouping-on-1972442430-stage2-policy_eval-curve_epoch_99,prospective-ten,1972442430,block_grouping,Block Grouping,on,RQ3/RQ4,policy_eval,stage2,curve_epoch_99,experiments_numeric.architecture_2.block_grouping_mcts,hadd-gbfs,epoch:99:stage2:block_grouping:on:1972442430,,,True,,,,,,,3,4g,6,20G,04:00:00,,VAL,block_grouping-on-1972442430-stage2-train-primary,preselected dependency checkpoint,planned,Learning-curve test evaluation; never use for checkpoint selection
drone-off-1963100312-stage2-policy_eval-curve_epoch_00,prospective-ten,1963100312,drone,Drone,off,RQ1/RQ2,policy_eval,stage2,curve_epoch_00,experiments_numeric.architecture_2.drone_mcts,hadd-astar,epoch:0:stage2:drone:off:1963100312,,,True,,,,,,,3,4g,6,20G,04:00:00,,VAL,drone-off-1963100312-stage2-train-primary,preselected dependency checkpoint,planned,Learning-curve test evaluation; never use for checkpoint selection
drone-off-1963100312-stage2-policy_eval-curve_epoch_05,prospective-ten,1963100312,drone,Drone,off,RQ1/RQ2,policy_eval,stage2,curve_epoch_05,experiments_numeric.architecture_2.drone_mcts,hadd-astar,epoch:5:stage2:drone:off:1963100312,,,True,,,,,,,3,4g,6,20G,04:00:00,,VAL,drone-off-1963100312-stage2-train-primary,preselected dependency checkpoint,planned,Learning-curve test evaluation; never use for checkpoint selection
drone-off-1963100312-stage2-policy_eval-curve_epoch_10,prospective-ten,1963100312,drone,Drone,off,RQ1/RQ2,policy_eval,stage2,curve_epoch_10,experiments_numeric.architecture_2.drone_mcts,hadd-astar,epoch:10:stage2:drone:off:1963100312,,,True,,,,,,,3,4g,6,20G,04:00:00,,VAL,drone-off-1963100312-stage2-train-primary,preselected dependency checkpoint,planned,Learning-curve test evaluation; never use for checkpoint selection
drone-off-1963100312-stage2-policy_eval-curve_epoch_15,prospective-ten,1963100312,drone,Drone,off,RQ1/RQ2,policy_eval,stage2,curve_epoch_15,experiments_numeric.architecture_2.drone_mcts,hadd-astar,epoch:15:stage2:drone:off:1963100312,,,True,,,,,,,3,4g,6,20G,04:00:00,,VAL,drone-off-1963100312-stage2-train-primary,preselected dependency checkpoint,planned,Learning-curve test evaluation; never use for checkpoint selection
drone-off-1963100312-stage2-policy_eval-curve_epoch_20,prospective-ten,1963100312,drone,Drone,off,RQ1/RQ2,policy_eval,stage2,curve_epoch_20,experiments_numeric.architecture_2.drone_mcts,hadd-astar,epoch:20:stage2:drone:off:1963100312,,,True,,,,,,,3,4g,6,20G,04:00:00,,VAL,drone-off-1963100312-stage2-train-primary,preselected dependency checkpoint,planned,Learning-curve test evaluation; never use for checkpoint selection
drone-off-1963100312-stage2-policy_eval-curve_epoch_25,prospective-ten,1963100312,drone,Drone,off,RQ1/RQ2,policy_eval,stage2,curve_epoch_25,experiments_numeric.architecture_2.drone_mcts,hadd-astar,epoch:25:stage2:drone:off:1963100312,,,True,,,,,,,3,4g,6,20G,04:00:00,,VAL,drone-off-1963100312-stage2-train-primary,preselected dependency checkpoint,planned,Learning-curve test evaluation; never use for checkpoint selection
drone-off-1963100312-stage2-policy_eval-curve_epoch_30,prospective-ten,1963100312,drone,Drone,off,RQ1/RQ2,policy_eval,stage2,curve_epoch_30,experiments_numeric.architecture_2.drone_mcts,hadd-astar,epoch:30:stage2:drone:off:1963100312,,,True,,,,,,,3,4g,6,20G,04:00:00,,VAL,drone-off-1963100312-stage2-train-primary,preselected dependency checkpoint,planned,Learning-curve test evaluation; never use for checkpoint selection
drone-off-1963100312-stage2-policy_eval-curve_epoch_35,prospective-ten,1963100312,drone,Drone,off,RQ1/RQ2,policy_eval,stage2,curve_epoch_35,experiments_numeric.architecture_2.drone_mcts,hadd-astar,epoch:35:stage2:drone:off:1963100312,,,True,,,,,,,3,4g,6,20G,04:00:00,,VAL,drone-off-1963100312-stage2-train-primary,preselected dependency checkpoint,planned,Learning-curve test evaluation; never use for checkpoint selection
drone-off-1963100312-stage2-policy_eval-curve_epoch_40,prospective-ten,1963100312,drone,Drone,off,RQ1/RQ2,policy_eval,stage2,curve_epoch_40,experiments_numeric.architecture_2.drone_mcts,hadd-astar,epoch:40:stage2:drone:off:1963100312,,,True,,,,,,,3,4g,6,20G,04:00:00,,VAL,drone-off-1963100312-stage2-train-primary,preselected dependency checkpoint,planned,Learning-curve test evaluation; never use for checkpoint selection
drone-off-1963100312-stage2-policy_eval-curve_epoch_45,prospective-ten,1963100312,drone,Drone,off,RQ1/RQ2,policy_eval,stage2,curve_epoch_45,experiments_numeric.architecture_2.drone_mcts,hadd-astar,epoch:45:stage2:drone:off:1963100312,,,True,,,,,,,3,4g,6,20G,04:00:00,,VAL,drone-off-1963100312-stage2-train-primary,preselected dependency checkpoint,planned,Learning-curve test evaluation; never use for checkpoint selection
drone-off-1963100312-stage2-policy_eval-curve_epoch_50,prospective-ten,1963100312,drone,Drone,off,RQ1/RQ2,policy_eval,stage2,curve_epoch_50,experiments_numeric.architecture_2.drone_mcts,hadd-astar,epoch:50:stage2:drone:off:1963100312,,,True,,,,,,,3,4g,6,20G,04:00:00,,VAL,drone-off-1963100312-stage2-train-primary,preselected dependency checkpoint,planned,Learning-curve test evaluation; never use for checkpoint selection
drone-off-1963100312-stage2-policy_eval-curve_epoch_55,prospective-ten,1963100312,drone,Drone,off,RQ1/RQ2,policy_eval,stage2,curve_epoch_55,experiments_numeric.architecture_2.drone_mcts,hadd-astar,epoch:55:stage2:drone:off:1963100312,,,True,,,,,,,3,4g,6,20G,04:00:00,,VAL,drone-off-1963100312-stage2-train-primary,preselected dependency checkpoint,planned,Learning-curve test evaluation; never use for checkpoint selection
drone-off-1963100312-stage2-policy_eval-curve_epoch_60,prospective-ten,1963100312,drone,Drone,off,RQ1/RQ2,policy_eval,stage2,curve_epoch_60,experiments_numeric.architecture_2.drone_mcts,hadd-astar,epoch:60:stage2:drone:off:1963100312,,,True,,,,,,,3,4g,6,20G,04:00:00,,VAL,drone-off-1963100312-stage2-train-primary,preselected dependency checkpoint,planned,Learning-curve test evaluation; never use for checkpoint selection
drone-off-1963100312-stage2-policy_eval-curve_epoch_65,prospective-ten,1963100312,drone,Drone,off,RQ1/RQ2,policy_eval,stage2,curve_epoch_65,experiments_numeric.architecture_2.drone_mcts,hadd-astar,epoch:65:stage2:drone:off:1963100312,,,True,,,,,,,3,4g,6,20G,04:00:00,,VAL,drone-off-1963100312-stage2-train-primary,preselected dependency checkpoint,planned,Learning-curve test evaluation; never use for checkpoint selection
drone-off-1963100312-stage2-policy_eval-curve_epoch_70,prospective-ten,1963100312,drone,Drone,off,RQ1/RQ2,policy_eval,stage2,curve_epoch_70,experiments_numeric.architecture_2.drone_mcts,hadd-astar,epoch:70:stage2:drone:off:1963100312,,,True,,,,,,,3,4g,6,20G,04:00:00,,VAL,drone-off-1963100312-stage2-train-primary,preselected dependency checkpoint,planned,Learning-curve test evaluation; never use for checkpoint selection
drone-off-1963100312-stage2-policy_eval-curve_epoch_75,prospective-ten,1963100312,drone,Drone,off,RQ1/RQ2,policy_eval,stage2,curve_epoch_75,experiments_numeric.architecture_2.drone_mcts,hadd-astar,epoch:75:stage2:drone:off:1963100312,,,True,,,,,,,3,4g,6,20G,04:00:00,,VAL,drone-off-1963100312-stage2-train-primary,preselected dependency checkpoint,planned,Learning-curve test evaluation; never use for checkpoint selection
drone-off-1963100312-stage2-policy_eval-curve_epoch_80,prospective-ten,1963100312,drone,Drone,off,RQ1/RQ2,policy_eval,stage2,curve_epoch_80,experiments_numeric.architecture_2.drone_mcts,hadd-astar,epoch:80:stage2:drone:off:1963100312,,,True,,,,,,,3,4g,6,20G,04:00:00,,VAL,drone-off-1963100312-stage2-train-primary,preselected dependency checkpoint,planned,Learning-curve test evaluation; never use for checkpoint selection
drone-off-1963100312-stage2-policy_eval-curve_epoch_85,prospective-ten,1963100312,drone,Drone,off,RQ1/RQ2,policy_eval,stage2,curve_epoch_85,experiments_numeric.architecture_2.drone_mcts,hadd-astar,epoch:85:stage2:drone:off:1963100312,,,True,,,,,,,3,4g,6,20G,04:00:00,,VAL,drone-off-1963100312-stage2-train-primary,preselected dependency checkpoint,planned,Learning-curve test evaluation; never use for checkpoint selection
drone-off-1963100312-stage2-policy_eval-curve_epoch_90,prospective-ten,1963100312,drone,Drone,off,RQ1/RQ2,policy_eval,stage2,curve_epoch_90,experiments_numeric.architecture_2.drone_mcts,hadd-astar,epoch:90:stage2:drone:off:1963100312,,,True,,,,,,,3,4g,6,20G,04:00:00,,VAL,drone-off-1963100312-stage2-train-primary,preselected dependency checkpoint,planned,Learning-curve test evaluation; never use for checkpoint selection
drone-off-1963100312-stage2-policy_eval-curve_epoch_95,prospective-ten,1963100312,drone,Drone,off,RQ1/RQ2,policy_eval,stage2,curve_epoch_95,experiments_numeric.architecture_2.drone_mcts,hadd-astar,epoch:95:stage2:drone:off:1963100312,,,True,,,,,,,3,4g,6,20G,04:00:00,,VAL,drone-off-1963100312-stage2-train-primary,preselected dependency checkpoint,planned,Learning-curve test evaluation; never use for checkpoint selection
drone-off-1963100312-stage2-policy_eval-curve_epoch_99,prospective-ten,1963100312,drone,Drone,off,RQ1/RQ2,policy_eval,stage2,curve_epoch_99,experiments_numeric.architecture_2.drone_mcts,hadd-astar,epoch:99:stage2:drone:off:1963100312,,,True,,,,,,,3,4g,6,20G,04:00:00,,VAL,drone-off-1963100312-stage2-train-primary,preselected dependency checkpoint,planned,Learning-curve test evaluation; never use for checkpoint selection
drone-off-2011206605-stage2-policy_eval-curve_epoch_00,prospective-ten,2011206605,drone,Drone,off,RQ1/RQ2,policy_eval,stage2,curve_epoch_00,experiments_numeric.architecture_2.drone_mcts,hadd-astar,epoch:0:stage2:drone:off:2011206605,,,True,,,,,,,3,4g,6,20G,04:00:00,,VAL,drone-off-2011206605-stage2-train-primary,preselected dependency checkpoint,planned,Learning-curve test evaluation; never use for checkpoint selection
drone-off-2011206605-stage2-policy_eval-curve_epoch_05,prospective-ten,2011206605,drone,Drone,off,RQ1/RQ2,policy_eval,stage2,curve_epoch_05,experiments_numeric.architecture_2.drone_mcts,hadd-astar,epoch:5:stage2:drone:off:2011206605,,,True,,,,,,,3,4g,6,20G,04:00:00,,VAL,drone-off-2011206605-stage2-train-primary,preselected dependency checkpoint,planned,Learning-curve test evaluation; never use for checkpoint selection
drone-off-2011206605-stage2-policy_eval-curve_epoch_10,prospective-ten,2011206605,drone,Drone,off,RQ1/RQ2,policy_eval,stage2,curve_epoch_10,experiments_numeric.architecture_2.drone_mcts,hadd-astar,epoch:10:stage2:drone:off:2011206605,,,True,,,,,,,3,4g,6,20G,04:00:00,,VAL,drone-off-2011206605-stage2-train-primary,preselected dependency checkpoint,planned,Learning-curve test evaluation; never use for checkpoint selection
drone-off-2011206605-stage2-policy_eval-curve_epoch_15,prospective-ten,2011206605,drone,Drone,off,RQ1/RQ2,policy_eval,stage2,curve_epoch_15,experiments_numeric.architecture_2.drone_mcts,hadd-astar,epoch:15:stage2:drone:off:2011206605,,,True,,,,,,,3,4g,6,20G,04:00:00,,VAL,drone-off-2011206605-stage2-train-primary,preselected dependency checkpoint,planned,Learning-curve test evaluation; never use for checkpoint selection
drone-off-2011206605-stage2-policy_eval-curve_epoch_20,prospective-ten,2011206605,drone,Drone,off,RQ1/RQ2,policy_eval,stage2,curve_epoch_20,experiments_numeric.architecture_2.drone_mcts,hadd-astar,epoch:20:stage2:drone:off:2011206605,,,True,,,,,,,3,4g,6,20G,04:00:00,,VAL,drone-off-2011206605-stage2-train-primary,preselected dependency checkpoint,planned,Learning-curve test evaluation; never use for checkpoint selection
drone-off-2011206605-stage2-policy_eval-curve_epoch_25,prospective-ten,2011206605,drone,Drone,off,RQ1/RQ2,policy_eval,stage2,curve_epoch_25,experiments_numeric.architecture_2.drone_mcts,hadd-astar,epoch:25:stage2:drone:off:2011206605,,,True,,,,,,,3,4g,6,20G,04:00:00,,VAL,drone-off-2011206605-stage2-train-primary,preselected dependency checkpoint,planned,Learning-curve test evaluation; never use for checkpoint selection
drone-off-2011206605-stage2-policy_eval-curve_epoch_30,prospective-ten,2011206605,drone,Drone,off,RQ1/RQ2,policy_eval,stage2,curve_epoch_30,experiments_numeric.architecture_2.drone_mcts,hadd-astar,epoch:30:stage2:drone:off:2011206605,,,True,,,,,,,3,4g,6,20G,04:00:00,,VAL,drone-off-2011206605-stage2-train-primary,preselected dependency checkpoint,planned,Learning-curve test evaluation; never use for checkpoint selection
drone-off-2011206605-stage2-policy_eval-curve_epoch_35,prospective-ten,2011206605,drone,Drone,off,RQ1/RQ2,policy_eval,stage2,curve_epoch_35,experiments_numeric.architecture_2.drone_mcts,hadd-astar,epoch:35:stage2:drone:off:2011206605,,,True,,,,,,,3,4g,6,20G,04:00:00,,VAL,drone-off-2011206605-stage2-train-primary,preselected dependency checkpoint,planned,Learning-curve test evaluation; never use for checkpoint selection
drone-off-2011206605-stage2-policy_eval-curve_epoch_40,prospective-ten,2011206605,drone,Drone,off,RQ1/RQ2,policy_eval,stage2,curve_epoch_40,experiments_numeric.architecture_2.drone_mcts,hadd-astar,epoch:40:stage2:drone:off:2011206605,,,True,,,,,,,3,4g,6,20G,04:00:00,,VAL,drone-off-2011206605-stage2-train-primary,preselected dependency checkpoint,planned,Learning-curve test evaluation; never use for checkpoint selection
drone-off-2011206605-stage2-policy_eval-curve_epoch_45,prospective-ten,2011206605,drone,Drone,off,RQ1/RQ2,policy_eval,stage2,curve_epoch_45,experiments_numeric.architecture_2.drone_mcts,hadd-astar,epoch:45:stage2:drone:off:2011206605,,,True,,,,,,,3,4g,6,20G,04:00:00,,VAL,drone-off-2011206605-stage2-train-primary,preselected dependency checkpoint,planned,Learning-curve test evaluation; never use for checkpoint selection
drone-off-2011206605-stage2-policy_eval-curve_epoch_50,prospective-ten,2011206605,drone,Drone,off,RQ1/RQ2,policy_eval,stage2,curve_epoch_50,experiments_numeric.architecture_2.drone_mcts,hadd-astar,epoch:50:stage2:drone:off:2011206605,,,True,,,,,,,3,4g,6,20G,04:00:00,,VAL,drone-off-2011206605-stage2-train-primary,preselected dependency checkpoint,planned,Learning-curve test evaluation; never use for checkpoint selection
drone-off-2011206605-stage2-policy_eval-curve_epoch_55,prospective-ten,2011206605,drone,Drone,off,RQ1/RQ2,policy_eval,stage2,curve_epoch_55,experiments_numeric.architecture_2.drone_mcts,hadd-astar,epoch:55:stage2:drone:off:2011206605,,,True,,,,,,,3,4g,6,20G,04:00:00,,VAL,drone-off-2011206605-stage2-train-primary,preselected dependency checkpoint,planned,Learning-curve test evaluation; never use for checkpoint selection
drone-off-2011206605-stage2-policy_eval-curve_epoch_60,prospective-ten,2011206605,drone,Drone,off,RQ1/RQ2,policy_eval,stage2,curve_epoch_60,experiments_numeric.architecture_2.drone_mcts,hadd-astar,epoch:60:stage2:drone:off:2011206605,,,True,,,,,,,3,4g,6,20G,04:00:00,,VAL,drone-off-2011206605-stage2-train-primary,preselected dependency checkpoint,planned,Learning-curve test evaluation; never use for checkpoint selection
drone-off-2011206605-stage2-policy_eval-curve_epoch_65,prospective-ten,2011206605,drone,Drone,off,RQ1/RQ2,policy_eval,stage2,curve_epoch_65,experiments_numeric.architecture_2.drone_mcts,hadd-astar,epoch:65:stage2:drone:off:2011206605,,,True,,,,,,,3,4g,6,20G,04:00:00,,VAL,drone-off-2011206605-stage2-train-primary,preselected dependency checkpoint,planned,Learning-curve test evaluation; never use for checkpoint selection
drone-off-2011206605-stage2-policy_eval-curve_epoch_70,prospective-ten,2011206605,drone,Drone,off,RQ1/RQ2,policy_eval,stage2,curve_epoch_70,experiments_numeric.architecture_2.drone_mcts,hadd-astar,epoch:70:stage2:drone:off:2011206605,,,True,,,,,,,3,4g,6,20G,04:00:00,,VAL,drone-off-2011206605-stage2-train-primary,preselected dependency checkpoint,planned,Learning-curve test evaluation; never use for checkpoint selection
drone-off-2011206605-stage2-policy_eval-curve_epoch_75,prospective-ten,2011206605,drone,Drone,off,RQ1/RQ2,policy_eval,stage2,curve_epoch_75,experiments_numeric.architecture_2.drone_mcts,hadd-astar,epoch:75:stage2:drone:off:2011206605,,,True,,,,,,,3,4g,6,20G,04:00:00,,VAL,drone-off-2011206605-stage2-train-primary,preselected dependency checkpoint,planned,Learning-curve test evaluation; never use for checkpoint selection
drone-off-2011206605-stage2-policy_eval-curve_epoch_80,prospective-ten,2011206605,drone,Drone,off,RQ1/RQ2,policy_eval,stage2,curve_epoch_80,experiments_numeric.architecture_2.drone_mcts,hadd-astar,epoch:80:stage2:drone:off:2011206605,,,True,,,,,,,3,4g,6,20G,04:00:00,,VAL,drone-off-2011206605-stage2-train-primary,preselected dependency checkpoint,planned,Learning-curve test evaluation; never use for checkpoint selection
drone-off-2011206605-stage2-policy_eval-curve_epoch_85,prospective-ten,2011206605,drone,Drone,off,RQ1/RQ2,policy_eval,stage2,curve_epoch_85,experiments_numeric.architecture_2.drone_mcts,hadd-astar,epoch:85:stage2:drone:off:2011206605,,,True,,,,,,,3,4g,6,20G,04:00:00,,VAL,drone-off-2011206605-stage2-train-primary,preselected dependency checkpoint,planned,Learning-curve test evaluation; never use for checkpoint selection
drone-off-2011206605-stage2-policy_eval-curve_epoch_90,prospective-ten,2011206605,drone,Drone,off,RQ1/RQ2,policy_eval,stage2,curve_epoch_90,experiments_numeric.architecture_2.drone_mcts,hadd-astar,epoch:90:stage2:drone:off:2011206605,,,True,,,,,,,3,4g,6,20G,04:00:00,,VAL,drone-off-2011206605-stage2-train-primary,preselected dependency checkpoint,planned,Learning-curve test evaluation; never use for checkpoint selection
drone-off-2011206605-stage2-policy_eval-curve_epoch_95,prospective-ten,2011206605,drone,Drone,off,RQ1/RQ2,policy_eval,stage2,curve_epoch_95,experiments_numeric.architecture_2.drone_mcts,hadd-astar,epoch:95:stage2:drone:off:2011206605,,,True,,,,,,,3,4g,6,20G,04:00:00,,VAL,drone-off-2011206605-stage2-train-primary,preselected dependency checkpoint,planned,Learning-curve test evaluation; never use for checkpoint selection
drone-off-2011206605-stage2-policy_eval-curve_epoch_99,prospective-ten,2011206605,drone,Drone,off,RQ1/RQ2,policy_eval,stage2,curve_epoch_99,experiments_numeric.architecture_2.drone_mcts,hadd-astar,epoch:99:stage2:drone:off:2011206605,,,True,,,,,,,3,4g,6,20G,04:00:00,,VAL,drone-off-2011206605-stage2-train-primary,preselected dependency checkpoint,planned,Learning-curve test evaluation; never use for checkpoint selection
drone-off-1073581256-stage2-policy_eval-curve_epoch_00,prospective-ten,1073581256,drone,Drone,off,RQ1/RQ2,policy_eval,stage2,curve_epoch_00,experiments_numeric.architecture_2.drone_mcts,hadd-astar,epoch:0:stage2:drone:off:1073581256,,,True,,,,,,,3,4g,6,20G,04:00:00,,VAL,drone-off-1073581256-stage2-train-primary,preselected dependency checkpoint,planned,Learning-curve test evaluation; never use for checkpoint selection
drone-off-1073581256-stage2-policy_eval-curve_epoch_05,prospective-ten,1073581256,drone,Drone,off,RQ1/RQ2,policy_eval,stage2,curve_epoch_05,experiments_numeric.architecture_2.drone_mcts,hadd-astar,epoch:5:stage2:drone:off:1073581256,,,True,,,,,,,3,4g,6,20G,04:00:00,,VAL,drone-off-1073581256-stage2-train-primary,preselected dependency checkpoint,planned,Learning-curve test evaluation; never use for checkpoint selection
drone-off-1073581256-stage2-policy_eval-curve_epoch_10,prospective-ten,1073581256,drone,Drone,off,RQ1/RQ2,policy_eval,stage2,curve_epoch_10,experiments_numeric.architecture_2.drone_mcts,hadd-astar,epoch:10:stage2:drone:off:1073581256,,,True,,,,,,,3,4g,6,20G,04:00:00,,VAL,drone-off-1073581256-stage2-train-primary,preselected dependency checkpoint,planned,Learning-curve test evaluation; never use for checkpoint selection
drone-off-1073581256-stage2-policy_eval-curve_epoch_15,prospective-ten,1073581256,drone,Drone,off,RQ1/RQ2,policy_eval,stage2,curve_epoch_15,experiments_numeric.architecture_2.drone_mcts,hadd-astar,epoch:15:stage2:drone:off:1073581256,,,True,,,,,,,3,4g,6,20G,04:00:00,,VAL,drone-off-1073581256-stage2-train-primary,preselected dependency checkpoint,planned,Learning-curve test evaluation; never use for checkpoint selection
drone-off-1073581256-stage2-policy_eval-curve_epoch_20,prospective-ten,1073581256,drone,Drone,off,RQ1/RQ2,policy_eval,stage2,curve_epoch_20,experiments_numeric.architecture_2.drone_mcts,hadd-astar,epoch:20:stage2:drone:off:1073581256,,,True,,,,,,,3,4g,6,20G,04:00:00,,VAL,drone-off-1073581256-stage2-train-primary,preselected dependency checkpoint,planned,Learning-curve test evaluation; never use for checkpoint selection
drone-off-1073581256-stage2-policy_eval-curve_epoch_25,prospective-ten,1073581256,drone,Drone,off,RQ1/RQ2,policy_eval,stage2,curve_epoch_25,experiments_numeric.architecture_2.drone_mcts,hadd-astar,epoch:25:stage2:drone:off:1073581256,,,True,,,,,,,3,4g,6,20G,04:00:00,,VAL,drone-off-1073581256-stage2-train-primary,preselected dependency checkpoint,planned,Learning-curve test evaluation; never use for checkpoint selection
drone-off-1073581256-stage2-policy_eval-curve_epoch_30,prospective-ten,1073581256,drone,Drone,off,RQ1/RQ2,policy_eval,stage2,curve_epoch_30,experiments_numeric.architecture_2.drone_mcts,hadd-astar,epoch:30:stage2:drone:off:1073581256,,,True,,,,,,,3,4g,6,20G,04:00:00,,VAL,drone-off-1073581256-stage2-train-primary,preselected dependency checkpoint,planned,Learning-curve test evaluation; never use for checkpoint selection
drone-off-1073581256-stage2-policy_eval-curve_epoch_35,prospective-ten,1073581256,drone,Drone,off,RQ1/RQ2,policy_eval,stage2,curve_epoch_35,experiments_numeric.architecture_2.drone_mcts,hadd-astar,epoch:35:stage2:drone:off:1073581256,,,True,,,,,,,3,4g,6,20G,04:00:00,,VAL,drone-off-1073581256-stage2-train-primary,preselected dependency checkpoint,planned,Learning-curve test evaluation; never use for checkpoint selection
drone-off-1073581256-stage2-policy_eval-curve_epoch_40,prospective-ten,1073581256,drone,Drone,off,RQ1/RQ2,policy_eval,stage2,curve_epoch_40,experiments_numeric.architecture_2.drone_mcts,hadd-astar,epoch:40:stage2:drone:off:1073581256,,,True,,,,,,,3,4g,6,20G,04:00:00,,VAL,drone-off-1073581256-stage2-train-primary,preselected dependency checkpoint,planned,Learning-curve test evaluation; never use for checkpoint selection
drone-off-1073581256-stage2-policy_eval-curve_epoch_45,prospective-ten,1073581256,drone,Drone,off,RQ1/RQ2,policy_eval,stage2,curve_epoch_45,experiments_numeric.architecture_2.drone_mcts,hadd-astar,epoch:45:stage2:drone:off:1073581256,,,True,,,,,,,3,4g,6,20G,04:00:00,,VAL,drone-off-1073581256-stage2-train-primary,preselected dependency checkpoint,planned,Learning-curve test evaluation; never use for checkpoint selection
drone-off-1073581256-stage2-policy_eval-curve_epoch_50,prospective-ten,1073581256,drone,Drone,off,RQ1/RQ2,policy_eval,stage2,curve_epoch_50,experiments_numeric.architecture_2.drone_mcts,hadd-astar,epoch:50:stage2:drone:off:1073581256,,,True,,,,,,,3,4g,6,20G,04:00:00,,VAL,drone-off-1073581256-stage2-train-primary,preselected dependency checkpoint,planned,Learning-curve test evaluation; never use for checkpoint selection
drone-off-1073581256-stage2-policy_eval-curve_epoch_55,prospective-ten,1073581256,drone,Drone,off,RQ1/RQ2,policy_eval,stage2,curve_epoch_55,experiments_numeric.architecture_2.drone_mcts,hadd-astar,epoch:55:stage2:drone:off:1073581256,,,True,,,,,,,3,4g,6,20G,04:00:00,,VAL,drone-off-1073581256-stage2-train-primary,preselected dependency checkpoint,planned,Learning-curve test evaluation; never use for checkpoint selection
drone-off-1073581256-stage2-policy_eval-curve_epoch_60,prospective-ten,1073581256,drone,Drone,off,RQ1/RQ2,policy_eval,stage2,curve_epoch_60,experiments_numeric.architecture_2.drone_mcts,hadd-astar,epoch:60:stage2:drone:off:1073581256,,,True,,,,,,,3,4g,6,20G,04:00:00,,VAL,drone-off-1073581256-stage2-train-primary,preselected dependency checkpoint,planned,Learning-curve test evaluation; never use for checkpoint selection
drone-off-1073581256-stage2-policy_eval-curve_epoch_65,prospective-ten,1073581256,drone,Drone,off,RQ1/RQ2,policy_eval,stage2,curve_epoch_65,experiments_numeric.architecture_2.drone_mcts,hadd-astar,epoch:65:stage2:drone:off:1073581256,,,True,,,,,,,3,4g,6,20G,04:00:00,,VAL,drone-off-1073581256-stage2-train-primary,preselected dependency checkpoint,planned,Learning-curve test evaluation; never use for checkpoint selection
drone-off-1073581256-stage2-policy_eval-curve_epoch_70,prospective-ten,1073581256,drone,Drone,off,RQ1/RQ2,policy_eval,stage2,curve_epoch_70,experiments_numeric.architecture_2.drone_mcts,hadd-astar,epoch:70:stage2:drone:off:1073581256,,,True,,,,,,,3,4g,6,20G,04:00:00,,VAL,drone-off-1073581256-stage2-train-primary,preselected dependency checkpoint,planned,Learning-curve test evaluation; never use for checkpoint selection
drone-off-1073581256-stage2-policy_eval-curve_epoch_75,prospective-ten,1073581256,drone,Drone,off,RQ1/RQ2,policy_eval,stage2,curve_epoch_75,experiments_numeric.architecture_2.drone_mcts,hadd-astar,epoch:75:stage2:drone:off:1073581256,,,True,,,,,,,3,4g,6,20G,04:00:00,,VAL,drone-off-1073581256-stage2-train-primary,preselected dependency checkpoint,planned,Learning-curve test evaluation; never use for checkpoint selection
drone-off-1073581256-stage2-policy_eval-curve_epoch_80,prospective-ten,1073581256,drone,Drone,off,RQ1/RQ2,policy_eval,stage2,curve_epoch_80,experiments_numeric.architecture_2.drone_mcts,hadd-astar,epoch:80:stage2:drone:off:1073581256,,,True,,,,,,,3,4g,6,20G,04:00:00,,VAL,drone-off-1073581256-stage2-train-primary,preselected dependency checkpoint,planned,Learning-curve test evaluation; never use for checkpoint selection
drone-off-1073581256-stage2-policy_eval-curve_epoch_85,prospective-ten,1073581256,drone,Drone,off,RQ1/RQ2,policy_eval,stage2,curve_epoch_85,experiments_numeric.architecture_2.drone_mcts,hadd-astar,epoch:85:stage2:drone:off:1073581256,,,True,,,,,,,3,4g,6,20G,04:00:00,,VAL,drone-off-1073581256-stage2-train-primary,preselected dependency checkpoint,planned,Learning-curve test evaluation; never use for checkpoint selection
drone-off-1073581256-stage2-policy_eval-curve_epoch_90,prospective-ten,1073581256,drone,Drone,off,RQ1/RQ2,policy_eval,stage2,curve_epoch_90,experiments_numeric.architecture_2.drone_mcts,hadd-astar,epoch:90:stage2:drone:off:1073581256,,,True,,,,,,,3,4g,6,20G,04:00:00,,VAL,drone-off-1073581256-stage2-train-primary,preselected dependency checkpoint,planned,Learning-curve test evaluation; never use for checkpoint selection
drone-off-1073581256-stage2-policy_eval-curve_epoch_95,prospective-ten,1073581256,drone,Drone,off,RQ1/RQ2,policy_eval,stage2,curve_epoch_95,experiments_numeric.architecture_2.drone_mcts,hadd-astar,epoch:95:stage2:drone:off:1073581256,,,True,,,,,,,3,4g,6,20G,04:00:00,,VAL,drone-off-1073581256-stage2-train-primary,preselected dependency checkpoint,planned,Learning-curve test evaluation; never use for checkpoint selection
drone-off-1073581256-stage2-policy_eval-curve_epoch_99,prospective-ten,1073581256,drone,Drone,off,RQ1/RQ2,policy_eval,stage2,curve_epoch_99,experiments_numeric.architecture_2.drone_mcts,hadd-astar,epoch:99:stage2:drone:off:1073581256,,,True,,,,,,,3,4g,6,20G,04:00:00,,VAL,drone-off-1073581256-stage2-train-primary,preselected dependency checkpoint,planned,Learning-curve test evaluation; never use for checkpoint selection
drone-off-1239739722-stage2-policy_eval-curve_epoch_00,prospective-ten,1239739722,drone,Drone,off,RQ1/RQ2,policy_eval,stage2,curve_epoch_00,experiments_numeric.architecture_2.drone_mcts,hadd-astar,epoch:0:stage2:drone:off:1239739722,,,True,,,,,,,3,4g,6,20G,04:00:00,,VAL,drone-off-1239739722-stage2-train-primary,preselected dependency checkpoint,planned,Learning-curve test evaluation; never use for checkpoint selection
drone-off-1239739722-stage2-policy_eval-curve_epoch_05,prospective-ten,1239739722,drone,Drone,off,RQ1/RQ2,policy_eval,stage2,curve_epoch_05,experiments_numeric.architecture_2.drone_mcts,hadd-astar,epoch:5:stage2:drone:off:1239739722,,,True,,,,,,,3,4g,6,20G,04:00:00,,VAL,drone-off-1239739722-stage2-train-primary,preselected dependency checkpoint,planned,Learning-curve test evaluation; never use for checkpoint selection
drone-off-1239739722-stage2-policy_eval-curve_epoch_10,prospective-ten,1239739722,drone,Drone,off,RQ1/RQ2,policy_eval,stage2,curve_epoch_10,experiments_numeric.architecture_2.drone_mcts,hadd-astar,epoch:10:stage2:drone:off:1239739722,,,True,,,,,,,3,4g,6,20G,04:00:00,,VAL,drone-off-1239739722-stage2-train-primary,preselected dependency checkpoint,planned,Learning-curve test evaluation; never use for checkpoint selection
drone-off-1239739722-stage2-policy_eval-curve_epoch_15,prospective-ten,1239739722,drone,Drone,off,RQ1/RQ2,policy_eval,stage2,curve_epoch_15,experiments_numeric.architecture_2.drone_mcts,hadd-astar,epoch:15:stage2:drone:off:1239739722,,,True,,,,,,,3,4g,6,20G,04:00:00,,VAL,drone-off-1239739722-stage2-train-primary,preselected dependency checkpoint,planned,Learning-curve test evaluation; never use for checkpoint selection
drone-off-1239739722-stage2-policy_eval-curve_epoch_20,prospective-ten,1239739722,drone,Drone,off,RQ1/RQ2,policy_eval,stage2,curve_epoch_20,experiments_numeric.architecture_2.drone_mcts,hadd-astar,epoch:20:stage2:drone:off:1239739722,,,True,,,,,,,3,4g,6,20G,04:00:00,,VAL,drone-off-1239739722-stage2-train-primary,preselected dependency checkpoint,planned,Learning-curve test evaluation; never use for checkpoint selection
drone-off-1239739722-stage2-policy_eval-curve_epoch_25,prospective-ten,1239739722,drone,Drone,off,RQ1/RQ2,policy_eval,stage2,curve_epoch_25,experiments_numeric.architecture_2.drone_mcts,hadd-astar,epoch:25:stage2:drone:off:1239739722,,,True,,,,,,,3,4g,6,20G,04:00:00,,VAL,drone-off-1239739722-stage2-train-primary,preselected dependency checkpoint,planned,Learning-curve test evaluation; never use for checkpoint selection
drone-off-1239739722-stage2-policy_eval-curve_epoch_30,prospective-ten,1239739722,drone,Drone,off,RQ1/RQ2,policy_eval,stage2,curve_epoch_30,experiments_numeric.architecture_2.drone_mcts,hadd-astar,epoch:30:stage2:drone:off:1239739722,,,True,,,,,,,3,4g,6,20G,04:00:00,,VAL,drone-off-1239739722-stage2-train-primary,preselected dependency checkpoint,planned,Learning-curve test evaluation; never use for checkpoint selection
drone-off-1239739722-stage2-policy_eval-curve_epoch_35,prospective-ten,1239739722,drone,Drone,off,RQ1/RQ2,policy_eval,stage2,curve_epoch_35,experiments_numeric.architecture_2.drone_mcts,hadd-astar,epoch:35:stage2:drone:off:1239739722,,,True,,,,,,,3,4g,6,20G,04:00:00,,VAL,drone-off-1239739722-stage2-train-primary,preselected dependency checkpoint,planned,Learning-curve test evaluation; never use for checkpoint selection
drone-off-1239739722-stage2-policy_eval-curve_epoch_40,prospective-ten,1239739722,drone,Drone,off,RQ1/RQ2,policy_eval,stage2,curve_epoch_40,experiments_numeric.architecture_2.drone_mcts,hadd-astar,epoch:40:stage2:drone:off:1239739722,,,True,,,,,,,3,4g,6,20G,04:00:00,,VAL,drone-off-1239739722-stage2-train-primary,preselected dependency checkpoint,planned,Learning-curve test evaluation; never use for checkpoint selection
drone-off-1239739722-stage2-policy_eval-curve_epoch_45,prospective-ten,1239739722,drone,Drone,off,RQ1/RQ2,policy_eval,stage2,curve_epoch_45,experiments_numeric.architecture_2.drone_mcts,hadd-astar,epoch:45:stage2:drone:off:1239739722,,,True,,,,,,,3,4g,6,20G,04:00:00,,VAL,drone-off-1239739722-stage2-train-primary,preselected dependency checkpoint,planned,Learning-curve test evaluation; never use for checkpoint selection
drone-off-1239739722-stage2-policy_eval-curve_epoch_50,prospective-ten,1239739722,drone,Drone,off,RQ1/RQ2,policy_eval,stage2,curve_epoch_50,experiments_numeric.architecture_2.drone_mcts,hadd-astar,epoch:50:stage2:drone:off:1239739722,,,True,,,,,,,3,4g,6,20G,04:00:00,,VAL,drone-off-1239739722-stage2-train-primary,preselected dependency checkpoint,planned,Learning-curve test evaluation; never use for checkpoint selection
drone-off-1239739722-stage2-policy_eval-curve_epoch_55,prospective-ten,1239739722,drone,Drone,off,RQ1/RQ2,policy_eval,stage2,curve_epoch_55,experiments_numeric.architecture_2.drone_mcts,hadd-astar,epoch:55:stage2:drone:off:1239739722,,,True,,,,,,,3,4g,6,20G,04:00:00,,VAL,drone-off-1239739722-stage2-train-primary,preselected dependency checkpoint,planned,Learning-curve test evaluation; never use for checkpoint selection
drone-off-1239739722-stage2-policy_eval-curve_epoch_60,prospective-ten,1239739722,drone,Drone,off,RQ1/RQ2,policy_eval,stage2,curve_epoch_60,experiments_numeric.architecture_2.drone_mcts,hadd-astar,epoch:60:stage2:drone:off:1239739722,,,True,,,,,,,3,4g,6,20G,04:00:00,,VAL,drone-off-1239739722-stage2-train-primary,preselected dependency checkpoint,planned,Learning-curve test evaluation; never use for checkpoint selection
drone-off-1239739722-stage2-policy_eval-curve_epoch_65,prospective-ten,1239739722,drone,Drone,off,RQ1/RQ2,policy_eval,stage2,curve_epoch_65,experiments_numeric.architecture_2.drone_mcts,hadd-astar,epoch:65:stage2:drone:off:1239739722,,,True,,,,,,,3,4g,6,20G,04:00:00,,VAL,drone-off-1239739722-stage2-train-primary,preselected dependency checkpoint,planned,Learning-curve test evaluation; never use for checkpoint selection
drone-off-1239739722-stage2-policy_eval-curve_epoch_70,prospective-ten,1239739722,drone,Drone,off,RQ1/RQ2,policy_eval,stage2,curve_epoch_70,experiments_numeric.architecture_2.drone_mcts,hadd-astar,epoch:70:stage2:drone:off:1239739722,,,True,,,,,,,3,4g,6,20G,04:00:00,,VAL,drone-off-1239739722-stage2-train-primary,preselected dependency checkpoint,planned,Learning-curve test evaluation; never use for checkpoint selection
drone-off-1239739722-stage2-policy_eval-curve_epoch_75,prospective-ten,1239739722,drone,Drone,off,RQ1/RQ2,policy_eval,stage2,curve_epoch_75,experiments_numeric.architecture_2.drone_mcts,hadd-astar,epoch:75:stage2:drone:off:1239739722,,,True,,,,,,,3,4g,6,20G,04:00:00,,VAL,drone-off-1239739722-stage2-train-primary,preselected dependency checkpoint,planned,Learning-curve test evaluation; never use for checkpoint selection
drone-off-1239739722-stage2-policy_eval-curve_epoch_80,prospective-ten,1239739722,drone,Drone,off,RQ1/RQ2,policy_eval,stage2,curve_epoch_80,experiments_numeric.architecture_2.drone_mcts,hadd-astar,epoch:80:stage2:drone:off:1239739722,,,True,,,,,,,3,4g,6,20G,04:00:00,,VAL,drone-off-1239739722-stage2-train-primary,preselected dependency checkpoint,planned,Learning-curve test evaluation; never use for checkpoint selection
drone-off-1239739722-stage2-policy_eval-curve_epoch_85,prospective-ten,1239739722,drone,Drone,off,RQ1/RQ2,policy_eval,stage2,curve_epoch_85,experiments_numeric.architecture_2.drone_mcts,hadd-astar,epoch:85:stage2:drone:off:1239739722,,,True,,,,,,,3,4g,6,20G,04:00:00,,VAL,drone-off-1239739722-stage2-train-primary,preselected dependency checkpoint,planned,Learning-curve test evaluation; never use for checkpoint selection
drone-off-1239739722-stage2-policy_eval-curve_epoch_90,prospective-ten,1239739722,drone,Drone,off,RQ1/RQ2,policy_eval,stage2,curve_epoch_90,experiments_numeric.architecture_2.drone_mcts,hadd-astar,epoch:90:stage2:drone:off:1239739722,,,True,,,,,,,3,4g,6,20G,04:00:00,,VAL,drone-off-1239739722-stage2-train-primary,preselected dependency checkpoint,planned,Learning-curve test evaluation; never use for checkpoint selection
drone-off-1239739722-stage2-policy_eval-curve_epoch_95,prospective-ten,1239739722,drone,Drone,off,RQ1/RQ2,policy_eval,stage2,curve_epoch_95,experiments_numeric.architecture_2.drone_mcts,hadd-astar,epoch:95:stage2:drone:off:1239739722,,,True,,,,,,,3,4g,6,20G,04:00:00,,VAL,drone-off-1239739722-stage2-train-primary,preselected dependency checkpoint,planned,Learning-curve test evaluation; never use for checkpoint selection
drone-off-1239739722-stage2-policy_eval-curve_epoch_99,prospective-ten,1239739722,drone,Drone,off,RQ1/RQ2,policy_eval,stage2,curve_epoch_99,experiments_numeric.architecture_2.drone_mcts,hadd-astar,epoch:99:stage2:drone:off:1239739722,,,True,,,,,,,3,4g,6,20G,04:00:00,,VAL,drone-off-1239739722-stage2-train-primary,preselected dependency checkpoint,planned,Learning-curve test evaluation; never use for checkpoint selection
drone-off-1472491096-stage2-policy_eval-curve_epoch_00,prospective-ten,1472491096,drone,Drone,off,RQ1/RQ2,policy_eval,stage2,curve_epoch_00,experiments_numeric.architecture_2.drone_mcts,hadd-astar,epoch:0:stage2:drone:off:1472491096,,,True,,,,,,,3,4g,6,20G,04:00:00,,VAL,drone-off-1472491096-stage2-train-primary,preselected dependency checkpoint,planned,Learning-curve test evaluation; never use for checkpoint selection
drone-off-1472491096-stage2-policy_eval-curve_epoch_05,prospective-ten,1472491096,drone,Drone,off,RQ1/RQ2,policy_eval,stage2,curve_epoch_05,experiments_numeric.architecture_2.drone_mcts,hadd-astar,epoch:5:stage2:drone:off:1472491096,,,True,,,,,,,3,4g,6,20G,04:00:00,,VAL,drone-off-1472491096-stage2-train-primary,preselected dependency checkpoint,planned,Learning-curve test evaluation; never use for checkpoint selection
drone-off-1472491096-stage2-policy_eval-curve_epoch_10,prospective-ten,1472491096,drone,Drone,off,RQ1/RQ2,policy_eval,stage2,curve_epoch_10,experiments_numeric.architecture_2.drone_mcts,hadd-astar,epoch:10:stage2:drone:off:1472491096,,,True,,,,,,,3,4g,6,20G,04:00:00,,VAL,drone-off-1472491096-stage2-train-primary,preselected dependency checkpoint,planned,Learning-curve test evaluation; never use for checkpoint selection
drone-off-1472491096-stage2-policy_eval-curve_epoch_15,prospective-ten,1472491096,drone,Drone,off,RQ1/RQ2,policy_eval,stage2,curve_epoch_15,experiments_numeric.architecture_2.drone_mcts,hadd-astar,epoch:15:stage2:drone:off:1472491096,,,True,,,,,,,3,4g,6,20G,04:00:00,,VAL,drone-off-1472491096-stage2-train-primary,preselected dependency checkpoint,planned,Learning-curve test evaluation; never use for checkpoint selection
drone-off-1472491096-stage2-policy_eval-curve_epoch_20,prospective-ten,1472491096,drone,Drone,off,RQ1/RQ2,policy_eval,stage2,curve_epoch_20,experiments_numeric.architecture_2.drone_mcts,hadd-astar,epoch:20:stage2:drone:off:1472491096,,,True,,,,,,,3,4g,6,20G,04:00:00,,VAL,drone-off-1472491096-stage2-train-primary,preselected dependency checkpoint,planned,Learning-curve test evaluation; never use for checkpoint selection
drone-off-1472491096-stage2-policy_eval-curve_epoch_25,prospective-ten,1472491096,drone,Drone,off,RQ1/RQ2,policy_eval,stage2,curve_epoch_25,experiments_numeric.architecture_2.drone_mcts,hadd-astar,epoch:25:stage2:drone:off:1472491096,,,True,,,,,,,3,4g,6,20G,04:00:00,,VAL,drone-off-1472491096-stage2-train-primary,preselected dependency checkpoint,planned,Learning-curve test evaluation; never use for checkpoint selection
drone-off-1472491096-stage2-policy_eval-curve_epoch_30,prospective-ten,1472491096,drone,Drone,off,RQ1/RQ2,policy_eval,stage2,curve_epoch_30,experiments_numeric.architecture_2.drone_mcts,hadd-astar,epoch:30:stage2:drone:off:1472491096,,,True,,,,,,,3,4g,6,20G,04:00:00,,VAL,drone-off-1472491096-stage2-train-primary,preselected dependency checkpoint,planned,Learning-curve test evaluation; never use for checkpoint selection
drone-off-1472491096-stage2-policy_eval-curve_epoch_35,prospective-ten,1472491096,drone,Drone,off,RQ1/RQ2,policy_eval,stage2,curve_epoch_35,experiments_numeric.architecture_2.drone_mcts,hadd-astar,epoch:35:stage2:drone:off:1472491096,,,True,,,,,,,3,4g,6,20G,04:00:00,,VAL,drone-off-1472491096-stage2-train-primary,preselected dependency checkpoint,planned,Learning-curve test evaluation; never use for checkpoint selection
drone-off-1472491096-stage2-policy_eval-curve_epoch_40,prospective-ten,1472491096,drone,Drone,off,RQ1/RQ2,policy_eval,stage2,curve_epoch_40,experiments_numeric.architecture_2.drone_mcts,hadd-astar,epoch:40:stage2:drone:off:1472491096,,,True,,,,,,,3,4g,6,20G,04:00:00,,VAL,drone-off-1472491096-stage2-train-primary,preselected dependency checkpoint,planned,Learning-curve test evaluation; never use for checkpoint selection
drone-off-1472491096-stage2-policy_eval-curve_epoch_45,prospective-ten,1472491096,drone,Drone,off,RQ1/RQ2,policy_eval,stage2,curve_epoch_45,experiments_numeric.architecture_2.drone_mcts,hadd-astar,epoch:45:stage2:drone:off:1472491096,,,True,,,,,,,3,4g,6,20G,04:00:00,,VAL,drone-off-1472491096-stage2-train-primary,preselected dependency checkpoint,planned,Learning-curve test evaluation; never use for checkpoint selection
drone-off-1472491096-stage2-policy_eval-curve_epoch_50,prospective-ten,1472491096,drone,Drone,off,RQ1/RQ2,policy_eval,stage2,curve_epoch_50,experiments_numeric.architecture_2.drone_mcts,hadd-astar,epoch:50:stage2:drone:off:1472491096,,,True,,,,,,,3,4g,6,20G,04:00:00,,VAL,drone-off-1472491096-stage2-train-primary,preselected dependency checkpoint,planned,Learning-curve test evaluation; never use for checkpoint selection
drone-off-1472491096-stage2-policy_eval-curve_epoch_55,prospective-ten,1472491096,drone,Drone,off,RQ1/RQ2,policy_eval,stage2,curve_epoch_55,experiments_numeric.architecture_2.drone_mcts,hadd-astar,epoch:55:stage2:drone:off:1472491096,,,True,,,,,,,3,4g,6,20G,04:00:00,,VAL,drone-off-1472491096-stage2-train-primary,preselected dependency checkpoint,planned,Learning-curve test evaluation; never use for checkpoint selection
drone-off-1472491096-stage2-policy_eval-curve_epoch_60,prospective-ten,1472491096,drone,Drone,off,RQ1/RQ2,policy_eval,stage2,curve_epoch_60,experiments_numeric.architecture_2.drone_mcts,hadd-astar,epoch:60:stage2:drone:off:1472491096,,,True,,,,,,,3,4g,6,20G,04:00:00,,VAL,drone-off-1472491096-stage2-train-primary,preselected dependency checkpoint,planned,Learning-curve test evaluation; never use for checkpoint selection
drone-off-1472491096-stage2-policy_eval-curve_epoch_65,prospective-ten,1472491096,drone,Drone,off,RQ1/RQ2,policy_eval,stage2,curve_epoch_65,experiments_numeric.architecture_2.drone_mcts,hadd-astar,epoch:65:stage2:drone:off:1472491096,,,True,,,,,,,3,4g,6,20G,04:00:00,,VAL,drone-off-1472491096-stage2-train-primary,preselected dependency checkpoint,planned,Learning-curve test evaluation; never use for checkpoint selection
drone-off-1472491096-stage2-policy_eval-curve_epoch_70,prospective-ten,1472491096,drone,Drone,off,RQ1/RQ2,policy_eval,stage2,curve_epoch_70,experiments_numeric.architecture_2.drone_mcts,hadd-astar,epoch:70:stage2:drone:off:1472491096,,,True,,,,,,,3,4g,6,20G,04:00:00,,VAL,drone-off-1472491096-stage2-train-primary,preselected dependency checkpoint,planned,Learning-curve test evaluation; never use for checkpoint selection
drone-off-1472491096-stage2-policy_eval-curve_epoch_75,prospective-ten,1472491096,drone,Drone,off,RQ1/RQ2,policy_eval,stage2,curve_epoch_75,experiments_numeric.architecture_2.drone_mcts,hadd-astar,epoch:75:stage2:drone:off:1472491096,,,True,,,,,,,3,4g,6,20G,04:00:00,,VAL,drone-off-1472491096-stage2-train-primary,preselected dependency checkpoint,planned,Learning-curve test evaluation; never use for checkpoint selection
drone-off-1472491096-stage2-policy_eval-curve_epoch_80,prospective-ten,1472491096,drone,Drone,off,RQ1/RQ2,policy_eval,stage2,curve_epoch_80,experiments_numeric.architecture_2.drone_mcts,hadd-astar,epoch:80:stage2:drone:off:1472491096,,,True,,,,,,,3,4g,6,20G,04:00:00,,VAL,drone-off-1472491096-stage2-train-primary,preselected dependency checkpoint,planned,Learning-curve test evaluation; never use for checkpoint selection
drone-off-1472491096-stage2-policy_eval-curve_epoch_85,prospective-ten,1472491096,drone,Drone,off,RQ1/RQ2,policy_eval,stage2,curve_epoch_85,experiments_numeric.architecture_2.drone_mcts,hadd-astar,epoch:85:stage2:drone:off:1472491096,,,True,,,,,,,3,4g,6,20G,04:00:00,,VAL,drone-off-1472491096-stage2-train-primary,preselected dependency checkpoint,planned,Learning-curve test evaluation; never use for checkpoint selection
drone-off-1472491096-stage2-policy_eval-curve_epoch_90,prospective-ten,1472491096,drone,Drone,off,RQ1/RQ2,policy_eval,stage2,curve_epoch_90,experiments_numeric.architecture_2.drone_mcts,hadd-astar,epoch:90:stage2:drone:off:1472491096,,,True,,,,,,,3,4g,6,20G,04:00:00,,VAL,drone-off-1472491096-stage2-train-primary,preselected dependency checkpoint,planned,Learning-curve test evaluation; never use for checkpoint selection
drone-off-1472491096-stage2-policy_eval-curve_epoch_95,prospective-ten,1472491096,drone,Drone,off,RQ1/RQ2,policy_eval,stage2,curve_epoch_95,experiments_numeric.architecture_2.drone_mcts,hadd-astar,epoch:95:stage2:drone:off:1472491096,,,True,,,,,,,3,4g,6,20G,04:00:00,,VAL,drone-off-1472491096-stage2-train-primary,preselected dependency checkpoint,planned,Learning-curve test evaluation; never use for checkpoint selection
drone-off-1472491096-stage2-policy_eval-curve_epoch_99,prospective-ten,1472491096,drone,Drone,off,RQ1/RQ2,policy_eval,stage2,curve_epoch_99,experiments_numeric.architecture_2.drone_mcts,hadd-astar,epoch:99:stage2:drone:off:1472491096,,,True,,,,,,,3,4g,6,20G,04:00:00,,VAL,drone-off-1472491096-stage2-train-primary,preselected dependency checkpoint,planned,Learning-curve test evaluation; never use for checkpoint selection
drone-off-534933607-stage2-policy_eval-curve_epoch_00,prospective-ten,534933607,drone,Drone,off,RQ1/RQ2,policy_eval,stage2,curve_epoch_00,experiments_numeric.architecture_2.drone_mcts,hadd-astar,epoch:0:stage2:drone:off:534933607,,,True,,,,,,,3,4g,6,20G,04:00:00,,VAL,drone-off-534933607-stage2-train-primary,preselected dependency checkpoint,planned,Learning-curve test evaluation; never use for checkpoint selection
drone-off-534933607-stage2-policy_eval-curve_epoch_05,prospective-ten,534933607,drone,Drone,off,RQ1/RQ2,policy_eval,stage2,curve_epoch_05,experiments_numeric.architecture_2.drone_mcts,hadd-astar,epoch:5:stage2:drone:off:534933607,,,True,,,,,,,3,4g,6,20G,04:00:00,,VAL,drone-off-534933607-stage2-train-primary,preselected dependency checkpoint,planned,Learning-curve test evaluation; never use for checkpoint selection
drone-off-534933607-stage2-policy_eval-curve_epoch_10,prospective-ten,534933607,drone,Drone,off,RQ1/RQ2,policy_eval,stage2,curve_epoch_10,experiments_numeric.architecture_2.drone_mcts,hadd-astar,epoch:10:stage2:drone:off:534933607,,,True,,,,,,,3,4g,6,20G,04:00:00,,VAL,drone-off-534933607-stage2-train-primary,preselected dependency checkpoint,planned,Learning-curve test evaluation; never use for checkpoint selection
drone-off-534933607-stage2-policy_eval-curve_epoch_15,prospective-ten,534933607,drone,Drone,off,RQ1/RQ2,policy_eval,stage2,curve_epoch_15,experiments_numeric.architecture_2.drone_mcts,hadd-astar,epoch:15:stage2:drone:off:534933607,,,True,,,,,,,3,4g,6,20G,04:00:00,,VAL,drone-off-534933607-stage2-train-primary,preselected dependency checkpoint,planned,Learning-curve test evaluation; never use for checkpoint selection
drone-off-534933607-stage2-policy_eval-curve_epoch_20,prospective-ten,534933607,drone,Drone,off,RQ1/RQ2,policy_eval,stage2,curve_epoch_20,experiments_numeric.architecture_2.drone_mcts,hadd-astar,epoch:20:stage2:drone:off:534933607,,,True,,,,,,,3,4g,6,20G,04:00:00,,VAL,drone-off-534933607-stage2-train-primary,preselected dependency checkpoint,planned,Learning-curve test evaluation; never use for checkpoint selection
drone-off-534933607-stage2-policy_eval-curve_epoch_25,prospective-ten,534933607,drone,Drone,off,RQ1/RQ2,policy_eval,stage2,curve_epoch_25,experiments_numeric.architecture_2.drone_mcts,hadd-astar,epoch:25:stage2:drone:off:534933607,,,True,,,,,,,3,4g,6,20G,04:00:00,,VAL,drone-off-534933607-stage2-train-primary,preselected dependency checkpoint,planned,Learning-curve test evaluation; never use for checkpoint selection
drone-off-534933607-stage2-policy_eval-curve_epoch_30,prospective-ten,534933607,drone,Drone,off,RQ1/RQ2,policy_eval,stage2,curve_epoch_30,experiments_numeric.architecture_2.drone_mcts,hadd-astar,epoch:30:stage2:drone:off:534933607,,,True,,,,,,,3,4g,6,20G,04:00:00,,VAL,drone-off-534933607-stage2-train-primary,preselected dependency checkpoint,planned,Learning-curve test evaluation; never use for checkpoint selection
drone-off-534933607-stage2-policy_eval-curve_epoch_35,prospective-ten,534933607,drone,Drone,off,RQ1/RQ2,policy_eval,stage2,curve_epoch_35,experiments_numeric.architecture_2.drone_mcts,hadd-astar,epoch:35:stage2:drone:off:534933607,,,True,,,,,,,3,4g,6,20G,04:00:00,,VAL,drone-off-534933607-stage2-train-primary,preselected dependency checkpoint,planned,Learning-curve test evaluation; never use for checkpoint selection
drone-off-534933607-stage2-policy_eval-curve_epoch_40,prospective-ten,534933607,drone,Drone,off,RQ1/RQ2,policy_eval,stage2,curve_epoch_40,experiments_numeric.architecture_2.drone_mcts,hadd-astar,epoch:40:stage2:drone:off:534933607,,,True,,,,,,,3,4g,6,20G,04:00:00,,VAL,drone-off-534933607-stage2-train-primary,preselected dependency checkpoint,planned,Learning-curve test evaluation; never use for checkpoint selection
drone-off-534933607-stage2-policy_eval-curve_epoch_45,prospective-ten,534933607,drone,Drone,off,RQ1/RQ2,policy_eval,stage2,curve_epoch_45,experiments_numeric.architecture_2.drone_mcts,hadd-astar,epoch:45:stage2:drone:off:534933607,,,True,,,,,,,3,4g,6,20G,04:00:00,,VAL,drone-off-534933607-stage2-train-primary,preselected dependency checkpoint,planned,Learning-curve test evaluation; never use for checkpoint selection
drone-off-534933607-stage2-policy_eval-curve_epoch_50,prospective-ten,534933607,drone,Drone,off,RQ1/RQ2,policy_eval,stage2,curve_epoch_50,experiments_numeric.architecture_2.drone_mcts,hadd-astar,epoch:50:stage2:drone:off:534933607,,,True,,,,,,,3,4g,6,20G,04:00:00,,VAL,drone-off-534933607-stage2-train-primary,preselected dependency checkpoint,planned,Learning-curve test evaluation; never use for checkpoint selection
drone-off-534933607-stage2-policy_eval-curve_epoch_55,prospective-ten,534933607,drone,Drone,off,RQ1/RQ2,policy_eval,stage2,curve_epoch_55,experiments_numeric.architecture_2.drone_mcts,hadd-astar,epoch:55:stage2:drone:off:534933607,,,True,,,,,,,3,4g,6,20G,04:00:00,,VAL,drone-off-534933607-stage2-train-primary,preselected dependency checkpoint,planned,Learning-curve test evaluation; never use for checkpoint selection
drone-off-534933607-stage2-policy_eval-curve_epoch_60,prospective-ten,534933607,drone,Drone,off,RQ1/RQ2,policy_eval,stage2,curve_epoch_60,experiments_numeric.architecture_2.drone_mcts,hadd-astar,epoch:60:stage2:drone:off:534933607,,,True,,,,,,,3,4g,6,20G,04:00:00,,VAL,drone-off-534933607-stage2-train-primary,preselected dependency checkpoint,planned,Learning-curve test evaluation; never use for checkpoint selection
drone-off-534933607-stage2-policy_eval-curve_epoch_65,prospective-ten,534933607,drone,Drone,off,RQ1/RQ2,policy_eval,stage2,curve_epoch_65,experiments_numeric.architecture_2.drone_mcts,hadd-astar,epoch:65:stage2:drone:off:534933607,,,True,,,,,,,3,4g,6,20G,04:00:00,,VAL,drone-off-534933607-stage2-train-primary,preselected dependency checkpoint,planned,Learning-curve test evaluation; never use for checkpoint selection
drone-off-534933607-stage2-policy_eval-curve_epoch_70,prospective-ten,534933607,drone,Drone,off,RQ1/RQ2,policy_eval,stage2,curve_epoch_70,experiments_numeric.architecture_2.drone_mcts,hadd-astar,epoch:70:stage2:drone:off:534933607,,,True,,,,,,,3,4g,6,20G,04:00:00,,VAL,drone-off-534933607-stage2-train-primary,preselected dependency checkpoint,planned,Learning-curve test evaluation; never use for checkpoint selection
drone-off-534933607-stage2-policy_eval-curve_epoch_75,prospective-ten,534933607,drone,Drone,off,RQ1/RQ2,policy_eval,stage2,curve_epoch_75,experiments_numeric.architecture_2.drone_mcts,hadd-astar,epoch:75:stage2:drone:off:534933607,,,True,,,,,,,3,4g,6,20G,04:00:00,,VAL,drone-off-534933607-stage2-train-primary,preselected dependency checkpoint,planned,Learning-curve test evaluation; never use for checkpoint selection
drone-off-534933607-stage2-policy_eval-curve_epoch_80,prospective-ten,534933607,drone,Drone,off,RQ1/RQ2,policy_eval,stage2,curve_epoch_80,experiments_numeric.architecture_2.drone_mcts,hadd-astar,epoch:80:stage2:drone:off:534933607,,,True,,,,,,,3,4g,6,20G,04:00:00,,VAL,drone-off-534933607-stage2-train-primary,preselected dependency checkpoint,planned,Learning-curve test evaluation; never use for checkpoint selection
drone-off-534933607-stage2-policy_eval-curve_epoch_85,prospective-ten,534933607,drone,Drone,off,RQ1/RQ2,policy_eval,stage2,curve_epoch_85,experiments_numeric.architecture_2.drone_mcts,hadd-astar,epoch:85:stage2:drone:off:534933607,,,True,,,,,,,3,4g,6,20G,04:00:00,,VAL,drone-off-534933607-stage2-train-primary,preselected dependency checkpoint,planned,Learning-curve test evaluation; never use for checkpoint selection
drone-off-534933607-stage2-policy_eval-curve_epoch_90,prospective-ten,534933607,drone,Drone,off,RQ1/RQ2,policy_eval,stage2,curve_epoch_90,experiments_numeric.architecture_2.drone_mcts,hadd-astar,epoch:90:stage2:drone:off:534933607,,,True,,,,,,,3,4g,6,20G,04:00:00,,VAL,drone-off-534933607-stage2-train-primary,preselected dependency checkpoint,planned,Learning-curve test evaluation; never use for checkpoint selection
drone-off-534933607-stage2-policy_eval-curve_epoch_95,prospective-ten,534933607,drone,Drone,off,RQ1/RQ2,policy_eval,stage2,curve_epoch_95,experiments_numeric.architecture_2.drone_mcts,hadd-astar,epoch:95:stage2:drone:off:534933607,,,True,,,,,,,3,4g,6,20G,04:00:00,,VAL,drone-off-534933607-stage2-train-primary,preselected dependency checkpoint,planned,Learning-curve test evaluation; never use for checkpoint selection
drone-off-534933607-stage2-policy_eval-curve_epoch_99,prospective-ten,534933607,drone,Drone,off,RQ1/RQ2,policy_eval,stage2,curve_epoch_99,experiments_numeric.architecture_2.drone_mcts,hadd-astar,epoch:99:stage2:drone:off:534933607,,,True,,,,,,,3,4g,6,20G,04:00:00,,VAL,drone-off-534933607-stage2-train-primary,preselected dependency checkpoint,planned,Learning-curve test evaluation; never use for checkpoint selection
drone-off-2082152039-stage2-policy_eval-curve_epoch_00,prospective-ten,2082152039,drone,Drone,off,RQ1/RQ2,policy_eval,stage2,curve_epoch_00,experiments_numeric.architecture_2.drone_mcts,hadd-astar,epoch:0:stage2:drone:off:2082152039,,,True,,,,,,,3,4g,6,20G,04:00:00,,VAL,drone-off-2082152039-stage2-train-primary,preselected dependency checkpoint,planned,Learning-curve test evaluation; never use for checkpoint selection
drone-off-2082152039-stage2-policy_eval-curve_epoch_05,prospective-ten,2082152039,drone,Drone,off,RQ1/RQ2,policy_eval,stage2,curve_epoch_05,experiments_numeric.architecture_2.drone_mcts,hadd-astar,epoch:5:stage2:drone:off:2082152039,,,True,,,,,,,3,4g,6,20G,04:00:00,,VAL,drone-off-2082152039-stage2-train-primary,preselected dependency checkpoint,planned,Learning-curve test evaluation; never use for checkpoint selection
drone-off-2082152039-stage2-policy_eval-curve_epoch_10,prospective-ten,2082152039,drone,Drone,off,RQ1/RQ2,policy_eval,stage2,curve_epoch_10,experiments_numeric.architecture_2.drone_mcts,hadd-astar,epoch:10:stage2:drone:off:2082152039,,,True,,,,,,,3,4g,6,20G,04:00:00,,VAL,drone-off-2082152039-stage2-train-primary,preselected dependency checkpoint,planned,Learning-curve test evaluation; never use for checkpoint selection
drone-off-2082152039-stage2-policy_eval-curve_epoch_15,prospective-ten,2082152039,drone,Drone,off,RQ1/RQ2,policy_eval,stage2,curve_epoch_15,experiments_numeric.architecture_2.drone_mcts,hadd-astar,epoch:15:stage2:drone:off:2082152039,,,True,,,,,,,3,4g,6,20G,04:00:00,,VAL,drone-off-2082152039-stage2-train-primary,preselected dependency checkpoint,planned,Learning-curve test evaluation; never use for checkpoint selection
drone-off-2082152039-stage2-policy_eval-curve_epoch_20,prospective-ten,2082152039,drone,Drone,off,RQ1/RQ2,policy_eval,stage2,curve_epoch_20,experiments_numeric.architecture_2.drone_mcts,hadd-astar,epoch:20:stage2:drone:off:2082152039,,,True,,,,,,,3,4g,6,20G,04:00:00,,VAL,drone-off-2082152039-stage2-train-primary,preselected dependency checkpoint,planned,Learning-curve test evaluation; never use for checkpoint selection
drone-off-2082152039-stage2-policy_eval-curve_epoch_25,prospective-ten,2082152039,drone,Drone,off,RQ1/RQ2,policy_eval,stage2,curve_epoch_25,experiments_numeric.architecture_2.drone_mcts,hadd-astar,epoch:25:stage2:drone:off:2082152039,,,True,,,,,,,3,4g,6,20G,04:00:00,,VAL,drone-off-2082152039-stage2-train-primary,preselected dependency checkpoint,planned,Learning-curve test evaluation; never use for checkpoint selection
drone-off-2082152039-stage2-policy_eval-curve_epoch_30,prospective-ten,2082152039,drone,Drone,off,RQ1/RQ2,policy_eval,stage2,curve_epoch_30,experiments_numeric.architecture_2.drone_mcts,hadd-astar,epoch:30:stage2:drone:off:2082152039,,,True,,,,,,,3,4g,6,20G,04:00:00,,VAL,drone-off-2082152039-stage2-train-primary,preselected dependency checkpoint,planned,Learning-curve test evaluation; never use for checkpoint selection
drone-off-2082152039-stage2-policy_eval-curve_epoch_35,prospective-ten,2082152039,drone,Drone,off,RQ1/RQ2,policy_eval,stage2,curve_epoch_35,experiments_numeric.architecture_2.drone_mcts,hadd-astar,epoch:35:stage2:drone:off:2082152039,,,True,,,,,,,3,4g,6,20G,04:00:00,,VAL,drone-off-2082152039-stage2-train-primary,preselected dependency checkpoint,planned,Learning-curve test evaluation; never use for checkpoint selection
drone-off-2082152039-stage2-policy_eval-curve_epoch_40,prospective-ten,2082152039,drone,Drone,off,RQ1/RQ2,policy_eval,stage2,curve_epoch_40,experiments_numeric.architecture_2.drone_mcts,hadd-astar,epoch:40:stage2:drone:off:2082152039,,,True,,,,,,,3,4g,6,20G,04:00:00,,VAL,drone-off-2082152039-stage2-train-primary,preselected dependency checkpoint,planned,Learning-curve test evaluation; never use for checkpoint selection
drone-off-2082152039-stage2-policy_eval-curve_epoch_45,prospective-ten,2082152039,drone,Drone,off,RQ1/RQ2,policy_eval,stage2,curve_epoch_45,experiments_numeric.architecture_2.drone_mcts,hadd-astar,epoch:45:stage2:drone:off:2082152039,,,True,,,,,,,3,4g,6,20G,04:00:00,,VAL,drone-off-2082152039-stage2-train-primary,preselected dependency checkpoint,planned,Learning-curve test evaluation; never use for checkpoint selection
drone-off-2082152039-stage2-policy_eval-curve_epoch_50,prospective-ten,2082152039,drone,Drone,off,RQ1/RQ2,policy_eval,stage2,curve_epoch_50,experiments_numeric.architecture_2.drone_mcts,hadd-astar,epoch:50:stage2:drone:off:2082152039,,,True,,,,,,,3,4g,6,20G,04:00:00,,VAL,drone-off-2082152039-stage2-train-primary,preselected dependency checkpoint,planned,Learning-curve test evaluation; never use for checkpoint selection
drone-off-2082152039-stage2-policy_eval-curve_epoch_55,prospective-ten,2082152039,drone,Drone,off,RQ1/RQ2,policy_eval,stage2,curve_epoch_55,experiments_numeric.architecture_2.drone_mcts,hadd-astar,epoch:55:stage2:drone:off:2082152039,,,True,,,,,,,3,4g,6,20G,04:00:00,,VAL,drone-off-2082152039-stage2-train-primary,preselected dependency checkpoint,planned,Learning-curve test evaluation; never use for checkpoint selection
drone-off-2082152039-stage2-policy_eval-curve_epoch_60,prospective-ten,2082152039,drone,Drone,off,RQ1/RQ2,policy_eval,stage2,curve_epoch_60,experiments_numeric.architecture_2.drone_mcts,hadd-astar,epoch:60:stage2:drone:off:2082152039,,,True,,,,,,,3,4g,6,20G,04:00:00,,VAL,drone-off-2082152039-stage2-train-primary,preselected dependency checkpoint,planned,Learning-curve test evaluation; never use for checkpoint selection
drone-off-2082152039-stage2-policy_eval-curve_epoch_65,prospective-ten,2082152039,drone,Drone,off,RQ1/RQ2,policy_eval,stage2,curve_epoch_65,experiments_numeric.architecture_2.drone_mcts,hadd-astar,epoch:65:stage2:drone:off:2082152039,,,True,,,,,,,3,4g,6,20G,04:00:00,,VAL,drone-off-2082152039-stage2-train-primary,preselected dependency checkpoint,planned,Learning-curve test evaluation; never use for checkpoint selection
drone-off-2082152039-stage2-policy_eval-curve_epoch_70,prospective-ten,2082152039,drone,Drone,off,RQ1/RQ2,policy_eval,stage2,curve_epoch_70,experiments_numeric.architecture_2.drone_mcts,hadd-astar,epoch:70:stage2:drone:off:2082152039,,,True,,,,,,,3,4g,6,20G,04:00:00,,VAL,drone-off-2082152039-stage2-train-primary,preselected dependency checkpoint,planned,Learning-curve test evaluation; never use for checkpoint selection
drone-off-2082152039-stage2-policy_eval-curve_epoch_75,prospective-ten,2082152039,drone,Drone,off,RQ1/RQ2,policy_eval,stage2,curve_epoch_75,experiments_numeric.architecture_2.drone_mcts,hadd-astar,epoch:75:stage2:drone:off:2082152039,,,True,,,,,,,3,4g,6,20G,04:00:00,,VAL,drone-off-2082152039-stage2-train-primary,preselected dependency checkpoint,planned,Learning-curve test evaluation; never use for checkpoint selection
drone-off-2082152039-stage2-policy_eval-curve_epoch_80,prospective-ten,2082152039,drone,Drone,off,RQ1/RQ2,policy_eval,stage2,curve_epoch_80,experiments_numeric.architecture_2.drone_mcts,hadd-astar,epoch:80:stage2:drone:off:2082152039,,,True,,,,,,,3,4g,6,20G,04:00:00,,VAL,drone-off-2082152039-stage2-train-primary,preselected dependency checkpoint,planned,Learning-curve test evaluation; never use for checkpoint selection
drone-off-2082152039-stage2-policy_eval-curve_epoch_85,prospective-ten,2082152039,drone,Drone,off,RQ1/RQ2,policy_eval,stage2,curve_epoch_85,experiments_numeric.architecture_2.drone_mcts,hadd-astar,epoch:85:stage2:drone:off:2082152039,,,True,,,,,,,3,4g,6,20G,04:00:00,,VAL,drone-off-2082152039-stage2-train-primary,preselected dependency checkpoint,planned,Learning-curve test evaluation; never use for checkpoint selection
drone-off-2082152039-stage2-policy_eval-curve_epoch_90,prospective-ten,2082152039,drone,Drone,off,RQ1/RQ2,policy_eval,stage2,curve_epoch_90,experiments_numeric.architecture_2.drone_mcts,hadd-astar,epoch:90:stage2:drone:off:2082152039,,,True,,,,,,,3,4g,6,20G,04:00:00,,VAL,drone-off-2082152039-stage2-train-primary,preselected dependency checkpoint,planned,Learning-curve test evaluation; never use for checkpoint selection
drone-off-2082152039-stage2-policy_eval-curve_epoch_95,prospective-ten,2082152039,drone,Drone,off,RQ1/RQ2,policy_eval,stage2,curve_epoch_95,experiments_numeric.architecture_2.drone_mcts,hadd-astar,epoch:95:stage2:drone:off:2082152039,,,True,,,,,,,3,4g,6,20G,04:00:00,,VAL,drone-off-2082152039-stage2-train-primary,preselected dependency checkpoint,planned,Learning-curve test evaluation; never use for checkpoint selection
drone-off-2082152039-stage2-policy_eval-curve_epoch_99,prospective-ten,2082152039,drone,Drone,off,RQ1/RQ2,policy_eval,stage2,curve_epoch_99,experiments_numeric.architecture_2.drone_mcts,hadd-astar,epoch:99:stage2:drone:off:2082152039,,,True,,,,,,,3,4g,6,20G,04:00:00,,VAL,drone-off-2082152039-stage2-train-primary,preselected dependency checkpoint,planned,Learning-curve test evaluation; never use for checkpoint selection
drone-off-1510771779-stage2-policy_eval-curve_epoch_00,prospective-ten,1510771779,drone,Drone,off,RQ1/RQ2,policy_eval,stage2,curve_epoch_00,experiments_numeric.architecture_2.drone_mcts,hadd-astar,epoch:0:stage2:drone:off:1510771779,,,True,,,,,,,3,4g,6,20G,04:00:00,,VAL,drone-off-1510771779-stage2-train-primary,preselected dependency checkpoint,planned,Learning-curve test evaluation; never use for checkpoint selection
drone-off-1510771779-stage2-policy_eval-curve_epoch_05,prospective-ten,1510771779,drone,Drone,off,RQ1/RQ2,policy_eval,stage2,curve_epoch_05,experiments_numeric.architecture_2.drone_mcts,hadd-astar,epoch:5:stage2:drone:off:1510771779,,,True,,,,,,,3,4g,6,20G,04:00:00,,VAL,drone-off-1510771779-stage2-train-primary,preselected dependency checkpoint,planned,Learning-curve test evaluation; never use for checkpoint selection
drone-off-1510771779-stage2-policy_eval-curve_epoch_10,prospective-ten,1510771779,drone,Drone,off,RQ1/RQ2,policy_eval,stage2,curve_epoch_10,experiments_numeric.architecture_2.drone_mcts,hadd-astar,epoch:10:stage2:drone:off:1510771779,,,True,,,,,,,3,4g,6,20G,04:00:00,,VAL,drone-off-1510771779-stage2-train-primary,preselected dependency checkpoint,planned,Learning-curve test evaluation; never use for checkpoint selection
drone-off-1510771779-stage2-policy_eval-curve_epoch_15,prospective-ten,1510771779,drone,Drone,off,RQ1/RQ2,policy_eval,stage2,curve_epoch_15,experiments_numeric.architecture_2.drone_mcts,hadd-astar,epoch:15:stage2:drone:off:1510771779,,,True,,,,,,,3,4g,6,20G,04:00:00,,VAL,drone-off-1510771779-stage2-train-primary,preselected dependency checkpoint,planned,Learning-curve test evaluation; never use for checkpoint selection
drone-off-1510771779-stage2-policy_eval-curve_epoch_20,prospective-ten,1510771779,drone,Drone,off,RQ1/RQ2,policy_eval,stage2,curve_epoch_20,experiments_numeric.architecture_2.drone_mcts,hadd-astar,epoch:20:stage2:drone:off:1510771779,,,True,,,,,,,3,4g,6,20G,04:00:00,,VAL,drone-off-1510771779-stage2-train-primary,preselected dependency checkpoint,planned,Learning-curve test evaluation; never use for checkpoint selection
drone-off-1510771779-stage2-policy_eval-curve_epoch_25,prospective-ten,1510771779,drone,Drone,off,RQ1/RQ2,policy_eval,stage2,curve_epoch_25,experiments_numeric.architecture_2.drone_mcts,hadd-astar,epoch:25:stage2:drone:off:1510771779,,,True,,,,,,,3,4g,6,20G,04:00:00,,VAL,drone-off-1510771779-stage2-train-primary,preselected dependency checkpoint,planned,Learning-curve test evaluation; never use for checkpoint selection
drone-off-1510771779-stage2-policy_eval-curve_epoch_30,prospective-ten,1510771779,drone,Drone,off,RQ1/RQ2,policy_eval,stage2,curve_epoch_30,experiments_numeric.architecture_2.drone_mcts,hadd-astar,epoch:30:stage2:drone:off:1510771779,,,True,,,,,,,3,4g,6,20G,04:00:00,,VAL,drone-off-1510771779-stage2-train-primary,preselected dependency checkpoint,planned,Learning-curve test evaluation; never use for checkpoint selection
drone-off-1510771779-stage2-policy_eval-curve_epoch_35,prospective-ten,1510771779,drone,Drone,off,RQ1/RQ2,policy_eval,stage2,curve_epoch_35,experiments_numeric.architecture_2.drone_mcts,hadd-astar,epoch:35:stage2:drone:off:1510771779,,,True,,,,,,,3,4g,6,20G,04:00:00,,VAL,drone-off-1510771779-stage2-train-primary,preselected dependency checkpoint,planned,Learning-curve test evaluation; never use for checkpoint selection
drone-off-1510771779-stage2-policy_eval-curve_epoch_40,prospective-ten,1510771779,drone,Drone,off,RQ1/RQ2,policy_eval,stage2,curve_epoch_40,experiments_numeric.architecture_2.drone_mcts,hadd-astar,epoch:40:stage2:drone:off:1510771779,,,True,,,,,,,3,4g,6,20G,04:00:00,,VAL,drone-off-1510771779-stage2-train-primary,preselected dependency checkpoint,planned,Learning-curve test evaluation; never use for checkpoint selection
drone-off-1510771779-stage2-policy_eval-curve_epoch_45,prospective-ten,1510771779,drone,Drone,off,RQ1/RQ2,policy_eval,stage2,curve_epoch_45,experiments_numeric.architecture_2.drone_mcts,hadd-astar,epoch:45:stage2:drone:off:1510771779,,,True,,,,,,,3,4g,6,20G,04:00:00,,VAL,drone-off-1510771779-stage2-train-primary,preselected dependency checkpoint,planned,Learning-curve test evaluation; never use for checkpoint selection
drone-off-1510771779-stage2-policy_eval-curve_epoch_50,prospective-ten,1510771779,drone,Drone,off,RQ1/RQ2,policy_eval,stage2,curve_epoch_50,experiments_numeric.architecture_2.drone_mcts,hadd-astar,epoch:50:stage2:drone:off:1510771779,,,True,,,,,,,3,4g,6,20G,04:00:00,,VAL,drone-off-1510771779-stage2-train-primary,preselected dependency checkpoint,planned,Learning-curve test evaluation; never use for checkpoint selection
drone-off-1510771779-stage2-policy_eval-curve_epoch_55,prospective-ten,1510771779,drone,Drone,off,RQ1/RQ2,policy_eval,stage2,curve_epoch_55,experiments_numeric.architecture_2.drone_mcts,hadd-astar,epoch:55:stage2:drone:off:1510771779,,,True,,,,,,,3,4g,6,20G,04:00:00,,VAL,drone-off-1510771779-stage2-train-primary,preselected dependency checkpoint,planned,Learning-curve test evaluation; never use for checkpoint selection
drone-off-1510771779-stage2-policy_eval-curve_epoch_60,prospective-ten,1510771779,drone,Drone,off,RQ1/RQ2,policy_eval,stage2,curve_epoch_60,experiments_numeric.architecture_2.drone_mcts,hadd-astar,epoch:60:stage2:drone:off:1510771779,,,True,,,,,,,3,4g,6,20G,04:00:00,,VAL,drone-off-1510771779-stage2-train-primary,preselected dependency checkpoint,planned,Learning-curve test evaluation; never use for checkpoint selection
drone-off-1510771779-stage2-policy_eval-curve_epoch_65,prospective-ten,1510771779,drone,Drone,off,RQ1/RQ2,policy_eval,stage2,curve_epoch_65,experiments_numeric.architecture_2.drone_mcts,hadd-astar,epoch:65:stage2:drone:off:1510771779,,,True,,,,,,,3,4g,6,20G,04:00:00,,VAL,drone-off-1510771779-stage2-train-primary,preselected dependency checkpoint,planned,Learning-curve test evaluation; never use for checkpoint selection
drone-off-1510771779-stage2-policy_eval-curve_epoch_70,prospective-ten,1510771779,drone,Drone,off,RQ1/RQ2,policy_eval,stage2,curve_epoch_70,experiments_numeric.architecture_2.drone_mcts,hadd-astar,epoch:70:stage2:drone:off:1510771779,,,True,,,,,,,3,4g,6,20G,04:00:00,,VAL,drone-off-1510771779-stage2-train-primary,preselected dependency checkpoint,planned,Learning-curve test evaluation; never use for checkpoint selection
drone-off-1510771779-stage2-policy_eval-curve_epoch_75,prospective-ten,1510771779,drone,Drone,off,RQ1/RQ2,policy_eval,stage2,curve_epoch_75,experiments_numeric.architecture_2.drone_mcts,hadd-astar,epoch:75:stage2:drone:off:1510771779,,,True,,,,,,,3,4g,6,20G,04:00:00,,VAL,drone-off-1510771779-stage2-train-primary,preselected dependency checkpoint,planned,Learning-curve test evaluation; never use for checkpoint selection
drone-off-1510771779-stage2-policy_eval-curve_epoch_80,prospective-ten,1510771779,drone,Drone,off,RQ1/RQ2,policy_eval,stage2,curve_epoch_80,experiments_numeric.architecture_2.drone_mcts,hadd-astar,epoch:80:stage2:drone:off:1510771779,,,True,,,,,,,3,4g,6,20G,04:00:00,,VAL,drone-off-1510771779-stage2-train-primary,preselected dependency checkpoint,planned,Learning-curve test evaluation; never use for checkpoint selection
drone-off-1510771779-stage2-policy_eval-curve_epoch_85,prospective-ten,1510771779,drone,Drone,off,RQ1/RQ2,policy_eval,stage2,curve_epoch_85,experiments_numeric.architecture_2.drone_mcts,hadd-astar,epoch:85:stage2:drone:off:1510771779,,,True,,,,,,,3,4g,6,20G,04:00:00,,VAL,drone-off-1510771779-stage2-train-primary,preselected dependency checkpoint,planned,Learning-curve test evaluation; never use for checkpoint selection
drone-off-1510771779-stage2-policy_eval-curve_epoch_90,prospective-ten,1510771779,drone,Drone,off,RQ1/RQ2,policy_eval,stage2,curve_epoch_90,experiments_numeric.architecture_2.drone_mcts,hadd-astar,epoch:90:stage2:drone:off:1510771779,,,True,,,,,,,3,4g,6,20G,04:00:00,,VAL,drone-off-1510771779-stage2-train-primary,preselected dependency checkpoint,planned,Learning-curve test evaluation; never use for checkpoint selection
drone-off-1510771779-stage2-policy_eval-curve_epoch_95,prospective-ten,1510771779,drone,Drone,off,RQ1/RQ2,policy_eval,stage2,curve_epoch_95,experiments_numeric.architecture_2.drone_mcts,hadd-astar,epoch:95:stage2:drone:off:1510771779,,,True,,,,,,,3,4g,6,20G,04:00:00,,VAL,drone-off-1510771779-stage2-train-primary,preselected dependency checkpoint,planned,Learning-curve test evaluation; never use for checkpoint selection
drone-off-1510771779-stage2-policy_eval-curve_epoch_99,prospective-ten,1510771779,drone,Drone,off,RQ1/RQ2,policy_eval,stage2,curve_epoch_99,experiments_numeric.architecture_2.drone_mcts,hadd-astar,epoch:99:stage2:drone:off:1510771779,,,True,,,,,,,3,4g,6,20G,04:00:00,,VAL,drone-off-1510771779-stage2-train-primary,preselected dependency checkpoint,planned,Learning-curve test evaluation; never use for checkpoint selection
drone-off-923500475-stage2-policy_eval-curve_epoch_00,prospective-ten,923500475,drone,Drone,off,RQ1/RQ2,policy_eval,stage2,curve_epoch_00,experiments_numeric.architecture_2.drone_mcts,hadd-astar,epoch:0:stage2:drone:off:923500475,,,True,,,,,,,3,4g,6,20G,04:00:00,,VAL,drone-off-923500475-stage2-train-primary,preselected dependency checkpoint,planned,Learning-curve test evaluation; never use for checkpoint selection
drone-off-923500475-stage2-policy_eval-curve_epoch_05,prospective-ten,923500475,drone,Drone,off,RQ1/RQ2,policy_eval,stage2,curve_epoch_05,experiments_numeric.architecture_2.drone_mcts,hadd-astar,epoch:5:stage2:drone:off:923500475,,,True,,,,,,,3,4g,6,20G,04:00:00,,VAL,drone-off-923500475-stage2-train-primary,preselected dependency checkpoint,planned,Learning-curve test evaluation; never use for checkpoint selection
drone-off-923500475-stage2-policy_eval-curve_epoch_10,prospective-ten,923500475,drone,Drone,off,RQ1/RQ2,policy_eval,stage2,curve_epoch_10,experiments_numeric.architecture_2.drone_mcts,hadd-astar,epoch:10:stage2:drone:off:923500475,,,True,,,,,,,3,4g,6,20G,04:00:00,,VAL,drone-off-923500475-stage2-train-primary,preselected dependency checkpoint,planned,Learning-curve test evaluation; never use for checkpoint selection
drone-off-923500475-stage2-policy_eval-curve_epoch_15,prospective-ten,923500475,drone,Drone,off,RQ1/RQ2,policy_eval,stage2,curve_epoch_15,experiments_numeric.architecture_2.drone_mcts,hadd-astar,epoch:15:stage2:drone:off:923500475,,,True,,,,,,,3,4g,6,20G,04:00:00,,VAL,drone-off-923500475-stage2-train-primary,preselected dependency checkpoint,planned,Learning-curve test evaluation; never use for checkpoint selection
drone-off-923500475-stage2-policy_eval-curve_epoch_20,prospective-ten,923500475,drone,Drone,off,RQ1/RQ2,policy_eval,stage2,curve_epoch_20,experiments_numeric.architecture_2.drone_mcts,hadd-astar,epoch:20:stage2:drone:off:923500475,,,True,,,,,,,3,4g,6,20G,04:00:00,,VAL,drone-off-923500475-stage2-train-primary,preselected dependency checkpoint,planned,Learning-curve test evaluation; never use for checkpoint selection
drone-off-923500475-stage2-policy_eval-curve_epoch_25,prospective-ten,923500475,drone,Drone,off,RQ1/RQ2,policy_eval,stage2,curve_epoch_25,experiments_numeric.architecture_2.drone_mcts,hadd-astar,epoch:25:stage2:drone:off:923500475,,,True,,,,,,,3,4g,6,20G,04:00:00,,VAL,drone-off-923500475-stage2-train-primary,preselected dependency checkpoint,planned,Learning-curve test evaluation; never use for checkpoint selection
drone-off-923500475-stage2-policy_eval-curve_epoch_30,prospective-ten,923500475,drone,Drone,off,RQ1/RQ2,policy_eval,stage2,curve_epoch_30,experiments_numeric.architecture_2.drone_mcts,hadd-astar,epoch:30:stage2:drone:off:923500475,,,True,,,,,,,3,4g,6,20G,04:00:00,,VAL,drone-off-923500475-stage2-train-primary,preselected dependency checkpoint,planned,Learning-curve test evaluation; never use for checkpoint selection
drone-off-923500475-stage2-policy_eval-curve_epoch_35,prospective-ten,923500475,drone,Drone,off,RQ1/RQ2,policy_eval,stage2,curve_epoch_35,experiments_numeric.architecture_2.drone_mcts,hadd-astar,epoch:35:stage2:drone:off:923500475,,,True,,,,,,,3,4g,6,20G,04:00:00,,VAL,drone-off-923500475-stage2-train-primary,preselected dependency checkpoint,planned,Learning-curve test evaluation; never use for checkpoint selection
drone-off-923500475-stage2-policy_eval-curve_epoch_40,prospective-ten,923500475,drone,Drone,off,RQ1/RQ2,policy_eval,stage2,curve_epoch_40,experiments_numeric.architecture_2.drone_mcts,hadd-astar,epoch:40:stage2:drone:off:923500475,,,True,,,,,,,3,4g,6,20G,04:00:00,,VAL,drone-off-923500475-stage2-train-primary,preselected dependency checkpoint,planned,Learning-curve test evaluation; never use for checkpoint selection
drone-off-923500475-stage2-policy_eval-curve_epoch_45,prospective-ten,923500475,drone,Drone,off,RQ1/RQ2,policy_eval,stage2,curve_epoch_45,experiments_numeric.architecture_2.drone_mcts,hadd-astar,epoch:45:stage2:drone:off:923500475,,,True,,,,,,,3,4g,6,20G,04:00:00,,VAL,drone-off-923500475-stage2-train-primary,preselected dependency checkpoint,planned,Learning-curve test evaluation; never use for checkpoint selection
drone-off-923500475-stage2-policy_eval-curve_epoch_50,prospective-ten,923500475,drone,Drone,off,RQ1/RQ2,policy_eval,stage2,curve_epoch_50,experiments_numeric.architecture_2.drone_mcts,hadd-astar,epoch:50:stage2:drone:off:923500475,,,True,,,,,,,3,4g,6,20G,04:00:00,,VAL,drone-off-923500475-stage2-train-primary,preselected dependency checkpoint,planned,Learning-curve test evaluation; never use for checkpoint selection
drone-off-923500475-stage2-policy_eval-curve_epoch_55,prospective-ten,923500475,drone,Drone,off,RQ1/RQ2,policy_eval,stage2,curve_epoch_55,experiments_numeric.architecture_2.drone_mcts,hadd-astar,epoch:55:stage2:drone:off:923500475,,,True,,,,,,,3,4g,6,20G,04:00:00,,VAL,drone-off-923500475-stage2-train-primary,preselected dependency checkpoint,planned,Learning-curve test evaluation; never use for checkpoint selection
drone-off-923500475-stage2-policy_eval-curve_epoch_60,prospective-ten,923500475,drone,Drone,off,RQ1/RQ2,policy_eval,stage2,curve_epoch_60,experiments_numeric.architecture_2.drone_mcts,hadd-astar,epoch:60:stage2:drone:off:923500475,,,True,,,,,,,3,4g,6,20G,04:00:00,,VAL,drone-off-923500475-stage2-train-primary,preselected dependency checkpoint,planned,Learning-curve test evaluation; never use for checkpoint selection
drone-off-923500475-stage2-policy_eval-curve_epoch_65,prospective-ten,923500475,drone,Drone,off,RQ1/RQ2,policy_eval,stage2,curve_epoch_65,experiments_numeric.architecture_2.drone_mcts,hadd-astar,epoch:65:stage2:drone:off:923500475,,,True,,,,,,,3,4g,6,20G,04:00:00,,VAL,drone-off-923500475-stage2-train-primary,preselected dependency checkpoint,planned,Learning-curve test evaluation; never use for checkpoint selection
drone-off-923500475-stage2-policy_eval-curve_epoch_70,prospective-ten,923500475,drone,Drone,off,RQ1/RQ2,policy_eval,stage2,curve_epoch_70,experiments_numeric.architecture_2.drone_mcts,hadd-astar,epoch:70:stage2:drone:off:923500475,,,True,,,,,,,3,4g,6,20G,04:00:00,,VAL,drone-off-923500475-stage2-train-primary,preselected dependency checkpoint,planned,Learning-curve test evaluation; never use for checkpoint selection
drone-off-923500475-stage2-policy_eval-curve_epoch_75,prospective-ten,923500475,drone,Drone,off,RQ1/RQ2,policy_eval,stage2,curve_epoch_75,experiments_numeric.architecture_2.drone_mcts,hadd-astar,epoch:75:stage2:drone:off:923500475,,,True,,,,,,,3,4g,6,20G,04:00:00,,VAL,drone-off-923500475-stage2-train-primary,preselected dependency checkpoint,planned,Learning-curve test evaluation; never use for checkpoint selection
drone-off-923500475-stage2-policy_eval-curve_epoch_80,prospective-ten,923500475,drone,Drone,off,RQ1/RQ2,policy_eval,stage2,curve_epoch_80,experiments_numeric.architecture_2.drone_mcts,hadd-astar,epoch:80:stage2:drone:off:923500475,,,True,,,,,,,3,4g,6,20G,04:00:00,,VAL,drone-off-923500475-stage2-train-primary,preselected dependency checkpoint,planned,Learning-curve test evaluation; never use for checkpoint selection
drone-off-923500475-stage2-policy_eval-curve_epoch_85,prospective-ten,923500475,drone,Drone,off,RQ1/RQ2,policy_eval,stage2,curve_epoch_85,experiments_numeric.architecture_2.drone_mcts,hadd-astar,epoch:85:stage2:drone:off:923500475,,,True,,,,,,,3,4g,6,20G,04:00:00,,VAL,drone-off-923500475-stage2-train-primary,preselected dependency checkpoint,planned,Learning-curve test evaluation; never use for checkpoint selection
drone-off-923500475-stage2-policy_eval-curve_epoch_90,prospective-ten,923500475,drone,Drone,off,RQ1/RQ2,policy_eval,stage2,curve_epoch_90,experiments_numeric.architecture_2.drone_mcts,hadd-astar,epoch:90:stage2:drone:off:923500475,,,True,,,,,,,3,4g,6,20G,04:00:00,,VAL,drone-off-923500475-stage2-train-primary,preselected dependency checkpoint,planned,Learning-curve test evaluation; never use for checkpoint selection
drone-off-923500475-stage2-policy_eval-curve_epoch_95,prospective-ten,923500475,drone,Drone,off,RQ1/RQ2,policy_eval,stage2,curve_epoch_95,experiments_numeric.architecture_2.drone_mcts,hadd-astar,epoch:95:stage2:drone:off:923500475,,,True,,,,,,,3,4g,6,20G,04:00:00,,VAL,drone-off-923500475-stage2-train-primary,preselected dependency checkpoint,planned,Learning-curve test evaluation; never use for checkpoint selection
drone-off-923500475-stage2-policy_eval-curve_epoch_99,prospective-ten,923500475,drone,Drone,off,RQ1/RQ2,policy_eval,stage2,curve_epoch_99,experiments_numeric.architecture_2.drone_mcts,hadd-astar,epoch:99:stage2:drone:off:923500475,,,True,,,,,,,3,4g,6,20G,04:00:00,,VAL,drone-off-923500475-stage2-train-primary,preselected dependency checkpoint,planned,Learning-curve test evaluation; never use for checkpoint selection
drone-off-1972442430-stage2-policy_eval-curve_epoch_00,prospective-ten,1972442430,drone,Drone,off,RQ1/RQ2,policy_eval,stage2,curve_epoch_00,experiments_numeric.architecture_2.drone_mcts,hadd-astar,epoch:0:stage2:drone:off:1972442430,,,True,,,,,,,3,4g,6,20G,04:00:00,,VAL,drone-off-1972442430-stage2-train-primary,preselected dependency checkpoint,planned,Learning-curve test evaluation; never use for checkpoint selection
drone-off-1972442430-stage2-policy_eval-curve_epoch_05,prospective-ten,1972442430,drone,Drone,off,RQ1/RQ2,policy_eval,stage2,curve_epoch_05,experiments_numeric.architecture_2.drone_mcts,hadd-astar,epoch:5:stage2:drone:off:1972442430,,,True,,,,,,,3,4g,6,20G,04:00:00,,VAL,drone-off-1972442430-stage2-train-primary,preselected dependency checkpoint,planned,Learning-curve test evaluation; never use for checkpoint selection
drone-off-1972442430-stage2-policy_eval-curve_epoch_10,prospective-ten,1972442430,drone,Drone,off,RQ1/RQ2,policy_eval,stage2,curve_epoch_10,experiments_numeric.architecture_2.drone_mcts,hadd-astar,epoch:10:stage2:drone:off:1972442430,,,True,,,,,,,3,4g,6,20G,04:00:00,,VAL,drone-off-1972442430-stage2-train-primary,preselected dependency checkpoint,planned,Learning-curve test evaluation; never use for checkpoint selection
drone-off-1972442430-stage2-policy_eval-curve_epoch_15,prospective-ten,1972442430,drone,Drone,off,RQ1/RQ2,policy_eval,stage2,curve_epoch_15,experiments_numeric.architecture_2.drone_mcts,hadd-astar,epoch:15:stage2:drone:off:1972442430,,,True,,,,,,,3,4g,6,20G,04:00:00,,VAL,drone-off-1972442430-stage2-train-primary,preselected dependency checkpoint,planned,Learning-curve test evaluation; never use for checkpoint selection
drone-off-1972442430-stage2-policy_eval-curve_epoch_20,prospective-ten,1972442430,drone,Drone,off,RQ1/RQ2,policy_eval,stage2,curve_epoch_20,experiments_numeric.architecture_2.drone_mcts,hadd-astar,epoch:20:stage2:drone:off:1972442430,,,True,,,,,,,3,4g,6,20G,04:00:00,,VAL,drone-off-1972442430-stage2-train-primary,preselected dependency checkpoint,planned,Learning-curve test evaluation; never use for checkpoint selection
drone-off-1972442430-stage2-policy_eval-curve_epoch_25,prospective-ten,1972442430,drone,Drone,off,RQ1/RQ2,policy_eval,stage2,curve_epoch_25,experiments_numeric.architecture_2.drone_mcts,hadd-astar,epoch:25:stage2:drone:off:1972442430,,,True,,,,,,,3,4g,6,20G,04:00:00,,VAL,drone-off-1972442430-stage2-train-primary,preselected dependency checkpoint,planned,Learning-curve test evaluation; never use for checkpoint selection
drone-off-1972442430-stage2-policy_eval-curve_epoch_30,prospective-ten,1972442430,drone,Drone,off,RQ1/RQ2,policy_eval,stage2,curve_epoch_30,experiments_numeric.architecture_2.drone_mcts,hadd-astar,epoch:30:stage2:drone:off:1972442430,,,True,,,,,,,3,4g,6,20G,04:00:00,,VAL,drone-off-1972442430-stage2-train-primary,preselected dependency checkpoint,planned,Learning-curve test evaluation; never use for checkpoint selection
drone-off-1972442430-stage2-policy_eval-curve_epoch_35,prospective-ten,1972442430,drone,Drone,off,RQ1/RQ2,policy_eval,stage2,curve_epoch_35,experiments_numeric.architecture_2.drone_mcts,hadd-astar,epoch:35:stage2:drone:off:1972442430,,,True,,,,,,,3,4g,6,20G,04:00:00,,VAL,drone-off-1972442430-stage2-train-primary,preselected dependency checkpoint,planned,Learning-curve test evaluation; never use for checkpoint selection
drone-off-1972442430-stage2-policy_eval-curve_epoch_40,prospective-ten,1972442430,drone,Drone,off,RQ1/RQ2,policy_eval,stage2,curve_epoch_40,experiments_numeric.architecture_2.drone_mcts,hadd-astar,epoch:40:stage2:drone:off:1972442430,,,True,,,,,,,3,4g,6,20G,04:00:00,,VAL,drone-off-1972442430-stage2-train-primary,preselected dependency checkpoint,planned,Learning-curve test evaluation; never use for checkpoint selection
drone-off-1972442430-stage2-policy_eval-curve_epoch_45,prospective-ten,1972442430,drone,Drone,off,RQ1/RQ2,policy_eval,stage2,curve_epoch_45,experiments_numeric.architecture_2.drone_mcts,hadd-astar,epoch:45:stage2:drone:off:1972442430,,,True,,,,,,,3,4g,6,20G,04:00:00,,VAL,drone-off-1972442430-stage2-train-primary,preselected dependency checkpoint,planned,Learning-curve test evaluation; never use for checkpoint selection
drone-off-1972442430-stage2-policy_eval-curve_epoch_50,prospective-ten,1972442430,drone,Drone,off,RQ1/RQ2,policy_eval,stage2,curve_epoch_50,experiments_numeric.architecture_2.drone_mcts,hadd-astar,epoch:50:stage2:drone:off:1972442430,,,True,,,,,,,3,4g,6,20G,04:00:00,,VAL,drone-off-1972442430-stage2-train-primary,preselected dependency checkpoint,planned,Learning-curve test evaluation; never use for checkpoint selection
drone-off-1972442430-stage2-policy_eval-curve_epoch_55,prospective-ten,1972442430,drone,Drone,off,RQ1/RQ2,policy_eval,stage2,curve_epoch_55,experiments_numeric.architecture_2.drone_mcts,hadd-astar,epoch:55:stage2:drone:off:1972442430,,,True,,,,,,,3,4g,6,20G,04:00:00,,VAL,drone-off-1972442430-stage2-train-primary,preselected dependency checkpoint,planned,Learning-curve test evaluation; never use for checkpoint selection
drone-off-1972442430-stage2-policy_eval-curve_epoch_60,prospective-ten,1972442430,drone,Drone,off,RQ1/RQ2,policy_eval,stage2,curve_epoch_60,experiments_numeric.architecture_2.drone_mcts,hadd-astar,epoch:60:stage2:drone:off:1972442430,,,True,,,,,,,3,4g,6,20G,04:00:00,,VAL,drone-off-1972442430-stage2-train-primary,preselected dependency checkpoint,planned,Learning-curve test evaluation; never use for checkpoint selection
drone-off-1972442430-stage2-policy_eval-curve_epoch_65,prospective-ten,1972442430,drone,Drone,off,RQ1/RQ2,policy_eval,stage2,curve_epoch_65,experiments_numeric.architecture_2.drone_mcts,hadd-astar,epoch:65:stage2:drone:off:1972442430,,,True,,,,,,,3,4g,6,20G,04:00:00,,VAL,drone-off-1972442430-stage2-train-primary,preselected dependency checkpoint,planned,Learning-curve test evaluation; never use for checkpoint selection
drone-off-1972442430-stage2-policy_eval-curve_epoch_70,prospective-ten,1972442430,drone,Drone,off,RQ1/RQ2,policy_eval,stage2,curve_epoch_70,experiments_numeric.architecture_2.drone_mcts,hadd-astar,epoch:70:stage2:drone:off:1972442430,,,True,,,,,,,3,4g,6,20G,04:00:00,,VAL,drone-off-1972442430-stage2-train-primary,preselected dependency checkpoint,planned,Learning-curve test evaluation; never use for checkpoint selection
drone-off-1972442430-stage2-policy_eval-curve_epoch_75,prospective-ten,1972442430,drone,Drone,off,RQ1/RQ2,policy_eval,stage2,curve_epoch_75,experiments_numeric.architecture_2.drone_mcts,hadd-astar,epoch:75:stage2:drone:off:1972442430,,,True,,,,,,,3,4g,6,20G,04:00:00,,VAL,drone-off-1972442430-stage2-train-primary,preselected dependency checkpoint,planned,Learning-curve test evaluation; never use for checkpoint selection
drone-off-1972442430-stage2-policy_eval-curve_epoch_80,prospective-ten,1972442430,drone,Drone,off,RQ1/RQ2,policy_eval,stage2,curve_epoch_80,experiments_numeric.architecture_2.drone_mcts,hadd-astar,epoch:80:stage2:drone:off:1972442430,,,True,,,,,,,3,4g,6,20G,04:00:00,,VAL,drone-off-1972442430-stage2-train-primary,preselected dependency checkpoint,planned,Learning-curve test evaluation; never use for checkpoint selection
drone-off-1972442430-stage2-policy_eval-curve_epoch_85,prospective-ten,1972442430,drone,Drone,off,RQ1/RQ2,policy_eval,stage2,curve_epoch_85,experiments_numeric.architecture_2.drone_mcts,hadd-astar,epoch:85:stage2:drone:off:1972442430,,,True,,,,,,,3,4g,6,20G,04:00:00,,VAL,drone-off-1972442430-stage2-train-primary,preselected dependency checkpoint,planned,Learning-curve test evaluation; never use for checkpoint selection
drone-off-1972442430-stage2-policy_eval-curve_epoch_90,prospective-ten,1972442430,drone,Drone,off,RQ1/RQ2,policy_eval,stage2,curve_epoch_90,experiments_numeric.architecture_2.drone_mcts,hadd-astar,epoch:90:stage2:drone:off:1972442430,,,True,,,,,,,3,4g,6,20G,04:00:00,,VAL,drone-off-1972442430-stage2-train-primary,preselected dependency checkpoint,planned,Learning-curve test evaluation; never use for checkpoint selection
drone-off-1972442430-stage2-policy_eval-curve_epoch_95,prospective-ten,1972442430,drone,Drone,off,RQ1/RQ2,policy_eval,stage2,curve_epoch_95,experiments_numeric.architecture_2.drone_mcts,hadd-astar,epoch:95:stage2:drone:off:1972442430,,,True,,,,,,,3,4g,6,20G,04:00:00,,VAL,drone-off-1972442430-stage2-train-primary,preselected dependency checkpoint,planned,Learning-curve test evaluation; never use for checkpoint selection
drone-off-1972442430-stage2-policy_eval-curve_epoch_99,prospective-ten,1972442430,drone,Drone,off,RQ1/RQ2,policy_eval,stage2,curve_epoch_99,experiments_numeric.architecture_2.drone_mcts,hadd-astar,epoch:99:stage2:drone:off:1972442430,,,True,,,,,,,3,4g,6,20G,04:00:00,,VAL,drone-off-1972442430-stage2-train-primary,preselected dependency checkpoint,planned,Learning-curve test evaluation; never use for checkpoint selection
drone-on-1963100312-stage2-policy_eval-curve_epoch_00,prospective-ten,1963100312,drone,Drone,on,RQ3/RQ4,policy_eval,stage2,curve_epoch_00,experiments_numeric.architecture_2.drone_mcts,hadd-astar,epoch:0:stage2:drone:on:1963100312,,,True,,,,,,,3,4g,6,20G,04:00:00,,VAL,drone-on-1963100312-stage2-train-primary,preselected dependency checkpoint,planned,Learning-curve test evaluation; never use for checkpoint selection
drone-on-1963100312-stage2-policy_eval-curve_epoch_05,prospective-ten,1963100312,drone,Drone,on,RQ3/RQ4,policy_eval,stage2,curve_epoch_05,experiments_numeric.architecture_2.drone_mcts,hadd-astar,epoch:5:stage2:drone:on:1963100312,,,True,,,,,,,3,4g,6,20G,04:00:00,,VAL,drone-on-1963100312-stage2-train-primary,preselected dependency checkpoint,planned,Learning-curve test evaluation; never use for checkpoint selection
drone-on-1963100312-stage2-policy_eval-curve_epoch_10,prospective-ten,1963100312,drone,Drone,on,RQ3/RQ4,policy_eval,stage2,curve_epoch_10,experiments_numeric.architecture_2.drone_mcts,hadd-astar,epoch:10:stage2:drone:on:1963100312,,,True,,,,,,,3,4g,6,20G,04:00:00,,VAL,drone-on-1963100312-stage2-train-primary,preselected dependency checkpoint,planned,Learning-curve test evaluation; never use for checkpoint selection
drone-on-1963100312-stage2-policy_eval-curve_epoch_15,prospective-ten,1963100312,drone,Drone,on,RQ3/RQ4,policy_eval,stage2,curve_epoch_15,experiments_numeric.architecture_2.drone_mcts,hadd-astar,epoch:15:stage2:drone:on:1963100312,,,True,,,,,,,3,4g,6,20G,04:00:00,,VAL,drone-on-1963100312-stage2-train-primary,preselected dependency checkpoint,planned,Learning-curve test evaluation; never use for checkpoint selection
drone-on-1963100312-stage2-policy_eval-curve_epoch_20,prospective-ten,1963100312,drone,Drone,on,RQ3/RQ4,policy_eval,stage2,curve_epoch_20,experiments_numeric.architecture_2.drone_mcts,hadd-astar,epoch:20:stage2:drone:on:1963100312,,,True,,,,,,,3,4g,6,20G,04:00:00,,VAL,drone-on-1963100312-stage2-train-primary,preselected dependency checkpoint,planned,Learning-curve test evaluation; never use for checkpoint selection
drone-on-1963100312-stage2-policy_eval-curve_epoch_25,prospective-ten,1963100312,drone,Drone,on,RQ3/RQ4,policy_eval,stage2,curve_epoch_25,experiments_numeric.architecture_2.drone_mcts,hadd-astar,epoch:25:stage2:drone:on:1963100312,,,True,,,,,,,3,4g,6,20G,04:00:00,,VAL,drone-on-1963100312-stage2-train-primary,preselected dependency checkpoint,planned,Learning-curve test evaluation; never use for checkpoint selection
drone-on-1963100312-stage2-policy_eval-curve_epoch_30,prospective-ten,1963100312,drone,Drone,on,RQ3/RQ4,policy_eval,stage2,curve_epoch_30,experiments_numeric.architecture_2.drone_mcts,hadd-astar,epoch:30:stage2:drone:on:1963100312,,,True,,,,,,,3,4g,6,20G,04:00:00,,VAL,drone-on-1963100312-stage2-train-primary,preselected dependency checkpoint,planned,Learning-curve test evaluation; never use for checkpoint selection
drone-on-1963100312-stage2-policy_eval-curve_epoch_35,prospective-ten,1963100312,drone,Drone,on,RQ3/RQ4,policy_eval,stage2,curve_epoch_35,experiments_numeric.architecture_2.drone_mcts,hadd-astar,epoch:35:stage2:drone:on:1963100312,,,True,,,,,,,3,4g,6,20G,04:00:00,,VAL,drone-on-1963100312-stage2-train-primary,preselected dependency checkpoint,planned,Learning-curve test evaluation; never use for checkpoint selection
drone-on-1963100312-stage2-policy_eval-curve_epoch_40,prospective-ten,1963100312,drone,Drone,on,RQ3/RQ4,policy_eval,stage2,curve_epoch_40,experiments_numeric.architecture_2.drone_mcts,hadd-astar,epoch:40:stage2:drone:on:1963100312,,,True,,,,,,,3,4g,6,20G,04:00:00,,VAL,drone-on-1963100312-stage2-train-primary,preselected dependency checkpoint,planned,Learning-curve test evaluation; never use for checkpoint selection
drone-on-1963100312-stage2-policy_eval-curve_epoch_45,prospective-ten,1963100312,drone,Drone,on,RQ3/RQ4,policy_eval,stage2,curve_epoch_45,experiments_numeric.architecture_2.drone_mcts,hadd-astar,epoch:45:stage2:drone:on:1963100312,,,True,,,,,,,3,4g,6,20G,04:00:00,,VAL,drone-on-1963100312-stage2-train-primary,preselected dependency checkpoint,planned,Learning-curve test evaluation; never use for checkpoint selection
drone-on-1963100312-stage2-policy_eval-curve_epoch_50,prospective-ten,1963100312,drone,Drone,on,RQ3/RQ4,policy_eval,stage2,curve_epoch_50,experiments_numeric.architecture_2.drone_mcts,hadd-astar,epoch:50:stage2:drone:on:1963100312,,,True,,,,,,,3,4g,6,20G,04:00:00,,VAL,drone-on-1963100312-stage2-train-primary,preselected dependency checkpoint,planned,Learning-curve test evaluation; never use for checkpoint selection
drone-on-1963100312-stage2-policy_eval-curve_epoch_55,prospective-ten,1963100312,drone,Drone,on,RQ3/RQ4,policy_eval,stage2,curve_epoch_55,experiments_numeric.architecture_2.drone_mcts,hadd-astar,epoch:55:stage2:drone:on:1963100312,,,True,,,,,,,3,4g,6,20G,04:00:00,,VAL,drone-on-1963100312-stage2-train-primary,preselected dependency checkpoint,planned,Learning-curve test evaluation; never use for checkpoint selection
drone-on-1963100312-stage2-policy_eval-curve_epoch_60,prospective-ten,1963100312,drone,Drone,on,RQ3/RQ4,policy_eval,stage2,curve_epoch_60,experiments_numeric.architecture_2.drone_mcts,hadd-astar,epoch:60:stage2:drone:on:1963100312,,,True,,,,,,,3,4g,6,20G,04:00:00,,VAL,drone-on-1963100312-stage2-train-primary,preselected dependency checkpoint,planned,Learning-curve test evaluation; never use for checkpoint selection
drone-on-1963100312-stage2-policy_eval-curve_epoch_65,prospective-ten,1963100312,drone,Drone,on,RQ3/RQ4,policy_eval,stage2,curve_epoch_65,experiments_numeric.architecture_2.drone_mcts,hadd-astar,epoch:65:stage2:drone:on:1963100312,,,True,,,,,,,3,4g,6,20G,04:00:00,,VAL,drone-on-1963100312-stage2-train-primary,preselected dependency checkpoint,planned,Learning-curve test evaluation; never use for checkpoint selection
drone-on-1963100312-stage2-policy_eval-curve_epoch_70,prospective-ten,1963100312,drone,Drone,on,RQ3/RQ4,policy_eval,stage2,curve_epoch_70,experiments_numeric.architecture_2.drone_mcts,hadd-astar,epoch:70:stage2:drone:on:1963100312,,,True,,,,,,,3,4g,6,20G,04:00:00,,VAL,drone-on-1963100312-stage2-train-primary,preselected dependency checkpoint,planned,Learning-curve test evaluation; never use for checkpoint selection
drone-on-1963100312-stage2-policy_eval-curve_epoch_75,prospective-ten,1963100312,drone,Drone,on,RQ3/RQ4,policy_eval,stage2,curve_epoch_75,experiments_numeric.architecture_2.drone_mcts,hadd-astar,epoch:75:stage2:drone:on:1963100312,,,True,,,,,,,3,4g,6,20G,04:00:00,,VAL,drone-on-1963100312-stage2-train-primary,preselected dependency checkpoint,planned,Learning-curve test evaluation; never use for checkpoint selection
drone-on-1963100312-stage2-policy_eval-curve_epoch_80,prospective-ten,1963100312,drone,Drone,on,RQ3/RQ4,policy_eval,stage2,curve_epoch_80,experiments_numeric.architecture_2.drone_mcts,hadd-astar,epoch:80:stage2:drone:on:1963100312,,,True,,,,,,,3,4g,6,20G,04:00:00,,VAL,drone-on-1963100312-stage2-train-primary,preselected dependency checkpoint,planned,Learning-curve test evaluation; never use for checkpoint selection
drone-on-1963100312-stage2-policy_eval-curve_epoch_85,prospective-ten,1963100312,drone,Drone,on,RQ3/RQ4,policy_eval,stage2,curve_epoch_85,experiments_numeric.architecture_2.drone_mcts,hadd-astar,epoch:85:stage2:drone:on:1963100312,,,True,,,,,,,3,4g,6,20G,04:00:00,,VAL,drone-on-1963100312-stage2-train-primary,preselected dependency checkpoint,planned,Learning-curve test evaluation; never use for checkpoint selection
drone-on-1963100312-stage2-policy_eval-curve_epoch_90,prospective-ten,1963100312,drone,Drone,on,RQ3/RQ4,policy_eval,stage2,curve_epoch_90,experiments_numeric.architecture_2.drone_mcts,hadd-astar,epoch:90:stage2:drone:on:1963100312,,,True,,,,,,,3,4g,6,20G,04:00:00,,VAL,drone-on-1963100312-stage2-train-primary,preselected dependency checkpoint,planned,Learning-curve test evaluation; never use for checkpoint selection
drone-on-1963100312-stage2-policy_eval-curve_epoch_95,prospective-ten,1963100312,drone,Drone,on,RQ3/RQ4,policy_eval,stage2,curve_epoch_95,experiments_numeric.architecture_2.drone_mcts,hadd-astar,epoch:95:stage2:drone:on:1963100312,,,True,,,,,,,3,4g,6,20G,04:00:00,,VAL,drone-on-1963100312-stage2-train-primary,preselected dependency checkpoint,planned,Learning-curve test evaluation; never use for checkpoint selection
drone-on-1963100312-stage2-policy_eval-curve_epoch_99,prospective-ten,1963100312,drone,Drone,on,RQ3/RQ4,policy_eval,stage2,curve_epoch_99,experiments_numeric.architecture_2.drone_mcts,hadd-astar,epoch:99:stage2:drone:on:1963100312,,,True,,,,,,,3,4g,6,20G,04:00:00,,VAL,drone-on-1963100312-stage2-train-primary,preselected dependency checkpoint,planned,Learning-curve test evaluation; never use for checkpoint selection
drone-on-2011206605-stage2-policy_eval-curve_epoch_00,prospective-ten,2011206605,drone,Drone,on,RQ3/RQ4,policy_eval,stage2,curve_epoch_00,experiments_numeric.architecture_2.drone_mcts,hadd-astar,epoch:0:stage2:drone:on:2011206605,,,True,,,,,,,3,4g,6,20G,04:00:00,,VAL,drone-on-2011206605-stage2-train-primary,preselected dependency checkpoint,planned,Learning-curve test evaluation; never use for checkpoint selection
drone-on-2011206605-stage2-policy_eval-curve_epoch_05,prospective-ten,2011206605,drone,Drone,on,RQ3/RQ4,policy_eval,stage2,curve_epoch_05,experiments_numeric.architecture_2.drone_mcts,hadd-astar,epoch:5:stage2:drone:on:2011206605,,,True,,,,,,,3,4g,6,20G,04:00:00,,VAL,drone-on-2011206605-stage2-train-primary,preselected dependency checkpoint,planned,Learning-curve test evaluation; never use for checkpoint selection
drone-on-2011206605-stage2-policy_eval-curve_epoch_10,prospective-ten,2011206605,drone,Drone,on,RQ3/RQ4,policy_eval,stage2,curve_epoch_10,experiments_numeric.architecture_2.drone_mcts,hadd-astar,epoch:10:stage2:drone:on:2011206605,,,True,,,,,,,3,4g,6,20G,04:00:00,,VAL,drone-on-2011206605-stage2-train-primary,preselected dependency checkpoint,planned,Learning-curve test evaluation; never use for checkpoint selection
drone-on-2011206605-stage2-policy_eval-curve_epoch_15,prospective-ten,2011206605,drone,Drone,on,RQ3/RQ4,policy_eval,stage2,curve_epoch_15,experiments_numeric.architecture_2.drone_mcts,hadd-astar,epoch:15:stage2:drone:on:2011206605,,,True,,,,,,,3,4g,6,20G,04:00:00,,VAL,drone-on-2011206605-stage2-train-primary,preselected dependency checkpoint,planned,Learning-curve test evaluation; never use for checkpoint selection
drone-on-2011206605-stage2-policy_eval-curve_epoch_20,prospective-ten,2011206605,drone,Drone,on,RQ3/RQ4,policy_eval,stage2,curve_epoch_20,experiments_numeric.architecture_2.drone_mcts,hadd-astar,epoch:20:stage2:drone:on:2011206605,,,True,,,,,,,3,4g,6,20G,04:00:00,,VAL,drone-on-2011206605-stage2-train-primary,preselected dependency checkpoint,planned,Learning-curve test evaluation; never use for checkpoint selection
drone-on-2011206605-stage2-policy_eval-curve_epoch_25,prospective-ten,2011206605,drone,Drone,on,RQ3/RQ4,policy_eval,stage2,curve_epoch_25,experiments_numeric.architecture_2.drone_mcts,hadd-astar,epoch:25:stage2:drone:on:2011206605,,,True,,,,,,,3,4g,6,20G,04:00:00,,VAL,drone-on-2011206605-stage2-train-primary,preselected dependency checkpoint,planned,Learning-curve test evaluation; never use for checkpoint selection
drone-on-2011206605-stage2-policy_eval-curve_epoch_30,prospective-ten,2011206605,drone,Drone,on,RQ3/RQ4,policy_eval,stage2,curve_epoch_30,experiments_numeric.architecture_2.drone_mcts,hadd-astar,epoch:30:stage2:drone:on:2011206605,,,True,,,,,,,3,4g,6,20G,04:00:00,,VAL,drone-on-2011206605-stage2-train-primary,preselected dependency checkpoint,planned,Learning-curve test evaluation; never use for checkpoint selection
drone-on-2011206605-stage2-policy_eval-curve_epoch_35,prospective-ten,2011206605,drone,Drone,on,RQ3/RQ4,policy_eval,stage2,curve_epoch_35,experiments_numeric.architecture_2.drone_mcts,hadd-astar,epoch:35:stage2:drone:on:2011206605,,,True,,,,,,,3,4g,6,20G,04:00:00,,VAL,drone-on-2011206605-stage2-train-primary,preselected dependency checkpoint,planned,Learning-curve test evaluation; never use for checkpoint selection
drone-on-2011206605-stage2-policy_eval-curve_epoch_40,prospective-ten,2011206605,drone,Drone,on,RQ3/RQ4,policy_eval,stage2,curve_epoch_40,experiments_numeric.architecture_2.drone_mcts,hadd-astar,epoch:40:stage2:drone:on:2011206605,,,True,,,,,,,3,4g,6,20G,04:00:00,,VAL,drone-on-2011206605-stage2-train-primary,preselected dependency checkpoint,planned,Learning-curve test evaluation; never use for checkpoint selection
drone-on-2011206605-stage2-policy_eval-curve_epoch_45,prospective-ten,2011206605,drone,Drone,on,RQ3/RQ4,policy_eval,stage2,curve_epoch_45,experiments_numeric.architecture_2.drone_mcts,hadd-astar,epoch:45:stage2:drone:on:2011206605,,,True,,,,,,,3,4g,6,20G,04:00:00,,VAL,drone-on-2011206605-stage2-train-primary,preselected dependency checkpoint,planned,Learning-curve test evaluation; never use for checkpoint selection
drone-on-2011206605-stage2-policy_eval-curve_epoch_50,prospective-ten,2011206605,drone,Drone,on,RQ3/RQ4,policy_eval,stage2,curve_epoch_50,experiments_numeric.architecture_2.drone_mcts,hadd-astar,epoch:50:stage2:drone:on:2011206605,,,True,,,,,,,3,4g,6,20G,04:00:00,,VAL,drone-on-2011206605-stage2-train-primary,preselected dependency checkpoint,planned,Learning-curve test evaluation; never use for checkpoint selection
drone-on-2011206605-stage2-policy_eval-curve_epoch_55,prospective-ten,2011206605,drone,Drone,on,RQ3/RQ4,policy_eval,stage2,curve_epoch_55,experiments_numeric.architecture_2.drone_mcts,hadd-astar,epoch:55:stage2:drone:on:2011206605,,,True,,,,,,,3,4g,6,20G,04:00:00,,VAL,drone-on-2011206605-stage2-train-primary,preselected dependency checkpoint,planned,Learning-curve test evaluation; never use for checkpoint selection
drone-on-2011206605-stage2-policy_eval-curve_epoch_60,prospective-ten,2011206605,drone,Drone,on,RQ3/RQ4,policy_eval,stage2,curve_epoch_60,experiments_numeric.architecture_2.drone_mcts,hadd-astar,epoch:60:stage2:drone:on:2011206605,,,True,,,,,,,3,4g,6,20G,04:00:00,,VAL,drone-on-2011206605-stage2-train-primary,preselected dependency checkpoint,planned,Learning-curve test evaluation; never use for checkpoint selection
drone-on-2011206605-stage2-policy_eval-curve_epoch_65,prospective-ten,2011206605,drone,Drone,on,RQ3/RQ4,policy_eval,stage2,curve_epoch_65,experiments_numeric.architecture_2.drone_mcts,hadd-astar,epoch:65:stage2:drone:on:2011206605,,,True,,,,,,,3,4g,6,20G,04:00:00,,VAL,drone-on-2011206605-stage2-train-primary,preselected dependency checkpoint,planned,Learning-curve test evaluation; never use for checkpoint selection
drone-on-2011206605-stage2-policy_eval-curve_epoch_70,prospective-ten,2011206605,drone,Drone,on,RQ3/RQ4,policy_eval,stage2,curve_epoch_70,experiments_numeric.architecture_2.drone_mcts,hadd-astar,epoch:70:stage2:drone:on:2011206605,,,True,,,,,,,3,4g,6,20G,04:00:00,,VAL,drone-on-2011206605-stage2-train-primary,preselected dependency checkpoint,planned,Learning-curve test evaluation; never use for checkpoint selection
drone-on-2011206605-stage2-policy_eval-curve_epoch_75,prospective-ten,2011206605,drone,Drone,on,RQ3/RQ4,policy_eval,stage2,curve_epoch_75,experiments_numeric.architecture_2.drone_mcts,hadd-astar,epoch:75:stage2:drone:on:2011206605,,,True,,,,,,,3,4g,6,20G,04:00:00,,VAL,drone-on-2011206605-stage2-train-primary,preselected dependency checkpoint,planned,Learning-curve test evaluation; never use for checkpoint selection
drone-on-2011206605-stage2-policy_eval-curve_epoch_80,prospective-ten,2011206605,drone,Drone,on,RQ3/RQ4,policy_eval,stage2,curve_epoch_80,experiments_numeric.architecture_2.drone_mcts,hadd-astar,epoch:80:stage2:drone:on:2011206605,,,True,,,,,,,3,4g,6,20G,04:00:00,,VAL,drone-on-2011206605-stage2-train-primary,preselected dependency checkpoint,planned,Learning-curve test evaluation; never use for checkpoint selection
drone-on-2011206605-stage2-policy_eval-curve_epoch_85,prospective-ten,2011206605,drone,Drone,on,RQ3/RQ4,policy_eval,stage2,curve_epoch_85,experiments_numeric.architecture_2.drone_mcts,hadd-astar,epoch:85:stage2:drone:on:2011206605,,,True,,,,,,,3,4g,6,20G,04:00:00,,VAL,drone-on-2011206605-stage2-train-primary,preselected dependency checkpoint,planned,Learning-curve test evaluation; never use for checkpoint selection
drone-on-2011206605-stage2-policy_eval-curve_epoch_90,prospective-ten,2011206605,drone,Drone,on,RQ3/RQ4,policy_eval,stage2,curve_epoch_90,experiments_numeric.architecture_2.drone_mcts,hadd-astar,epoch:90:stage2:drone:on:2011206605,,,True,,,,,,,3,4g,6,20G,04:00:00,,VAL,drone-on-2011206605-stage2-train-primary,preselected dependency checkpoint,planned,Learning-curve test evaluation; never use for checkpoint selection
drone-on-2011206605-stage2-policy_eval-curve_epoch_95,prospective-ten,2011206605,drone,Drone,on,RQ3/RQ4,policy_eval,stage2,curve_epoch_95,experiments_numeric.architecture_2.drone_mcts,hadd-astar,epoch:95:stage2:drone:on:2011206605,,,True,,,,,,,3,4g,6,20G,04:00:00,,VAL,drone-on-2011206605-stage2-train-primary,preselected dependency checkpoint,planned,Learning-curve test evaluation; never use for checkpoint selection
drone-on-2011206605-stage2-policy_eval-curve_epoch_99,prospective-ten,2011206605,drone,Drone,on,RQ3/RQ4,policy_eval,stage2,curve_epoch_99,experiments_numeric.architecture_2.drone_mcts,hadd-astar,epoch:99:stage2:drone:on:2011206605,,,True,,,,,,,3,4g,6,20G,04:00:00,,VAL,drone-on-2011206605-stage2-train-primary,preselected dependency checkpoint,planned,Learning-curve test evaluation; never use for checkpoint selection
drone-on-1073581256-stage2-policy_eval-curve_epoch_00,prospective-ten,1073581256,drone,Drone,on,RQ3/RQ4,policy_eval,stage2,curve_epoch_00,experiments_numeric.architecture_2.drone_mcts,hadd-astar,epoch:0:stage2:drone:on:1073581256,,,True,,,,,,,3,4g,6,20G,04:00:00,,VAL,drone-on-1073581256-stage2-train-primary,preselected dependency checkpoint,planned,Learning-curve test evaluation; never use for checkpoint selection
drone-on-1073581256-stage2-policy_eval-curve_epoch_05,prospective-ten,1073581256,drone,Drone,on,RQ3/RQ4,policy_eval,stage2,curve_epoch_05,experiments_numeric.architecture_2.drone_mcts,hadd-astar,epoch:5:stage2:drone:on:1073581256,,,True,,,,,,,3,4g,6,20G,04:00:00,,VAL,drone-on-1073581256-stage2-train-primary,preselected dependency checkpoint,planned,Learning-curve test evaluation; never use for checkpoint selection
drone-on-1073581256-stage2-policy_eval-curve_epoch_10,prospective-ten,1073581256,drone,Drone,on,RQ3/RQ4,policy_eval,stage2,curve_epoch_10,experiments_numeric.architecture_2.drone_mcts,hadd-astar,epoch:10:stage2:drone:on:1073581256,,,True,,,,,,,3,4g,6,20G,04:00:00,,VAL,drone-on-1073581256-stage2-train-primary,preselected dependency checkpoint,planned,Learning-curve test evaluation; never use for checkpoint selection
drone-on-1073581256-stage2-policy_eval-curve_epoch_15,prospective-ten,1073581256,drone,Drone,on,RQ3/RQ4,policy_eval,stage2,curve_epoch_15,experiments_numeric.architecture_2.drone_mcts,hadd-astar,epoch:15:stage2:drone:on:1073581256,,,True,,,,,,,3,4g,6,20G,04:00:00,,VAL,drone-on-1073581256-stage2-train-primary,preselected dependency checkpoint,planned,Learning-curve test evaluation; never use for checkpoint selection
drone-on-1073581256-stage2-policy_eval-curve_epoch_20,prospective-ten,1073581256,drone,Drone,on,RQ3/RQ4,policy_eval,stage2,curve_epoch_20,experiments_numeric.architecture_2.drone_mcts,hadd-astar,epoch:20:stage2:drone:on:1073581256,,,True,,,,,,,3,4g,6,20G,04:00:00,,VAL,drone-on-1073581256-stage2-train-primary,preselected dependency checkpoint,planned,Learning-curve test evaluation; never use for checkpoint selection
drone-on-1073581256-stage2-policy_eval-curve_epoch_25,prospective-ten,1073581256,drone,Drone,on,RQ3/RQ4,policy_eval,stage2,curve_epoch_25,experiments_numeric.architecture_2.drone_mcts,hadd-astar,epoch:25:stage2:drone:on:1073581256,,,True,,,,,,,3,4g,6,20G,04:00:00,,VAL,drone-on-1073581256-stage2-train-primary,preselected dependency checkpoint,planned,Learning-curve test evaluation; never use for checkpoint selection
drone-on-1073581256-stage2-policy_eval-curve_epoch_30,prospective-ten,1073581256,drone,Drone,on,RQ3/RQ4,policy_eval,stage2,curve_epoch_30,experiments_numeric.architecture_2.drone_mcts,hadd-astar,epoch:30:stage2:drone:on:1073581256,,,True,,,,,,,3,4g,6,20G,04:00:00,,VAL,drone-on-1073581256-stage2-train-primary,preselected dependency checkpoint,planned,Learning-curve test evaluation; never use for checkpoint selection
drone-on-1073581256-stage2-policy_eval-curve_epoch_35,prospective-ten,1073581256,drone,Drone,on,RQ3/RQ4,policy_eval,stage2,curve_epoch_35,experiments_numeric.architecture_2.drone_mcts,hadd-astar,epoch:35:stage2:drone:on:1073581256,,,True,,,,,,,3,4g,6,20G,04:00:00,,VAL,drone-on-1073581256-stage2-train-primary,preselected dependency checkpoint,planned,Learning-curve test evaluation; never use for checkpoint selection
drone-on-1073581256-stage2-policy_eval-curve_epoch_40,prospective-ten,1073581256,drone,Drone,on,RQ3/RQ4,policy_eval,stage2,curve_epoch_40,experiments_numeric.architecture_2.drone_mcts,hadd-astar,epoch:40:stage2:drone:on:1073581256,,,True,,,,,,,3,4g,6,20G,04:00:00,,VAL,drone-on-1073581256-stage2-train-primary,preselected dependency checkpoint,planned,Learning-curve test evaluation; never use for checkpoint selection
drone-on-1073581256-stage2-policy_eval-curve_epoch_45,prospective-ten,1073581256,drone,Drone,on,RQ3/RQ4,policy_eval,stage2,curve_epoch_45,experiments_numeric.architecture_2.drone_mcts,hadd-astar,epoch:45:stage2:drone:on:1073581256,,,True,,,,,,,3,4g,6,20G,04:00:00,,VAL,drone-on-1073581256-stage2-train-primary,preselected dependency checkpoint,planned,Learning-curve test evaluation; never use for checkpoint selection
drone-on-1073581256-stage2-policy_eval-curve_epoch_50,prospective-ten,1073581256,drone,Drone,on,RQ3/RQ4,policy_eval,stage2,curve_epoch_50,experiments_numeric.architecture_2.drone_mcts,hadd-astar,epoch:50:stage2:drone:on:1073581256,,,True,,,,,,,3,4g,6,20G,04:00:00,,VAL,drone-on-1073581256-stage2-train-primary,preselected dependency checkpoint,planned,Learning-curve test evaluation; never use for checkpoint selection
drone-on-1073581256-stage2-policy_eval-curve_epoch_55,prospective-ten,1073581256,drone,Drone,on,RQ3/RQ4,policy_eval,stage2,curve_epoch_55,experiments_numeric.architecture_2.drone_mcts,hadd-astar,epoch:55:stage2:drone:on:1073581256,,,True,,,,,,,3,4g,6,20G,04:00:00,,VAL,drone-on-1073581256-stage2-train-primary,preselected dependency checkpoint,planned,Learning-curve test evaluation; never use for checkpoint selection
drone-on-1073581256-stage2-policy_eval-curve_epoch_60,prospective-ten,1073581256,drone,Drone,on,RQ3/RQ4,policy_eval,stage2,curve_epoch_60,experiments_numeric.architecture_2.drone_mcts,hadd-astar,epoch:60:stage2:drone:on:1073581256,,,True,,,,,,,3,4g,6,20G,04:00:00,,VAL,drone-on-1073581256-stage2-train-primary,preselected dependency checkpoint,planned,Learning-curve test evaluation; never use for checkpoint selection
drone-on-1073581256-stage2-policy_eval-curve_epoch_65,prospective-ten,1073581256,drone,Drone,on,RQ3/RQ4,policy_eval,stage2,curve_epoch_65,experiments_numeric.architecture_2.drone_mcts,hadd-astar,epoch:65:stage2:drone:on:1073581256,,,True,,,,,,,3,4g,6,20G,04:00:00,,VAL,drone-on-1073581256-stage2-train-primary,preselected dependency checkpoint,planned,Learning-curve test evaluation; never use for checkpoint selection
drone-on-1073581256-stage2-policy_eval-curve_epoch_70,prospective-ten,1073581256,drone,Drone,on,RQ3/RQ4,policy_eval,stage2,curve_epoch_70,experiments_numeric.architecture_2.drone_mcts,hadd-astar,epoch:70:stage2:drone:on:1073581256,,,True,,,,,,,3,4g,6,20G,04:00:00,,VAL,drone-on-1073581256-stage2-train-primary,preselected dependency checkpoint,planned,Learning-curve test evaluation; never use for checkpoint selection
drone-on-1073581256-stage2-policy_eval-curve_epoch_75,prospective-ten,1073581256,drone,Drone,on,RQ3/RQ4,policy_eval,stage2,curve_epoch_75,experiments_numeric.architecture_2.drone_mcts,hadd-astar,epoch:75:stage2:drone:on:1073581256,,,True,,,,,,,3,4g,6,20G,04:00:00,,VAL,drone-on-1073581256-stage2-train-primary,preselected dependency checkpoint,planned,Learning-curve test evaluation; never use for checkpoint selection
drone-on-1073581256-stage2-policy_eval-curve_epoch_80,prospective-ten,1073581256,drone,Drone,on,RQ3/RQ4,policy_eval,stage2,curve_epoch_80,experiments_numeric.architecture_2.drone_mcts,hadd-astar,epoch:80:stage2:drone:on:1073581256,,,True,,,,,,,3,4g,6,20G,04:00:00,,VAL,drone-on-1073581256-stage2-train-primary,preselected dependency checkpoint,planned,Learning-curve test evaluation; never use for checkpoint selection
drone-on-1073581256-stage2-policy_eval-curve_epoch_85,prospective-ten,1073581256,drone,Drone,on,RQ3/RQ4,policy_eval,stage2,curve_epoch_85,experiments_numeric.architecture_2.drone_mcts,hadd-astar,epoch:85:stage2:drone:on:1073581256,,,True,,,,,,,3,4g,6,20G,04:00:00,,VAL,drone-on-1073581256-stage2-train-primary,preselected dependency checkpoint,planned,Learning-curve test evaluation; never use for checkpoint selection
drone-on-1073581256-stage2-policy_eval-curve_epoch_90,prospective-ten,1073581256,drone,Drone,on,RQ3/RQ4,policy_eval,stage2,curve_epoch_90,experiments_numeric.architecture_2.drone_mcts,hadd-astar,epoch:90:stage2:drone:on:1073581256,,,True,,,,,,,3,4g,6,20G,04:00:00,,VAL,drone-on-1073581256-stage2-train-primary,preselected dependency checkpoint,planned,Learning-curve test evaluation; never use for checkpoint selection
drone-on-1073581256-stage2-policy_eval-curve_epoch_95,prospective-ten,1073581256,drone,Drone,on,RQ3/RQ4,policy_eval,stage2,curve_epoch_95,experiments_numeric.architecture_2.drone_mcts,hadd-astar,epoch:95:stage2:drone:on:1073581256,,,True,,,,,,,3,4g,6,20G,04:00:00,,VAL,drone-on-1073581256-stage2-train-primary,preselected dependency checkpoint,planned,Learning-curve test evaluation; never use for checkpoint selection
drone-on-1073581256-stage2-policy_eval-curve_epoch_99,prospective-ten,1073581256,drone,Drone,on,RQ3/RQ4,policy_eval,stage2,curve_epoch_99,experiments_numeric.architecture_2.drone_mcts,hadd-astar,epoch:99:stage2:drone:on:1073581256,,,True,,,,,,,3,4g,6,20G,04:00:00,,VAL,drone-on-1073581256-stage2-train-primary,preselected dependency checkpoint,planned,Learning-curve test evaluation; never use for checkpoint selection
drone-on-1239739722-stage2-policy_eval-curve_epoch_00,prospective-ten,1239739722,drone,Drone,on,RQ3/RQ4,policy_eval,stage2,curve_epoch_00,experiments_numeric.architecture_2.drone_mcts,hadd-astar,epoch:0:stage2:drone:on:1239739722,,,True,,,,,,,3,4g,6,20G,04:00:00,,VAL,drone-on-1239739722-stage2-train-primary,preselected dependency checkpoint,planned,Learning-curve test evaluation; never use for checkpoint selection
drone-on-1239739722-stage2-policy_eval-curve_epoch_05,prospective-ten,1239739722,drone,Drone,on,RQ3/RQ4,policy_eval,stage2,curve_epoch_05,experiments_numeric.architecture_2.drone_mcts,hadd-astar,epoch:5:stage2:drone:on:1239739722,,,True,,,,,,,3,4g,6,20G,04:00:00,,VAL,drone-on-1239739722-stage2-train-primary,preselected dependency checkpoint,planned,Learning-curve test evaluation; never use for checkpoint selection
drone-on-1239739722-stage2-policy_eval-curve_epoch_10,prospective-ten,1239739722,drone,Drone,on,RQ3/RQ4,policy_eval,stage2,curve_epoch_10,experiments_numeric.architecture_2.drone_mcts,hadd-astar,epoch:10:stage2:drone:on:1239739722,,,True,,,,,,,3,4g,6,20G,04:00:00,,VAL,drone-on-1239739722-stage2-train-primary,preselected dependency checkpoint,planned,Learning-curve test evaluation; never use for checkpoint selection
drone-on-1239739722-stage2-policy_eval-curve_epoch_15,prospective-ten,1239739722,drone,Drone,on,RQ3/RQ4,policy_eval,stage2,curve_epoch_15,experiments_numeric.architecture_2.drone_mcts,hadd-astar,epoch:15:stage2:drone:on:1239739722,,,True,,,,,,,3,4g,6,20G,04:00:00,,VAL,drone-on-1239739722-stage2-train-primary,preselected dependency checkpoint,planned,Learning-curve test evaluation; never use for checkpoint selection
drone-on-1239739722-stage2-policy_eval-curve_epoch_20,prospective-ten,1239739722,drone,Drone,on,RQ3/RQ4,policy_eval,stage2,curve_epoch_20,experiments_numeric.architecture_2.drone_mcts,hadd-astar,epoch:20:stage2:drone:on:1239739722,,,True,,,,,,,3,4g,6,20G,04:00:00,,VAL,drone-on-1239739722-stage2-train-primary,preselected dependency checkpoint,planned,Learning-curve test evaluation; never use for checkpoint selection
drone-on-1239739722-stage2-policy_eval-curve_epoch_25,prospective-ten,1239739722,drone,Drone,on,RQ3/RQ4,policy_eval,stage2,curve_epoch_25,experiments_numeric.architecture_2.drone_mcts,hadd-astar,epoch:25:stage2:drone:on:1239739722,,,True,,,,,,,3,4g,6,20G,04:00:00,,VAL,drone-on-1239739722-stage2-train-primary,preselected dependency checkpoint,planned,Learning-curve test evaluation; never use for checkpoint selection
drone-on-1239739722-stage2-policy_eval-curve_epoch_30,prospective-ten,1239739722,drone,Drone,on,RQ3/RQ4,policy_eval,stage2,curve_epoch_30,experiments_numeric.architecture_2.drone_mcts,hadd-astar,epoch:30:stage2:drone:on:1239739722,,,True,,,,,,,3,4g,6,20G,04:00:00,,VAL,drone-on-1239739722-stage2-train-primary,preselected dependency checkpoint,planned,Learning-curve test evaluation; never use for checkpoint selection
drone-on-1239739722-stage2-policy_eval-curve_epoch_35,prospective-ten,1239739722,drone,Drone,on,RQ3/RQ4,policy_eval,stage2,curve_epoch_35,experiments_numeric.architecture_2.drone_mcts,hadd-astar,epoch:35:stage2:drone:on:1239739722,,,True,,,,,,,3,4g,6,20G,04:00:00,,VAL,drone-on-1239739722-stage2-train-primary,preselected dependency checkpoint,planned,Learning-curve test evaluation; never use for checkpoint selection
drone-on-1239739722-stage2-policy_eval-curve_epoch_40,prospective-ten,1239739722,drone,Drone,on,RQ3/RQ4,policy_eval,stage2,curve_epoch_40,experiments_numeric.architecture_2.drone_mcts,hadd-astar,epoch:40:stage2:drone:on:1239739722,,,True,,,,,,,3,4g,6,20G,04:00:00,,VAL,drone-on-1239739722-stage2-train-primary,preselected dependency checkpoint,planned,Learning-curve test evaluation; never use for checkpoint selection
drone-on-1239739722-stage2-policy_eval-curve_epoch_45,prospective-ten,1239739722,drone,Drone,on,RQ3/RQ4,policy_eval,stage2,curve_epoch_45,experiments_numeric.architecture_2.drone_mcts,hadd-astar,epoch:45:stage2:drone:on:1239739722,,,True,,,,,,,3,4g,6,20G,04:00:00,,VAL,drone-on-1239739722-stage2-train-primary,preselected dependency checkpoint,planned,Learning-curve test evaluation; never use for checkpoint selection
drone-on-1239739722-stage2-policy_eval-curve_epoch_50,prospective-ten,1239739722,drone,Drone,on,RQ3/RQ4,policy_eval,stage2,curve_epoch_50,experiments_numeric.architecture_2.drone_mcts,hadd-astar,epoch:50:stage2:drone:on:1239739722,,,True,,,,,,,3,4g,6,20G,04:00:00,,VAL,drone-on-1239739722-stage2-train-primary,preselected dependency checkpoint,planned,Learning-curve test evaluation; never use for checkpoint selection
drone-on-1239739722-stage2-policy_eval-curve_epoch_55,prospective-ten,1239739722,drone,Drone,on,RQ3/RQ4,policy_eval,stage2,curve_epoch_55,experiments_numeric.architecture_2.drone_mcts,hadd-astar,epoch:55:stage2:drone:on:1239739722,,,True,,,,,,,3,4g,6,20G,04:00:00,,VAL,drone-on-1239739722-stage2-train-primary,preselected dependency checkpoint,planned,Learning-curve test evaluation; never use for checkpoint selection
drone-on-1239739722-stage2-policy_eval-curve_epoch_60,prospective-ten,1239739722,drone,Drone,on,RQ3/RQ4,policy_eval,stage2,curve_epoch_60,experiments_numeric.architecture_2.drone_mcts,hadd-astar,epoch:60:stage2:drone:on:1239739722,,,True,,,,,,,3,4g,6,20G,04:00:00,,VAL,drone-on-1239739722-stage2-train-primary,preselected dependency checkpoint,planned,Learning-curve test evaluation; never use for checkpoint selection
drone-on-1239739722-stage2-policy_eval-curve_epoch_65,prospective-ten,1239739722,drone,Drone,on,RQ3/RQ4,policy_eval,stage2,curve_epoch_65,experiments_numeric.architecture_2.drone_mcts,hadd-astar,epoch:65:stage2:drone:on:1239739722,,,True,,,,,,,3,4g,6,20G,04:00:00,,VAL,drone-on-1239739722-stage2-train-primary,preselected dependency checkpoint,planned,Learning-curve test evaluation; never use for checkpoint selection
drone-on-1239739722-stage2-policy_eval-curve_epoch_70,prospective-ten,1239739722,drone,Drone,on,RQ3/RQ4,policy_eval,stage2,curve_epoch_70,experiments_numeric.architecture_2.drone_mcts,hadd-astar,epoch:70:stage2:drone:on:1239739722,,,True,,,,,,,3,4g,6,20G,04:00:00,,VAL,drone-on-1239739722-stage2-train-primary,preselected dependency checkpoint,planned,Learning-curve test evaluation; never use for checkpoint selection
drone-on-1239739722-stage2-policy_eval-curve_epoch_75,prospective-ten,1239739722,drone,Drone,on,RQ3/RQ4,policy_eval,stage2,curve_epoch_75,experiments_numeric.architecture_2.drone_mcts,hadd-astar,epoch:75:stage2:drone:on:1239739722,,,True,,,,,,,3,4g,6,20G,04:00:00,,VAL,drone-on-1239739722-stage2-train-primary,preselected dependency checkpoint,planned,Learning-curve test evaluation; never use for checkpoint selection
drone-on-1239739722-stage2-policy_eval-curve_epoch_80,prospective-ten,1239739722,drone,Drone,on,RQ3/RQ4,policy_eval,stage2,curve_epoch_80,experiments_numeric.architecture_2.drone_mcts,hadd-astar,epoch:80:stage2:drone:on:1239739722,,,True,,,,,,,3,4g,6,20G,04:00:00,,VAL,drone-on-1239739722-stage2-train-primary,preselected dependency checkpoint,planned,Learning-curve test evaluation; never use for checkpoint selection
drone-on-1239739722-stage2-policy_eval-curve_epoch_85,prospective-ten,1239739722,drone,Drone,on,RQ3/RQ4,policy_eval,stage2,curve_epoch_85,experiments_numeric.architecture_2.drone_mcts,hadd-astar,epoch:85:stage2:drone:on:1239739722,,,True,,,,,,,3,4g,6,20G,04:00:00,,VAL,drone-on-1239739722-stage2-train-primary,preselected dependency checkpoint,planned,Learning-curve test evaluation; never use for checkpoint selection
drone-on-1239739722-stage2-policy_eval-curve_epoch_90,prospective-ten,1239739722,drone,Drone,on,RQ3/RQ4,policy_eval,stage2,curve_epoch_90,experiments_numeric.architecture_2.drone_mcts,hadd-astar,epoch:90:stage2:drone:on:1239739722,,,True,,,,,,,3,4g,6,20G,04:00:00,,VAL,drone-on-1239739722-stage2-train-primary,preselected dependency checkpoint,planned,Learning-curve test evaluation; never use for checkpoint selection
drone-on-1239739722-stage2-policy_eval-curve_epoch_95,prospective-ten,1239739722,drone,Drone,on,RQ3/RQ4,policy_eval,stage2,curve_epoch_95,experiments_numeric.architecture_2.drone_mcts,hadd-astar,epoch:95:stage2:drone:on:1239739722,,,True,,,,,,,3,4g,6,20G,04:00:00,,VAL,drone-on-1239739722-stage2-train-primary,preselected dependency checkpoint,planned,Learning-curve test evaluation; never use for checkpoint selection
drone-on-1239739722-stage2-policy_eval-curve_epoch_99,prospective-ten,1239739722,drone,Drone,on,RQ3/RQ4,policy_eval,stage2,curve_epoch_99,experiments_numeric.architecture_2.drone_mcts,hadd-astar,epoch:99:stage2:drone:on:1239739722,,,True,,,,,,,3,4g,6,20G,04:00:00,,VAL,drone-on-1239739722-stage2-train-primary,preselected dependency checkpoint,planned,Learning-curve test evaluation; never use for checkpoint selection
drone-on-1472491096-stage2-policy_eval-curve_epoch_00,prospective-ten,1472491096,drone,Drone,on,RQ3/RQ4,policy_eval,stage2,curve_epoch_00,experiments_numeric.architecture_2.drone_mcts,hadd-astar,epoch:0:stage2:drone:on:1472491096,,,True,,,,,,,3,4g,6,20G,04:00:00,,VAL,drone-on-1472491096-stage2-train-primary,preselected dependency checkpoint,planned,Learning-curve test evaluation; never use for checkpoint selection
drone-on-1472491096-stage2-policy_eval-curve_epoch_05,prospective-ten,1472491096,drone,Drone,on,RQ3/RQ4,policy_eval,stage2,curve_epoch_05,experiments_numeric.architecture_2.drone_mcts,hadd-astar,epoch:5:stage2:drone:on:1472491096,,,True,,,,,,,3,4g,6,20G,04:00:00,,VAL,drone-on-1472491096-stage2-train-primary,preselected dependency checkpoint,planned,Learning-curve test evaluation; never use for checkpoint selection
drone-on-1472491096-stage2-policy_eval-curve_epoch_10,prospective-ten,1472491096,drone,Drone,on,RQ3/RQ4,policy_eval,stage2,curve_epoch_10,experiments_numeric.architecture_2.drone_mcts,hadd-astar,epoch:10:stage2:drone:on:1472491096,,,True,,,,,,,3,4g,6,20G,04:00:00,,VAL,drone-on-1472491096-stage2-train-primary,preselected dependency checkpoint,planned,Learning-curve test evaluation; never use for checkpoint selection
drone-on-1472491096-stage2-policy_eval-curve_epoch_15,prospective-ten,1472491096,drone,Drone,on,RQ3/RQ4,policy_eval,stage2,curve_epoch_15,experiments_numeric.architecture_2.drone_mcts,hadd-astar,epoch:15:stage2:drone:on:1472491096,,,True,,,,,,,3,4g,6,20G,04:00:00,,VAL,drone-on-1472491096-stage2-train-primary,preselected dependency checkpoint,planned,Learning-curve test evaluation; never use for checkpoint selection
drone-on-1472491096-stage2-policy_eval-curve_epoch_20,prospective-ten,1472491096,drone,Drone,on,RQ3/RQ4,policy_eval,stage2,curve_epoch_20,experiments_numeric.architecture_2.drone_mcts,hadd-astar,epoch:20:stage2:drone:on:1472491096,,,True,,,,,,,3,4g,6,20G,04:00:00,,VAL,drone-on-1472491096-stage2-train-primary,preselected dependency checkpoint,planned,Learning-curve test evaluation; never use for checkpoint selection
drone-on-1472491096-stage2-policy_eval-curve_epoch_25,prospective-ten,1472491096,drone,Drone,on,RQ3/RQ4,policy_eval,stage2,curve_epoch_25,experiments_numeric.architecture_2.drone_mcts,hadd-astar,epoch:25:stage2:drone:on:1472491096,,,True,,,,,,,3,4g,6,20G,04:00:00,,VAL,drone-on-1472491096-stage2-train-primary,preselected dependency checkpoint,planned,Learning-curve test evaluation; never use for checkpoint selection
drone-on-1472491096-stage2-policy_eval-curve_epoch_30,prospective-ten,1472491096,drone,Drone,on,RQ3/RQ4,policy_eval,stage2,curve_epoch_30,experiments_numeric.architecture_2.drone_mcts,hadd-astar,epoch:30:stage2:drone:on:1472491096,,,True,,,,,,,3,4g,6,20G,04:00:00,,VAL,drone-on-1472491096-stage2-train-primary,preselected dependency checkpoint,planned,Learning-curve test evaluation; never use for checkpoint selection
drone-on-1472491096-stage2-policy_eval-curve_epoch_35,prospective-ten,1472491096,drone,Drone,on,RQ3/RQ4,policy_eval,stage2,curve_epoch_35,experiments_numeric.architecture_2.drone_mcts,hadd-astar,epoch:35:stage2:drone:on:1472491096,,,True,,,,,,,3,4g,6,20G,04:00:00,,VAL,drone-on-1472491096-stage2-train-primary,preselected dependency checkpoint,planned,Learning-curve test evaluation; never use for checkpoint selection
drone-on-1472491096-stage2-policy_eval-curve_epoch_40,prospective-ten,1472491096,drone,Drone,on,RQ3/RQ4,policy_eval,stage2,curve_epoch_40,experiments_numeric.architecture_2.drone_mcts,hadd-astar,epoch:40:stage2:drone:on:1472491096,,,True,,,,,,,3,4g,6,20G,04:00:00,,VAL,drone-on-1472491096-stage2-train-primary,preselected dependency checkpoint,planned,Learning-curve test evaluation; never use for checkpoint selection
drone-on-1472491096-stage2-policy_eval-curve_epoch_45,prospective-ten,1472491096,drone,Drone,on,RQ3/RQ4,policy_eval,stage2,curve_epoch_45,experiments_numeric.architecture_2.drone_mcts,hadd-astar,epoch:45:stage2:drone:on:1472491096,,,True,,,,,,,3,4g,6,20G,04:00:00,,VAL,drone-on-1472491096-stage2-train-primary,preselected dependency checkpoint,planned,Learning-curve test evaluation; never use for checkpoint selection
drone-on-1472491096-stage2-policy_eval-curve_epoch_50,prospective-ten,1472491096,drone,Drone,on,RQ3/RQ4,policy_eval,stage2,curve_epoch_50,experiments_numeric.architecture_2.drone_mcts,hadd-astar,epoch:50:stage2:drone:on:1472491096,,,True,,,,,,,3,4g,6,20G,04:00:00,,VAL,drone-on-1472491096-stage2-train-primary,preselected dependency checkpoint,planned,Learning-curve test evaluation; never use for checkpoint selection
drone-on-1472491096-stage2-policy_eval-curve_epoch_55,prospective-ten,1472491096,drone,Drone,on,RQ3/RQ4,policy_eval,stage2,curve_epoch_55,experiments_numeric.architecture_2.drone_mcts,hadd-astar,epoch:55:stage2:drone:on:1472491096,,,True,,,,,,,3,4g,6,20G,04:00:00,,VAL,drone-on-1472491096-stage2-train-primary,preselected dependency checkpoint,planned,Learning-curve test evaluation; never use for checkpoint selection
drone-on-1472491096-stage2-policy_eval-curve_epoch_60,prospective-ten,1472491096,drone,Drone,on,RQ3/RQ4,policy_eval,stage2,curve_epoch_60,experiments_numeric.architecture_2.drone_mcts,hadd-astar,epoch:60:stage2:drone:on:1472491096,,,True,,,,,,,3,4g,6,20G,04:00:00,,VAL,drone-on-1472491096-stage2-train-primary,preselected dependency checkpoint,planned,Learning-curve test evaluation; never use for checkpoint selection
drone-on-1472491096-stage2-policy_eval-curve_epoch_65,prospective-ten,1472491096,drone,Drone,on,RQ3/RQ4,policy_eval,stage2,curve_epoch_65,experiments_numeric.architecture_2.drone_mcts,hadd-astar,epoch:65:stage2:drone:on:1472491096,,,True,,,,,,,3,4g,6,20G,04:00:00,,VAL,drone-on-1472491096-stage2-train-primary,preselected dependency checkpoint,planned,Learning-curve test evaluation; never use for checkpoint selection
drone-on-1472491096-stage2-policy_eval-curve_epoch_70,prospective-ten,1472491096,drone,Drone,on,RQ3/RQ4,policy_eval,stage2,curve_epoch_70,experiments_numeric.architecture_2.drone_mcts,hadd-astar,epoch:70:stage2:drone:on:1472491096,,,True,,,,,,,3,4g,6,20G,04:00:00,,VAL,drone-on-1472491096-stage2-train-primary,preselected dependency checkpoint,planned,Learning-curve test evaluation; never use for checkpoint selection
drone-on-1472491096-stage2-policy_eval-curve_epoch_75,prospective-ten,1472491096,drone,Drone,on,RQ3/RQ4,policy_eval,stage2,curve_epoch_75,experiments_numeric.architecture_2.drone_mcts,hadd-astar,epoch:75:stage2:drone:on:1472491096,,,True,,,,,,,3,4g,6,20G,04:00:00,,VAL,drone-on-1472491096-stage2-train-primary,preselected dependency checkpoint,planned,Learning-curve test evaluation; never use for checkpoint selection
drone-on-1472491096-stage2-policy_eval-curve_epoch_80,prospective-ten,1472491096,drone,Drone,on,RQ3/RQ4,policy_eval,stage2,curve_epoch_80,experiments_numeric.architecture_2.drone_mcts,hadd-astar,epoch:80:stage2:drone:on:1472491096,,,True,,,,,,,3,4g,6,20G,04:00:00,,VAL,drone-on-1472491096-stage2-train-primary,preselected dependency checkpoint,planned,Learning-curve test evaluation; never use for checkpoint selection
drone-on-1472491096-stage2-policy_eval-curve_epoch_85,prospective-ten,1472491096,drone,Drone,on,RQ3/RQ4,policy_eval,stage2,curve_epoch_85,experiments_numeric.architecture_2.drone_mcts,hadd-astar,epoch:85:stage2:drone:on:1472491096,,,True,,,,,,,3,4g,6,20G,04:00:00,,VAL,drone-on-1472491096-stage2-train-primary,preselected dependency checkpoint,planned,Learning-curve test evaluation; never use for checkpoint selection
drone-on-1472491096-stage2-policy_eval-curve_epoch_90,prospective-ten,1472491096,drone,Drone,on,RQ3/RQ4,policy_eval,stage2,curve_epoch_90,experiments_numeric.architecture_2.drone_mcts,hadd-astar,epoch:90:stage2:drone:on:1472491096,,,True,,,,,,,3,4g,6,20G,04:00:00,,VAL,drone-on-1472491096-stage2-train-primary,preselected dependency checkpoint,planned,Learning-curve test evaluation; never use for checkpoint selection
drone-on-1472491096-stage2-policy_eval-curve_epoch_95,prospective-ten,1472491096,drone,Drone,on,RQ3/RQ4,policy_eval,stage2,curve_epoch_95,experiments_numeric.architecture_2.drone_mcts,hadd-astar,epoch:95:stage2:drone:on:1472491096,,,True,,,,,,,3,4g,6,20G,04:00:00,,VAL,drone-on-1472491096-stage2-train-primary,preselected dependency checkpoint,planned,Learning-curve test evaluation; never use for checkpoint selection
drone-on-1472491096-stage2-policy_eval-curve_epoch_99,prospective-ten,1472491096,drone,Drone,on,RQ3/RQ4,policy_eval,stage2,curve_epoch_99,experiments_numeric.architecture_2.drone_mcts,hadd-astar,epoch:99:stage2:drone:on:1472491096,,,True,,,,,,,3,4g,6,20G,04:00:00,,VAL,drone-on-1472491096-stage2-train-primary,preselected dependency checkpoint,planned,Learning-curve test evaluation; never use for checkpoint selection
drone-on-534933607-stage2-policy_eval-curve_epoch_00,prospective-ten,534933607,drone,Drone,on,RQ3/RQ4,policy_eval,stage2,curve_epoch_00,experiments_numeric.architecture_2.drone_mcts,hadd-astar,epoch:0:stage2:drone:on:534933607,,,True,,,,,,,3,4g,6,20G,04:00:00,,VAL,drone-on-534933607-stage2-train-primary,preselected dependency checkpoint,planned,Learning-curve test evaluation; never use for checkpoint selection
drone-on-534933607-stage2-policy_eval-curve_epoch_05,prospective-ten,534933607,drone,Drone,on,RQ3/RQ4,policy_eval,stage2,curve_epoch_05,experiments_numeric.architecture_2.drone_mcts,hadd-astar,epoch:5:stage2:drone:on:534933607,,,True,,,,,,,3,4g,6,20G,04:00:00,,VAL,drone-on-534933607-stage2-train-primary,preselected dependency checkpoint,planned,Learning-curve test evaluation; never use for checkpoint selection
drone-on-534933607-stage2-policy_eval-curve_epoch_10,prospective-ten,534933607,drone,Drone,on,RQ3/RQ4,policy_eval,stage2,curve_epoch_10,experiments_numeric.architecture_2.drone_mcts,hadd-astar,epoch:10:stage2:drone:on:534933607,,,True,,,,,,,3,4g,6,20G,04:00:00,,VAL,drone-on-534933607-stage2-train-primary,preselected dependency checkpoint,planned,Learning-curve test evaluation; never use for checkpoint selection
drone-on-534933607-stage2-policy_eval-curve_epoch_15,prospective-ten,534933607,drone,Drone,on,RQ3/RQ4,policy_eval,stage2,curve_epoch_15,experiments_numeric.architecture_2.drone_mcts,hadd-astar,epoch:15:stage2:drone:on:534933607,,,True,,,,,,,3,4g,6,20G,04:00:00,,VAL,drone-on-534933607-stage2-train-primary,preselected dependency checkpoint,planned,Learning-curve test evaluation; never use for checkpoint selection
drone-on-534933607-stage2-policy_eval-curve_epoch_20,prospective-ten,534933607,drone,Drone,on,RQ3/RQ4,policy_eval,stage2,curve_epoch_20,experiments_numeric.architecture_2.drone_mcts,hadd-astar,epoch:20:stage2:drone:on:534933607,,,True,,,,,,,3,4g,6,20G,04:00:00,,VAL,drone-on-534933607-stage2-train-primary,preselected dependency checkpoint,planned,Learning-curve test evaluation; never use for checkpoint selection
drone-on-534933607-stage2-policy_eval-curve_epoch_25,prospective-ten,534933607,drone,Drone,on,RQ3/RQ4,policy_eval,stage2,curve_epoch_25,experiments_numeric.architecture_2.drone_mcts,hadd-astar,epoch:25:stage2:drone:on:534933607,,,True,,,,,,,3,4g,6,20G,04:00:00,,VAL,drone-on-534933607-stage2-train-primary,preselected dependency checkpoint,planned,Learning-curve test evaluation; never use for checkpoint selection
drone-on-534933607-stage2-policy_eval-curve_epoch_30,prospective-ten,534933607,drone,Drone,on,RQ3/RQ4,policy_eval,stage2,curve_epoch_30,experiments_numeric.architecture_2.drone_mcts,hadd-astar,epoch:30:stage2:drone:on:534933607,,,True,,,,,,,3,4g,6,20G,04:00:00,,VAL,drone-on-534933607-stage2-train-primary,preselected dependency checkpoint,planned,Learning-curve test evaluation; never use for checkpoint selection
drone-on-534933607-stage2-policy_eval-curve_epoch_35,prospective-ten,534933607,drone,Drone,on,RQ3/RQ4,policy_eval,stage2,curve_epoch_35,experiments_numeric.architecture_2.drone_mcts,hadd-astar,epoch:35:stage2:drone:on:534933607,,,True,,,,,,,3,4g,6,20G,04:00:00,,VAL,drone-on-534933607-stage2-train-primary,preselected dependency checkpoint,planned,Learning-curve test evaluation; never use for checkpoint selection
drone-on-534933607-stage2-policy_eval-curve_epoch_40,prospective-ten,534933607,drone,Drone,on,RQ3/RQ4,policy_eval,stage2,curve_epoch_40,experiments_numeric.architecture_2.drone_mcts,hadd-astar,epoch:40:stage2:drone:on:534933607,,,True,,,,,,,3,4g,6,20G,04:00:00,,VAL,drone-on-534933607-stage2-train-primary,preselected dependency checkpoint,planned,Learning-curve test evaluation; never use for checkpoint selection
drone-on-534933607-stage2-policy_eval-curve_epoch_45,prospective-ten,534933607,drone,Drone,on,RQ3/RQ4,policy_eval,stage2,curve_epoch_45,experiments_numeric.architecture_2.drone_mcts,hadd-astar,epoch:45:stage2:drone:on:534933607,,,True,,,,,,,3,4g,6,20G,04:00:00,,VAL,drone-on-534933607-stage2-train-primary,preselected dependency checkpoint,planned,Learning-curve test evaluation; never use for checkpoint selection
drone-on-534933607-stage2-policy_eval-curve_epoch_50,prospective-ten,534933607,drone,Drone,on,RQ3/RQ4,policy_eval,stage2,curve_epoch_50,experiments_numeric.architecture_2.drone_mcts,hadd-astar,epoch:50:stage2:drone:on:534933607,,,True,,,,,,,3,4g,6,20G,04:00:00,,VAL,drone-on-534933607-stage2-train-primary,preselected dependency checkpoint,planned,Learning-curve test evaluation; never use for checkpoint selection
drone-on-534933607-stage2-policy_eval-curve_epoch_55,prospective-ten,534933607,drone,Drone,on,RQ3/RQ4,policy_eval,stage2,curve_epoch_55,experiments_numeric.architecture_2.drone_mcts,hadd-astar,epoch:55:stage2:drone:on:534933607,,,True,,,,,,,3,4g,6,20G,04:00:00,,VAL,drone-on-534933607-stage2-train-primary,preselected dependency checkpoint,planned,Learning-curve test evaluation; never use for checkpoint selection
drone-on-534933607-stage2-policy_eval-curve_epoch_60,prospective-ten,534933607,drone,Drone,on,RQ3/RQ4,policy_eval,stage2,curve_epoch_60,experiments_numeric.architecture_2.drone_mcts,hadd-astar,epoch:60:stage2:drone:on:534933607,,,True,,,,,,,3,4g,6,20G,04:00:00,,VAL,drone-on-534933607-stage2-train-primary,preselected dependency checkpoint,planned,Learning-curve test evaluation; never use for checkpoint selection
drone-on-534933607-stage2-policy_eval-curve_epoch_65,prospective-ten,534933607,drone,Drone,on,RQ3/RQ4,policy_eval,stage2,curve_epoch_65,experiments_numeric.architecture_2.drone_mcts,hadd-astar,epoch:65:stage2:drone:on:534933607,,,True,,,,,,,3,4g,6,20G,04:00:00,,VAL,drone-on-534933607-stage2-train-primary,preselected dependency checkpoint,planned,Learning-curve test evaluation; never use for checkpoint selection
drone-on-534933607-stage2-policy_eval-curve_epoch_70,prospective-ten,534933607,drone,Drone,on,RQ3/RQ4,policy_eval,stage2,curve_epoch_70,experiments_numeric.architecture_2.drone_mcts,hadd-astar,epoch:70:stage2:drone:on:534933607,,,True,,,,,,,3,4g,6,20G,04:00:00,,VAL,drone-on-534933607-stage2-train-primary,preselected dependency checkpoint,planned,Learning-curve test evaluation; never use for checkpoint selection
drone-on-534933607-stage2-policy_eval-curve_epoch_75,prospective-ten,534933607,drone,Drone,on,RQ3/RQ4,policy_eval,stage2,curve_epoch_75,experiments_numeric.architecture_2.drone_mcts,hadd-astar,epoch:75:stage2:drone:on:534933607,,,True,,,,,,,3,4g,6,20G,04:00:00,,VAL,drone-on-534933607-stage2-train-primary,preselected dependency checkpoint,planned,Learning-curve test evaluation; never use for checkpoint selection
drone-on-534933607-stage2-policy_eval-curve_epoch_80,prospective-ten,534933607,drone,Drone,on,RQ3/RQ4,policy_eval,stage2,curve_epoch_80,experiments_numeric.architecture_2.drone_mcts,hadd-astar,epoch:80:stage2:drone:on:534933607,,,True,,,,,,,3,4g,6,20G,04:00:00,,VAL,drone-on-534933607-stage2-train-primary,preselected dependency checkpoint,planned,Learning-curve test evaluation; never use for checkpoint selection
drone-on-534933607-stage2-policy_eval-curve_epoch_85,prospective-ten,534933607,drone,Drone,on,RQ3/RQ4,policy_eval,stage2,curve_epoch_85,experiments_numeric.architecture_2.drone_mcts,hadd-astar,epoch:85:stage2:drone:on:534933607,,,True,,,,,,,3,4g,6,20G,04:00:00,,VAL,drone-on-534933607-stage2-train-primary,preselected dependency checkpoint,planned,Learning-curve test evaluation; never use for checkpoint selection
drone-on-534933607-stage2-policy_eval-curve_epoch_90,prospective-ten,534933607,drone,Drone,on,RQ3/RQ4,policy_eval,stage2,curve_epoch_90,experiments_numeric.architecture_2.drone_mcts,hadd-astar,epoch:90:stage2:drone:on:534933607,,,True,,,,,,,3,4g,6,20G,04:00:00,,VAL,drone-on-534933607-stage2-train-primary,preselected dependency checkpoint,planned,Learning-curve test evaluation; never use for checkpoint selection
drone-on-534933607-stage2-policy_eval-curve_epoch_95,prospective-ten,534933607,drone,Drone,on,RQ3/RQ4,policy_eval,stage2,curve_epoch_95,experiments_numeric.architecture_2.drone_mcts,hadd-astar,epoch:95:stage2:drone:on:534933607,,,True,,,,,,,3,4g,6,20G,04:00:00,,VAL,drone-on-534933607-stage2-train-primary,preselected dependency checkpoint,planned,Learning-curve test evaluation; never use for checkpoint selection
drone-on-534933607-stage2-policy_eval-curve_epoch_99,prospective-ten,534933607,drone,Drone,on,RQ3/RQ4,policy_eval,stage2,curve_epoch_99,experiments_numeric.architecture_2.drone_mcts,hadd-astar,epoch:99:stage2:drone:on:534933607,,,True,,,,,,,3,4g,6,20G,04:00:00,,VAL,drone-on-534933607-stage2-train-primary,preselected dependency checkpoint,planned,Learning-curve test evaluation; never use for checkpoint selection
drone-on-2082152039-stage2-policy_eval-curve_epoch_00,prospective-ten,2082152039,drone,Drone,on,RQ3/RQ4,policy_eval,stage2,curve_epoch_00,experiments_numeric.architecture_2.drone_mcts,hadd-astar,epoch:0:stage2:drone:on:2082152039,,,True,,,,,,,3,4g,6,20G,04:00:00,,VAL,drone-on-2082152039-stage2-train-primary,preselected dependency checkpoint,planned,Learning-curve test evaluation; never use for checkpoint selection
drone-on-2082152039-stage2-policy_eval-curve_epoch_05,prospective-ten,2082152039,drone,Drone,on,RQ3/RQ4,policy_eval,stage2,curve_epoch_05,experiments_numeric.architecture_2.drone_mcts,hadd-astar,epoch:5:stage2:drone:on:2082152039,,,True,,,,,,,3,4g,6,20G,04:00:00,,VAL,drone-on-2082152039-stage2-train-primary,preselected dependency checkpoint,planned,Learning-curve test evaluation; never use for checkpoint selection
drone-on-2082152039-stage2-policy_eval-curve_epoch_10,prospective-ten,2082152039,drone,Drone,on,RQ3/RQ4,policy_eval,stage2,curve_epoch_10,experiments_numeric.architecture_2.drone_mcts,hadd-astar,epoch:10:stage2:drone:on:2082152039,,,True,,,,,,,3,4g,6,20G,04:00:00,,VAL,drone-on-2082152039-stage2-train-primary,preselected dependency checkpoint,planned,Learning-curve test evaluation; never use for checkpoint selection
drone-on-2082152039-stage2-policy_eval-curve_epoch_15,prospective-ten,2082152039,drone,Drone,on,RQ3/RQ4,policy_eval,stage2,curve_epoch_15,experiments_numeric.architecture_2.drone_mcts,hadd-astar,epoch:15:stage2:drone:on:2082152039,,,True,,,,,,,3,4g,6,20G,04:00:00,,VAL,drone-on-2082152039-stage2-train-primary,preselected dependency checkpoint,planned,Learning-curve test evaluation; never use for checkpoint selection
drone-on-2082152039-stage2-policy_eval-curve_epoch_20,prospective-ten,2082152039,drone,Drone,on,RQ3/RQ4,policy_eval,stage2,curve_epoch_20,experiments_numeric.architecture_2.drone_mcts,hadd-astar,epoch:20:stage2:drone:on:2082152039,,,True,,,,,,,3,4g,6,20G,04:00:00,,VAL,drone-on-2082152039-stage2-train-primary,preselected dependency checkpoint,planned,Learning-curve test evaluation; never use for checkpoint selection
drone-on-2082152039-stage2-policy_eval-curve_epoch_25,prospective-ten,2082152039,drone,Drone,on,RQ3/RQ4,policy_eval,stage2,curve_epoch_25,experiments_numeric.architecture_2.drone_mcts,hadd-astar,epoch:25:stage2:drone:on:2082152039,,,True,,,,,,,3,4g,6,20G,04:00:00,,VAL,drone-on-2082152039-stage2-train-primary,preselected dependency checkpoint,planned,Learning-curve test evaluation; never use for checkpoint selection
drone-on-2082152039-stage2-policy_eval-curve_epoch_30,prospective-ten,2082152039,drone,Drone,on,RQ3/RQ4,policy_eval,stage2,curve_epoch_30,experiments_numeric.architecture_2.drone_mcts,hadd-astar,epoch:30:stage2:drone:on:2082152039,,,True,,,,,,,3,4g,6,20G,04:00:00,,VAL,drone-on-2082152039-stage2-train-primary,preselected dependency checkpoint,planned,Learning-curve test evaluation; never use for checkpoint selection
drone-on-2082152039-stage2-policy_eval-curve_epoch_35,prospective-ten,2082152039,drone,Drone,on,RQ3/RQ4,policy_eval,stage2,curve_epoch_35,experiments_numeric.architecture_2.drone_mcts,hadd-astar,epoch:35:stage2:drone:on:2082152039,,,True,,,,,,,3,4g,6,20G,04:00:00,,VAL,drone-on-2082152039-stage2-train-primary,preselected dependency checkpoint,planned,Learning-curve test evaluation; never use for checkpoint selection
drone-on-2082152039-stage2-policy_eval-curve_epoch_40,prospective-ten,2082152039,drone,Drone,on,RQ3/RQ4,policy_eval,stage2,curve_epoch_40,experiments_numeric.architecture_2.drone_mcts,hadd-astar,epoch:40:stage2:drone:on:2082152039,,,True,,,,,,,3,4g,6,20G,04:00:00,,VAL,drone-on-2082152039-stage2-train-primary,preselected dependency checkpoint,planned,Learning-curve test evaluation; never use for checkpoint selection
drone-on-2082152039-stage2-policy_eval-curve_epoch_45,prospective-ten,2082152039,drone,Drone,on,RQ3/RQ4,policy_eval,stage2,curve_epoch_45,experiments_numeric.architecture_2.drone_mcts,hadd-astar,epoch:45:stage2:drone:on:2082152039,,,True,,,,,,,3,4g,6,20G,04:00:00,,VAL,drone-on-2082152039-stage2-train-primary,preselected dependency checkpoint,planned,Learning-curve test evaluation; never use for checkpoint selection
drone-on-2082152039-stage2-policy_eval-curve_epoch_50,prospective-ten,2082152039,drone,Drone,on,RQ3/RQ4,policy_eval,stage2,curve_epoch_50,experiments_numeric.architecture_2.drone_mcts,hadd-astar,epoch:50:stage2:drone:on:2082152039,,,True,,,,,,,3,4g,6,20G,04:00:00,,VAL,drone-on-2082152039-stage2-train-primary,preselected dependency checkpoint,planned,Learning-curve test evaluation; never use for checkpoint selection
drone-on-2082152039-stage2-policy_eval-curve_epoch_55,prospective-ten,2082152039,drone,Drone,on,RQ3/RQ4,policy_eval,stage2,curve_epoch_55,experiments_numeric.architecture_2.drone_mcts,hadd-astar,epoch:55:stage2:drone:on:2082152039,,,True,,,,,,,3,4g,6,20G,04:00:00,,VAL,drone-on-2082152039-stage2-train-primary,preselected dependency checkpoint,planned,Learning-curve test evaluation; never use for checkpoint selection
drone-on-2082152039-stage2-policy_eval-curve_epoch_60,prospective-ten,2082152039,drone,Drone,on,RQ3/RQ4,policy_eval,stage2,curve_epoch_60,experiments_numeric.architecture_2.drone_mcts,hadd-astar,epoch:60:stage2:drone:on:2082152039,,,True,,,,,,,3,4g,6,20G,04:00:00,,VAL,drone-on-2082152039-stage2-train-primary,preselected dependency checkpoint,planned,Learning-curve test evaluation; never use for checkpoint selection
drone-on-2082152039-stage2-policy_eval-curve_epoch_65,prospective-ten,2082152039,drone,Drone,on,RQ3/RQ4,policy_eval,stage2,curve_epoch_65,experiments_numeric.architecture_2.drone_mcts,hadd-astar,epoch:65:stage2:drone:on:2082152039,,,True,,,,,,,3,4g,6,20G,04:00:00,,VAL,drone-on-2082152039-stage2-train-primary,preselected dependency checkpoint,planned,Learning-curve test evaluation; never use for checkpoint selection
drone-on-2082152039-stage2-policy_eval-curve_epoch_70,prospective-ten,2082152039,drone,Drone,on,RQ3/RQ4,policy_eval,stage2,curve_epoch_70,experiments_numeric.architecture_2.drone_mcts,hadd-astar,epoch:70:stage2:drone:on:2082152039,,,True,,,,,,,3,4g,6,20G,04:00:00,,VAL,drone-on-2082152039-stage2-train-primary,preselected dependency checkpoint,planned,Learning-curve test evaluation; never use for checkpoint selection
drone-on-2082152039-stage2-policy_eval-curve_epoch_75,prospective-ten,2082152039,drone,Drone,on,RQ3/RQ4,policy_eval,stage2,curve_epoch_75,experiments_numeric.architecture_2.drone_mcts,hadd-astar,epoch:75:stage2:drone:on:2082152039,,,True,,,,,,,3,4g,6,20G,04:00:00,,VAL,drone-on-2082152039-stage2-train-primary,preselected dependency checkpoint,planned,Learning-curve test evaluation; never use for checkpoint selection
drone-on-2082152039-stage2-policy_eval-curve_epoch_80,prospective-ten,2082152039,drone,Drone,on,RQ3/RQ4,policy_eval,stage2,curve_epoch_80,experiments_numeric.architecture_2.drone_mcts,hadd-astar,epoch:80:stage2:drone:on:2082152039,,,True,,,,,,,3,4g,6,20G,04:00:00,,VAL,drone-on-2082152039-stage2-train-primary,preselected dependency checkpoint,planned,Learning-curve test evaluation; never use for checkpoint selection
drone-on-2082152039-stage2-policy_eval-curve_epoch_85,prospective-ten,2082152039,drone,Drone,on,RQ3/RQ4,policy_eval,stage2,curve_epoch_85,experiments_numeric.architecture_2.drone_mcts,hadd-astar,epoch:85:stage2:drone:on:2082152039,,,True,,,,,,,3,4g,6,20G,04:00:00,,VAL,drone-on-2082152039-stage2-train-primary,preselected dependency checkpoint,planned,Learning-curve test evaluation; never use for checkpoint selection
drone-on-2082152039-stage2-policy_eval-curve_epoch_90,prospective-ten,2082152039,drone,Drone,on,RQ3/RQ4,policy_eval,stage2,curve_epoch_90,experiments_numeric.architecture_2.drone_mcts,hadd-astar,epoch:90:stage2:drone:on:2082152039,,,True,,,,,,,3,4g,6,20G,04:00:00,,VAL,drone-on-2082152039-stage2-train-primary,preselected dependency checkpoint,planned,Learning-curve test evaluation; never use for checkpoint selection
drone-on-2082152039-stage2-policy_eval-curve_epoch_95,prospective-ten,2082152039,drone,Drone,on,RQ3/RQ4,policy_eval,stage2,curve_epoch_95,experiments_numeric.architecture_2.drone_mcts,hadd-astar,epoch:95:stage2:drone:on:2082152039,,,True,,,,,,,3,4g,6,20G,04:00:00,,VAL,drone-on-2082152039-stage2-train-primary,preselected dependency checkpoint,planned,Learning-curve test evaluation; never use for checkpoint selection
drone-on-2082152039-stage2-policy_eval-curve_epoch_99,prospective-ten,2082152039,drone,Drone,on,RQ3/RQ4,policy_eval,stage2,curve_epoch_99,experiments_numeric.architecture_2.drone_mcts,hadd-astar,epoch:99:stage2:drone:on:2082152039,,,True,,,,,,,3,4g,6,20G,04:00:00,,VAL,drone-on-2082152039-stage2-train-primary,preselected dependency checkpoint,planned,Learning-curve test evaluation; never use for checkpoint selection
drone-on-1510771779-stage2-policy_eval-curve_epoch_00,prospective-ten,1510771779,drone,Drone,on,RQ3/RQ4,policy_eval,stage2,curve_epoch_00,experiments_numeric.architecture_2.drone_mcts,hadd-astar,epoch:0:stage2:drone:on:1510771779,,,True,,,,,,,3,4g,6,20G,04:00:00,,VAL,drone-on-1510771779-stage2-train-primary,preselected dependency checkpoint,planned,Learning-curve test evaluation; never use for checkpoint selection
drone-on-1510771779-stage2-policy_eval-curve_epoch_05,prospective-ten,1510771779,drone,Drone,on,RQ3/RQ4,policy_eval,stage2,curve_epoch_05,experiments_numeric.architecture_2.drone_mcts,hadd-astar,epoch:5:stage2:drone:on:1510771779,,,True,,,,,,,3,4g,6,20G,04:00:00,,VAL,drone-on-1510771779-stage2-train-primary,preselected dependency checkpoint,planned,Learning-curve test evaluation; never use for checkpoint selection
drone-on-1510771779-stage2-policy_eval-curve_epoch_10,prospective-ten,1510771779,drone,Drone,on,RQ3/RQ4,policy_eval,stage2,curve_epoch_10,experiments_numeric.architecture_2.drone_mcts,hadd-astar,epoch:10:stage2:drone:on:1510771779,,,True,,,,,,,3,4g,6,20G,04:00:00,,VAL,drone-on-1510771779-stage2-train-primary,preselected dependency checkpoint,planned,Learning-curve test evaluation; never use for checkpoint selection
drone-on-1510771779-stage2-policy_eval-curve_epoch_15,prospective-ten,1510771779,drone,Drone,on,RQ3/RQ4,policy_eval,stage2,curve_epoch_15,experiments_numeric.architecture_2.drone_mcts,hadd-astar,epoch:15:stage2:drone:on:1510771779,,,True,,,,,,,3,4g,6,20G,04:00:00,,VAL,drone-on-1510771779-stage2-train-primary,preselected dependency checkpoint,planned,Learning-curve test evaluation; never use for checkpoint selection
drone-on-1510771779-stage2-policy_eval-curve_epoch_20,prospective-ten,1510771779,drone,Drone,on,RQ3/RQ4,policy_eval,stage2,curve_epoch_20,experiments_numeric.architecture_2.drone_mcts,hadd-astar,epoch:20:stage2:drone:on:1510771779,,,True,,,,,,,3,4g,6,20G,04:00:00,,VAL,drone-on-1510771779-stage2-train-primary,preselected dependency checkpoint,planned,Learning-curve test evaluation; never use for checkpoint selection
drone-on-1510771779-stage2-policy_eval-curve_epoch_25,prospective-ten,1510771779,drone,Drone,on,RQ3/RQ4,policy_eval,stage2,curve_epoch_25,experiments_numeric.architecture_2.drone_mcts,hadd-astar,epoch:25:stage2:drone:on:1510771779,,,True,,,,,,,3,4g,6,20G,04:00:00,,VAL,drone-on-1510771779-stage2-train-primary,preselected dependency checkpoint,planned,Learning-curve test evaluation; never use for checkpoint selection
drone-on-1510771779-stage2-policy_eval-curve_epoch_30,prospective-ten,1510771779,drone,Drone,on,RQ3/RQ4,policy_eval,stage2,curve_epoch_30,experiments_numeric.architecture_2.drone_mcts,hadd-astar,epoch:30:stage2:drone:on:1510771779,,,True,,,,,,,3,4g,6,20G,04:00:00,,VAL,drone-on-1510771779-stage2-train-primary,preselected dependency checkpoint,planned,Learning-curve test evaluation; never use for checkpoint selection
drone-on-1510771779-stage2-policy_eval-curve_epoch_35,prospective-ten,1510771779,drone,Drone,on,RQ3/RQ4,policy_eval,stage2,curve_epoch_35,experiments_numeric.architecture_2.drone_mcts,hadd-astar,epoch:35:stage2:drone:on:1510771779,,,True,,,,,,,3,4g,6,20G,04:00:00,,VAL,drone-on-1510771779-stage2-train-primary,preselected dependency checkpoint,planned,Learning-curve test evaluation; never use for checkpoint selection
drone-on-1510771779-stage2-policy_eval-curve_epoch_40,prospective-ten,1510771779,drone,Drone,on,RQ3/RQ4,policy_eval,stage2,curve_epoch_40,experiments_numeric.architecture_2.drone_mcts,hadd-astar,epoch:40:stage2:drone:on:1510771779,,,True,,,,,,,3,4g,6,20G,04:00:00,,VAL,drone-on-1510771779-stage2-train-primary,preselected dependency checkpoint,planned,Learning-curve test evaluation; never use for checkpoint selection
drone-on-1510771779-stage2-policy_eval-curve_epoch_45,prospective-ten,1510771779,drone,Drone,on,RQ3/RQ4,policy_eval,stage2,curve_epoch_45,experiments_numeric.architecture_2.drone_mcts,hadd-astar,epoch:45:stage2:drone:on:1510771779,,,True,,,,,,,3,4g,6,20G,04:00:00,,VAL,drone-on-1510771779-stage2-train-primary,preselected dependency checkpoint,planned,Learning-curve test evaluation; never use for checkpoint selection
drone-on-1510771779-stage2-policy_eval-curve_epoch_50,prospective-ten,1510771779,drone,Drone,on,RQ3/RQ4,policy_eval,stage2,curve_epoch_50,experiments_numeric.architecture_2.drone_mcts,hadd-astar,epoch:50:stage2:drone:on:1510771779,,,True,,,,,,,3,4g,6,20G,04:00:00,,VAL,drone-on-1510771779-stage2-train-primary,preselected dependency checkpoint,planned,Learning-curve test evaluation; never use for checkpoint selection
drone-on-1510771779-stage2-policy_eval-curve_epoch_55,prospective-ten,1510771779,drone,Drone,on,RQ3/RQ4,policy_eval,stage2,curve_epoch_55,experiments_numeric.architecture_2.drone_mcts,hadd-astar,epoch:55:stage2:drone:on:1510771779,,,True,,,,,,,3,4g,6,20G,04:00:00,,VAL,drone-on-1510771779-stage2-train-primary,preselected dependency checkpoint,planned,Learning-curve test evaluation; never use for checkpoint selection
drone-on-1510771779-stage2-policy_eval-curve_epoch_60,prospective-ten,1510771779,drone,Drone,on,RQ3/RQ4,policy_eval,stage2,curve_epoch_60,experiments_numeric.architecture_2.drone_mcts,hadd-astar,epoch:60:stage2:drone:on:1510771779,,,True,,,,,,,3,4g,6,20G,04:00:00,,VAL,drone-on-1510771779-stage2-train-primary,preselected dependency checkpoint,planned,Learning-curve test evaluation; never use for checkpoint selection
drone-on-1510771779-stage2-policy_eval-curve_epoch_65,prospective-ten,1510771779,drone,Drone,on,RQ3/RQ4,policy_eval,stage2,curve_epoch_65,experiments_numeric.architecture_2.drone_mcts,hadd-astar,epoch:65:stage2:drone:on:1510771779,,,True,,,,,,,3,4g,6,20G,04:00:00,,VAL,drone-on-1510771779-stage2-train-primary,preselected dependency checkpoint,planned,Learning-curve test evaluation; never use for checkpoint selection
drone-on-1510771779-stage2-policy_eval-curve_epoch_70,prospective-ten,1510771779,drone,Drone,on,RQ3/RQ4,policy_eval,stage2,curve_epoch_70,experiments_numeric.architecture_2.drone_mcts,hadd-astar,epoch:70:stage2:drone:on:1510771779,,,True,,,,,,,3,4g,6,20G,04:00:00,,VAL,drone-on-1510771779-stage2-train-primary,preselected dependency checkpoint,planned,Learning-curve test evaluation; never use for checkpoint selection
drone-on-1510771779-stage2-policy_eval-curve_epoch_75,prospective-ten,1510771779,drone,Drone,on,RQ3/RQ4,policy_eval,stage2,curve_epoch_75,experiments_numeric.architecture_2.drone_mcts,hadd-astar,epoch:75:stage2:drone:on:1510771779,,,True,,,,,,,3,4g,6,20G,04:00:00,,VAL,drone-on-1510771779-stage2-train-primary,preselected dependency checkpoint,planned,Learning-curve test evaluation; never use for checkpoint selection
drone-on-1510771779-stage2-policy_eval-curve_epoch_80,prospective-ten,1510771779,drone,Drone,on,RQ3/RQ4,policy_eval,stage2,curve_epoch_80,experiments_numeric.architecture_2.drone_mcts,hadd-astar,epoch:80:stage2:drone:on:1510771779,,,True,,,,,,,3,4g,6,20G,04:00:00,,VAL,drone-on-1510771779-stage2-train-primary,preselected dependency checkpoint,planned,Learning-curve test evaluation; never use for checkpoint selection
drone-on-1510771779-stage2-policy_eval-curve_epoch_85,prospective-ten,1510771779,drone,Drone,on,RQ3/RQ4,policy_eval,stage2,curve_epoch_85,experiments_numeric.architecture_2.drone_mcts,hadd-astar,epoch:85:stage2:drone:on:1510771779,,,True,,,,,,,3,4g,6,20G,04:00:00,,VAL,drone-on-1510771779-stage2-train-primary,preselected dependency checkpoint,planned,Learning-curve test evaluation; never use for checkpoint selection
drone-on-1510771779-stage2-policy_eval-curve_epoch_90,prospective-ten,1510771779,drone,Drone,on,RQ3/RQ4,policy_eval,stage2,curve_epoch_90,experiments_numeric.architecture_2.drone_mcts,hadd-astar,epoch:90:stage2:drone:on:1510771779,,,True,,,,,,,3,4g,6,20G,04:00:00,,VAL,drone-on-1510771779-stage2-train-primary,preselected dependency checkpoint,planned,Learning-curve test evaluation; never use for checkpoint selection
drone-on-1510771779-stage2-policy_eval-curve_epoch_95,prospective-ten,1510771779,drone,Drone,on,RQ3/RQ4,policy_eval,stage2,curve_epoch_95,experiments_numeric.architecture_2.drone_mcts,hadd-astar,epoch:95:stage2:drone:on:1510771779,,,True,,,,,,,3,4g,6,20G,04:00:00,,VAL,drone-on-1510771779-stage2-train-primary,preselected dependency checkpoint,planned,Learning-curve test evaluation; never use for checkpoint selection
drone-on-1510771779-stage2-policy_eval-curve_epoch_99,prospective-ten,1510771779,drone,Drone,on,RQ3/RQ4,policy_eval,stage2,curve_epoch_99,experiments_numeric.architecture_2.drone_mcts,hadd-astar,epoch:99:stage2:drone:on:1510771779,,,True,,,,,,,3,4g,6,20G,04:00:00,,VAL,drone-on-1510771779-stage2-train-primary,preselected dependency checkpoint,planned,Learning-curve test evaluation; never use for checkpoint selection
drone-on-923500475-stage2-policy_eval-curve_epoch_00,prospective-ten,923500475,drone,Drone,on,RQ3/RQ4,policy_eval,stage2,curve_epoch_00,experiments_numeric.architecture_2.drone_mcts,hadd-astar,epoch:0:stage2:drone:on:923500475,,,True,,,,,,,3,4g,6,20G,04:00:00,,VAL,drone-on-923500475-stage2-train-primary,preselected dependency checkpoint,planned,Learning-curve test evaluation; never use for checkpoint selection
drone-on-923500475-stage2-policy_eval-curve_epoch_05,prospective-ten,923500475,drone,Drone,on,RQ3/RQ4,policy_eval,stage2,curve_epoch_05,experiments_numeric.architecture_2.drone_mcts,hadd-astar,epoch:5:stage2:drone:on:923500475,,,True,,,,,,,3,4g,6,20G,04:00:00,,VAL,drone-on-923500475-stage2-train-primary,preselected dependency checkpoint,planned,Learning-curve test evaluation; never use for checkpoint selection
drone-on-923500475-stage2-policy_eval-curve_epoch_10,prospective-ten,923500475,drone,Drone,on,RQ3/RQ4,policy_eval,stage2,curve_epoch_10,experiments_numeric.architecture_2.drone_mcts,hadd-astar,epoch:10:stage2:drone:on:923500475,,,True,,,,,,,3,4g,6,20G,04:00:00,,VAL,drone-on-923500475-stage2-train-primary,preselected dependency checkpoint,planned,Learning-curve test evaluation; never use for checkpoint selection
drone-on-923500475-stage2-policy_eval-curve_epoch_15,prospective-ten,923500475,drone,Drone,on,RQ3/RQ4,policy_eval,stage2,curve_epoch_15,experiments_numeric.architecture_2.drone_mcts,hadd-astar,epoch:15:stage2:drone:on:923500475,,,True,,,,,,,3,4g,6,20G,04:00:00,,VAL,drone-on-923500475-stage2-train-primary,preselected dependency checkpoint,planned,Learning-curve test evaluation; never use for checkpoint selection
drone-on-923500475-stage2-policy_eval-curve_epoch_20,prospective-ten,923500475,drone,Drone,on,RQ3/RQ4,policy_eval,stage2,curve_epoch_20,experiments_numeric.architecture_2.drone_mcts,hadd-astar,epoch:20:stage2:drone:on:923500475,,,True,,,,,,,3,4g,6,20G,04:00:00,,VAL,drone-on-923500475-stage2-train-primary,preselected dependency checkpoint,planned,Learning-curve test evaluation; never use for checkpoint selection
drone-on-923500475-stage2-policy_eval-curve_epoch_25,prospective-ten,923500475,drone,Drone,on,RQ3/RQ4,policy_eval,stage2,curve_epoch_25,experiments_numeric.architecture_2.drone_mcts,hadd-astar,epoch:25:stage2:drone:on:923500475,,,True,,,,,,,3,4g,6,20G,04:00:00,,VAL,drone-on-923500475-stage2-train-primary,preselected dependency checkpoint,planned,Learning-curve test evaluation; never use for checkpoint selection
drone-on-923500475-stage2-policy_eval-curve_epoch_30,prospective-ten,923500475,drone,Drone,on,RQ3/RQ4,policy_eval,stage2,curve_epoch_30,experiments_numeric.architecture_2.drone_mcts,hadd-astar,epoch:30:stage2:drone:on:923500475,,,True,,,,,,,3,4g,6,20G,04:00:00,,VAL,drone-on-923500475-stage2-train-primary,preselected dependency checkpoint,planned,Learning-curve test evaluation; never use for checkpoint selection
drone-on-923500475-stage2-policy_eval-curve_epoch_35,prospective-ten,923500475,drone,Drone,on,RQ3/RQ4,policy_eval,stage2,curve_epoch_35,experiments_numeric.architecture_2.drone_mcts,hadd-astar,epoch:35:stage2:drone:on:923500475,,,True,,,,,,,3,4g,6,20G,04:00:00,,VAL,drone-on-923500475-stage2-train-primary,preselected dependency checkpoint,planned,Learning-curve test evaluation; never use for checkpoint selection
drone-on-923500475-stage2-policy_eval-curve_epoch_40,prospective-ten,923500475,drone,Drone,on,RQ3/RQ4,policy_eval,stage2,curve_epoch_40,experiments_numeric.architecture_2.drone_mcts,hadd-astar,epoch:40:stage2:drone:on:923500475,,,True,,,,,,,3,4g,6,20G,04:00:00,,VAL,drone-on-923500475-stage2-train-primary,preselected dependency checkpoint,planned,Learning-curve test evaluation; never use for checkpoint selection
drone-on-923500475-stage2-policy_eval-curve_epoch_45,prospective-ten,923500475,drone,Drone,on,RQ3/RQ4,policy_eval,stage2,curve_epoch_45,experiments_numeric.architecture_2.drone_mcts,hadd-astar,epoch:45:stage2:drone:on:923500475,,,True,,,,,,,3,4g,6,20G,04:00:00,,VAL,drone-on-923500475-stage2-train-primary,preselected dependency checkpoint,planned,Learning-curve test evaluation; never use for checkpoint selection
drone-on-923500475-stage2-policy_eval-curve_epoch_50,prospective-ten,923500475,drone,Drone,on,RQ3/RQ4,policy_eval,stage2,curve_epoch_50,experiments_numeric.architecture_2.drone_mcts,hadd-astar,epoch:50:stage2:drone:on:923500475,,,True,,,,,,,3,4g,6,20G,04:00:00,,VAL,drone-on-923500475-stage2-train-primary,preselected dependency checkpoint,planned,Learning-curve test evaluation; never use for checkpoint selection
drone-on-923500475-stage2-policy_eval-curve_epoch_55,prospective-ten,923500475,drone,Drone,on,RQ3/RQ4,policy_eval,stage2,curve_epoch_55,experiments_numeric.architecture_2.drone_mcts,hadd-astar,epoch:55:stage2:drone:on:923500475,,,True,,,,,,,3,4g,6,20G,04:00:00,,VAL,drone-on-923500475-stage2-train-primary,preselected dependency checkpoint,planned,Learning-curve test evaluation; never use for checkpoint selection
drone-on-923500475-stage2-policy_eval-curve_epoch_60,prospective-ten,923500475,drone,Drone,on,RQ3/RQ4,policy_eval,stage2,curve_epoch_60,experiments_numeric.architecture_2.drone_mcts,hadd-astar,epoch:60:stage2:drone:on:923500475,,,True,,,,,,,3,4g,6,20G,04:00:00,,VAL,drone-on-923500475-stage2-train-primary,preselected dependency checkpoint,planned,Learning-curve test evaluation; never use for checkpoint selection
drone-on-923500475-stage2-policy_eval-curve_epoch_65,prospective-ten,923500475,drone,Drone,on,RQ3/RQ4,policy_eval,stage2,curve_epoch_65,experiments_numeric.architecture_2.drone_mcts,hadd-astar,epoch:65:stage2:drone:on:923500475,,,True,,,,,,,3,4g,6,20G,04:00:00,,VAL,drone-on-923500475-stage2-train-primary,preselected dependency checkpoint,planned,Learning-curve test evaluation; never use for checkpoint selection
drone-on-923500475-stage2-policy_eval-curve_epoch_70,prospective-ten,923500475,drone,Drone,on,RQ3/RQ4,policy_eval,stage2,curve_epoch_70,experiments_numeric.architecture_2.drone_mcts,hadd-astar,epoch:70:stage2:drone:on:923500475,,,True,,,,,,,3,4g,6,20G,04:00:00,,VAL,drone-on-923500475-stage2-train-primary,preselected dependency checkpoint,planned,Learning-curve test evaluation; never use for checkpoint selection
drone-on-923500475-stage2-policy_eval-curve_epoch_75,prospective-ten,923500475,drone,Drone,on,RQ3/RQ4,policy_eval,stage2,curve_epoch_75,experiments_numeric.architecture_2.drone_mcts,hadd-astar,epoch:75:stage2:drone:on:923500475,,,True,,,,,,,3,4g,6,20G,04:00:00,,VAL,drone-on-923500475-stage2-train-primary,preselected dependency checkpoint,planned,Learning-curve test evaluation; never use for checkpoint selection
drone-on-923500475-stage2-policy_eval-curve_epoch_80,prospective-ten,923500475,drone,Drone,on,RQ3/RQ4,policy_eval,stage2,curve_epoch_80,experiments_numeric.architecture_2.drone_mcts,hadd-astar,epoch:80:stage2:drone:on:923500475,,,True,,,,,,,3,4g,6,20G,04:00:00,,VAL,drone-on-923500475-stage2-train-primary,preselected dependency checkpoint,planned,Learning-curve test evaluation; never use for checkpoint selection
drone-on-923500475-stage2-policy_eval-curve_epoch_85,prospective-ten,923500475,drone,Drone,on,RQ3/RQ4,policy_eval,stage2,curve_epoch_85,experiments_numeric.architecture_2.drone_mcts,hadd-astar,epoch:85:stage2:drone:on:923500475,,,True,,,,,,,3,4g,6,20G,04:00:00,,VAL,drone-on-923500475-stage2-train-primary,preselected dependency checkpoint,planned,Learning-curve test evaluation; never use for checkpoint selection
drone-on-923500475-stage2-policy_eval-curve_epoch_90,prospective-ten,923500475,drone,Drone,on,RQ3/RQ4,policy_eval,stage2,curve_epoch_90,experiments_numeric.architecture_2.drone_mcts,hadd-astar,epoch:90:stage2:drone:on:923500475,,,True,,,,,,,3,4g,6,20G,04:00:00,,VAL,drone-on-923500475-stage2-train-primary,preselected dependency checkpoint,planned,Learning-curve test evaluation; never use for checkpoint selection
drone-on-923500475-stage2-policy_eval-curve_epoch_95,prospective-ten,923500475,drone,Drone,on,RQ3/RQ4,policy_eval,stage2,curve_epoch_95,experiments_numeric.architecture_2.drone_mcts,hadd-astar,epoch:95:stage2:drone:on:923500475,,,True,,,,,,,3,4g,6,20G,04:00:00,,VAL,drone-on-923500475-stage2-train-primary,preselected dependency checkpoint,planned,Learning-curve test evaluation; never use for checkpoint selection
drone-on-923500475-stage2-policy_eval-curve_epoch_99,prospective-ten,923500475,drone,Drone,on,RQ3/RQ4,policy_eval,stage2,curve_epoch_99,experiments_numeric.architecture_2.drone_mcts,hadd-astar,epoch:99:stage2:drone:on:923500475,,,True,,,,,,,3,4g,6,20G,04:00:00,,VAL,drone-on-923500475-stage2-train-primary,preselected dependency checkpoint,planned,Learning-curve test evaluation; never use for checkpoint selection
drone-on-1972442430-stage2-policy_eval-curve_epoch_00,prospective-ten,1972442430,drone,Drone,on,RQ3/RQ4,policy_eval,stage2,curve_epoch_00,experiments_numeric.architecture_2.drone_mcts,hadd-astar,epoch:0:stage2:drone:on:1972442430,,,True,,,,,,,3,4g,6,20G,04:00:00,,VAL,drone-on-1972442430-stage2-train-primary,preselected dependency checkpoint,planned,Learning-curve test evaluation; never use for checkpoint selection
drone-on-1972442430-stage2-policy_eval-curve_epoch_05,prospective-ten,1972442430,drone,Drone,on,RQ3/RQ4,policy_eval,stage2,curve_epoch_05,experiments_numeric.architecture_2.drone_mcts,hadd-astar,epoch:5:stage2:drone:on:1972442430,,,True,,,,,,,3,4g,6,20G,04:00:00,,VAL,drone-on-1972442430-stage2-train-primary,preselected dependency checkpoint,planned,Learning-curve test evaluation; never use for checkpoint selection
drone-on-1972442430-stage2-policy_eval-curve_epoch_10,prospective-ten,1972442430,drone,Drone,on,RQ3/RQ4,policy_eval,stage2,curve_epoch_10,experiments_numeric.architecture_2.drone_mcts,hadd-astar,epoch:10:stage2:drone:on:1972442430,,,True,,,,,,,3,4g,6,20G,04:00:00,,VAL,drone-on-1972442430-stage2-train-primary,preselected dependency checkpoint,planned,Learning-curve test evaluation; never use for checkpoint selection
drone-on-1972442430-stage2-policy_eval-curve_epoch_15,prospective-ten,1972442430,drone,Drone,on,RQ3/RQ4,policy_eval,stage2,curve_epoch_15,experiments_numeric.architecture_2.drone_mcts,hadd-astar,epoch:15:stage2:drone:on:1972442430,,,True,,,,,,,3,4g,6,20G,04:00:00,,VAL,drone-on-1972442430-stage2-train-primary,preselected dependency checkpoint,planned,Learning-curve test evaluation; never use for checkpoint selection
drone-on-1972442430-stage2-policy_eval-curve_epoch_20,prospective-ten,1972442430,drone,Drone,on,RQ3/RQ4,policy_eval,stage2,curve_epoch_20,experiments_numeric.architecture_2.drone_mcts,hadd-astar,epoch:20:stage2:drone:on:1972442430,,,True,,,,,,,3,4g,6,20G,04:00:00,,VAL,drone-on-1972442430-stage2-train-primary,preselected dependency checkpoint,planned,Learning-curve test evaluation; never use for checkpoint selection
drone-on-1972442430-stage2-policy_eval-curve_epoch_25,prospective-ten,1972442430,drone,Drone,on,RQ3/RQ4,policy_eval,stage2,curve_epoch_25,experiments_numeric.architecture_2.drone_mcts,hadd-astar,epoch:25:stage2:drone:on:1972442430,,,True,,,,,,,3,4g,6,20G,04:00:00,,VAL,drone-on-1972442430-stage2-train-primary,preselected dependency checkpoint,planned,Learning-curve test evaluation; never use for checkpoint selection
drone-on-1972442430-stage2-policy_eval-curve_epoch_30,prospective-ten,1972442430,drone,Drone,on,RQ3/RQ4,policy_eval,stage2,curve_epoch_30,experiments_numeric.architecture_2.drone_mcts,hadd-astar,epoch:30:stage2:drone:on:1972442430,,,True,,,,,,,3,4g,6,20G,04:00:00,,VAL,drone-on-1972442430-stage2-train-primary,preselected dependency checkpoint,planned,Learning-curve test evaluation; never use for checkpoint selection
drone-on-1972442430-stage2-policy_eval-curve_epoch_35,prospective-ten,1972442430,drone,Drone,on,RQ3/RQ4,policy_eval,stage2,curve_epoch_35,experiments_numeric.architecture_2.drone_mcts,hadd-astar,epoch:35:stage2:drone:on:1972442430,,,True,,,,,,,3,4g,6,20G,04:00:00,,VAL,drone-on-1972442430-stage2-train-primary,preselected dependency checkpoint,planned,Learning-curve test evaluation; never use for checkpoint selection
drone-on-1972442430-stage2-policy_eval-curve_epoch_40,prospective-ten,1972442430,drone,Drone,on,RQ3/RQ4,policy_eval,stage2,curve_epoch_40,experiments_numeric.architecture_2.drone_mcts,hadd-astar,epoch:40:stage2:drone:on:1972442430,,,True,,,,,,,3,4g,6,20G,04:00:00,,VAL,drone-on-1972442430-stage2-train-primary,preselected dependency checkpoint,planned,Learning-curve test evaluation; never use for checkpoint selection
drone-on-1972442430-stage2-policy_eval-curve_epoch_45,prospective-ten,1972442430,drone,Drone,on,RQ3/RQ4,policy_eval,stage2,curve_epoch_45,experiments_numeric.architecture_2.drone_mcts,hadd-astar,epoch:45:stage2:drone:on:1972442430,,,True,,,,,,,3,4g,6,20G,04:00:00,,VAL,drone-on-1972442430-stage2-train-primary,preselected dependency checkpoint,planned,Learning-curve test evaluation; never use for checkpoint selection
drone-on-1972442430-stage2-policy_eval-curve_epoch_50,prospective-ten,1972442430,drone,Drone,on,RQ3/RQ4,policy_eval,stage2,curve_epoch_50,experiments_numeric.architecture_2.drone_mcts,hadd-astar,epoch:50:stage2:drone:on:1972442430,,,True,,,,,,,3,4g,6,20G,04:00:00,,VAL,drone-on-1972442430-stage2-train-primary,preselected dependency checkpoint,planned,Learning-curve test evaluation; never use for checkpoint selection
drone-on-1972442430-stage2-policy_eval-curve_epoch_55,prospective-ten,1972442430,drone,Drone,on,RQ3/RQ4,policy_eval,stage2,curve_epoch_55,experiments_numeric.architecture_2.drone_mcts,hadd-astar,epoch:55:stage2:drone:on:1972442430,,,True,,,,,,,3,4g,6,20G,04:00:00,,VAL,drone-on-1972442430-stage2-train-primary,preselected dependency checkpoint,planned,Learning-curve test evaluation; never use for checkpoint selection
drone-on-1972442430-stage2-policy_eval-curve_epoch_60,prospective-ten,1972442430,drone,Drone,on,RQ3/RQ4,policy_eval,stage2,curve_epoch_60,experiments_numeric.architecture_2.drone_mcts,hadd-astar,epoch:60:stage2:drone:on:1972442430,,,True,,,,,,,3,4g,6,20G,04:00:00,,VAL,drone-on-1972442430-stage2-train-primary,preselected dependency checkpoint,planned,Learning-curve test evaluation; never use for checkpoint selection
drone-on-1972442430-stage2-policy_eval-curve_epoch_65,prospective-ten,1972442430,drone,Drone,on,RQ3/RQ4,policy_eval,stage2,curve_epoch_65,experiments_numeric.architecture_2.drone_mcts,hadd-astar,epoch:65:stage2:drone:on:1972442430,,,True,,,,,,,3,4g,6,20G,04:00:00,,VAL,drone-on-1972442430-stage2-train-primary,preselected dependency checkpoint,planned,Learning-curve test evaluation; never use for checkpoint selection
drone-on-1972442430-stage2-policy_eval-curve_epoch_70,prospective-ten,1972442430,drone,Drone,on,RQ3/RQ4,policy_eval,stage2,curve_epoch_70,experiments_numeric.architecture_2.drone_mcts,hadd-astar,epoch:70:stage2:drone:on:1972442430,,,True,,,,,,,3,4g,6,20G,04:00:00,,VAL,drone-on-1972442430-stage2-train-primary,preselected dependency checkpoint,planned,Learning-curve test evaluation; never use for checkpoint selection
drone-on-1972442430-stage2-policy_eval-curve_epoch_75,prospective-ten,1972442430,drone,Drone,on,RQ3/RQ4,policy_eval,stage2,curve_epoch_75,experiments_numeric.architecture_2.drone_mcts,hadd-astar,epoch:75:stage2:drone:on:1972442430,,,True,,,,,,,3,4g,6,20G,04:00:00,,VAL,drone-on-1972442430-stage2-train-primary,preselected dependency checkpoint,planned,Learning-curve test evaluation; never use for checkpoint selection
drone-on-1972442430-stage2-policy_eval-curve_epoch_80,prospective-ten,1972442430,drone,Drone,on,RQ3/RQ4,policy_eval,stage2,curve_epoch_80,experiments_numeric.architecture_2.drone_mcts,hadd-astar,epoch:80:stage2:drone:on:1972442430,,,True,,,,,,,3,4g,6,20G,04:00:00,,VAL,drone-on-1972442430-stage2-train-primary,preselected dependency checkpoint,planned,Learning-curve test evaluation; never use for checkpoint selection
drone-on-1972442430-stage2-policy_eval-curve_epoch_85,prospective-ten,1972442430,drone,Drone,on,RQ3/RQ4,policy_eval,stage2,curve_epoch_85,experiments_numeric.architecture_2.drone_mcts,hadd-astar,epoch:85:stage2:drone:on:1972442430,,,True,,,,,,,3,4g,6,20G,04:00:00,,VAL,drone-on-1972442430-stage2-train-primary,preselected dependency checkpoint,planned,Learning-curve test evaluation; never use for checkpoint selection
drone-on-1972442430-stage2-policy_eval-curve_epoch_90,prospective-ten,1972442430,drone,Drone,on,RQ3/RQ4,policy_eval,stage2,curve_epoch_90,experiments_numeric.architecture_2.drone_mcts,hadd-astar,epoch:90:stage2:drone:on:1972442430,,,True,,,,,,,3,4g,6,20G,04:00:00,,VAL,drone-on-1972442430-stage2-train-primary,preselected dependency checkpoint,planned,Learning-curve test evaluation; never use for checkpoint selection
drone-on-1972442430-stage2-policy_eval-curve_epoch_95,prospective-ten,1972442430,drone,Drone,on,RQ3/RQ4,policy_eval,stage2,curve_epoch_95,experiments_numeric.architecture_2.drone_mcts,hadd-astar,epoch:95:stage2:drone:on:1972442430,,,True,,,,,,,3,4g,6,20G,04:00:00,,VAL,drone-on-1972442430-stage2-train-primary,preselected dependency checkpoint,planned,Learning-curve test evaluation; never use for checkpoint selection
drone-on-1972442430-stage2-policy_eval-curve_epoch_99,prospective-ten,1972442430,drone,Drone,on,RQ3/RQ4,policy_eval,stage2,curve_epoch_99,experiments_numeric.architecture_2.drone_mcts,hadd-astar,epoch:99:stage2:drone:on:1972442430,,,True,,,,,,,3,4g,6,20G,04:00:00,,VAL,drone-on-1972442430-stage2-train-primary,preselected dependency checkpoint,planned,Learning-curve test evaluation; never use for checkpoint selection
fo_counters-off-1963100312-stage2-policy_eval-curve_epoch_00,prospective-ten,1963100312,fo_counters,FO Counters,off,RQ1/RQ2,policy_eval,stage2,curve_epoch_00,experiments_numeric.architecture_2.fo_counters_mcts,hmrmax-astar,epoch:0:stage2:fo_counters:off:1963100312,,,True,,,,,,,3,4g,6,20G,04:00:00,,VAL,fo_counters-off-1963100312-stage2-train-primary,preselected dependency checkpoint,planned,Learning-curve test evaluation; never use for checkpoint selection
fo_counters-off-1963100312-stage2-policy_eval-curve_epoch_05,prospective-ten,1963100312,fo_counters,FO Counters,off,RQ1/RQ2,policy_eval,stage2,curve_epoch_05,experiments_numeric.architecture_2.fo_counters_mcts,hmrmax-astar,epoch:5:stage2:fo_counters:off:1963100312,,,True,,,,,,,3,4g,6,20G,04:00:00,,VAL,fo_counters-off-1963100312-stage2-train-primary,preselected dependency checkpoint,planned,Learning-curve test evaluation; never use for checkpoint selection
fo_counters-off-1963100312-stage2-policy_eval-curve_epoch_10,prospective-ten,1963100312,fo_counters,FO Counters,off,RQ1/RQ2,policy_eval,stage2,curve_epoch_10,experiments_numeric.architecture_2.fo_counters_mcts,hmrmax-astar,epoch:10:stage2:fo_counters:off:1963100312,,,True,,,,,,,3,4g,6,20G,04:00:00,,VAL,fo_counters-off-1963100312-stage2-train-primary,preselected dependency checkpoint,planned,Learning-curve test evaluation; never use for checkpoint selection
fo_counters-off-1963100312-stage2-policy_eval-curve_epoch_15,prospective-ten,1963100312,fo_counters,FO Counters,off,RQ1/RQ2,policy_eval,stage2,curve_epoch_15,experiments_numeric.architecture_2.fo_counters_mcts,hmrmax-astar,epoch:15:stage2:fo_counters:off:1963100312,,,True,,,,,,,3,4g,6,20G,04:00:00,,VAL,fo_counters-off-1963100312-stage2-train-primary,preselected dependency checkpoint,planned,Learning-curve test evaluation; never use for checkpoint selection
fo_counters-off-1963100312-stage2-policy_eval-curve_epoch_20,prospective-ten,1963100312,fo_counters,FO Counters,off,RQ1/RQ2,policy_eval,stage2,curve_epoch_20,experiments_numeric.architecture_2.fo_counters_mcts,hmrmax-astar,epoch:20:stage2:fo_counters:off:1963100312,,,True,,,,,,,3,4g,6,20G,04:00:00,,VAL,fo_counters-off-1963100312-stage2-train-primary,preselected dependency checkpoint,planned,Learning-curve test evaluation; never use for checkpoint selection
fo_counters-off-1963100312-stage2-policy_eval-curve_epoch_25,prospective-ten,1963100312,fo_counters,FO Counters,off,RQ1/RQ2,policy_eval,stage2,curve_epoch_25,experiments_numeric.architecture_2.fo_counters_mcts,hmrmax-astar,epoch:25:stage2:fo_counters:off:1963100312,,,True,,,,,,,3,4g,6,20G,04:00:00,,VAL,fo_counters-off-1963100312-stage2-train-primary,preselected dependency checkpoint,planned,Learning-curve test evaluation; never use for checkpoint selection
fo_counters-off-1963100312-stage2-policy_eval-curve_epoch_30,prospective-ten,1963100312,fo_counters,FO Counters,off,RQ1/RQ2,policy_eval,stage2,curve_epoch_30,experiments_numeric.architecture_2.fo_counters_mcts,hmrmax-astar,epoch:30:stage2:fo_counters:off:1963100312,,,True,,,,,,,3,4g,6,20G,04:00:00,,VAL,fo_counters-off-1963100312-stage2-train-primary,preselected dependency checkpoint,planned,Learning-curve test evaluation; never use for checkpoint selection
fo_counters-off-1963100312-stage2-policy_eval-curve_epoch_35,prospective-ten,1963100312,fo_counters,FO Counters,off,RQ1/RQ2,policy_eval,stage2,curve_epoch_35,experiments_numeric.architecture_2.fo_counters_mcts,hmrmax-astar,epoch:35:stage2:fo_counters:off:1963100312,,,True,,,,,,,3,4g,6,20G,04:00:00,,VAL,fo_counters-off-1963100312-stage2-train-primary,preselected dependency checkpoint,planned,Learning-curve test evaluation; never use for checkpoint selection
fo_counters-off-1963100312-stage2-policy_eval-curve_epoch_40,prospective-ten,1963100312,fo_counters,FO Counters,off,RQ1/RQ2,policy_eval,stage2,curve_epoch_40,experiments_numeric.architecture_2.fo_counters_mcts,hmrmax-astar,epoch:40:stage2:fo_counters:off:1963100312,,,True,,,,,,,3,4g,6,20G,04:00:00,,VAL,fo_counters-off-1963100312-stage2-train-primary,preselected dependency checkpoint,planned,Learning-curve test evaluation; never use for checkpoint selection
fo_counters-off-1963100312-stage2-policy_eval-curve_epoch_45,prospective-ten,1963100312,fo_counters,FO Counters,off,RQ1/RQ2,policy_eval,stage2,curve_epoch_45,experiments_numeric.architecture_2.fo_counters_mcts,hmrmax-astar,epoch:45:stage2:fo_counters:off:1963100312,,,True,,,,,,,3,4g,6,20G,04:00:00,,VAL,fo_counters-off-1963100312-stage2-train-primary,preselected dependency checkpoint,planned,Learning-curve test evaluation; never use for checkpoint selection
fo_counters-off-1963100312-stage2-policy_eval-curve_epoch_50,prospective-ten,1963100312,fo_counters,FO Counters,off,RQ1/RQ2,policy_eval,stage2,curve_epoch_50,experiments_numeric.architecture_2.fo_counters_mcts,hmrmax-astar,epoch:50:stage2:fo_counters:off:1963100312,,,True,,,,,,,3,4g,6,20G,04:00:00,,VAL,fo_counters-off-1963100312-stage2-train-primary,preselected dependency checkpoint,planned,Learning-curve test evaluation; never use for checkpoint selection
fo_counters-off-1963100312-stage2-policy_eval-curve_epoch_55,prospective-ten,1963100312,fo_counters,FO Counters,off,RQ1/RQ2,policy_eval,stage2,curve_epoch_55,experiments_numeric.architecture_2.fo_counters_mcts,hmrmax-astar,epoch:55:stage2:fo_counters:off:1963100312,,,True,,,,,,,3,4g,6,20G,04:00:00,,VAL,fo_counters-off-1963100312-stage2-train-primary,preselected dependency checkpoint,planned,Learning-curve test evaluation; never use for checkpoint selection
fo_counters-off-1963100312-stage2-policy_eval-curve_epoch_60,prospective-ten,1963100312,fo_counters,FO Counters,off,RQ1/RQ2,policy_eval,stage2,curve_epoch_60,experiments_numeric.architecture_2.fo_counters_mcts,hmrmax-astar,epoch:60:stage2:fo_counters:off:1963100312,,,True,,,,,,,3,4g,6,20G,04:00:00,,VAL,fo_counters-off-1963100312-stage2-train-primary,preselected dependency checkpoint,planned,Learning-curve test evaluation; never use for checkpoint selection
fo_counters-off-1963100312-stage2-policy_eval-curve_epoch_65,prospective-ten,1963100312,fo_counters,FO Counters,off,RQ1/RQ2,policy_eval,stage2,curve_epoch_65,experiments_numeric.architecture_2.fo_counters_mcts,hmrmax-astar,epoch:65:stage2:fo_counters:off:1963100312,,,True,,,,,,,3,4g,6,20G,04:00:00,,VAL,fo_counters-off-1963100312-stage2-train-primary,preselected dependency checkpoint,planned,Learning-curve test evaluation; never use for checkpoint selection
fo_counters-off-1963100312-stage2-policy_eval-curve_epoch_70,prospective-ten,1963100312,fo_counters,FO Counters,off,RQ1/RQ2,policy_eval,stage2,curve_epoch_70,experiments_numeric.architecture_2.fo_counters_mcts,hmrmax-astar,epoch:70:stage2:fo_counters:off:1963100312,,,True,,,,,,,3,4g,6,20G,04:00:00,,VAL,fo_counters-off-1963100312-stage2-train-primary,preselected dependency checkpoint,planned,Learning-curve test evaluation; never use for checkpoint selection
fo_counters-off-1963100312-stage2-policy_eval-curve_epoch_75,prospective-ten,1963100312,fo_counters,FO Counters,off,RQ1/RQ2,policy_eval,stage2,curve_epoch_75,experiments_numeric.architecture_2.fo_counters_mcts,hmrmax-astar,epoch:75:stage2:fo_counters:off:1963100312,,,True,,,,,,,3,4g,6,20G,04:00:00,,VAL,fo_counters-off-1963100312-stage2-train-primary,preselected dependency checkpoint,planned,Learning-curve test evaluation; never use for checkpoint selection
fo_counters-off-1963100312-stage2-policy_eval-curve_epoch_80,prospective-ten,1963100312,fo_counters,FO Counters,off,RQ1/RQ2,policy_eval,stage2,curve_epoch_80,experiments_numeric.architecture_2.fo_counters_mcts,hmrmax-astar,epoch:80:stage2:fo_counters:off:1963100312,,,True,,,,,,,3,4g,6,20G,04:00:00,,VAL,fo_counters-off-1963100312-stage2-train-primary,preselected dependency checkpoint,planned,Learning-curve test evaluation; never use for checkpoint selection
fo_counters-off-1963100312-stage2-policy_eval-curve_epoch_85,prospective-ten,1963100312,fo_counters,FO Counters,off,RQ1/RQ2,policy_eval,stage2,curve_epoch_85,experiments_numeric.architecture_2.fo_counters_mcts,hmrmax-astar,epoch:85:stage2:fo_counters:off:1963100312,,,True,,,,,,,3,4g,6,20G,04:00:00,,VAL,fo_counters-off-1963100312-stage2-train-primary,preselected dependency checkpoint,planned,Learning-curve test evaluation; never use for checkpoint selection
fo_counters-off-1963100312-stage2-policy_eval-curve_epoch_90,prospective-ten,1963100312,fo_counters,FO Counters,off,RQ1/RQ2,policy_eval,stage2,curve_epoch_90,experiments_numeric.architecture_2.fo_counters_mcts,hmrmax-astar,epoch:90:stage2:fo_counters:off:1963100312,,,True,,,,,,,3,4g,6,20G,04:00:00,,VAL,fo_counters-off-1963100312-stage2-train-primary,preselected dependency checkpoint,planned,Learning-curve test evaluation; never use for checkpoint selection
fo_counters-off-1963100312-stage2-policy_eval-curve_epoch_95,prospective-ten,1963100312,fo_counters,FO Counters,off,RQ1/RQ2,policy_eval,stage2,curve_epoch_95,experiments_numeric.architecture_2.fo_counters_mcts,hmrmax-astar,epoch:95:stage2:fo_counters:off:1963100312,,,True,,,,,,,3,4g,6,20G,04:00:00,,VAL,fo_counters-off-1963100312-stage2-train-primary,preselected dependency checkpoint,planned,Learning-curve test evaluation; never use for checkpoint selection
fo_counters-off-1963100312-stage2-policy_eval-curve_epoch_99,prospective-ten,1963100312,fo_counters,FO Counters,off,RQ1/RQ2,policy_eval,stage2,curve_epoch_99,experiments_numeric.architecture_2.fo_counters_mcts,hmrmax-astar,epoch:99:stage2:fo_counters:off:1963100312,,,True,,,,,,,3,4g,6,20G,04:00:00,,VAL,fo_counters-off-1963100312-stage2-train-primary,preselected dependency checkpoint,planned,Learning-curve test evaluation; never use for checkpoint selection
fo_counters-off-2011206605-stage2-policy_eval-curve_epoch_00,prospective-ten,2011206605,fo_counters,FO Counters,off,RQ1/RQ2,policy_eval,stage2,curve_epoch_00,experiments_numeric.architecture_2.fo_counters_mcts,hmrmax-astar,epoch:0:stage2:fo_counters:off:2011206605,,,True,,,,,,,3,4g,6,20G,04:00:00,,VAL,fo_counters-off-2011206605-stage2-train-primary,preselected dependency checkpoint,planned,Learning-curve test evaluation; never use for checkpoint selection
fo_counters-off-2011206605-stage2-policy_eval-curve_epoch_05,prospective-ten,2011206605,fo_counters,FO Counters,off,RQ1/RQ2,policy_eval,stage2,curve_epoch_05,experiments_numeric.architecture_2.fo_counters_mcts,hmrmax-astar,epoch:5:stage2:fo_counters:off:2011206605,,,True,,,,,,,3,4g,6,20G,04:00:00,,VAL,fo_counters-off-2011206605-stage2-train-primary,preselected dependency checkpoint,planned,Learning-curve test evaluation; never use for checkpoint selection
fo_counters-off-2011206605-stage2-policy_eval-curve_epoch_10,prospective-ten,2011206605,fo_counters,FO Counters,off,RQ1/RQ2,policy_eval,stage2,curve_epoch_10,experiments_numeric.architecture_2.fo_counters_mcts,hmrmax-astar,epoch:10:stage2:fo_counters:off:2011206605,,,True,,,,,,,3,4g,6,20G,04:00:00,,VAL,fo_counters-off-2011206605-stage2-train-primary,preselected dependency checkpoint,planned,Learning-curve test evaluation; never use for checkpoint selection
fo_counters-off-2011206605-stage2-policy_eval-curve_epoch_15,prospective-ten,2011206605,fo_counters,FO Counters,off,RQ1/RQ2,policy_eval,stage2,curve_epoch_15,experiments_numeric.architecture_2.fo_counters_mcts,hmrmax-astar,epoch:15:stage2:fo_counters:off:2011206605,,,True,,,,,,,3,4g,6,20G,04:00:00,,VAL,fo_counters-off-2011206605-stage2-train-primary,preselected dependency checkpoint,planned,Learning-curve test evaluation; never use for checkpoint selection
fo_counters-off-2011206605-stage2-policy_eval-curve_epoch_20,prospective-ten,2011206605,fo_counters,FO Counters,off,RQ1/RQ2,policy_eval,stage2,curve_epoch_20,experiments_numeric.architecture_2.fo_counters_mcts,hmrmax-astar,epoch:20:stage2:fo_counters:off:2011206605,,,True,,,,,,,3,4g,6,20G,04:00:00,,VAL,fo_counters-off-2011206605-stage2-train-primary,preselected dependency checkpoint,planned,Learning-curve test evaluation; never use for checkpoint selection
fo_counters-off-2011206605-stage2-policy_eval-curve_epoch_25,prospective-ten,2011206605,fo_counters,FO Counters,off,RQ1/RQ2,policy_eval,stage2,curve_epoch_25,experiments_numeric.architecture_2.fo_counters_mcts,hmrmax-astar,epoch:25:stage2:fo_counters:off:2011206605,,,True,,,,,,,3,4g,6,20G,04:00:00,,VAL,fo_counters-off-2011206605-stage2-train-primary,preselected dependency checkpoint,planned,Learning-curve test evaluation; never use for checkpoint selection
fo_counters-off-2011206605-stage2-policy_eval-curve_epoch_30,prospective-ten,2011206605,fo_counters,FO Counters,off,RQ1/RQ2,policy_eval,stage2,curve_epoch_30,experiments_numeric.architecture_2.fo_counters_mcts,hmrmax-astar,epoch:30:stage2:fo_counters:off:2011206605,,,True,,,,,,,3,4g,6,20G,04:00:00,,VAL,fo_counters-off-2011206605-stage2-train-primary,preselected dependency checkpoint,planned,Learning-curve test evaluation; never use for checkpoint selection
fo_counters-off-2011206605-stage2-policy_eval-curve_epoch_35,prospective-ten,2011206605,fo_counters,FO Counters,off,RQ1/RQ2,policy_eval,stage2,curve_epoch_35,experiments_numeric.architecture_2.fo_counters_mcts,hmrmax-astar,epoch:35:stage2:fo_counters:off:2011206605,,,True,,,,,,,3,4g,6,20G,04:00:00,,VAL,fo_counters-off-2011206605-stage2-train-primary,preselected dependency checkpoint,planned,Learning-curve test evaluation; never use for checkpoint selection
fo_counters-off-2011206605-stage2-policy_eval-curve_epoch_40,prospective-ten,2011206605,fo_counters,FO Counters,off,RQ1/RQ2,policy_eval,stage2,curve_epoch_40,experiments_numeric.architecture_2.fo_counters_mcts,hmrmax-astar,epoch:40:stage2:fo_counters:off:2011206605,,,True,,,,,,,3,4g,6,20G,04:00:00,,VAL,fo_counters-off-2011206605-stage2-train-primary,preselected dependency checkpoint,planned,Learning-curve test evaluation; never use for checkpoint selection
fo_counters-off-2011206605-stage2-policy_eval-curve_epoch_45,prospective-ten,2011206605,fo_counters,FO Counters,off,RQ1/RQ2,policy_eval,stage2,curve_epoch_45,experiments_numeric.architecture_2.fo_counters_mcts,hmrmax-astar,epoch:45:stage2:fo_counters:off:2011206605,,,True,,,,,,,3,4g,6,20G,04:00:00,,VAL,fo_counters-off-2011206605-stage2-train-primary,preselected dependency checkpoint,planned,Learning-curve test evaluation; never use for checkpoint selection
fo_counters-off-2011206605-stage2-policy_eval-curve_epoch_50,prospective-ten,2011206605,fo_counters,FO Counters,off,RQ1/RQ2,policy_eval,stage2,curve_epoch_50,experiments_numeric.architecture_2.fo_counters_mcts,hmrmax-astar,epoch:50:stage2:fo_counters:off:2011206605,,,True,,,,,,,3,4g,6,20G,04:00:00,,VAL,fo_counters-off-2011206605-stage2-train-primary,preselected dependency checkpoint,planned,Learning-curve test evaluation; never use for checkpoint selection
fo_counters-off-2011206605-stage2-policy_eval-curve_epoch_55,prospective-ten,2011206605,fo_counters,FO Counters,off,RQ1/RQ2,policy_eval,stage2,curve_epoch_55,experiments_numeric.architecture_2.fo_counters_mcts,hmrmax-astar,epoch:55:stage2:fo_counters:off:2011206605,,,True,,,,,,,3,4g,6,20G,04:00:00,,VAL,fo_counters-off-2011206605-stage2-train-primary,preselected dependency checkpoint,planned,Learning-curve test evaluation; never use for checkpoint selection
fo_counters-off-2011206605-stage2-policy_eval-curve_epoch_60,prospective-ten,2011206605,fo_counters,FO Counters,off,RQ1/RQ2,policy_eval,stage2,curve_epoch_60,experiments_numeric.architecture_2.fo_counters_mcts,hmrmax-astar,epoch:60:stage2:fo_counters:off:2011206605,,,True,,,,,,,3,4g,6,20G,04:00:00,,VAL,fo_counters-off-2011206605-stage2-train-primary,preselected dependency checkpoint,planned,Learning-curve test evaluation; never use for checkpoint selection
fo_counters-off-2011206605-stage2-policy_eval-curve_epoch_65,prospective-ten,2011206605,fo_counters,FO Counters,off,RQ1/RQ2,policy_eval,stage2,curve_epoch_65,experiments_numeric.architecture_2.fo_counters_mcts,hmrmax-astar,epoch:65:stage2:fo_counters:off:2011206605,,,True,,,,,,,3,4g,6,20G,04:00:00,,VAL,fo_counters-off-2011206605-stage2-train-primary,preselected dependency checkpoint,planned,Learning-curve test evaluation; never use for checkpoint selection
fo_counters-off-2011206605-stage2-policy_eval-curve_epoch_70,prospective-ten,2011206605,fo_counters,FO Counters,off,RQ1/RQ2,policy_eval,stage2,curve_epoch_70,experiments_numeric.architecture_2.fo_counters_mcts,hmrmax-astar,epoch:70:stage2:fo_counters:off:2011206605,,,True,,,,,,,3,4g,6,20G,04:00:00,,VAL,fo_counters-off-2011206605-stage2-train-primary,preselected dependency checkpoint,planned,Learning-curve test evaluation; never use for checkpoint selection
fo_counters-off-2011206605-stage2-policy_eval-curve_epoch_75,prospective-ten,2011206605,fo_counters,FO Counters,off,RQ1/RQ2,policy_eval,stage2,curve_epoch_75,experiments_numeric.architecture_2.fo_counters_mcts,hmrmax-astar,epoch:75:stage2:fo_counters:off:2011206605,,,True,,,,,,,3,4g,6,20G,04:00:00,,VAL,fo_counters-off-2011206605-stage2-train-primary,preselected dependency checkpoint,planned,Learning-curve test evaluation; never use for checkpoint selection
fo_counters-off-2011206605-stage2-policy_eval-curve_epoch_80,prospective-ten,2011206605,fo_counters,FO Counters,off,RQ1/RQ2,policy_eval,stage2,curve_epoch_80,experiments_numeric.architecture_2.fo_counters_mcts,hmrmax-astar,epoch:80:stage2:fo_counters:off:2011206605,,,True,,,,,,,3,4g,6,20G,04:00:00,,VAL,fo_counters-off-2011206605-stage2-train-primary,preselected dependency checkpoint,planned,Learning-curve test evaluation; never use for checkpoint selection
fo_counters-off-2011206605-stage2-policy_eval-curve_epoch_85,prospective-ten,2011206605,fo_counters,FO Counters,off,RQ1/RQ2,policy_eval,stage2,curve_epoch_85,experiments_numeric.architecture_2.fo_counters_mcts,hmrmax-astar,epoch:85:stage2:fo_counters:off:2011206605,,,True,,,,,,,3,4g,6,20G,04:00:00,,VAL,fo_counters-off-2011206605-stage2-train-primary,preselected dependency checkpoint,planned,Learning-curve test evaluation; never use for checkpoint selection
fo_counters-off-2011206605-stage2-policy_eval-curve_epoch_90,prospective-ten,2011206605,fo_counters,FO Counters,off,RQ1/RQ2,policy_eval,stage2,curve_epoch_90,experiments_numeric.architecture_2.fo_counters_mcts,hmrmax-astar,epoch:90:stage2:fo_counters:off:2011206605,,,True,,,,,,,3,4g,6,20G,04:00:00,,VAL,fo_counters-off-2011206605-stage2-train-primary,preselected dependency checkpoint,planned,Learning-curve test evaluation; never use for checkpoint selection
fo_counters-off-2011206605-stage2-policy_eval-curve_epoch_95,prospective-ten,2011206605,fo_counters,FO Counters,off,RQ1/RQ2,policy_eval,stage2,curve_epoch_95,experiments_numeric.architecture_2.fo_counters_mcts,hmrmax-astar,epoch:95:stage2:fo_counters:off:2011206605,,,True,,,,,,,3,4g,6,20G,04:00:00,,VAL,fo_counters-off-2011206605-stage2-train-primary,preselected dependency checkpoint,planned,Learning-curve test evaluation; never use for checkpoint selection
fo_counters-off-2011206605-stage2-policy_eval-curve_epoch_99,prospective-ten,2011206605,fo_counters,FO Counters,off,RQ1/RQ2,policy_eval,stage2,curve_epoch_99,experiments_numeric.architecture_2.fo_counters_mcts,hmrmax-astar,epoch:99:stage2:fo_counters:off:2011206605,,,True,,,,,,,3,4g,6,20G,04:00:00,,VAL,fo_counters-off-2011206605-stage2-train-primary,preselected dependency checkpoint,planned,Learning-curve test evaluation; never use for checkpoint selection
fo_counters-off-1073581256-stage2-policy_eval-curve_epoch_00,prospective-ten,1073581256,fo_counters,FO Counters,off,RQ1/RQ2,policy_eval,stage2,curve_epoch_00,experiments_numeric.architecture_2.fo_counters_mcts,hmrmax-astar,epoch:0:stage2:fo_counters:off:1073581256,,,True,,,,,,,3,4g,6,20G,04:00:00,,VAL,fo_counters-off-1073581256-stage2-train-primary,preselected dependency checkpoint,planned,Learning-curve test evaluation; never use for checkpoint selection
fo_counters-off-1073581256-stage2-policy_eval-curve_epoch_05,prospective-ten,1073581256,fo_counters,FO Counters,off,RQ1/RQ2,policy_eval,stage2,curve_epoch_05,experiments_numeric.architecture_2.fo_counters_mcts,hmrmax-astar,epoch:5:stage2:fo_counters:off:1073581256,,,True,,,,,,,3,4g,6,20G,04:00:00,,VAL,fo_counters-off-1073581256-stage2-train-primary,preselected dependency checkpoint,planned,Learning-curve test evaluation; never use for checkpoint selection
fo_counters-off-1073581256-stage2-policy_eval-curve_epoch_10,prospective-ten,1073581256,fo_counters,FO Counters,off,RQ1/RQ2,policy_eval,stage2,curve_epoch_10,experiments_numeric.architecture_2.fo_counters_mcts,hmrmax-astar,epoch:10:stage2:fo_counters:off:1073581256,,,True,,,,,,,3,4g,6,20G,04:00:00,,VAL,fo_counters-off-1073581256-stage2-train-primary,preselected dependency checkpoint,planned,Learning-curve test evaluation; never use for checkpoint selection
fo_counters-off-1073581256-stage2-policy_eval-curve_epoch_15,prospective-ten,1073581256,fo_counters,FO Counters,off,RQ1/RQ2,policy_eval,stage2,curve_epoch_15,experiments_numeric.architecture_2.fo_counters_mcts,hmrmax-astar,epoch:15:stage2:fo_counters:off:1073581256,,,True,,,,,,,3,4g,6,20G,04:00:00,,VAL,fo_counters-off-1073581256-stage2-train-primary,preselected dependency checkpoint,planned,Learning-curve test evaluation; never use for checkpoint selection
fo_counters-off-1073581256-stage2-policy_eval-curve_epoch_20,prospective-ten,1073581256,fo_counters,FO Counters,off,RQ1/RQ2,policy_eval,stage2,curve_epoch_20,experiments_numeric.architecture_2.fo_counters_mcts,hmrmax-astar,epoch:20:stage2:fo_counters:off:1073581256,,,True,,,,,,,3,4g,6,20G,04:00:00,,VAL,fo_counters-off-1073581256-stage2-train-primary,preselected dependency checkpoint,planned,Learning-curve test evaluation; never use for checkpoint selection
fo_counters-off-1073581256-stage2-policy_eval-curve_epoch_25,prospective-ten,1073581256,fo_counters,FO Counters,off,RQ1/RQ2,policy_eval,stage2,curve_epoch_25,experiments_numeric.architecture_2.fo_counters_mcts,hmrmax-astar,epoch:25:stage2:fo_counters:off:1073581256,,,True,,,,,,,3,4g,6,20G,04:00:00,,VAL,fo_counters-off-1073581256-stage2-train-primary,preselected dependency checkpoint,planned,Learning-curve test evaluation; never use for checkpoint selection
fo_counters-off-1073581256-stage2-policy_eval-curve_epoch_30,prospective-ten,1073581256,fo_counters,FO Counters,off,RQ1/RQ2,policy_eval,stage2,curve_epoch_30,experiments_numeric.architecture_2.fo_counters_mcts,hmrmax-astar,epoch:30:stage2:fo_counters:off:1073581256,,,True,,,,,,,3,4g,6,20G,04:00:00,,VAL,fo_counters-off-1073581256-stage2-train-primary,preselected dependency checkpoint,planned,Learning-curve test evaluation; never use for checkpoint selection
fo_counters-off-1073581256-stage2-policy_eval-curve_epoch_35,prospective-ten,1073581256,fo_counters,FO Counters,off,RQ1/RQ2,policy_eval,stage2,curve_epoch_35,experiments_numeric.architecture_2.fo_counters_mcts,hmrmax-astar,epoch:35:stage2:fo_counters:off:1073581256,,,True,,,,,,,3,4g,6,20G,04:00:00,,VAL,fo_counters-off-1073581256-stage2-train-primary,preselected dependency checkpoint,planned,Learning-curve test evaluation; never use for checkpoint selection
fo_counters-off-1073581256-stage2-policy_eval-curve_epoch_40,prospective-ten,1073581256,fo_counters,FO Counters,off,RQ1/RQ2,policy_eval,stage2,curve_epoch_40,experiments_numeric.architecture_2.fo_counters_mcts,hmrmax-astar,epoch:40:stage2:fo_counters:off:1073581256,,,True,,,,,,,3,4g,6,20G,04:00:00,,VAL,fo_counters-off-1073581256-stage2-train-primary,preselected dependency checkpoint,planned,Learning-curve test evaluation; never use for checkpoint selection
fo_counters-off-1073581256-stage2-policy_eval-curve_epoch_45,prospective-ten,1073581256,fo_counters,FO Counters,off,RQ1/RQ2,policy_eval,stage2,curve_epoch_45,experiments_numeric.architecture_2.fo_counters_mcts,hmrmax-astar,epoch:45:stage2:fo_counters:off:1073581256,,,True,,,,,,,3,4g,6,20G,04:00:00,,VAL,fo_counters-off-1073581256-stage2-train-primary,preselected dependency checkpoint,planned,Learning-curve test evaluation; never use for checkpoint selection
fo_counters-off-1073581256-stage2-policy_eval-curve_epoch_50,prospective-ten,1073581256,fo_counters,FO Counters,off,RQ1/RQ2,policy_eval,stage2,curve_epoch_50,experiments_numeric.architecture_2.fo_counters_mcts,hmrmax-astar,epoch:50:stage2:fo_counters:off:1073581256,,,True,,,,,,,3,4g,6,20G,04:00:00,,VAL,fo_counters-off-1073581256-stage2-train-primary,preselected dependency checkpoint,planned,Learning-curve test evaluation; never use for checkpoint selection
fo_counters-off-1073581256-stage2-policy_eval-curve_epoch_55,prospective-ten,1073581256,fo_counters,FO Counters,off,RQ1/RQ2,policy_eval,stage2,curve_epoch_55,experiments_numeric.architecture_2.fo_counters_mcts,hmrmax-astar,epoch:55:stage2:fo_counters:off:1073581256,,,True,,,,,,,3,4g,6,20G,04:00:00,,VAL,fo_counters-off-1073581256-stage2-train-primary,preselected dependency checkpoint,planned,Learning-curve test evaluation; never use for checkpoint selection
fo_counters-off-1073581256-stage2-policy_eval-curve_epoch_60,prospective-ten,1073581256,fo_counters,FO Counters,off,RQ1/RQ2,policy_eval,stage2,curve_epoch_60,experiments_numeric.architecture_2.fo_counters_mcts,hmrmax-astar,epoch:60:stage2:fo_counters:off:1073581256,,,True,,,,,,,3,4g,6,20G,04:00:00,,VAL,fo_counters-off-1073581256-stage2-train-primary,preselected dependency checkpoint,planned,Learning-curve test evaluation; never use for checkpoint selection
fo_counters-off-1073581256-stage2-policy_eval-curve_epoch_65,prospective-ten,1073581256,fo_counters,FO Counters,off,RQ1/RQ2,policy_eval,stage2,curve_epoch_65,experiments_numeric.architecture_2.fo_counters_mcts,hmrmax-astar,epoch:65:stage2:fo_counters:off:1073581256,,,True,,,,,,,3,4g,6,20G,04:00:00,,VAL,fo_counters-off-1073581256-stage2-train-primary,preselected dependency checkpoint,planned,Learning-curve test evaluation; never use for checkpoint selection
fo_counters-off-1073581256-stage2-policy_eval-curve_epoch_70,prospective-ten,1073581256,fo_counters,FO Counters,off,RQ1/RQ2,policy_eval,stage2,curve_epoch_70,experiments_numeric.architecture_2.fo_counters_mcts,hmrmax-astar,epoch:70:stage2:fo_counters:off:1073581256,,,True,,,,,,,3,4g,6,20G,04:00:00,,VAL,fo_counters-off-1073581256-stage2-train-primary,preselected dependency checkpoint,planned,Learning-curve test evaluation; never use for checkpoint selection
fo_counters-off-1073581256-stage2-policy_eval-curve_epoch_75,prospective-ten,1073581256,fo_counters,FO Counters,off,RQ1/RQ2,policy_eval,stage2,curve_epoch_75,experiments_numeric.architecture_2.fo_counters_mcts,hmrmax-astar,epoch:75:stage2:fo_counters:off:1073581256,,,True,,,,,,,3,4g,6,20G,04:00:00,,VAL,fo_counters-off-1073581256-stage2-train-primary,preselected dependency checkpoint,planned,Learning-curve test evaluation; never use for checkpoint selection
fo_counters-off-1073581256-stage2-policy_eval-curve_epoch_80,prospective-ten,1073581256,fo_counters,FO Counters,off,RQ1/RQ2,policy_eval,stage2,curve_epoch_80,experiments_numeric.architecture_2.fo_counters_mcts,hmrmax-astar,epoch:80:stage2:fo_counters:off:1073581256,,,True,,,,,,,3,4g,6,20G,04:00:00,,VAL,fo_counters-off-1073581256-stage2-train-primary,preselected dependency checkpoint,planned,Learning-curve test evaluation; never use for checkpoint selection
fo_counters-off-1073581256-stage2-policy_eval-curve_epoch_85,prospective-ten,1073581256,fo_counters,FO Counters,off,RQ1/RQ2,policy_eval,stage2,curve_epoch_85,experiments_numeric.architecture_2.fo_counters_mcts,hmrmax-astar,epoch:85:stage2:fo_counters:off:1073581256,,,True,,,,,,,3,4g,6,20G,04:00:00,,VAL,fo_counters-off-1073581256-stage2-train-primary,preselected dependency checkpoint,planned,Learning-curve test evaluation; never use for checkpoint selection
fo_counters-off-1073581256-stage2-policy_eval-curve_epoch_90,prospective-ten,1073581256,fo_counters,FO Counters,off,RQ1/RQ2,policy_eval,stage2,curve_epoch_90,experiments_numeric.architecture_2.fo_counters_mcts,hmrmax-astar,epoch:90:stage2:fo_counters:off:1073581256,,,True,,,,,,,3,4g,6,20G,04:00:00,,VAL,fo_counters-off-1073581256-stage2-train-primary,preselected dependency checkpoint,planned,Learning-curve test evaluation; never use for checkpoint selection
fo_counters-off-1073581256-stage2-policy_eval-curve_epoch_95,prospective-ten,1073581256,fo_counters,FO Counters,off,RQ1/RQ2,policy_eval,stage2,curve_epoch_95,experiments_numeric.architecture_2.fo_counters_mcts,hmrmax-astar,epoch:95:stage2:fo_counters:off:1073581256,,,True,,,,,,,3,4g,6,20G,04:00:00,,VAL,fo_counters-off-1073581256-stage2-train-primary,preselected dependency checkpoint,planned,Learning-curve test evaluation; never use for checkpoint selection
fo_counters-off-1073581256-stage2-policy_eval-curve_epoch_99,prospective-ten,1073581256,fo_counters,FO Counters,off,RQ1/RQ2,policy_eval,stage2,curve_epoch_99,experiments_numeric.architecture_2.fo_counters_mcts,hmrmax-astar,epoch:99:stage2:fo_counters:off:1073581256,,,True,,,,,,,3,4g,6,20G,04:00:00,,VAL,fo_counters-off-1073581256-stage2-train-primary,preselected dependency checkpoint,planned,Learning-curve test evaluation; never use for checkpoint selection
fo_counters-off-1239739722-stage2-policy_eval-curve_epoch_00,prospective-ten,1239739722,fo_counters,FO Counters,off,RQ1/RQ2,policy_eval,stage2,curve_epoch_00,experiments_numeric.architecture_2.fo_counters_mcts,hmrmax-astar,epoch:0:stage2:fo_counters:off:1239739722,,,True,,,,,,,3,4g,6,20G,04:00:00,,VAL,fo_counters-off-1239739722-stage2-train-primary,preselected dependency checkpoint,planned,Learning-curve test evaluation; never use for checkpoint selection
fo_counters-off-1239739722-stage2-policy_eval-curve_epoch_05,prospective-ten,1239739722,fo_counters,FO Counters,off,RQ1/RQ2,policy_eval,stage2,curve_epoch_05,experiments_numeric.architecture_2.fo_counters_mcts,hmrmax-astar,epoch:5:stage2:fo_counters:off:1239739722,,,True,,,,,,,3,4g,6,20G,04:00:00,,VAL,fo_counters-off-1239739722-stage2-train-primary,preselected dependency checkpoint,planned,Learning-curve test evaluation; never use for checkpoint selection
fo_counters-off-1239739722-stage2-policy_eval-curve_epoch_10,prospective-ten,1239739722,fo_counters,FO Counters,off,RQ1/RQ2,policy_eval,stage2,curve_epoch_10,experiments_numeric.architecture_2.fo_counters_mcts,hmrmax-astar,epoch:10:stage2:fo_counters:off:1239739722,,,True,,,,,,,3,4g,6,20G,04:00:00,,VAL,fo_counters-off-1239739722-stage2-train-primary,preselected dependency checkpoint,planned,Learning-curve test evaluation; never use for checkpoint selection
fo_counters-off-1239739722-stage2-policy_eval-curve_epoch_15,prospective-ten,1239739722,fo_counters,FO Counters,off,RQ1/RQ2,policy_eval,stage2,curve_epoch_15,experiments_numeric.architecture_2.fo_counters_mcts,hmrmax-astar,epoch:15:stage2:fo_counters:off:1239739722,,,True,,,,,,,3,4g,6,20G,04:00:00,,VAL,fo_counters-off-1239739722-stage2-train-primary,preselected dependency checkpoint,planned,Learning-curve test evaluation; never use for checkpoint selection
fo_counters-off-1239739722-stage2-policy_eval-curve_epoch_20,prospective-ten,1239739722,fo_counters,FO Counters,off,RQ1/RQ2,policy_eval,stage2,curve_epoch_20,experiments_numeric.architecture_2.fo_counters_mcts,hmrmax-astar,epoch:20:stage2:fo_counters:off:1239739722,,,True,,,,,,,3,4g,6,20G,04:00:00,,VAL,fo_counters-off-1239739722-stage2-train-primary,preselected dependency checkpoint,planned,Learning-curve test evaluation; never use for checkpoint selection
fo_counters-off-1239739722-stage2-policy_eval-curve_epoch_25,prospective-ten,1239739722,fo_counters,FO Counters,off,RQ1/RQ2,policy_eval,stage2,curve_epoch_25,experiments_numeric.architecture_2.fo_counters_mcts,hmrmax-astar,epoch:25:stage2:fo_counters:off:1239739722,,,True,,,,,,,3,4g,6,20G,04:00:00,,VAL,fo_counters-off-1239739722-stage2-train-primary,preselected dependency checkpoint,planned,Learning-curve test evaluation; never use for checkpoint selection
fo_counters-off-1239739722-stage2-policy_eval-curve_epoch_30,prospective-ten,1239739722,fo_counters,FO Counters,off,RQ1/RQ2,policy_eval,stage2,curve_epoch_30,experiments_numeric.architecture_2.fo_counters_mcts,hmrmax-astar,epoch:30:stage2:fo_counters:off:1239739722,,,True,,,,,,,3,4g,6,20G,04:00:00,,VAL,fo_counters-off-1239739722-stage2-train-primary,preselected dependency checkpoint,planned,Learning-curve test evaluation; never use for checkpoint selection
fo_counters-off-1239739722-stage2-policy_eval-curve_epoch_35,prospective-ten,1239739722,fo_counters,FO Counters,off,RQ1/RQ2,policy_eval,stage2,curve_epoch_35,experiments_numeric.architecture_2.fo_counters_mcts,hmrmax-astar,epoch:35:stage2:fo_counters:off:1239739722,,,True,,,,,,,3,4g,6,20G,04:00:00,,VAL,fo_counters-off-1239739722-stage2-train-primary,preselected dependency checkpoint,planned,Learning-curve test evaluation; never use for checkpoint selection
fo_counters-off-1239739722-stage2-policy_eval-curve_epoch_40,prospective-ten,1239739722,fo_counters,FO Counters,off,RQ1/RQ2,policy_eval,stage2,curve_epoch_40,experiments_numeric.architecture_2.fo_counters_mcts,hmrmax-astar,epoch:40:stage2:fo_counters:off:1239739722,,,True,,,,,,,3,4g,6,20G,04:00:00,,VAL,fo_counters-off-1239739722-stage2-train-primary,preselected dependency checkpoint,planned,Learning-curve test evaluation; never use for checkpoint selection
fo_counters-off-1239739722-stage2-policy_eval-curve_epoch_45,prospective-ten,1239739722,fo_counters,FO Counters,off,RQ1/RQ2,policy_eval,stage2,curve_epoch_45,experiments_numeric.architecture_2.fo_counters_mcts,hmrmax-astar,epoch:45:stage2:fo_counters:off:1239739722,,,True,,,,,,,3,4g,6,20G,04:00:00,,VAL,fo_counters-off-1239739722-stage2-train-primary,preselected dependency checkpoint,planned,Learning-curve test evaluation; never use for checkpoint selection
fo_counters-off-1239739722-stage2-policy_eval-curve_epoch_50,prospective-ten,1239739722,fo_counters,FO Counters,off,RQ1/RQ2,policy_eval,stage2,curve_epoch_50,experiments_numeric.architecture_2.fo_counters_mcts,hmrmax-astar,epoch:50:stage2:fo_counters:off:1239739722,,,True,,,,,,,3,4g,6,20G,04:00:00,,VAL,fo_counters-off-1239739722-stage2-train-primary,preselected dependency checkpoint,planned,Learning-curve test evaluation; never use for checkpoint selection
fo_counters-off-1239739722-stage2-policy_eval-curve_epoch_55,prospective-ten,1239739722,fo_counters,FO Counters,off,RQ1/RQ2,policy_eval,stage2,curve_epoch_55,experiments_numeric.architecture_2.fo_counters_mcts,hmrmax-astar,epoch:55:stage2:fo_counters:off:1239739722,,,True,,,,,,,3,4g,6,20G,04:00:00,,VAL,fo_counters-off-1239739722-stage2-train-primary,preselected dependency checkpoint,planned,Learning-curve test evaluation; never use for checkpoint selection
fo_counters-off-1239739722-stage2-policy_eval-curve_epoch_60,prospective-ten,1239739722,fo_counters,FO Counters,off,RQ1/RQ2,policy_eval,stage2,curve_epoch_60,experiments_numeric.architecture_2.fo_counters_mcts,hmrmax-astar,epoch:60:stage2:fo_counters:off:1239739722,,,True,,,,,,,3,4g,6,20G,04:00:00,,VAL,fo_counters-off-1239739722-stage2-train-primary,preselected dependency checkpoint,planned,Learning-curve test evaluation; never use for checkpoint selection
fo_counters-off-1239739722-stage2-policy_eval-curve_epoch_65,prospective-ten,1239739722,fo_counters,FO Counters,off,RQ1/RQ2,policy_eval,stage2,curve_epoch_65,experiments_numeric.architecture_2.fo_counters_mcts,hmrmax-astar,epoch:65:stage2:fo_counters:off:1239739722,,,True,,,,,,,3,4g,6,20G,04:00:00,,VAL,fo_counters-off-1239739722-stage2-train-primary,preselected dependency checkpoint,planned,Learning-curve test evaluation; never use for checkpoint selection
fo_counters-off-1239739722-stage2-policy_eval-curve_epoch_70,prospective-ten,1239739722,fo_counters,FO Counters,off,RQ1/RQ2,policy_eval,stage2,curve_epoch_70,experiments_numeric.architecture_2.fo_counters_mcts,hmrmax-astar,epoch:70:stage2:fo_counters:off:1239739722,,,True,,,,,,,3,4g,6,20G,04:00:00,,VAL,fo_counters-off-1239739722-stage2-train-primary,preselected dependency checkpoint,planned,Learning-curve test evaluation; never use for checkpoint selection
fo_counters-off-1239739722-stage2-policy_eval-curve_epoch_75,prospective-ten,1239739722,fo_counters,FO Counters,off,RQ1/RQ2,policy_eval,stage2,curve_epoch_75,experiments_numeric.architecture_2.fo_counters_mcts,hmrmax-astar,epoch:75:stage2:fo_counters:off:1239739722,,,True,,,,,,,3,4g,6,20G,04:00:00,,VAL,fo_counters-off-1239739722-stage2-train-primary,preselected dependency checkpoint,planned,Learning-curve test evaluation; never use for checkpoint selection
fo_counters-off-1239739722-stage2-policy_eval-curve_epoch_80,prospective-ten,1239739722,fo_counters,FO Counters,off,RQ1/RQ2,policy_eval,stage2,curve_epoch_80,experiments_numeric.architecture_2.fo_counters_mcts,hmrmax-astar,epoch:80:stage2:fo_counters:off:1239739722,,,True,,,,,,,3,4g,6,20G,04:00:00,,VAL,fo_counters-off-1239739722-stage2-train-primary,preselected dependency checkpoint,planned,Learning-curve test evaluation; never use for checkpoint selection
fo_counters-off-1239739722-stage2-policy_eval-curve_epoch_85,prospective-ten,1239739722,fo_counters,FO Counters,off,RQ1/RQ2,policy_eval,stage2,curve_epoch_85,experiments_numeric.architecture_2.fo_counters_mcts,hmrmax-astar,epoch:85:stage2:fo_counters:off:1239739722,,,True,,,,,,,3,4g,6,20G,04:00:00,,VAL,fo_counters-off-1239739722-stage2-train-primary,preselected dependency checkpoint,planned,Learning-curve test evaluation; never use for checkpoint selection
fo_counters-off-1239739722-stage2-policy_eval-curve_epoch_90,prospective-ten,1239739722,fo_counters,FO Counters,off,RQ1/RQ2,policy_eval,stage2,curve_epoch_90,experiments_numeric.architecture_2.fo_counters_mcts,hmrmax-astar,epoch:90:stage2:fo_counters:off:1239739722,,,True,,,,,,,3,4g,6,20G,04:00:00,,VAL,fo_counters-off-1239739722-stage2-train-primary,preselected dependency checkpoint,planned,Learning-curve test evaluation; never use for checkpoint selection
fo_counters-off-1239739722-stage2-policy_eval-curve_epoch_95,prospective-ten,1239739722,fo_counters,FO Counters,off,RQ1/RQ2,policy_eval,stage2,curve_epoch_95,experiments_numeric.architecture_2.fo_counters_mcts,hmrmax-astar,epoch:95:stage2:fo_counters:off:1239739722,,,True,,,,,,,3,4g,6,20G,04:00:00,,VAL,fo_counters-off-1239739722-stage2-train-primary,preselected dependency checkpoint,planned,Learning-curve test evaluation; never use for checkpoint selection
fo_counters-off-1239739722-stage2-policy_eval-curve_epoch_99,prospective-ten,1239739722,fo_counters,FO Counters,off,RQ1/RQ2,policy_eval,stage2,curve_epoch_99,experiments_numeric.architecture_2.fo_counters_mcts,hmrmax-astar,epoch:99:stage2:fo_counters:off:1239739722,,,True,,,,,,,3,4g,6,20G,04:00:00,,VAL,fo_counters-off-1239739722-stage2-train-primary,preselected dependency checkpoint,planned,Learning-curve test evaluation; never use for checkpoint selection
fo_counters-off-1472491096-stage2-policy_eval-curve_epoch_00,prospective-ten,1472491096,fo_counters,FO Counters,off,RQ1/RQ2,policy_eval,stage2,curve_epoch_00,experiments_numeric.architecture_2.fo_counters_mcts,hmrmax-astar,epoch:0:stage2:fo_counters:off:1472491096,,,True,,,,,,,3,4g,6,20G,04:00:00,,VAL,fo_counters-off-1472491096-stage2-train-primary,preselected dependency checkpoint,planned,Learning-curve test evaluation; never use for checkpoint selection
fo_counters-off-1472491096-stage2-policy_eval-curve_epoch_05,prospective-ten,1472491096,fo_counters,FO Counters,off,RQ1/RQ2,policy_eval,stage2,curve_epoch_05,experiments_numeric.architecture_2.fo_counters_mcts,hmrmax-astar,epoch:5:stage2:fo_counters:off:1472491096,,,True,,,,,,,3,4g,6,20G,04:00:00,,VAL,fo_counters-off-1472491096-stage2-train-primary,preselected dependency checkpoint,planned,Learning-curve test evaluation; never use for checkpoint selection
fo_counters-off-1472491096-stage2-policy_eval-curve_epoch_10,prospective-ten,1472491096,fo_counters,FO Counters,off,RQ1/RQ2,policy_eval,stage2,curve_epoch_10,experiments_numeric.architecture_2.fo_counters_mcts,hmrmax-astar,epoch:10:stage2:fo_counters:off:1472491096,,,True,,,,,,,3,4g,6,20G,04:00:00,,VAL,fo_counters-off-1472491096-stage2-train-primary,preselected dependency checkpoint,planned,Learning-curve test evaluation; never use for checkpoint selection
fo_counters-off-1472491096-stage2-policy_eval-curve_epoch_15,prospective-ten,1472491096,fo_counters,FO Counters,off,RQ1/RQ2,policy_eval,stage2,curve_epoch_15,experiments_numeric.architecture_2.fo_counters_mcts,hmrmax-astar,epoch:15:stage2:fo_counters:off:1472491096,,,True,,,,,,,3,4g,6,20G,04:00:00,,VAL,fo_counters-off-1472491096-stage2-train-primary,preselected dependency checkpoint,planned,Learning-curve test evaluation; never use for checkpoint selection
fo_counters-off-1472491096-stage2-policy_eval-curve_epoch_20,prospective-ten,1472491096,fo_counters,FO Counters,off,RQ1/RQ2,policy_eval,stage2,curve_epoch_20,experiments_numeric.architecture_2.fo_counters_mcts,hmrmax-astar,epoch:20:stage2:fo_counters:off:1472491096,,,True,,,,,,,3,4g,6,20G,04:00:00,,VAL,fo_counters-off-1472491096-stage2-train-primary,preselected dependency checkpoint,planned,Learning-curve test evaluation; never use for checkpoint selection
fo_counters-off-1472491096-stage2-policy_eval-curve_epoch_25,prospective-ten,1472491096,fo_counters,FO Counters,off,RQ1/RQ2,policy_eval,stage2,curve_epoch_25,experiments_numeric.architecture_2.fo_counters_mcts,hmrmax-astar,epoch:25:stage2:fo_counters:off:1472491096,,,True,,,,,,,3,4g,6,20G,04:00:00,,VAL,fo_counters-off-1472491096-stage2-train-primary,preselected dependency checkpoint,planned,Learning-curve test evaluation; never use for checkpoint selection
fo_counters-off-1472491096-stage2-policy_eval-curve_epoch_30,prospective-ten,1472491096,fo_counters,FO Counters,off,RQ1/RQ2,policy_eval,stage2,curve_epoch_30,experiments_numeric.architecture_2.fo_counters_mcts,hmrmax-astar,epoch:30:stage2:fo_counters:off:1472491096,,,True,,,,,,,3,4g,6,20G,04:00:00,,VAL,fo_counters-off-1472491096-stage2-train-primary,preselected dependency checkpoint,planned,Learning-curve test evaluation; never use for checkpoint selection
fo_counters-off-1472491096-stage2-policy_eval-curve_epoch_35,prospective-ten,1472491096,fo_counters,FO Counters,off,RQ1/RQ2,policy_eval,stage2,curve_epoch_35,experiments_numeric.architecture_2.fo_counters_mcts,hmrmax-astar,epoch:35:stage2:fo_counters:off:1472491096,,,True,,,,,,,3,4g,6,20G,04:00:00,,VAL,fo_counters-off-1472491096-stage2-train-primary,preselected dependency checkpoint,planned,Learning-curve test evaluation; never use for checkpoint selection
fo_counters-off-1472491096-stage2-policy_eval-curve_epoch_40,prospective-ten,1472491096,fo_counters,FO Counters,off,RQ1/RQ2,policy_eval,stage2,curve_epoch_40,experiments_numeric.architecture_2.fo_counters_mcts,hmrmax-astar,epoch:40:stage2:fo_counters:off:1472491096,,,True,,,,,,,3,4g,6,20G,04:00:00,,VAL,fo_counters-off-1472491096-stage2-train-primary,preselected dependency checkpoint,planned,Learning-curve test evaluation; never use for checkpoint selection
fo_counters-off-1472491096-stage2-policy_eval-curve_epoch_45,prospective-ten,1472491096,fo_counters,FO Counters,off,RQ1/RQ2,policy_eval,stage2,curve_epoch_45,experiments_numeric.architecture_2.fo_counters_mcts,hmrmax-astar,epoch:45:stage2:fo_counters:off:1472491096,,,True,,,,,,,3,4g,6,20G,04:00:00,,VAL,fo_counters-off-1472491096-stage2-train-primary,preselected dependency checkpoint,planned,Learning-curve test evaluation; never use for checkpoint selection
fo_counters-off-1472491096-stage2-policy_eval-curve_epoch_50,prospective-ten,1472491096,fo_counters,FO Counters,off,RQ1/RQ2,policy_eval,stage2,curve_epoch_50,experiments_numeric.architecture_2.fo_counters_mcts,hmrmax-astar,epoch:50:stage2:fo_counters:off:1472491096,,,True,,,,,,,3,4g,6,20G,04:00:00,,VAL,fo_counters-off-1472491096-stage2-train-primary,preselected dependency checkpoint,planned,Learning-curve test evaluation; never use for checkpoint selection
fo_counters-off-1472491096-stage2-policy_eval-curve_epoch_55,prospective-ten,1472491096,fo_counters,FO Counters,off,RQ1/RQ2,policy_eval,stage2,curve_epoch_55,experiments_numeric.architecture_2.fo_counters_mcts,hmrmax-astar,epoch:55:stage2:fo_counters:off:1472491096,,,True,,,,,,,3,4g,6,20G,04:00:00,,VAL,fo_counters-off-1472491096-stage2-train-primary,preselected dependency checkpoint,planned,Learning-curve test evaluation; never use for checkpoint selection
fo_counters-off-1472491096-stage2-policy_eval-curve_epoch_60,prospective-ten,1472491096,fo_counters,FO Counters,off,RQ1/RQ2,policy_eval,stage2,curve_epoch_60,experiments_numeric.architecture_2.fo_counters_mcts,hmrmax-astar,epoch:60:stage2:fo_counters:off:1472491096,,,True,,,,,,,3,4g,6,20G,04:00:00,,VAL,fo_counters-off-1472491096-stage2-train-primary,preselected dependency checkpoint,planned,Learning-curve test evaluation; never use for checkpoint selection
fo_counters-off-1472491096-stage2-policy_eval-curve_epoch_65,prospective-ten,1472491096,fo_counters,FO Counters,off,RQ1/RQ2,policy_eval,stage2,curve_epoch_65,experiments_numeric.architecture_2.fo_counters_mcts,hmrmax-astar,epoch:65:stage2:fo_counters:off:1472491096,,,True,,,,,,,3,4g,6,20G,04:00:00,,VAL,fo_counters-off-1472491096-stage2-train-primary,preselected dependency checkpoint,planned,Learning-curve test evaluation; never use for checkpoint selection
fo_counters-off-1472491096-stage2-policy_eval-curve_epoch_70,prospective-ten,1472491096,fo_counters,FO Counters,off,RQ1/RQ2,policy_eval,stage2,curve_epoch_70,experiments_numeric.architecture_2.fo_counters_mcts,hmrmax-astar,epoch:70:stage2:fo_counters:off:1472491096,,,True,,,,,,,3,4g,6,20G,04:00:00,,VAL,fo_counters-off-1472491096-stage2-train-primary,preselected dependency checkpoint,planned,Learning-curve test evaluation; never use for checkpoint selection
fo_counters-off-1472491096-stage2-policy_eval-curve_epoch_75,prospective-ten,1472491096,fo_counters,FO Counters,off,RQ1/RQ2,policy_eval,stage2,curve_epoch_75,experiments_numeric.architecture_2.fo_counters_mcts,hmrmax-astar,epoch:75:stage2:fo_counters:off:1472491096,,,True,,,,,,,3,4g,6,20G,04:00:00,,VAL,fo_counters-off-1472491096-stage2-train-primary,preselected dependency checkpoint,planned,Learning-curve test evaluation; never use for checkpoint selection
fo_counters-off-1472491096-stage2-policy_eval-curve_epoch_80,prospective-ten,1472491096,fo_counters,FO Counters,off,RQ1/RQ2,policy_eval,stage2,curve_epoch_80,experiments_numeric.architecture_2.fo_counters_mcts,hmrmax-astar,epoch:80:stage2:fo_counters:off:1472491096,,,True,,,,,,,3,4g,6,20G,04:00:00,,VAL,fo_counters-off-1472491096-stage2-train-primary,preselected dependency checkpoint,planned,Learning-curve test evaluation; never use for checkpoint selection
fo_counters-off-1472491096-stage2-policy_eval-curve_epoch_85,prospective-ten,1472491096,fo_counters,FO Counters,off,RQ1/RQ2,policy_eval,stage2,curve_epoch_85,experiments_numeric.architecture_2.fo_counters_mcts,hmrmax-astar,epoch:85:stage2:fo_counters:off:1472491096,,,True,,,,,,,3,4g,6,20G,04:00:00,,VAL,fo_counters-off-1472491096-stage2-train-primary,preselected dependency checkpoint,planned,Learning-curve test evaluation; never use for checkpoint selection
fo_counters-off-1472491096-stage2-policy_eval-curve_epoch_90,prospective-ten,1472491096,fo_counters,FO Counters,off,RQ1/RQ2,policy_eval,stage2,curve_epoch_90,experiments_numeric.architecture_2.fo_counters_mcts,hmrmax-astar,epoch:90:stage2:fo_counters:off:1472491096,,,True,,,,,,,3,4g,6,20G,04:00:00,,VAL,fo_counters-off-1472491096-stage2-train-primary,preselected dependency checkpoint,planned,Learning-curve test evaluation; never use for checkpoint selection
fo_counters-off-1472491096-stage2-policy_eval-curve_epoch_95,prospective-ten,1472491096,fo_counters,FO Counters,off,RQ1/RQ2,policy_eval,stage2,curve_epoch_95,experiments_numeric.architecture_2.fo_counters_mcts,hmrmax-astar,epoch:95:stage2:fo_counters:off:1472491096,,,True,,,,,,,3,4g,6,20G,04:00:00,,VAL,fo_counters-off-1472491096-stage2-train-primary,preselected dependency checkpoint,planned,Learning-curve test evaluation; never use for checkpoint selection
fo_counters-off-1472491096-stage2-policy_eval-curve_epoch_99,prospective-ten,1472491096,fo_counters,FO Counters,off,RQ1/RQ2,policy_eval,stage2,curve_epoch_99,experiments_numeric.architecture_2.fo_counters_mcts,hmrmax-astar,epoch:99:stage2:fo_counters:off:1472491096,,,True,,,,,,,3,4g,6,20G,04:00:00,,VAL,fo_counters-off-1472491096-stage2-train-primary,preselected dependency checkpoint,planned,Learning-curve test evaluation; never use for checkpoint selection
fo_counters-off-534933607-stage2-policy_eval-curve_epoch_00,prospective-ten,534933607,fo_counters,FO Counters,off,RQ1/RQ2,policy_eval,stage2,curve_epoch_00,experiments_numeric.architecture_2.fo_counters_mcts,hmrmax-astar,epoch:0:stage2:fo_counters:off:534933607,,,True,,,,,,,3,4g,6,20G,04:00:00,,VAL,fo_counters-off-534933607-stage2-train-primary,preselected dependency checkpoint,planned,Learning-curve test evaluation; never use for checkpoint selection
fo_counters-off-534933607-stage2-policy_eval-curve_epoch_05,prospective-ten,534933607,fo_counters,FO Counters,off,RQ1/RQ2,policy_eval,stage2,curve_epoch_05,experiments_numeric.architecture_2.fo_counters_mcts,hmrmax-astar,epoch:5:stage2:fo_counters:off:534933607,,,True,,,,,,,3,4g,6,20G,04:00:00,,VAL,fo_counters-off-534933607-stage2-train-primary,preselected dependency checkpoint,planned,Learning-curve test evaluation; never use for checkpoint selection
fo_counters-off-534933607-stage2-policy_eval-curve_epoch_10,prospective-ten,534933607,fo_counters,FO Counters,off,RQ1/RQ2,policy_eval,stage2,curve_epoch_10,experiments_numeric.architecture_2.fo_counters_mcts,hmrmax-astar,epoch:10:stage2:fo_counters:off:534933607,,,True,,,,,,,3,4g,6,20G,04:00:00,,VAL,fo_counters-off-534933607-stage2-train-primary,preselected dependency checkpoint,planned,Learning-curve test evaluation; never use for checkpoint selection
fo_counters-off-534933607-stage2-policy_eval-curve_epoch_15,prospective-ten,534933607,fo_counters,FO Counters,off,RQ1/RQ2,policy_eval,stage2,curve_epoch_15,experiments_numeric.architecture_2.fo_counters_mcts,hmrmax-astar,epoch:15:stage2:fo_counters:off:534933607,,,True,,,,,,,3,4g,6,20G,04:00:00,,VAL,fo_counters-off-534933607-stage2-train-primary,preselected dependency checkpoint,planned,Learning-curve test evaluation; never use for checkpoint selection
fo_counters-off-534933607-stage2-policy_eval-curve_epoch_20,prospective-ten,534933607,fo_counters,FO Counters,off,RQ1/RQ2,policy_eval,stage2,curve_epoch_20,experiments_numeric.architecture_2.fo_counters_mcts,hmrmax-astar,epoch:20:stage2:fo_counters:off:534933607,,,True,,,,,,,3,4g,6,20G,04:00:00,,VAL,fo_counters-off-534933607-stage2-train-primary,preselected dependency checkpoint,planned,Learning-curve test evaluation; never use for checkpoint selection
fo_counters-off-534933607-stage2-policy_eval-curve_epoch_25,prospective-ten,534933607,fo_counters,FO Counters,off,RQ1/RQ2,policy_eval,stage2,curve_epoch_25,experiments_numeric.architecture_2.fo_counters_mcts,hmrmax-astar,epoch:25:stage2:fo_counters:off:534933607,,,True,,,,,,,3,4g,6,20G,04:00:00,,VAL,fo_counters-off-534933607-stage2-train-primary,preselected dependency checkpoint,planned,Learning-curve test evaluation; never use for checkpoint selection
fo_counters-off-534933607-stage2-policy_eval-curve_epoch_30,prospective-ten,534933607,fo_counters,FO Counters,off,RQ1/RQ2,policy_eval,stage2,curve_epoch_30,experiments_numeric.architecture_2.fo_counters_mcts,hmrmax-astar,epoch:30:stage2:fo_counters:off:534933607,,,True,,,,,,,3,4g,6,20G,04:00:00,,VAL,fo_counters-off-534933607-stage2-train-primary,preselected dependency checkpoint,planned,Learning-curve test evaluation; never use for checkpoint selection
fo_counters-off-534933607-stage2-policy_eval-curve_epoch_35,prospective-ten,534933607,fo_counters,FO Counters,off,RQ1/RQ2,policy_eval,stage2,curve_epoch_35,experiments_numeric.architecture_2.fo_counters_mcts,hmrmax-astar,epoch:35:stage2:fo_counters:off:534933607,,,True,,,,,,,3,4g,6,20G,04:00:00,,VAL,fo_counters-off-534933607-stage2-train-primary,preselected dependency checkpoint,planned,Learning-curve test evaluation; never use for checkpoint selection
fo_counters-off-534933607-stage2-policy_eval-curve_epoch_40,prospective-ten,534933607,fo_counters,FO Counters,off,RQ1/RQ2,policy_eval,stage2,curve_epoch_40,experiments_numeric.architecture_2.fo_counters_mcts,hmrmax-astar,epoch:40:stage2:fo_counters:off:534933607,,,True,,,,,,,3,4g,6,20G,04:00:00,,VAL,fo_counters-off-534933607-stage2-train-primary,preselected dependency checkpoint,planned,Learning-curve test evaluation; never use for checkpoint selection
fo_counters-off-534933607-stage2-policy_eval-curve_epoch_45,prospective-ten,534933607,fo_counters,FO Counters,off,RQ1/RQ2,policy_eval,stage2,curve_epoch_45,experiments_numeric.architecture_2.fo_counters_mcts,hmrmax-astar,epoch:45:stage2:fo_counters:off:534933607,,,True,,,,,,,3,4g,6,20G,04:00:00,,VAL,fo_counters-off-534933607-stage2-train-primary,preselected dependency checkpoint,planned,Learning-curve test evaluation; never use for checkpoint selection
fo_counters-off-534933607-stage2-policy_eval-curve_epoch_50,prospective-ten,534933607,fo_counters,FO Counters,off,RQ1/RQ2,policy_eval,stage2,curve_epoch_50,experiments_numeric.architecture_2.fo_counters_mcts,hmrmax-astar,epoch:50:stage2:fo_counters:off:534933607,,,True,,,,,,,3,4g,6,20G,04:00:00,,VAL,fo_counters-off-534933607-stage2-train-primary,preselected dependency checkpoint,planned,Learning-curve test evaluation; never use for checkpoint selection
fo_counters-off-534933607-stage2-policy_eval-curve_epoch_55,prospective-ten,534933607,fo_counters,FO Counters,off,RQ1/RQ2,policy_eval,stage2,curve_epoch_55,experiments_numeric.architecture_2.fo_counters_mcts,hmrmax-astar,epoch:55:stage2:fo_counters:off:534933607,,,True,,,,,,,3,4g,6,20G,04:00:00,,VAL,fo_counters-off-534933607-stage2-train-primary,preselected dependency checkpoint,planned,Learning-curve test evaluation; never use for checkpoint selection
fo_counters-off-534933607-stage2-policy_eval-curve_epoch_60,prospective-ten,534933607,fo_counters,FO Counters,off,RQ1/RQ2,policy_eval,stage2,curve_epoch_60,experiments_numeric.architecture_2.fo_counters_mcts,hmrmax-astar,epoch:60:stage2:fo_counters:off:534933607,,,True,,,,,,,3,4g,6,20G,04:00:00,,VAL,fo_counters-off-534933607-stage2-train-primary,preselected dependency checkpoint,planned,Learning-curve test evaluation; never use for checkpoint selection
fo_counters-off-534933607-stage2-policy_eval-curve_epoch_65,prospective-ten,534933607,fo_counters,FO Counters,off,RQ1/RQ2,policy_eval,stage2,curve_epoch_65,experiments_numeric.architecture_2.fo_counters_mcts,hmrmax-astar,epoch:65:stage2:fo_counters:off:534933607,,,True,,,,,,,3,4g,6,20G,04:00:00,,VAL,fo_counters-off-534933607-stage2-train-primary,preselected dependency checkpoint,planned,Learning-curve test evaluation; never use for checkpoint selection
fo_counters-off-534933607-stage2-policy_eval-curve_epoch_70,prospective-ten,534933607,fo_counters,FO Counters,off,RQ1/RQ2,policy_eval,stage2,curve_epoch_70,experiments_numeric.architecture_2.fo_counters_mcts,hmrmax-astar,epoch:70:stage2:fo_counters:off:534933607,,,True,,,,,,,3,4g,6,20G,04:00:00,,VAL,fo_counters-off-534933607-stage2-train-primary,preselected dependency checkpoint,planned,Learning-curve test evaluation; never use for checkpoint selection
fo_counters-off-534933607-stage2-policy_eval-curve_epoch_75,prospective-ten,534933607,fo_counters,FO Counters,off,RQ1/RQ2,policy_eval,stage2,curve_epoch_75,experiments_numeric.architecture_2.fo_counters_mcts,hmrmax-astar,epoch:75:stage2:fo_counters:off:534933607,,,True,,,,,,,3,4g,6,20G,04:00:00,,VAL,fo_counters-off-534933607-stage2-train-primary,preselected dependency checkpoint,planned,Learning-curve test evaluation; never use for checkpoint selection
fo_counters-off-534933607-stage2-policy_eval-curve_epoch_80,prospective-ten,534933607,fo_counters,FO Counters,off,RQ1/RQ2,policy_eval,stage2,curve_epoch_80,experiments_numeric.architecture_2.fo_counters_mcts,hmrmax-astar,epoch:80:stage2:fo_counters:off:534933607,,,True,,,,,,,3,4g,6,20G,04:00:00,,VAL,fo_counters-off-534933607-stage2-train-primary,preselected dependency checkpoint,planned,Learning-curve test evaluation; never use for checkpoint selection
fo_counters-off-534933607-stage2-policy_eval-curve_epoch_85,prospective-ten,534933607,fo_counters,FO Counters,off,RQ1/RQ2,policy_eval,stage2,curve_epoch_85,experiments_numeric.architecture_2.fo_counters_mcts,hmrmax-astar,epoch:85:stage2:fo_counters:off:534933607,,,True,,,,,,,3,4g,6,20G,04:00:00,,VAL,fo_counters-off-534933607-stage2-train-primary,preselected dependency checkpoint,planned,Learning-curve test evaluation; never use for checkpoint selection
fo_counters-off-534933607-stage2-policy_eval-curve_epoch_90,prospective-ten,534933607,fo_counters,FO Counters,off,RQ1/RQ2,policy_eval,stage2,curve_epoch_90,experiments_numeric.architecture_2.fo_counters_mcts,hmrmax-astar,epoch:90:stage2:fo_counters:off:534933607,,,True,,,,,,,3,4g,6,20G,04:00:00,,VAL,fo_counters-off-534933607-stage2-train-primary,preselected dependency checkpoint,planned,Learning-curve test evaluation; never use for checkpoint selection
fo_counters-off-534933607-stage2-policy_eval-curve_epoch_95,prospective-ten,534933607,fo_counters,FO Counters,off,RQ1/RQ2,policy_eval,stage2,curve_epoch_95,experiments_numeric.architecture_2.fo_counters_mcts,hmrmax-astar,epoch:95:stage2:fo_counters:off:534933607,,,True,,,,,,,3,4g,6,20G,04:00:00,,VAL,fo_counters-off-534933607-stage2-train-primary,preselected dependency checkpoint,planned,Learning-curve test evaluation; never use for checkpoint selection
fo_counters-off-534933607-stage2-policy_eval-curve_epoch_99,prospective-ten,534933607,fo_counters,FO Counters,off,RQ1/RQ2,policy_eval,stage2,curve_epoch_99,experiments_numeric.architecture_2.fo_counters_mcts,hmrmax-astar,epoch:99:stage2:fo_counters:off:534933607,,,True,,,,,,,3,4g,6,20G,04:00:00,,VAL,fo_counters-off-534933607-stage2-train-primary,preselected dependency checkpoint,planned,Learning-curve test evaluation; never use for checkpoint selection
fo_counters-off-2082152039-stage2-policy_eval-curve_epoch_00,prospective-ten,2082152039,fo_counters,FO Counters,off,RQ1/RQ2,policy_eval,stage2,curve_epoch_00,experiments_numeric.architecture_2.fo_counters_mcts,hmrmax-astar,epoch:0:stage2:fo_counters:off:2082152039,,,True,,,,,,,3,4g,6,20G,04:00:00,,VAL,fo_counters-off-2082152039-stage2-train-primary,preselected dependency checkpoint,planned,Learning-curve test evaluation; never use for checkpoint selection
fo_counters-off-2082152039-stage2-policy_eval-curve_epoch_05,prospective-ten,2082152039,fo_counters,FO Counters,off,RQ1/RQ2,policy_eval,stage2,curve_epoch_05,experiments_numeric.architecture_2.fo_counters_mcts,hmrmax-astar,epoch:5:stage2:fo_counters:off:2082152039,,,True,,,,,,,3,4g,6,20G,04:00:00,,VAL,fo_counters-off-2082152039-stage2-train-primary,preselected dependency checkpoint,planned,Learning-curve test evaluation; never use for checkpoint selection
fo_counters-off-2082152039-stage2-policy_eval-curve_epoch_10,prospective-ten,2082152039,fo_counters,FO Counters,off,RQ1/RQ2,policy_eval,stage2,curve_epoch_10,experiments_numeric.architecture_2.fo_counters_mcts,hmrmax-astar,epoch:10:stage2:fo_counters:off:2082152039,,,True,,,,,,,3,4g,6,20G,04:00:00,,VAL,fo_counters-off-2082152039-stage2-train-primary,preselected dependency checkpoint,planned,Learning-curve test evaluation; never use for checkpoint selection
fo_counters-off-2082152039-stage2-policy_eval-curve_epoch_15,prospective-ten,2082152039,fo_counters,FO Counters,off,RQ1/RQ2,policy_eval,stage2,curve_epoch_15,experiments_numeric.architecture_2.fo_counters_mcts,hmrmax-astar,epoch:15:stage2:fo_counters:off:2082152039,,,True,,,,,,,3,4g,6,20G,04:00:00,,VAL,fo_counters-off-2082152039-stage2-train-primary,preselected dependency checkpoint,planned,Learning-curve test evaluation; never use for checkpoint selection
fo_counters-off-2082152039-stage2-policy_eval-curve_epoch_20,prospective-ten,2082152039,fo_counters,FO Counters,off,RQ1/RQ2,policy_eval,stage2,curve_epoch_20,experiments_numeric.architecture_2.fo_counters_mcts,hmrmax-astar,epoch:20:stage2:fo_counters:off:2082152039,,,True,,,,,,,3,4g,6,20G,04:00:00,,VAL,fo_counters-off-2082152039-stage2-train-primary,preselected dependency checkpoint,planned,Learning-curve test evaluation; never use for checkpoint selection
fo_counters-off-2082152039-stage2-policy_eval-curve_epoch_25,prospective-ten,2082152039,fo_counters,FO Counters,off,RQ1/RQ2,policy_eval,stage2,curve_epoch_25,experiments_numeric.architecture_2.fo_counters_mcts,hmrmax-astar,epoch:25:stage2:fo_counters:off:2082152039,,,True,,,,,,,3,4g,6,20G,04:00:00,,VAL,fo_counters-off-2082152039-stage2-train-primary,preselected dependency checkpoint,planned,Learning-curve test evaluation; never use for checkpoint selection
fo_counters-off-2082152039-stage2-policy_eval-curve_epoch_30,prospective-ten,2082152039,fo_counters,FO Counters,off,RQ1/RQ2,policy_eval,stage2,curve_epoch_30,experiments_numeric.architecture_2.fo_counters_mcts,hmrmax-astar,epoch:30:stage2:fo_counters:off:2082152039,,,True,,,,,,,3,4g,6,20G,04:00:00,,VAL,fo_counters-off-2082152039-stage2-train-primary,preselected dependency checkpoint,planned,Learning-curve test evaluation; never use for checkpoint selection
fo_counters-off-2082152039-stage2-policy_eval-curve_epoch_35,prospective-ten,2082152039,fo_counters,FO Counters,off,RQ1/RQ2,policy_eval,stage2,curve_epoch_35,experiments_numeric.architecture_2.fo_counters_mcts,hmrmax-astar,epoch:35:stage2:fo_counters:off:2082152039,,,True,,,,,,,3,4g,6,20G,04:00:00,,VAL,fo_counters-off-2082152039-stage2-train-primary,preselected dependency checkpoint,planned,Learning-curve test evaluation; never use for checkpoint selection
fo_counters-off-2082152039-stage2-policy_eval-curve_epoch_40,prospective-ten,2082152039,fo_counters,FO Counters,off,RQ1/RQ2,policy_eval,stage2,curve_epoch_40,experiments_numeric.architecture_2.fo_counters_mcts,hmrmax-astar,epoch:40:stage2:fo_counters:off:2082152039,,,True,,,,,,,3,4g,6,20G,04:00:00,,VAL,fo_counters-off-2082152039-stage2-train-primary,preselected dependency checkpoint,planned,Learning-curve test evaluation; never use for checkpoint selection
fo_counters-off-2082152039-stage2-policy_eval-curve_epoch_45,prospective-ten,2082152039,fo_counters,FO Counters,off,RQ1/RQ2,policy_eval,stage2,curve_epoch_45,experiments_numeric.architecture_2.fo_counters_mcts,hmrmax-astar,epoch:45:stage2:fo_counters:off:2082152039,,,True,,,,,,,3,4g,6,20G,04:00:00,,VAL,fo_counters-off-2082152039-stage2-train-primary,preselected dependency checkpoint,planned,Learning-curve test evaluation; never use for checkpoint selection
fo_counters-off-2082152039-stage2-policy_eval-curve_epoch_50,prospective-ten,2082152039,fo_counters,FO Counters,off,RQ1/RQ2,policy_eval,stage2,curve_epoch_50,experiments_numeric.architecture_2.fo_counters_mcts,hmrmax-astar,epoch:50:stage2:fo_counters:off:2082152039,,,True,,,,,,,3,4g,6,20G,04:00:00,,VAL,fo_counters-off-2082152039-stage2-train-primary,preselected dependency checkpoint,planned,Learning-curve test evaluation; never use for checkpoint selection
fo_counters-off-2082152039-stage2-policy_eval-curve_epoch_55,prospective-ten,2082152039,fo_counters,FO Counters,off,RQ1/RQ2,policy_eval,stage2,curve_epoch_55,experiments_numeric.architecture_2.fo_counters_mcts,hmrmax-astar,epoch:55:stage2:fo_counters:off:2082152039,,,True,,,,,,,3,4g,6,20G,04:00:00,,VAL,fo_counters-off-2082152039-stage2-train-primary,preselected dependency checkpoint,planned,Learning-curve test evaluation; never use for checkpoint selection
fo_counters-off-2082152039-stage2-policy_eval-curve_epoch_60,prospective-ten,2082152039,fo_counters,FO Counters,off,RQ1/RQ2,policy_eval,stage2,curve_epoch_60,experiments_numeric.architecture_2.fo_counters_mcts,hmrmax-astar,epoch:60:stage2:fo_counters:off:2082152039,,,True,,,,,,,3,4g,6,20G,04:00:00,,VAL,fo_counters-off-2082152039-stage2-train-primary,preselected dependency checkpoint,planned,Learning-curve test evaluation; never use for checkpoint selection
fo_counters-off-2082152039-stage2-policy_eval-curve_epoch_65,prospective-ten,2082152039,fo_counters,FO Counters,off,RQ1/RQ2,policy_eval,stage2,curve_epoch_65,experiments_numeric.architecture_2.fo_counters_mcts,hmrmax-astar,epoch:65:stage2:fo_counters:off:2082152039,,,True,,,,,,,3,4g,6,20G,04:00:00,,VAL,fo_counters-off-2082152039-stage2-train-primary,preselected dependency checkpoint,planned,Learning-curve test evaluation; never use for checkpoint selection
fo_counters-off-2082152039-stage2-policy_eval-curve_epoch_70,prospective-ten,2082152039,fo_counters,FO Counters,off,RQ1/RQ2,policy_eval,stage2,curve_epoch_70,experiments_numeric.architecture_2.fo_counters_mcts,hmrmax-astar,epoch:70:stage2:fo_counters:off:2082152039,,,True,,,,,,,3,4g,6,20G,04:00:00,,VAL,fo_counters-off-2082152039-stage2-train-primary,preselected dependency checkpoint,planned,Learning-curve test evaluation; never use for checkpoint selection
fo_counters-off-2082152039-stage2-policy_eval-curve_epoch_75,prospective-ten,2082152039,fo_counters,FO Counters,off,RQ1/RQ2,policy_eval,stage2,curve_epoch_75,experiments_numeric.architecture_2.fo_counters_mcts,hmrmax-astar,epoch:75:stage2:fo_counters:off:2082152039,,,True,,,,,,,3,4g,6,20G,04:00:00,,VAL,fo_counters-off-2082152039-stage2-train-primary,preselected dependency checkpoint,planned,Learning-curve test evaluation; never use for checkpoint selection
fo_counters-off-2082152039-stage2-policy_eval-curve_epoch_80,prospective-ten,2082152039,fo_counters,FO Counters,off,RQ1/RQ2,policy_eval,stage2,curve_epoch_80,experiments_numeric.architecture_2.fo_counters_mcts,hmrmax-astar,epoch:80:stage2:fo_counters:off:2082152039,,,True,,,,,,,3,4g,6,20G,04:00:00,,VAL,fo_counters-off-2082152039-stage2-train-primary,preselected dependency checkpoint,planned,Learning-curve test evaluation; never use for checkpoint selection
fo_counters-off-2082152039-stage2-policy_eval-curve_epoch_85,prospective-ten,2082152039,fo_counters,FO Counters,off,RQ1/RQ2,policy_eval,stage2,curve_epoch_85,experiments_numeric.architecture_2.fo_counters_mcts,hmrmax-astar,epoch:85:stage2:fo_counters:off:2082152039,,,True,,,,,,,3,4g,6,20G,04:00:00,,VAL,fo_counters-off-2082152039-stage2-train-primary,preselected dependency checkpoint,planned,Learning-curve test evaluation; never use for checkpoint selection
fo_counters-off-2082152039-stage2-policy_eval-curve_epoch_90,prospective-ten,2082152039,fo_counters,FO Counters,off,RQ1/RQ2,policy_eval,stage2,curve_epoch_90,experiments_numeric.architecture_2.fo_counters_mcts,hmrmax-astar,epoch:90:stage2:fo_counters:off:2082152039,,,True,,,,,,,3,4g,6,20G,04:00:00,,VAL,fo_counters-off-2082152039-stage2-train-primary,preselected dependency checkpoint,planned,Learning-curve test evaluation; never use for checkpoint selection
fo_counters-off-2082152039-stage2-policy_eval-curve_epoch_95,prospective-ten,2082152039,fo_counters,FO Counters,off,RQ1/RQ2,policy_eval,stage2,curve_epoch_95,experiments_numeric.architecture_2.fo_counters_mcts,hmrmax-astar,epoch:95:stage2:fo_counters:off:2082152039,,,True,,,,,,,3,4g,6,20G,04:00:00,,VAL,fo_counters-off-2082152039-stage2-train-primary,preselected dependency checkpoint,planned,Learning-curve test evaluation; never use for checkpoint selection
fo_counters-off-2082152039-stage2-policy_eval-curve_epoch_99,prospective-ten,2082152039,fo_counters,FO Counters,off,RQ1/RQ2,policy_eval,stage2,curve_epoch_99,experiments_numeric.architecture_2.fo_counters_mcts,hmrmax-astar,epoch:99:stage2:fo_counters:off:2082152039,,,True,,,,,,,3,4g,6,20G,04:00:00,,VAL,fo_counters-off-2082152039-stage2-train-primary,preselected dependency checkpoint,planned,Learning-curve test evaluation; never use for checkpoint selection
fo_counters-off-1510771779-stage2-policy_eval-curve_epoch_00,prospective-ten,1510771779,fo_counters,FO Counters,off,RQ1/RQ2,policy_eval,stage2,curve_epoch_00,experiments_numeric.architecture_2.fo_counters_mcts,hmrmax-astar,epoch:0:stage2:fo_counters:off:1510771779,,,True,,,,,,,3,4g,6,20G,04:00:00,,VAL,fo_counters-off-1510771779-stage2-train-primary,preselected dependency checkpoint,planned,Learning-curve test evaluation; never use for checkpoint selection
fo_counters-off-1510771779-stage2-policy_eval-curve_epoch_05,prospective-ten,1510771779,fo_counters,FO Counters,off,RQ1/RQ2,policy_eval,stage2,curve_epoch_05,experiments_numeric.architecture_2.fo_counters_mcts,hmrmax-astar,epoch:5:stage2:fo_counters:off:1510771779,,,True,,,,,,,3,4g,6,20G,04:00:00,,VAL,fo_counters-off-1510771779-stage2-train-primary,preselected dependency checkpoint,planned,Learning-curve test evaluation; never use for checkpoint selection
fo_counters-off-1510771779-stage2-policy_eval-curve_epoch_10,prospective-ten,1510771779,fo_counters,FO Counters,off,RQ1/RQ2,policy_eval,stage2,curve_epoch_10,experiments_numeric.architecture_2.fo_counters_mcts,hmrmax-astar,epoch:10:stage2:fo_counters:off:1510771779,,,True,,,,,,,3,4g,6,20G,04:00:00,,VAL,fo_counters-off-1510771779-stage2-train-primary,preselected dependency checkpoint,planned,Learning-curve test evaluation; never use for checkpoint selection
fo_counters-off-1510771779-stage2-policy_eval-curve_epoch_15,prospective-ten,1510771779,fo_counters,FO Counters,off,RQ1/RQ2,policy_eval,stage2,curve_epoch_15,experiments_numeric.architecture_2.fo_counters_mcts,hmrmax-astar,epoch:15:stage2:fo_counters:off:1510771779,,,True,,,,,,,3,4g,6,20G,04:00:00,,VAL,fo_counters-off-1510771779-stage2-train-primary,preselected dependency checkpoint,planned,Learning-curve test evaluation; never use for checkpoint selection
fo_counters-off-1510771779-stage2-policy_eval-curve_epoch_20,prospective-ten,1510771779,fo_counters,FO Counters,off,RQ1/RQ2,policy_eval,stage2,curve_epoch_20,experiments_numeric.architecture_2.fo_counters_mcts,hmrmax-astar,epoch:20:stage2:fo_counters:off:1510771779,,,True,,,,,,,3,4g,6,20G,04:00:00,,VAL,fo_counters-off-1510771779-stage2-train-primary,preselected dependency checkpoint,planned,Learning-curve test evaluation; never use for checkpoint selection
fo_counters-off-1510771779-stage2-policy_eval-curve_epoch_25,prospective-ten,1510771779,fo_counters,FO Counters,off,RQ1/RQ2,policy_eval,stage2,curve_epoch_25,experiments_numeric.architecture_2.fo_counters_mcts,hmrmax-astar,epoch:25:stage2:fo_counters:off:1510771779,,,True,,,,,,,3,4g,6,20G,04:00:00,,VAL,fo_counters-off-1510771779-stage2-train-primary,preselected dependency checkpoint,planned,Learning-curve test evaluation; never use for checkpoint selection
fo_counters-off-1510771779-stage2-policy_eval-curve_epoch_30,prospective-ten,1510771779,fo_counters,FO Counters,off,RQ1/RQ2,policy_eval,stage2,curve_epoch_30,experiments_numeric.architecture_2.fo_counters_mcts,hmrmax-astar,epoch:30:stage2:fo_counters:off:1510771779,,,True,,,,,,,3,4g,6,20G,04:00:00,,VAL,fo_counters-off-1510771779-stage2-train-primary,preselected dependency checkpoint,planned,Learning-curve test evaluation; never use for checkpoint selection
fo_counters-off-1510771779-stage2-policy_eval-curve_epoch_35,prospective-ten,1510771779,fo_counters,FO Counters,off,RQ1/RQ2,policy_eval,stage2,curve_epoch_35,experiments_numeric.architecture_2.fo_counters_mcts,hmrmax-astar,epoch:35:stage2:fo_counters:off:1510771779,,,True,,,,,,,3,4g,6,20G,04:00:00,,VAL,fo_counters-off-1510771779-stage2-train-primary,preselected dependency checkpoint,planned,Learning-curve test evaluation; never use for checkpoint selection
fo_counters-off-1510771779-stage2-policy_eval-curve_epoch_40,prospective-ten,1510771779,fo_counters,FO Counters,off,RQ1/RQ2,policy_eval,stage2,curve_epoch_40,experiments_numeric.architecture_2.fo_counters_mcts,hmrmax-astar,epoch:40:stage2:fo_counters:off:1510771779,,,True,,,,,,,3,4g,6,20G,04:00:00,,VAL,fo_counters-off-1510771779-stage2-train-primary,preselected dependency checkpoint,planned,Learning-curve test evaluation; never use for checkpoint selection
fo_counters-off-1510771779-stage2-policy_eval-curve_epoch_45,prospective-ten,1510771779,fo_counters,FO Counters,off,RQ1/RQ2,policy_eval,stage2,curve_epoch_45,experiments_numeric.architecture_2.fo_counters_mcts,hmrmax-astar,epoch:45:stage2:fo_counters:off:1510771779,,,True,,,,,,,3,4g,6,20G,04:00:00,,VAL,fo_counters-off-1510771779-stage2-train-primary,preselected dependency checkpoint,planned,Learning-curve test evaluation; never use for checkpoint selection
fo_counters-off-1510771779-stage2-policy_eval-curve_epoch_50,prospective-ten,1510771779,fo_counters,FO Counters,off,RQ1/RQ2,policy_eval,stage2,curve_epoch_50,experiments_numeric.architecture_2.fo_counters_mcts,hmrmax-astar,epoch:50:stage2:fo_counters:off:1510771779,,,True,,,,,,,3,4g,6,20G,04:00:00,,VAL,fo_counters-off-1510771779-stage2-train-primary,preselected dependency checkpoint,planned,Learning-curve test evaluation; never use for checkpoint selection
fo_counters-off-1510771779-stage2-policy_eval-curve_epoch_55,prospective-ten,1510771779,fo_counters,FO Counters,off,RQ1/RQ2,policy_eval,stage2,curve_epoch_55,experiments_numeric.architecture_2.fo_counters_mcts,hmrmax-astar,epoch:55:stage2:fo_counters:off:1510771779,,,True,,,,,,,3,4g,6,20G,04:00:00,,VAL,fo_counters-off-1510771779-stage2-train-primary,preselected dependency checkpoint,planned,Learning-curve test evaluation; never use for checkpoint selection
fo_counters-off-1510771779-stage2-policy_eval-curve_epoch_60,prospective-ten,1510771779,fo_counters,FO Counters,off,RQ1/RQ2,policy_eval,stage2,curve_epoch_60,experiments_numeric.architecture_2.fo_counters_mcts,hmrmax-astar,epoch:60:stage2:fo_counters:off:1510771779,,,True,,,,,,,3,4g,6,20G,04:00:00,,VAL,fo_counters-off-1510771779-stage2-train-primary,preselected dependency checkpoint,planned,Learning-curve test evaluation; never use for checkpoint selection
fo_counters-off-1510771779-stage2-policy_eval-curve_epoch_65,prospective-ten,1510771779,fo_counters,FO Counters,off,RQ1/RQ2,policy_eval,stage2,curve_epoch_65,experiments_numeric.architecture_2.fo_counters_mcts,hmrmax-astar,epoch:65:stage2:fo_counters:off:1510771779,,,True,,,,,,,3,4g,6,20G,04:00:00,,VAL,fo_counters-off-1510771779-stage2-train-primary,preselected dependency checkpoint,planned,Learning-curve test evaluation; never use for checkpoint selection
fo_counters-off-1510771779-stage2-policy_eval-curve_epoch_70,prospective-ten,1510771779,fo_counters,FO Counters,off,RQ1/RQ2,policy_eval,stage2,curve_epoch_70,experiments_numeric.architecture_2.fo_counters_mcts,hmrmax-astar,epoch:70:stage2:fo_counters:off:1510771779,,,True,,,,,,,3,4g,6,20G,04:00:00,,VAL,fo_counters-off-1510771779-stage2-train-primary,preselected dependency checkpoint,planned,Learning-curve test evaluation; never use for checkpoint selection
fo_counters-off-1510771779-stage2-policy_eval-curve_epoch_75,prospective-ten,1510771779,fo_counters,FO Counters,off,RQ1/RQ2,policy_eval,stage2,curve_epoch_75,experiments_numeric.architecture_2.fo_counters_mcts,hmrmax-astar,epoch:75:stage2:fo_counters:off:1510771779,,,True,,,,,,,3,4g,6,20G,04:00:00,,VAL,fo_counters-off-1510771779-stage2-train-primary,preselected dependency checkpoint,planned,Learning-curve test evaluation; never use for checkpoint selection
fo_counters-off-1510771779-stage2-policy_eval-curve_epoch_80,prospective-ten,1510771779,fo_counters,FO Counters,off,RQ1/RQ2,policy_eval,stage2,curve_epoch_80,experiments_numeric.architecture_2.fo_counters_mcts,hmrmax-astar,epoch:80:stage2:fo_counters:off:1510771779,,,True,,,,,,,3,4g,6,20G,04:00:00,,VAL,fo_counters-off-1510771779-stage2-train-primary,preselected dependency checkpoint,planned,Learning-curve test evaluation; never use for checkpoint selection
fo_counters-off-1510771779-stage2-policy_eval-curve_epoch_85,prospective-ten,1510771779,fo_counters,FO Counters,off,RQ1/RQ2,policy_eval,stage2,curve_epoch_85,experiments_numeric.architecture_2.fo_counters_mcts,hmrmax-astar,epoch:85:stage2:fo_counters:off:1510771779,,,True,,,,,,,3,4g,6,20G,04:00:00,,VAL,fo_counters-off-1510771779-stage2-train-primary,preselected dependency checkpoint,planned,Learning-curve test evaluation; never use for checkpoint selection
fo_counters-off-1510771779-stage2-policy_eval-curve_epoch_90,prospective-ten,1510771779,fo_counters,FO Counters,off,RQ1/RQ2,policy_eval,stage2,curve_epoch_90,experiments_numeric.architecture_2.fo_counters_mcts,hmrmax-astar,epoch:90:stage2:fo_counters:off:1510771779,,,True,,,,,,,3,4g,6,20G,04:00:00,,VAL,fo_counters-off-1510771779-stage2-train-primary,preselected dependency checkpoint,planned,Learning-curve test evaluation; never use for checkpoint selection
fo_counters-off-1510771779-stage2-policy_eval-curve_epoch_95,prospective-ten,1510771779,fo_counters,FO Counters,off,RQ1/RQ2,policy_eval,stage2,curve_epoch_95,experiments_numeric.architecture_2.fo_counters_mcts,hmrmax-astar,epoch:95:stage2:fo_counters:off:1510771779,,,True,,,,,,,3,4g,6,20G,04:00:00,,VAL,fo_counters-off-1510771779-stage2-train-primary,preselected dependency checkpoint,planned,Learning-curve test evaluation; never use for checkpoint selection
fo_counters-off-1510771779-stage2-policy_eval-curve_epoch_99,prospective-ten,1510771779,fo_counters,FO Counters,off,RQ1/RQ2,policy_eval,stage2,curve_epoch_99,experiments_numeric.architecture_2.fo_counters_mcts,hmrmax-astar,epoch:99:stage2:fo_counters:off:1510771779,,,True,,,,,,,3,4g,6,20G,04:00:00,,VAL,fo_counters-off-1510771779-stage2-train-primary,preselected dependency checkpoint,planned,Learning-curve test evaluation; never use for checkpoint selection
fo_counters-off-923500475-stage2-policy_eval-curve_epoch_00,prospective-ten,923500475,fo_counters,FO Counters,off,RQ1/RQ2,policy_eval,stage2,curve_epoch_00,experiments_numeric.architecture_2.fo_counters_mcts,hmrmax-astar,epoch:0:stage2:fo_counters:off:923500475,,,True,,,,,,,3,4g,6,20G,04:00:00,,VAL,fo_counters-off-923500475-stage2-train-primary,preselected dependency checkpoint,planned,Learning-curve test evaluation; never use for checkpoint selection
fo_counters-off-923500475-stage2-policy_eval-curve_epoch_05,prospective-ten,923500475,fo_counters,FO Counters,off,RQ1/RQ2,policy_eval,stage2,curve_epoch_05,experiments_numeric.architecture_2.fo_counters_mcts,hmrmax-astar,epoch:5:stage2:fo_counters:off:923500475,,,True,,,,,,,3,4g,6,20G,04:00:00,,VAL,fo_counters-off-923500475-stage2-train-primary,preselected dependency checkpoint,planned,Learning-curve test evaluation; never use for checkpoint selection
fo_counters-off-923500475-stage2-policy_eval-curve_epoch_10,prospective-ten,923500475,fo_counters,FO Counters,off,RQ1/RQ2,policy_eval,stage2,curve_epoch_10,experiments_numeric.architecture_2.fo_counters_mcts,hmrmax-astar,epoch:10:stage2:fo_counters:off:923500475,,,True,,,,,,,3,4g,6,20G,04:00:00,,VAL,fo_counters-off-923500475-stage2-train-primary,preselected dependency checkpoint,planned,Learning-curve test evaluation; never use for checkpoint selection
fo_counters-off-923500475-stage2-policy_eval-curve_epoch_15,prospective-ten,923500475,fo_counters,FO Counters,off,RQ1/RQ2,policy_eval,stage2,curve_epoch_15,experiments_numeric.architecture_2.fo_counters_mcts,hmrmax-astar,epoch:15:stage2:fo_counters:off:923500475,,,True,,,,,,,3,4g,6,20G,04:00:00,,VAL,fo_counters-off-923500475-stage2-train-primary,preselected dependency checkpoint,planned,Learning-curve test evaluation; never use for checkpoint selection
fo_counters-off-923500475-stage2-policy_eval-curve_epoch_20,prospective-ten,923500475,fo_counters,FO Counters,off,RQ1/RQ2,policy_eval,stage2,curve_epoch_20,experiments_numeric.architecture_2.fo_counters_mcts,hmrmax-astar,epoch:20:stage2:fo_counters:off:923500475,,,True,,,,,,,3,4g,6,20G,04:00:00,,VAL,fo_counters-off-923500475-stage2-train-primary,preselected dependency checkpoint,planned,Learning-curve test evaluation; never use for checkpoint selection
fo_counters-off-923500475-stage2-policy_eval-curve_epoch_25,prospective-ten,923500475,fo_counters,FO Counters,off,RQ1/RQ2,policy_eval,stage2,curve_epoch_25,experiments_numeric.architecture_2.fo_counters_mcts,hmrmax-astar,epoch:25:stage2:fo_counters:off:923500475,,,True,,,,,,,3,4g,6,20G,04:00:00,,VAL,fo_counters-off-923500475-stage2-train-primary,preselected dependency checkpoint,planned,Learning-curve test evaluation; never use for checkpoint selection
fo_counters-off-923500475-stage2-policy_eval-curve_epoch_30,prospective-ten,923500475,fo_counters,FO Counters,off,RQ1/RQ2,policy_eval,stage2,curve_epoch_30,experiments_numeric.architecture_2.fo_counters_mcts,hmrmax-astar,epoch:30:stage2:fo_counters:off:923500475,,,True,,,,,,,3,4g,6,20G,04:00:00,,VAL,fo_counters-off-923500475-stage2-train-primary,preselected dependency checkpoint,planned,Learning-curve test evaluation; never use for checkpoint selection
fo_counters-off-923500475-stage2-policy_eval-curve_epoch_35,prospective-ten,923500475,fo_counters,FO Counters,off,RQ1/RQ2,policy_eval,stage2,curve_epoch_35,experiments_numeric.architecture_2.fo_counters_mcts,hmrmax-astar,epoch:35:stage2:fo_counters:off:923500475,,,True,,,,,,,3,4g,6,20G,04:00:00,,VAL,fo_counters-off-923500475-stage2-train-primary,preselected dependency checkpoint,planned,Learning-curve test evaluation; never use for checkpoint selection
fo_counters-off-923500475-stage2-policy_eval-curve_epoch_40,prospective-ten,923500475,fo_counters,FO Counters,off,RQ1/RQ2,policy_eval,stage2,curve_epoch_40,experiments_numeric.architecture_2.fo_counters_mcts,hmrmax-astar,epoch:40:stage2:fo_counters:off:923500475,,,True,,,,,,,3,4g,6,20G,04:00:00,,VAL,fo_counters-off-923500475-stage2-train-primary,preselected dependency checkpoint,planned,Learning-curve test evaluation; never use for checkpoint selection
fo_counters-off-923500475-stage2-policy_eval-curve_epoch_45,prospective-ten,923500475,fo_counters,FO Counters,off,RQ1/RQ2,policy_eval,stage2,curve_epoch_45,experiments_numeric.architecture_2.fo_counters_mcts,hmrmax-astar,epoch:45:stage2:fo_counters:off:923500475,,,True,,,,,,,3,4g,6,20G,04:00:00,,VAL,fo_counters-off-923500475-stage2-train-primary,preselected dependency checkpoint,planned,Learning-curve test evaluation; never use for checkpoint selection
fo_counters-off-923500475-stage2-policy_eval-curve_epoch_50,prospective-ten,923500475,fo_counters,FO Counters,off,RQ1/RQ2,policy_eval,stage2,curve_epoch_50,experiments_numeric.architecture_2.fo_counters_mcts,hmrmax-astar,epoch:50:stage2:fo_counters:off:923500475,,,True,,,,,,,3,4g,6,20G,04:00:00,,VAL,fo_counters-off-923500475-stage2-train-primary,preselected dependency checkpoint,planned,Learning-curve test evaluation; never use for checkpoint selection
fo_counters-off-923500475-stage2-policy_eval-curve_epoch_55,prospective-ten,923500475,fo_counters,FO Counters,off,RQ1/RQ2,policy_eval,stage2,curve_epoch_55,experiments_numeric.architecture_2.fo_counters_mcts,hmrmax-astar,epoch:55:stage2:fo_counters:off:923500475,,,True,,,,,,,3,4g,6,20G,04:00:00,,VAL,fo_counters-off-923500475-stage2-train-primary,preselected dependency checkpoint,planned,Learning-curve test evaluation; never use for checkpoint selection
fo_counters-off-923500475-stage2-policy_eval-curve_epoch_60,prospective-ten,923500475,fo_counters,FO Counters,off,RQ1/RQ2,policy_eval,stage2,curve_epoch_60,experiments_numeric.architecture_2.fo_counters_mcts,hmrmax-astar,epoch:60:stage2:fo_counters:off:923500475,,,True,,,,,,,3,4g,6,20G,04:00:00,,VAL,fo_counters-off-923500475-stage2-train-primary,preselected dependency checkpoint,planned,Learning-curve test evaluation; never use for checkpoint selection
fo_counters-off-923500475-stage2-policy_eval-curve_epoch_65,prospective-ten,923500475,fo_counters,FO Counters,off,RQ1/RQ2,policy_eval,stage2,curve_epoch_65,experiments_numeric.architecture_2.fo_counters_mcts,hmrmax-astar,epoch:65:stage2:fo_counters:off:923500475,,,True,,,,,,,3,4g,6,20G,04:00:00,,VAL,fo_counters-off-923500475-stage2-train-primary,preselected dependency checkpoint,planned,Learning-curve test evaluation; never use for checkpoint selection
fo_counters-off-923500475-stage2-policy_eval-curve_epoch_70,prospective-ten,923500475,fo_counters,FO Counters,off,RQ1/RQ2,policy_eval,stage2,curve_epoch_70,experiments_numeric.architecture_2.fo_counters_mcts,hmrmax-astar,epoch:70:stage2:fo_counters:off:923500475,,,True,,,,,,,3,4g,6,20G,04:00:00,,VAL,fo_counters-off-923500475-stage2-train-primary,preselected dependency checkpoint,planned,Learning-curve test evaluation; never use for checkpoint selection
fo_counters-off-923500475-stage2-policy_eval-curve_epoch_75,prospective-ten,923500475,fo_counters,FO Counters,off,RQ1/RQ2,policy_eval,stage2,curve_epoch_75,experiments_numeric.architecture_2.fo_counters_mcts,hmrmax-astar,epoch:75:stage2:fo_counters:off:923500475,,,True,,,,,,,3,4g,6,20G,04:00:00,,VAL,fo_counters-off-923500475-stage2-train-primary,preselected dependency checkpoint,planned,Learning-curve test evaluation; never use for checkpoint selection
fo_counters-off-923500475-stage2-policy_eval-curve_epoch_80,prospective-ten,923500475,fo_counters,FO Counters,off,RQ1/RQ2,policy_eval,stage2,curve_epoch_80,experiments_numeric.architecture_2.fo_counters_mcts,hmrmax-astar,epoch:80:stage2:fo_counters:off:923500475,,,True,,,,,,,3,4g,6,20G,04:00:00,,VAL,fo_counters-off-923500475-stage2-train-primary,preselected dependency checkpoint,planned,Learning-curve test evaluation; never use for checkpoint selection
fo_counters-off-923500475-stage2-policy_eval-curve_epoch_85,prospective-ten,923500475,fo_counters,FO Counters,off,RQ1/RQ2,policy_eval,stage2,curve_epoch_85,experiments_numeric.architecture_2.fo_counters_mcts,hmrmax-astar,epoch:85:stage2:fo_counters:off:923500475,,,True,,,,,,,3,4g,6,20G,04:00:00,,VAL,fo_counters-off-923500475-stage2-train-primary,preselected dependency checkpoint,planned,Learning-curve test evaluation; never use for checkpoint selection
fo_counters-off-923500475-stage2-policy_eval-curve_epoch_90,prospective-ten,923500475,fo_counters,FO Counters,off,RQ1/RQ2,policy_eval,stage2,curve_epoch_90,experiments_numeric.architecture_2.fo_counters_mcts,hmrmax-astar,epoch:90:stage2:fo_counters:off:923500475,,,True,,,,,,,3,4g,6,20G,04:00:00,,VAL,fo_counters-off-923500475-stage2-train-primary,preselected dependency checkpoint,planned,Learning-curve test evaluation; never use for checkpoint selection
fo_counters-off-923500475-stage2-policy_eval-curve_epoch_95,prospective-ten,923500475,fo_counters,FO Counters,off,RQ1/RQ2,policy_eval,stage2,curve_epoch_95,experiments_numeric.architecture_2.fo_counters_mcts,hmrmax-astar,epoch:95:stage2:fo_counters:off:923500475,,,True,,,,,,,3,4g,6,20G,04:00:00,,VAL,fo_counters-off-923500475-stage2-train-primary,preselected dependency checkpoint,planned,Learning-curve test evaluation; never use for checkpoint selection
fo_counters-off-923500475-stage2-policy_eval-curve_epoch_99,prospective-ten,923500475,fo_counters,FO Counters,off,RQ1/RQ2,policy_eval,stage2,curve_epoch_99,experiments_numeric.architecture_2.fo_counters_mcts,hmrmax-astar,epoch:99:stage2:fo_counters:off:923500475,,,True,,,,,,,3,4g,6,20G,04:00:00,,VAL,fo_counters-off-923500475-stage2-train-primary,preselected dependency checkpoint,planned,Learning-curve test evaluation; never use for checkpoint selection
fo_counters-off-1972442430-stage2-policy_eval-curve_epoch_00,prospective-ten,1972442430,fo_counters,FO Counters,off,RQ1/RQ2,policy_eval,stage2,curve_epoch_00,experiments_numeric.architecture_2.fo_counters_mcts,hmrmax-astar,epoch:0:stage2:fo_counters:off:1972442430,,,True,,,,,,,3,4g,6,20G,04:00:00,,VAL,fo_counters-off-1972442430-stage2-train-primary,preselected dependency checkpoint,planned,Learning-curve test evaluation; never use for checkpoint selection
fo_counters-off-1972442430-stage2-policy_eval-curve_epoch_05,prospective-ten,1972442430,fo_counters,FO Counters,off,RQ1/RQ2,policy_eval,stage2,curve_epoch_05,experiments_numeric.architecture_2.fo_counters_mcts,hmrmax-astar,epoch:5:stage2:fo_counters:off:1972442430,,,True,,,,,,,3,4g,6,20G,04:00:00,,VAL,fo_counters-off-1972442430-stage2-train-primary,preselected dependency checkpoint,planned,Learning-curve test evaluation; never use for checkpoint selection
fo_counters-off-1972442430-stage2-policy_eval-curve_epoch_10,prospective-ten,1972442430,fo_counters,FO Counters,off,RQ1/RQ2,policy_eval,stage2,curve_epoch_10,experiments_numeric.architecture_2.fo_counters_mcts,hmrmax-astar,epoch:10:stage2:fo_counters:off:1972442430,,,True,,,,,,,3,4g,6,20G,04:00:00,,VAL,fo_counters-off-1972442430-stage2-train-primary,preselected dependency checkpoint,planned,Learning-curve test evaluation; never use for checkpoint selection
fo_counters-off-1972442430-stage2-policy_eval-curve_epoch_15,prospective-ten,1972442430,fo_counters,FO Counters,off,RQ1/RQ2,policy_eval,stage2,curve_epoch_15,experiments_numeric.architecture_2.fo_counters_mcts,hmrmax-astar,epoch:15:stage2:fo_counters:off:1972442430,,,True,,,,,,,3,4g,6,20G,04:00:00,,VAL,fo_counters-off-1972442430-stage2-train-primary,preselected dependency checkpoint,planned,Learning-curve test evaluation; never use for checkpoint selection
fo_counters-off-1972442430-stage2-policy_eval-curve_epoch_20,prospective-ten,1972442430,fo_counters,FO Counters,off,RQ1/RQ2,policy_eval,stage2,curve_epoch_20,experiments_numeric.architecture_2.fo_counters_mcts,hmrmax-astar,epoch:20:stage2:fo_counters:off:1972442430,,,True,,,,,,,3,4g,6,20G,04:00:00,,VAL,fo_counters-off-1972442430-stage2-train-primary,preselected dependency checkpoint,planned,Learning-curve test evaluation; never use for checkpoint selection
fo_counters-off-1972442430-stage2-policy_eval-curve_epoch_25,prospective-ten,1972442430,fo_counters,FO Counters,off,RQ1/RQ2,policy_eval,stage2,curve_epoch_25,experiments_numeric.architecture_2.fo_counters_mcts,hmrmax-astar,epoch:25:stage2:fo_counters:off:1972442430,,,True,,,,,,,3,4g,6,20G,04:00:00,,VAL,fo_counters-off-1972442430-stage2-train-primary,preselected dependency checkpoint,planned,Learning-curve test evaluation; never use for checkpoint selection
fo_counters-off-1972442430-stage2-policy_eval-curve_epoch_30,prospective-ten,1972442430,fo_counters,FO Counters,off,RQ1/RQ2,policy_eval,stage2,curve_epoch_30,experiments_numeric.architecture_2.fo_counters_mcts,hmrmax-astar,epoch:30:stage2:fo_counters:off:1972442430,,,True,,,,,,,3,4g,6,20G,04:00:00,,VAL,fo_counters-off-1972442430-stage2-train-primary,preselected dependency checkpoint,planned,Learning-curve test evaluation; never use for checkpoint selection
fo_counters-off-1972442430-stage2-policy_eval-curve_epoch_35,prospective-ten,1972442430,fo_counters,FO Counters,off,RQ1/RQ2,policy_eval,stage2,curve_epoch_35,experiments_numeric.architecture_2.fo_counters_mcts,hmrmax-astar,epoch:35:stage2:fo_counters:off:1972442430,,,True,,,,,,,3,4g,6,20G,04:00:00,,VAL,fo_counters-off-1972442430-stage2-train-primary,preselected dependency checkpoint,planned,Learning-curve test evaluation; never use for checkpoint selection
fo_counters-off-1972442430-stage2-policy_eval-curve_epoch_40,prospective-ten,1972442430,fo_counters,FO Counters,off,RQ1/RQ2,policy_eval,stage2,curve_epoch_40,experiments_numeric.architecture_2.fo_counters_mcts,hmrmax-astar,epoch:40:stage2:fo_counters:off:1972442430,,,True,,,,,,,3,4g,6,20G,04:00:00,,VAL,fo_counters-off-1972442430-stage2-train-primary,preselected dependency checkpoint,planned,Learning-curve test evaluation; never use for checkpoint selection
fo_counters-off-1972442430-stage2-policy_eval-curve_epoch_45,prospective-ten,1972442430,fo_counters,FO Counters,off,RQ1/RQ2,policy_eval,stage2,curve_epoch_45,experiments_numeric.architecture_2.fo_counters_mcts,hmrmax-astar,epoch:45:stage2:fo_counters:off:1972442430,,,True,,,,,,,3,4g,6,20G,04:00:00,,VAL,fo_counters-off-1972442430-stage2-train-primary,preselected dependency checkpoint,planned,Learning-curve test evaluation; never use for checkpoint selection
fo_counters-off-1972442430-stage2-policy_eval-curve_epoch_50,prospective-ten,1972442430,fo_counters,FO Counters,off,RQ1/RQ2,policy_eval,stage2,curve_epoch_50,experiments_numeric.architecture_2.fo_counters_mcts,hmrmax-astar,epoch:50:stage2:fo_counters:off:1972442430,,,True,,,,,,,3,4g,6,20G,04:00:00,,VAL,fo_counters-off-1972442430-stage2-train-primary,preselected dependency checkpoint,planned,Learning-curve test evaluation; never use for checkpoint selection
fo_counters-off-1972442430-stage2-policy_eval-curve_epoch_55,prospective-ten,1972442430,fo_counters,FO Counters,off,RQ1/RQ2,policy_eval,stage2,curve_epoch_55,experiments_numeric.architecture_2.fo_counters_mcts,hmrmax-astar,epoch:55:stage2:fo_counters:off:1972442430,,,True,,,,,,,3,4g,6,20G,04:00:00,,VAL,fo_counters-off-1972442430-stage2-train-primary,preselected dependency checkpoint,planned,Learning-curve test evaluation; never use for checkpoint selection
fo_counters-off-1972442430-stage2-policy_eval-curve_epoch_60,prospective-ten,1972442430,fo_counters,FO Counters,off,RQ1/RQ2,policy_eval,stage2,curve_epoch_60,experiments_numeric.architecture_2.fo_counters_mcts,hmrmax-astar,epoch:60:stage2:fo_counters:off:1972442430,,,True,,,,,,,3,4g,6,20G,04:00:00,,VAL,fo_counters-off-1972442430-stage2-train-primary,preselected dependency checkpoint,planned,Learning-curve test evaluation; never use for checkpoint selection
fo_counters-off-1972442430-stage2-policy_eval-curve_epoch_65,prospective-ten,1972442430,fo_counters,FO Counters,off,RQ1/RQ2,policy_eval,stage2,curve_epoch_65,experiments_numeric.architecture_2.fo_counters_mcts,hmrmax-astar,epoch:65:stage2:fo_counters:off:1972442430,,,True,,,,,,,3,4g,6,20G,04:00:00,,VAL,fo_counters-off-1972442430-stage2-train-primary,preselected dependency checkpoint,planned,Learning-curve test evaluation; never use for checkpoint selection
fo_counters-off-1972442430-stage2-policy_eval-curve_epoch_70,prospective-ten,1972442430,fo_counters,FO Counters,off,RQ1/RQ2,policy_eval,stage2,curve_epoch_70,experiments_numeric.architecture_2.fo_counters_mcts,hmrmax-astar,epoch:70:stage2:fo_counters:off:1972442430,,,True,,,,,,,3,4g,6,20G,04:00:00,,VAL,fo_counters-off-1972442430-stage2-train-primary,preselected dependency checkpoint,planned,Learning-curve test evaluation; never use for checkpoint selection
fo_counters-off-1972442430-stage2-policy_eval-curve_epoch_75,prospective-ten,1972442430,fo_counters,FO Counters,off,RQ1/RQ2,policy_eval,stage2,curve_epoch_75,experiments_numeric.architecture_2.fo_counters_mcts,hmrmax-astar,epoch:75:stage2:fo_counters:off:1972442430,,,True,,,,,,,3,4g,6,20G,04:00:00,,VAL,fo_counters-off-1972442430-stage2-train-primary,preselected dependency checkpoint,planned,Learning-curve test evaluation; never use for checkpoint selection
fo_counters-off-1972442430-stage2-policy_eval-curve_epoch_80,prospective-ten,1972442430,fo_counters,FO Counters,off,RQ1/RQ2,policy_eval,stage2,curve_epoch_80,experiments_numeric.architecture_2.fo_counters_mcts,hmrmax-astar,epoch:80:stage2:fo_counters:off:1972442430,,,True,,,,,,,3,4g,6,20G,04:00:00,,VAL,fo_counters-off-1972442430-stage2-train-primary,preselected dependency checkpoint,planned,Learning-curve test evaluation; never use for checkpoint selection
fo_counters-off-1972442430-stage2-policy_eval-curve_epoch_85,prospective-ten,1972442430,fo_counters,FO Counters,off,RQ1/RQ2,policy_eval,stage2,curve_epoch_85,experiments_numeric.architecture_2.fo_counters_mcts,hmrmax-astar,epoch:85:stage2:fo_counters:off:1972442430,,,True,,,,,,,3,4g,6,20G,04:00:00,,VAL,fo_counters-off-1972442430-stage2-train-primary,preselected dependency checkpoint,planned,Learning-curve test evaluation; never use for checkpoint selection
fo_counters-off-1972442430-stage2-policy_eval-curve_epoch_90,prospective-ten,1972442430,fo_counters,FO Counters,off,RQ1/RQ2,policy_eval,stage2,curve_epoch_90,experiments_numeric.architecture_2.fo_counters_mcts,hmrmax-astar,epoch:90:stage2:fo_counters:off:1972442430,,,True,,,,,,,3,4g,6,20G,04:00:00,,VAL,fo_counters-off-1972442430-stage2-train-primary,preselected dependency checkpoint,planned,Learning-curve test evaluation; never use for checkpoint selection
fo_counters-off-1972442430-stage2-policy_eval-curve_epoch_95,prospective-ten,1972442430,fo_counters,FO Counters,off,RQ1/RQ2,policy_eval,stage2,curve_epoch_95,experiments_numeric.architecture_2.fo_counters_mcts,hmrmax-astar,epoch:95:stage2:fo_counters:off:1972442430,,,True,,,,,,,3,4g,6,20G,04:00:00,,VAL,fo_counters-off-1972442430-stage2-train-primary,preselected dependency checkpoint,planned,Learning-curve test evaluation; never use for checkpoint selection
fo_counters-off-1972442430-stage2-policy_eval-curve_epoch_99,prospective-ten,1972442430,fo_counters,FO Counters,off,RQ1/RQ2,policy_eval,stage2,curve_epoch_99,experiments_numeric.architecture_2.fo_counters_mcts,hmrmax-astar,epoch:99:stage2:fo_counters:off:1972442430,,,True,,,,,,,3,4g,6,20G,04:00:00,,VAL,fo_counters-off-1972442430-stage2-train-primary,preselected dependency checkpoint,planned,Learning-curve test evaluation; never use for checkpoint selection
fo_counters-on-1963100312-stage2-policy_eval-curve_epoch_00,prospective-ten,1963100312,fo_counters,FO Counters,on,RQ3/RQ4,policy_eval,stage2,curve_epoch_00,experiments_numeric.architecture_2.fo_counters_mcts,hmrmax-astar,epoch:0:stage2:fo_counters:on:1963100312,,,True,,,,,,,3,4g,6,20G,04:00:00,,VAL,fo_counters-on-1963100312-stage2-train-primary,preselected dependency checkpoint,planned,Learning-curve test evaluation; never use for checkpoint selection
fo_counters-on-1963100312-stage2-policy_eval-curve_epoch_05,prospective-ten,1963100312,fo_counters,FO Counters,on,RQ3/RQ4,policy_eval,stage2,curve_epoch_05,experiments_numeric.architecture_2.fo_counters_mcts,hmrmax-astar,epoch:5:stage2:fo_counters:on:1963100312,,,True,,,,,,,3,4g,6,20G,04:00:00,,VAL,fo_counters-on-1963100312-stage2-train-primary,preselected dependency checkpoint,planned,Learning-curve test evaluation; never use for checkpoint selection
fo_counters-on-1963100312-stage2-policy_eval-curve_epoch_10,prospective-ten,1963100312,fo_counters,FO Counters,on,RQ3/RQ4,policy_eval,stage2,curve_epoch_10,experiments_numeric.architecture_2.fo_counters_mcts,hmrmax-astar,epoch:10:stage2:fo_counters:on:1963100312,,,True,,,,,,,3,4g,6,20G,04:00:00,,VAL,fo_counters-on-1963100312-stage2-train-primary,preselected dependency checkpoint,planned,Learning-curve test evaluation; never use for checkpoint selection
fo_counters-on-1963100312-stage2-policy_eval-curve_epoch_15,prospective-ten,1963100312,fo_counters,FO Counters,on,RQ3/RQ4,policy_eval,stage2,curve_epoch_15,experiments_numeric.architecture_2.fo_counters_mcts,hmrmax-astar,epoch:15:stage2:fo_counters:on:1963100312,,,True,,,,,,,3,4g,6,20G,04:00:00,,VAL,fo_counters-on-1963100312-stage2-train-primary,preselected dependency checkpoint,planned,Learning-curve test evaluation; never use for checkpoint selection
fo_counters-on-1963100312-stage2-policy_eval-curve_epoch_20,prospective-ten,1963100312,fo_counters,FO Counters,on,RQ3/RQ4,policy_eval,stage2,curve_epoch_20,experiments_numeric.architecture_2.fo_counters_mcts,hmrmax-astar,epoch:20:stage2:fo_counters:on:1963100312,,,True,,,,,,,3,4g,6,20G,04:00:00,,VAL,fo_counters-on-1963100312-stage2-train-primary,preselected dependency checkpoint,planned,Learning-curve test evaluation; never use for checkpoint selection
fo_counters-on-1963100312-stage2-policy_eval-curve_epoch_25,prospective-ten,1963100312,fo_counters,FO Counters,on,RQ3/RQ4,policy_eval,stage2,curve_epoch_25,experiments_numeric.architecture_2.fo_counters_mcts,hmrmax-astar,epoch:25:stage2:fo_counters:on:1963100312,,,True,,,,,,,3,4g,6,20G,04:00:00,,VAL,fo_counters-on-1963100312-stage2-train-primary,preselected dependency checkpoint,planned,Learning-curve test evaluation; never use for checkpoint selection
fo_counters-on-1963100312-stage2-policy_eval-curve_epoch_30,prospective-ten,1963100312,fo_counters,FO Counters,on,RQ3/RQ4,policy_eval,stage2,curve_epoch_30,experiments_numeric.architecture_2.fo_counters_mcts,hmrmax-astar,epoch:30:stage2:fo_counters:on:1963100312,,,True,,,,,,,3,4g,6,20G,04:00:00,,VAL,fo_counters-on-1963100312-stage2-train-primary,preselected dependency checkpoint,planned,Learning-curve test evaluation; never use for checkpoint selection
fo_counters-on-1963100312-stage2-policy_eval-curve_epoch_35,prospective-ten,1963100312,fo_counters,FO Counters,on,RQ3/RQ4,policy_eval,stage2,curve_epoch_35,experiments_numeric.architecture_2.fo_counters_mcts,hmrmax-astar,epoch:35:stage2:fo_counters:on:1963100312,,,True,,,,,,,3,4g,6,20G,04:00:00,,VAL,fo_counters-on-1963100312-stage2-train-primary,preselected dependency checkpoint,planned,Learning-curve test evaluation; never use for checkpoint selection
fo_counters-on-1963100312-stage2-policy_eval-curve_epoch_40,prospective-ten,1963100312,fo_counters,FO Counters,on,RQ3/RQ4,policy_eval,stage2,curve_epoch_40,experiments_numeric.architecture_2.fo_counters_mcts,hmrmax-astar,epoch:40:stage2:fo_counters:on:1963100312,,,True,,,,,,,3,4g,6,20G,04:00:00,,VAL,fo_counters-on-1963100312-stage2-train-primary,preselected dependency checkpoint,planned,Learning-curve test evaluation; never use for checkpoint selection
fo_counters-on-1963100312-stage2-policy_eval-curve_epoch_45,prospective-ten,1963100312,fo_counters,FO Counters,on,RQ3/RQ4,policy_eval,stage2,curve_epoch_45,experiments_numeric.architecture_2.fo_counters_mcts,hmrmax-astar,epoch:45:stage2:fo_counters:on:1963100312,,,True,,,,,,,3,4g,6,20G,04:00:00,,VAL,fo_counters-on-1963100312-stage2-train-primary,preselected dependency checkpoint,planned,Learning-curve test evaluation; never use for checkpoint selection
fo_counters-on-1963100312-stage2-policy_eval-curve_epoch_50,prospective-ten,1963100312,fo_counters,FO Counters,on,RQ3/RQ4,policy_eval,stage2,curve_epoch_50,experiments_numeric.architecture_2.fo_counters_mcts,hmrmax-astar,epoch:50:stage2:fo_counters:on:1963100312,,,True,,,,,,,3,4g,6,20G,04:00:00,,VAL,fo_counters-on-1963100312-stage2-train-primary,preselected dependency checkpoint,planned,Learning-curve test evaluation; never use for checkpoint selection
fo_counters-on-1963100312-stage2-policy_eval-curve_epoch_55,prospective-ten,1963100312,fo_counters,FO Counters,on,RQ3/RQ4,policy_eval,stage2,curve_epoch_55,experiments_numeric.architecture_2.fo_counters_mcts,hmrmax-astar,epoch:55:stage2:fo_counters:on:1963100312,,,True,,,,,,,3,4g,6,20G,04:00:00,,VAL,fo_counters-on-1963100312-stage2-train-primary,preselected dependency checkpoint,planned,Learning-curve test evaluation; never use for checkpoint selection
fo_counters-on-1963100312-stage2-policy_eval-curve_epoch_60,prospective-ten,1963100312,fo_counters,FO Counters,on,RQ3/RQ4,policy_eval,stage2,curve_epoch_60,experiments_numeric.architecture_2.fo_counters_mcts,hmrmax-astar,epoch:60:stage2:fo_counters:on:1963100312,,,True,,,,,,,3,4g,6,20G,04:00:00,,VAL,fo_counters-on-1963100312-stage2-train-primary,preselected dependency checkpoint,planned,Learning-curve test evaluation; never use for checkpoint selection
fo_counters-on-1963100312-stage2-policy_eval-curve_epoch_65,prospective-ten,1963100312,fo_counters,FO Counters,on,RQ3/RQ4,policy_eval,stage2,curve_epoch_65,experiments_numeric.architecture_2.fo_counters_mcts,hmrmax-astar,epoch:65:stage2:fo_counters:on:1963100312,,,True,,,,,,,3,4g,6,20G,04:00:00,,VAL,fo_counters-on-1963100312-stage2-train-primary,preselected dependency checkpoint,planned,Learning-curve test evaluation; never use for checkpoint selection
fo_counters-on-1963100312-stage2-policy_eval-curve_epoch_70,prospective-ten,1963100312,fo_counters,FO Counters,on,RQ3/RQ4,policy_eval,stage2,curve_epoch_70,experiments_numeric.architecture_2.fo_counters_mcts,hmrmax-astar,epoch:70:stage2:fo_counters:on:1963100312,,,True,,,,,,,3,4g,6,20G,04:00:00,,VAL,fo_counters-on-1963100312-stage2-train-primary,preselected dependency checkpoint,planned,Learning-curve test evaluation; never use for checkpoint selection
fo_counters-on-1963100312-stage2-policy_eval-curve_epoch_75,prospective-ten,1963100312,fo_counters,FO Counters,on,RQ3/RQ4,policy_eval,stage2,curve_epoch_75,experiments_numeric.architecture_2.fo_counters_mcts,hmrmax-astar,epoch:75:stage2:fo_counters:on:1963100312,,,True,,,,,,,3,4g,6,20G,04:00:00,,VAL,fo_counters-on-1963100312-stage2-train-primary,preselected dependency checkpoint,planned,Learning-curve test evaluation; never use for checkpoint selection
fo_counters-on-1963100312-stage2-policy_eval-curve_epoch_80,prospective-ten,1963100312,fo_counters,FO Counters,on,RQ3/RQ4,policy_eval,stage2,curve_epoch_80,experiments_numeric.architecture_2.fo_counters_mcts,hmrmax-astar,epoch:80:stage2:fo_counters:on:1963100312,,,True,,,,,,,3,4g,6,20G,04:00:00,,VAL,fo_counters-on-1963100312-stage2-train-primary,preselected dependency checkpoint,planned,Learning-curve test evaluation; never use for checkpoint selection
fo_counters-on-1963100312-stage2-policy_eval-curve_epoch_85,prospective-ten,1963100312,fo_counters,FO Counters,on,RQ3/RQ4,policy_eval,stage2,curve_epoch_85,experiments_numeric.architecture_2.fo_counters_mcts,hmrmax-astar,epoch:85:stage2:fo_counters:on:1963100312,,,True,,,,,,,3,4g,6,20G,04:00:00,,VAL,fo_counters-on-1963100312-stage2-train-primary,preselected dependency checkpoint,planned,Learning-curve test evaluation; never use for checkpoint selection
fo_counters-on-1963100312-stage2-policy_eval-curve_epoch_90,prospective-ten,1963100312,fo_counters,FO Counters,on,RQ3/RQ4,policy_eval,stage2,curve_epoch_90,experiments_numeric.architecture_2.fo_counters_mcts,hmrmax-astar,epoch:90:stage2:fo_counters:on:1963100312,,,True,,,,,,,3,4g,6,20G,04:00:00,,VAL,fo_counters-on-1963100312-stage2-train-primary,preselected dependency checkpoint,planned,Learning-curve test evaluation; never use for checkpoint selection
fo_counters-on-1963100312-stage2-policy_eval-curve_epoch_95,prospective-ten,1963100312,fo_counters,FO Counters,on,RQ3/RQ4,policy_eval,stage2,curve_epoch_95,experiments_numeric.architecture_2.fo_counters_mcts,hmrmax-astar,epoch:95:stage2:fo_counters:on:1963100312,,,True,,,,,,,3,4g,6,20G,04:00:00,,VAL,fo_counters-on-1963100312-stage2-train-primary,preselected dependency checkpoint,planned,Learning-curve test evaluation; never use for checkpoint selection
fo_counters-on-1963100312-stage2-policy_eval-curve_epoch_99,prospective-ten,1963100312,fo_counters,FO Counters,on,RQ3/RQ4,policy_eval,stage2,curve_epoch_99,experiments_numeric.architecture_2.fo_counters_mcts,hmrmax-astar,epoch:99:stage2:fo_counters:on:1963100312,,,True,,,,,,,3,4g,6,20G,04:00:00,,VAL,fo_counters-on-1963100312-stage2-train-primary,preselected dependency checkpoint,planned,Learning-curve test evaluation; never use for checkpoint selection
fo_counters-on-2011206605-stage2-policy_eval-curve_epoch_00,prospective-ten,2011206605,fo_counters,FO Counters,on,RQ3/RQ4,policy_eval,stage2,curve_epoch_00,experiments_numeric.architecture_2.fo_counters_mcts,hmrmax-astar,epoch:0:stage2:fo_counters:on:2011206605,,,True,,,,,,,3,4g,6,20G,04:00:00,,VAL,fo_counters-on-2011206605-stage2-train-primary,preselected dependency checkpoint,planned,Learning-curve test evaluation; never use for checkpoint selection
fo_counters-on-2011206605-stage2-policy_eval-curve_epoch_05,prospective-ten,2011206605,fo_counters,FO Counters,on,RQ3/RQ4,policy_eval,stage2,curve_epoch_05,experiments_numeric.architecture_2.fo_counters_mcts,hmrmax-astar,epoch:5:stage2:fo_counters:on:2011206605,,,True,,,,,,,3,4g,6,20G,04:00:00,,VAL,fo_counters-on-2011206605-stage2-train-primary,preselected dependency checkpoint,planned,Learning-curve test evaluation; never use for checkpoint selection
fo_counters-on-2011206605-stage2-policy_eval-curve_epoch_10,prospective-ten,2011206605,fo_counters,FO Counters,on,RQ3/RQ4,policy_eval,stage2,curve_epoch_10,experiments_numeric.architecture_2.fo_counters_mcts,hmrmax-astar,epoch:10:stage2:fo_counters:on:2011206605,,,True,,,,,,,3,4g,6,20G,04:00:00,,VAL,fo_counters-on-2011206605-stage2-train-primary,preselected dependency checkpoint,planned,Learning-curve test evaluation; never use for checkpoint selection
fo_counters-on-2011206605-stage2-policy_eval-curve_epoch_15,prospective-ten,2011206605,fo_counters,FO Counters,on,RQ3/RQ4,policy_eval,stage2,curve_epoch_15,experiments_numeric.architecture_2.fo_counters_mcts,hmrmax-astar,epoch:15:stage2:fo_counters:on:2011206605,,,True,,,,,,,3,4g,6,20G,04:00:00,,VAL,fo_counters-on-2011206605-stage2-train-primary,preselected dependency checkpoint,planned,Learning-curve test evaluation; never use for checkpoint selection
fo_counters-on-2011206605-stage2-policy_eval-curve_epoch_20,prospective-ten,2011206605,fo_counters,FO Counters,on,RQ3/RQ4,policy_eval,stage2,curve_epoch_20,experiments_numeric.architecture_2.fo_counters_mcts,hmrmax-astar,epoch:20:stage2:fo_counters:on:2011206605,,,True,,,,,,,3,4g,6,20G,04:00:00,,VAL,fo_counters-on-2011206605-stage2-train-primary,preselected dependency checkpoint,planned,Learning-curve test evaluation; never use for checkpoint selection
fo_counters-on-2011206605-stage2-policy_eval-curve_epoch_25,prospective-ten,2011206605,fo_counters,FO Counters,on,RQ3/RQ4,policy_eval,stage2,curve_epoch_25,experiments_numeric.architecture_2.fo_counters_mcts,hmrmax-astar,epoch:25:stage2:fo_counters:on:2011206605,,,True,,,,,,,3,4g,6,20G,04:00:00,,VAL,fo_counters-on-2011206605-stage2-train-primary,preselected dependency checkpoint,planned,Learning-curve test evaluation; never use for checkpoint selection
fo_counters-on-2011206605-stage2-policy_eval-curve_epoch_30,prospective-ten,2011206605,fo_counters,FO Counters,on,RQ3/RQ4,policy_eval,stage2,curve_epoch_30,experiments_numeric.architecture_2.fo_counters_mcts,hmrmax-astar,epoch:30:stage2:fo_counters:on:2011206605,,,True,,,,,,,3,4g,6,20G,04:00:00,,VAL,fo_counters-on-2011206605-stage2-train-primary,preselected dependency checkpoint,planned,Learning-curve test evaluation; never use for checkpoint selection
fo_counters-on-2011206605-stage2-policy_eval-curve_epoch_35,prospective-ten,2011206605,fo_counters,FO Counters,on,RQ3/RQ4,policy_eval,stage2,curve_epoch_35,experiments_numeric.architecture_2.fo_counters_mcts,hmrmax-astar,epoch:35:stage2:fo_counters:on:2011206605,,,True,,,,,,,3,4g,6,20G,04:00:00,,VAL,fo_counters-on-2011206605-stage2-train-primary,preselected dependency checkpoint,planned,Learning-curve test evaluation; never use for checkpoint selection
fo_counters-on-2011206605-stage2-policy_eval-curve_epoch_40,prospective-ten,2011206605,fo_counters,FO Counters,on,RQ3/RQ4,policy_eval,stage2,curve_epoch_40,experiments_numeric.architecture_2.fo_counters_mcts,hmrmax-astar,epoch:40:stage2:fo_counters:on:2011206605,,,True,,,,,,,3,4g,6,20G,04:00:00,,VAL,fo_counters-on-2011206605-stage2-train-primary,preselected dependency checkpoint,planned,Learning-curve test evaluation; never use for checkpoint selection
fo_counters-on-2011206605-stage2-policy_eval-curve_epoch_45,prospective-ten,2011206605,fo_counters,FO Counters,on,RQ3/RQ4,policy_eval,stage2,curve_epoch_45,experiments_numeric.architecture_2.fo_counters_mcts,hmrmax-astar,epoch:45:stage2:fo_counters:on:2011206605,,,True,,,,,,,3,4g,6,20G,04:00:00,,VAL,fo_counters-on-2011206605-stage2-train-primary,preselected dependency checkpoint,planned,Learning-curve test evaluation; never use for checkpoint selection
fo_counters-on-2011206605-stage2-policy_eval-curve_epoch_50,prospective-ten,2011206605,fo_counters,FO Counters,on,RQ3/RQ4,policy_eval,stage2,curve_epoch_50,experiments_numeric.architecture_2.fo_counters_mcts,hmrmax-astar,epoch:50:stage2:fo_counters:on:2011206605,,,True,,,,,,,3,4g,6,20G,04:00:00,,VAL,fo_counters-on-2011206605-stage2-train-primary,preselected dependency checkpoint,planned,Learning-curve test evaluation; never use for checkpoint selection
fo_counters-on-2011206605-stage2-policy_eval-curve_epoch_55,prospective-ten,2011206605,fo_counters,FO Counters,on,RQ3/RQ4,policy_eval,stage2,curve_epoch_55,experiments_numeric.architecture_2.fo_counters_mcts,hmrmax-astar,epoch:55:stage2:fo_counters:on:2011206605,,,True,,,,,,,3,4g,6,20G,04:00:00,,VAL,fo_counters-on-2011206605-stage2-train-primary,preselected dependency checkpoint,planned,Learning-curve test evaluation; never use for checkpoint selection
fo_counters-on-2011206605-stage2-policy_eval-curve_epoch_60,prospective-ten,2011206605,fo_counters,FO Counters,on,RQ3/RQ4,policy_eval,stage2,curve_epoch_60,experiments_numeric.architecture_2.fo_counters_mcts,hmrmax-astar,epoch:60:stage2:fo_counters:on:2011206605,,,True,,,,,,,3,4g,6,20G,04:00:00,,VAL,fo_counters-on-2011206605-stage2-train-primary,preselected dependency checkpoint,planned,Learning-curve test evaluation; never use for checkpoint selection
fo_counters-on-2011206605-stage2-policy_eval-curve_epoch_65,prospective-ten,2011206605,fo_counters,FO Counters,on,RQ3/RQ4,policy_eval,stage2,curve_epoch_65,experiments_numeric.architecture_2.fo_counters_mcts,hmrmax-astar,epoch:65:stage2:fo_counters:on:2011206605,,,True,,,,,,,3,4g,6,20G,04:00:00,,VAL,fo_counters-on-2011206605-stage2-train-primary,preselected dependency checkpoint,planned,Learning-curve test evaluation; never use for checkpoint selection
fo_counters-on-2011206605-stage2-policy_eval-curve_epoch_70,prospective-ten,2011206605,fo_counters,FO Counters,on,RQ3/RQ4,policy_eval,stage2,curve_epoch_70,experiments_numeric.architecture_2.fo_counters_mcts,hmrmax-astar,epoch:70:stage2:fo_counters:on:2011206605,,,True,,,,,,,3,4g,6,20G,04:00:00,,VAL,fo_counters-on-2011206605-stage2-train-primary,preselected dependency checkpoint,planned,Learning-curve test evaluation; never use for checkpoint selection
fo_counters-on-2011206605-stage2-policy_eval-curve_epoch_75,prospective-ten,2011206605,fo_counters,FO Counters,on,RQ3/RQ4,policy_eval,stage2,curve_epoch_75,experiments_numeric.architecture_2.fo_counters_mcts,hmrmax-astar,epoch:75:stage2:fo_counters:on:2011206605,,,True,,,,,,,3,4g,6,20G,04:00:00,,VAL,fo_counters-on-2011206605-stage2-train-primary,preselected dependency checkpoint,planned,Learning-curve test evaluation; never use for checkpoint selection
fo_counters-on-2011206605-stage2-policy_eval-curve_epoch_80,prospective-ten,2011206605,fo_counters,FO Counters,on,RQ3/RQ4,policy_eval,stage2,curve_epoch_80,experiments_numeric.architecture_2.fo_counters_mcts,hmrmax-astar,epoch:80:stage2:fo_counters:on:2011206605,,,True,,,,,,,3,4g,6,20G,04:00:00,,VAL,fo_counters-on-2011206605-stage2-train-primary,preselected dependency checkpoint,planned,Learning-curve test evaluation; never use for checkpoint selection
fo_counters-on-2011206605-stage2-policy_eval-curve_epoch_85,prospective-ten,2011206605,fo_counters,FO Counters,on,RQ3/RQ4,policy_eval,stage2,curve_epoch_85,experiments_numeric.architecture_2.fo_counters_mcts,hmrmax-astar,epoch:85:stage2:fo_counters:on:2011206605,,,True,,,,,,,3,4g,6,20G,04:00:00,,VAL,fo_counters-on-2011206605-stage2-train-primary,preselected dependency checkpoint,planned,Learning-curve test evaluation; never use for checkpoint selection
fo_counters-on-2011206605-stage2-policy_eval-curve_epoch_90,prospective-ten,2011206605,fo_counters,FO Counters,on,RQ3/RQ4,policy_eval,stage2,curve_epoch_90,experiments_numeric.architecture_2.fo_counters_mcts,hmrmax-astar,epoch:90:stage2:fo_counters:on:2011206605,,,True,,,,,,,3,4g,6,20G,04:00:00,,VAL,fo_counters-on-2011206605-stage2-train-primary,preselected dependency checkpoint,planned,Learning-curve test evaluation; never use for checkpoint selection
fo_counters-on-2011206605-stage2-policy_eval-curve_epoch_95,prospective-ten,2011206605,fo_counters,FO Counters,on,RQ3/RQ4,policy_eval,stage2,curve_epoch_95,experiments_numeric.architecture_2.fo_counters_mcts,hmrmax-astar,epoch:95:stage2:fo_counters:on:2011206605,,,True,,,,,,,3,4g,6,20G,04:00:00,,VAL,fo_counters-on-2011206605-stage2-train-primary,preselected dependency checkpoint,planned,Learning-curve test evaluation; never use for checkpoint selection
fo_counters-on-2011206605-stage2-policy_eval-curve_epoch_99,prospective-ten,2011206605,fo_counters,FO Counters,on,RQ3/RQ4,policy_eval,stage2,curve_epoch_99,experiments_numeric.architecture_2.fo_counters_mcts,hmrmax-astar,epoch:99:stage2:fo_counters:on:2011206605,,,True,,,,,,,3,4g,6,20G,04:00:00,,VAL,fo_counters-on-2011206605-stage2-train-primary,preselected dependency checkpoint,planned,Learning-curve test evaluation; never use for checkpoint selection
fo_counters-on-1073581256-stage2-policy_eval-curve_epoch_00,prospective-ten,1073581256,fo_counters,FO Counters,on,RQ3/RQ4,policy_eval,stage2,curve_epoch_00,experiments_numeric.architecture_2.fo_counters_mcts,hmrmax-astar,epoch:0:stage2:fo_counters:on:1073581256,,,True,,,,,,,3,4g,6,20G,04:00:00,,VAL,fo_counters-on-1073581256-stage2-train-primary,preselected dependency checkpoint,planned,Learning-curve test evaluation; never use for checkpoint selection
fo_counters-on-1073581256-stage2-policy_eval-curve_epoch_05,prospective-ten,1073581256,fo_counters,FO Counters,on,RQ3/RQ4,policy_eval,stage2,curve_epoch_05,experiments_numeric.architecture_2.fo_counters_mcts,hmrmax-astar,epoch:5:stage2:fo_counters:on:1073581256,,,True,,,,,,,3,4g,6,20G,04:00:00,,VAL,fo_counters-on-1073581256-stage2-train-primary,preselected dependency checkpoint,planned,Learning-curve test evaluation; never use for checkpoint selection
fo_counters-on-1073581256-stage2-policy_eval-curve_epoch_10,prospective-ten,1073581256,fo_counters,FO Counters,on,RQ3/RQ4,policy_eval,stage2,curve_epoch_10,experiments_numeric.architecture_2.fo_counters_mcts,hmrmax-astar,epoch:10:stage2:fo_counters:on:1073581256,,,True,,,,,,,3,4g,6,20G,04:00:00,,VAL,fo_counters-on-1073581256-stage2-train-primary,preselected dependency checkpoint,planned,Learning-curve test evaluation; never use for checkpoint selection
fo_counters-on-1073581256-stage2-policy_eval-curve_epoch_15,prospective-ten,1073581256,fo_counters,FO Counters,on,RQ3/RQ4,policy_eval,stage2,curve_epoch_15,experiments_numeric.architecture_2.fo_counters_mcts,hmrmax-astar,epoch:15:stage2:fo_counters:on:1073581256,,,True,,,,,,,3,4g,6,20G,04:00:00,,VAL,fo_counters-on-1073581256-stage2-train-primary,preselected dependency checkpoint,planned,Learning-curve test evaluation; never use for checkpoint selection
fo_counters-on-1073581256-stage2-policy_eval-curve_epoch_20,prospective-ten,1073581256,fo_counters,FO Counters,on,RQ3/RQ4,policy_eval,stage2,curve_epoch_20,experiments_numeric.architecture_2.fo_counters_mcts,hmrmax-astar,epoch:20:stage2:fo_counters:on:1073581256,,,True,,,,,,,3,4g,6,20G,04:00:00,,VAL,fo_counters-on-1073581256-stage2-train-primary,preselected dependency checkpoint,planned,Learning-curve test evaluation; never use for checkpoint selection
fo_counters-on-1073581256-stage2-policy_eval-curve_epoch_25,prospective-ten,1073581256,fo_counters,FO Counters,on,RQ3/RQ4,policy_eval,stage2,curve_epoch_25,experiments_numeric.architecture_2.fo_counters_mcts,hmrmax-astar,epoch:25:stage2:fo_counters:on:1073581256,,,True,,,,,,,3,4g,6,20G,04:00:00,,VAL,fo_counters-on-1073581256-stage2-train-primary,preselected dependency checkpoint,planned,Learning-curve test evaluation; never use for checkpoint selection
fo_counters-on-1073581256-stage2-policy_eval-curve_epoch_30,prospective-ten,1073581256,fo_counters,FO Counters,on,RQ3/RQ4,policy_eval,stage2,curve_epoch_30,experiments_numeric.architecture_2.fo_counters_mcts,hmrmax-astar,epoch:30:stage2:fo_counters:on:1073581256,,,True,,,,,,,3,4g,6,20G,04:00:00,,VAL,fo_counters-on-1073581256-stage2-train-primary,preselected dependency checkpoint,planned,Learning-curve test evaluation; never use for checkpoint selection
fo_counters-on-1073581256-stage2-policy_eval-curve_epoch_35,prospective-ten,1073581256,fo_counters,FO Counters,on,RQ3/RQ4,policy_eval,stage2,curve_epoch_35,experiments_numeric.architecture_2.fo_counters_mcts,hmrmax-astar,epoch:35:stage2:fo_counters:on:1073581256,,,True,,,,,,,3,4g,6,20G,04:00:00,,VAL,fo_counters-on-1073581256-stage2-train-primary,preselected dependency checkpoint,planned,Learning-curve test evaluation; never use for checkpoint selection
fo_counters-on-1073581256-stage2-policy_eval-curve_epoch_40,prospective-ten,1073581256,fo_counters,FO Counters,on,RQ3/RQ4,policy_eval,stage2,curve_epoch_40,experiments_numeric.architecture_2.fo_counters_mcts,hmrmax-astar,epoch:40:stage2:fo_counters:on:1073581256,,,True,,,,,,,3,4g,6,20G,04:00:00,,VAL,fo_counters-on-1073581256-stage2-train-primary,preselected dependency checkpoint,planned,Learning-curve test evaluation; never use for checkpoint selection
fo_counters-on-1073581256-stage2-policy_eval-curve_epoch_45,prospective-ten,1073581256,fo_counters,FO Counters,on,RQ3/RQ4,policy_eval,stage2,curve_epoch_45,experiments_numeric.architecture_2.fo_counters_mcts,hmrmax-astar,epoch:45:stage2:fo_counters:on:1073581256,,,True,,,,,,,3,4g,6,20G,04:00:00,,VAL,fo_counters-on-1073581256-stage2-train-primary,preselected dependency checkpoint,planned,Learning-curve test evaluation; never use for checkpoint selection
fo_counters-on-1073581256-stage2-policy_eval-curve_epoch_50,prospective-ten,1073581256,fo_counters,FO Counters,on,RQ3/RQ4,policy_eval,stage2,curve_epoch_50,experiments_numeric.architecture_2.fo_counters_mcts,hmrmax-astar,epoch:50:stage2:fo_counters:on:1073581256,,,True,,,,,,,3,4g,6,20G,04:00:00,,VAL,fo_counters-on-1073581256-stage2-train-primary,preselected dependency checkpoint,planned,Learning-curve test evaluation; never use for checkpoint selection
fo_counters-on-1073581256-stage2-policy_eval-curve_epoch_55,prospective-ten,1073581256,fo_counters,FO Counters,on,RQ3/RQ4,policy_eval,stage2,curve_epoch_55,experiments_numeric.architecture_2.fo_counters_mcts,hmrmax-astar,epoch:55:stage2:fo_counters:on:1073581256,,,True,,,,,,,3,4g,6,20G,04:00:00,,VAL,fo_counters-on-1073581256-stage2-train-primary,preselected dependency checkpoint,planned,Learning-curve test evaluation; never use for checkpoint selection
fo_counters-on-1073581256-stage2-policy_eval-curve_epoch_60,prospective-ten,1073581256,fo_counters,FO Counters,on,RQ3/RQ4,policy_eval,stage2,curve_epoch_60,experiments_numeric.architecture_2.fo_counters_mcts,hmrmax-astar,epoch:60:stage2:fo_counters:on:1073581256,,,True,,,,,,,3,4g,6,20G,04:00:00,,VAL,fo_counters-on-1073581256-stage2-train-primary,preselected dependency checkpoint,planned,Learning-curve test evaluation; never use for checkpoint selection
fo_counters-on-1073581256-stage2-policy_eval-curve_epoch_65,prospective-ten,1073581256,fo_counters,FO Counters,on,RQ3/RQ4,policy_eval,stage2,curve_epoch_65,experiments_numeric.architecture_2.fo_counters_mcts,hmrmax-astar,epoch:65:stage2:fo_counters:on:1073581256,,,True,,,,,,,3,4g,6,20G,04:00:00,,VAL,fo_counters-on-1073581256-stage2-train-primary,preselected dependency checkpoint,planned,Learning-curve test evaluation; never use for checkpoint selection
fo_counters-on-1073581256-stage2-policy_eval-curve_epoch_70,prospective-ten,1073581256,fo_counters,FO Counters,on,RQ3/RQ4,policy_eval,stage2,curve_epoch_70,experiments_numeric.architecture_2.fo_counters_mcts,hmrmax-astar,epoch:70:stage2:fo_counters:on:1073581256,,,True,,,,,,,3,4g,6,20G,04:00:00,,VAL,fo_counters-on-1073581256-stage2-train-primary,preselected dependency checkpoint,planned,Learning-curve test evaluation; never use for checkpoint selection
fo_counters-on-1073581256-stage2-policy_eval-curve_epoch_75,prospective-ten,1073581256,fo_counters,FO Counters,on,RQ3/RQ4,policy_eval,stage2,curve_epoch_75,experiments_numeric.architecture_2.fo_counters_mcts,hmrmax-astar,epoch:75:stage2:fo_counters:on:1073581256,,,True,,,,,,,3,4g,6,20G,04:00:00,,VAL,fo_counters-on-1073581256-stage2-train-primary,preselected dependency checkpoint,planned,Learning-curve test evaluation; never use for checkpoint selection
fo_counters-on-1073581256-stage2-policy_eval-curve_epoch_80,prospective-ten,1073581256,fo_counters,FO Counters,on,RQ3/RQ4,policy_eval,stage2,curve_epoch_80,experiments_numeric.architecture_2.fo_counters_mcts,hmrmax-astar,epoch:80:stage2:fo_counters:on:1073581256,,,True,,,,,,,3,4g,6,20G,04:00:00,,VAL,fo_counters-on-1073581256-stage2-train-primary,preselected dependency checkpoint,planned,Learning-curve test evaluation; never use for checkpoint selection
fo_counters-on-1073581256-stage2-policy_eval-curve_epoch_85,prospective-ten,1073581256,fo_counters,FO Counters,on,RQ3/RQ4,policy_eval,stage2,curve_epoch_85,experiments_numeric.architecture_2.fo_counters_mcts,hmrmax-astar,epoch:85:stage2:fo_counters:on:1073581256,,,True,,,,,,,3,4g,6,20G,04:00:00,,VAL,fo_counters-on-1073581256-stage2-train-primary,preselected dependency checkpoint,planned,Learning-curve test evaluation; never use for checkpoint selection
fo_counters-on-1073581256-stage2-policy_eval-curve_epoch_90,prospective-ten,1073581256,fo_counters,FO Counters,on,RQ3/RQ4,policy_eval,stage2,curve_epoch_90,experiments_numeric.architecture_2.fo_counters_mcts,hmrmax-astar,epoch:90:stage2:fo_counters:on:1073581256,,,True,,,,,,,3,4g,6,20G,04:00:00,,VAL,fo_counters-on-1073581256-stage2-train-primary,preselected dependency checkpoint,planned,Learning-curve test evaluation; never use for checkpoint selection
fo_counters-on-1073581256-stage2-policy_eval-curve_epoch_95,prospective-ten,1073581256,fo_counters,FO Counters,on,RQ3/RQ4,policy_eval,stage2,curve_epoch_95,experiments_numeric.architecture_2.fo_counters_mcts,hmrmax-astar,epoch:95:stage2:fo_counters:on:1073581256,,,True,,,,,,,3,4g,6,20G,04:00:00,,VAL,fo_counters-on-1073581256-stage2-train-primary,preselected dependency checkpoint,planned,Learning-curve test evaluation; never use for checkpoint selection
fo_counters-on-1073581256-stage2-policy_eval-curve_epoch_99,prospective-ten,1073581256,fo_counters,FO Counters,on,RQ3/RQ4,policy_eval,stage2,curve_epoch_99,experiments_numeric.architecture_2.fo_counters_mcts,hmrmax-astar,epoch:99:stage2:fo_counters:on:1073581256,,,True,,,,,,,3,4g,6,20G,04:00:00,,VAL,fo_counters-on-1073581256-stage2-train-primary,preselected dependency checkpoint,planned,Learning-curve test evaluation; never use for checkpoint selection
fo_counters-on-1239739722-stage2-policy_eval-curve_epoch_00,prospective-ten,1239739722,fo_counters,FO Counters,on,RQ3/RQ4,policy_eval,stage2,curve_epoch_00,experiments_numeric.architecture_2.fo_counters_mcts,hmrmax-astar,epoch:0:stage2:fo_counters:on:1239739722,,,True,,,,,,,3,4g,6,20G,04:00:00,,VAL,fo_counters-on-1239739722-stage2-train-primary,preselected dependency checkpoint,planned,Learning-curve test evaluation; never use for checkpoint selection
fo_counters-on-1239739722-stage2-policy_eval-curve_epoch_05,prospective-ten,1239739722,fo_counters,FO Counters,on,RQ3/RQ4,policy_eval,stage2,curve_epoch_05,experiments_numeric.architecture_2.fo_counters_mcts,hmrmax-astar,epoch:5:stage2:fo_counters:on:1239739722,,,True,,,,,,,3,4g,6,20G,04:00:00,,VAL,fo_counters-on-1239739722-stage2-train-primary,preselected dependency checkpoint,planned,Learning-curve test evaluation; never use for checkpoint selection
fo_counters-on-1239739722-stage2-policy_eval-curve_epoch_10,prospective-ten,1239739722,fo_counters,FO Counters,on,RQ3/RQ4,policy_eval,stage2,curve_epoch_10,experiments_numeric.architecture_2.fo_counters_mcts,hmrmax-astar,epoch:10:stage2:fo_counters:on:1239739722,,,True,,,,,,,3,4g,6,20G,04:00:00,,VAL,fo_counters-on-1239739722-stage2-train-primary,preselected dependency checkpoint,planned,Learning-curve test evaluation; never use for checkpoint selection
fo_counters-on-1239739722-stage2-policy_eval-curve_epoch_15,prospective-ten,1239739722,fo_counters,FO Counters,on,RQ3/RQ4,policy_eval,stage2,curve_epoch_15,experiments_numeric.architecture_2.fo_counters_mcts,hmrmax-astar,epoch:15:stage2:fo_counters:on:1239739722,,,True,,,,,,,3,4g,6,20G,04:00:00,,VAL,fo_counters-on-1239739722-stage2-train-primary,preselected dependency checkpoint,planned,Learning-curve test evaluation; never use for checkpoint selection
fo_counters-on-1239739722-stage2-policy_eval-curve_epoch_20,prospective-ten,1239739722,fo_counters,FO Counters,on,RQ3/RQ4,policy_eval,stage2,curve_epoch_20,experiments_numeric.architecture_2.fo_counters_mcts,hmrmax-astar,epoch:20:stage2:fo_counters:on:1239739722,,,True,,,,,,,3,4g,6,20G,04:00:00,,VAL,fo_counters-on-1239739722-stage2-train-primary,preselected dependency checkpoint,planned,Learning-curve test evaluation; never use for checkpoint selection
fo_counters-on-1239739722-stage2-policy_eval-curve_epoch_25,prospective-ten,1239739722,fo_counters,FO Counters,on,RQ3/RQ4,policy_eval,stage2,curve_epoch_25,experiments_numeric.architecture_2.fo_counters_mcts,hmrmax-astar,epoch:25:stage2:fo_counters:on:1239739722,,,True,,,,,,,3,4g,6,20G,04:00:00,,VAL,fo_counters-on-1239739722-stage2-train-primary,preselected dependency checkpoint,planned,Learning-curve test evaluation; never use for checkpoint selection
fo_counters-on-1239739722-stage2-policy_eval-curve_epoch_30,prospective-ten,1239739722,fo_counters,FO Counters,on,RQ3/RQ4,policy_eval,stage2,curve_epoch_30,experiments_numeric.architecture_2.fo_counters_mcts,hmrmax-astar,epoch:30:stage2:fo_counters:on:1239739722,,,True,,,,,,,3,4g,6,20G,04:00:00,,VAL,fo_counters-on-1239739722-stage2-train-primary,preselected dependency checkpoint,planned,Learning-curve test evaluation; never use for checkpoint selection
fo_counters-on-1239739722-stage2-policy_eval-curve_epoch_35,prospective-ten,1239739722,fo_counters,FO Counters,on,RQ3/RQ4,policy_eval,stage2,curve_epoch_35,experiments_numeric.architecture_2.fo_counters_mcts,hmrmax-astar,epoch:35:stage2:fo_counters:on:1239739722,,,True,,,,,,,3,4g,6,20G,04:00:00,,VAL,fo_counters-on-1239739722-stage2-train-primary,preselected dependency checkpoint,planned,Learning-curve test evaluation; never use for checkpoint selection
fo_counters-on-1239739722-stage2-policy_eval-curve_epoch_40,prospective-ten,1239739722,fo_counters,FO Counters,on,RQ3/RQ4,policy_eval,stage2,curve_epoch_40,experiments_numeric.architecture_2.fo_counters_mcts,hmrmax-astar,epoch:40:stage2:fo_counters:on:1239739722,,,True,,,,,,,3,4g,6,20G,04:00:00,,VAL,fo_counters-on-1239739722-stage2-train-primary,preselected dependency checkpoint,planned,Learning-curve test evaluation; never use for checkpoint selection
fo_counters-on-1239739722-stage2-policy_eval-curve_epoch_45,prospective-ten,1239739722,fo_counters,FO Counters,on,RQ3/RQ4,policy_eval,stage2,curve_epoch_45,experiments_numeric.architecture_2.fo_counters_mcts,hmrmax-astar,epoch:45:stage2:fo_counters:on:1239739722,,,True,,,,,,,3,4g,6,20G,04:00:00,,VAL,fo_counters-on-1239739722-stage2-train-primary,preselected dependency checkpoint,planned,Learning-curve test evaluation; never use for checkpoint selection
fo_counters-on-1239739722-stage2-policy_eval-curve_epoch_50,prospective-ten,1239739722,fo_counters,FO Counters,on,RQ3/RQ4,policy_eval,stage2,curve_epoch_50,experiments_numeric.architecture_2.fo_counters_mcts,hmrmax-astar,epoch:50:stage2:fo_counters:on:1239739722,,,True,,,,,,,3,4g,6,20G,04:00:00,,VAL,fo_counters-on-1239739722-stage2-train-primary,preselected dependency checkpoint,planned,Learning-curve test evaluation; never use for checkpoint selection
fo_counters-on-1239739722-stage2-policy_eval-curve_epoch_55,prospective-ten,1239739722,fo_counters,FO Counters,on,RQ3/RQ4,policy_eval,stage2,curve_epoch_55,experiments_numeric.architecture_2.fo_counters_mcts,hmrmax-astar,epoch:55:stage2:fo_counters:on:1239739722,,,True,,,,,,,3,4g,6,20G,04:00:00,,VAL,fo_counters-on-1239739722-stage2-train-primary,preselected dependency checkpoint,planned,Learning-curve test evaluation; never use for checkpoint selection
fo_counters-on-1239739722-stage2-policy_eval-curve_epoch_60,prospective-ten,1239739722,fo_counters,FO Counters,on,RQ3/RQ4,policy_eval,stage2,curve_epoch_60,experiments_numeric.architecture_2.fo_counters_mcts,hmrmax-astar,epoch:60:stage2:fo_counters:on:1239739722,,,True,,,,,,,3,4g,6,20G,04:00:00,,VAL,fo_counters-on-1239739722-stage2-train-primary,preselected dependency checkpoint,planned,Learning-curve test evaluation; never use for checkpoint selection
fo_counters-on-1239739722-stage2-policy_eval-curve_epoch_65,prospective-ten,1239739722,fo_counters,FO Counters,on,RQ3/RQ4,policy_eval,stage2,curve_epoch_65,experiments_numeric.architecture_2.fo_counters_mcts,hmrmax-astar,epoch:65:stage2:fo_counters:on:1239739722,,,True,,,,,,,3,4g,6,20G,04:00:00,,VAL,fo_counters-on-1239739722-stage2-train-primary,preselected dependency checkpoint,planned,Learning-curve test evaluation; never use for checkpoint selection
fo_counters-on-1239739722-stage2-policy_eval-curve_epoch_70,prospective-ten,1239739722,fo_counters,FO Counters,on,RQ3/RQ4,policy_eval,stage2,curve_epoch_70,experiments_numeric.architecture_2.fo_counters_mcts,hmrmax-astar,epoch:70:stage2:fo_counters:on:1239739722,,,True,,,,,,,3,4g,6,20G,04:00:00,,VAL,fo_counters-on-1239739722-stage2-train-primary,preselected dependency checkpoint,planned,Learning-curve test evaluation; never use for checkpoint selection
fo_counters-on-1239739722-stage2-policy_eval-curve_epoch_75,prospective-ten,1239739722,fo_counters,FO Counters,on,RQ3/RQ4,policy_eval,stage2,curve_epoch_75,experiments_numeric.architecture_2.fo_counters_mcts,hmrmax-astar,epoch:75:stage2:fo_counters:on:1239739722,,,True,,,,,,,3,4g,6,20G,04:00:00,,VAL,fo_counters-on-1239739722-stage2-train-primary,preselected dependency checkpoint,planned,Learning-curve test evaluation; never use for checkpoint selection
fo_counters-on-1239739722-stage2-policy_eval-curve_epoch_80,prospective-ten,1239739722,fo_counters,FO Counters,on,RQ3/RQ4,policy_eval,stage2,curve_epoch_80,experiments_numeric.architecture_2.fo_counters_mcts,hmrmax-astar,epoch:80:stage2:fo_counters:on:1239739722,,,True,,,,,,,3,4g,6,20G,04:00:00,,VAL,fo_counters-on-1239739722-stage2-train-primary,preselected dependency checkpoint,planned,Learning-curve test evaluation; never use for checkpoint selection
fo_counters-on-1239739722-stage2-policy_eval-curve_epoch_85,prospective-ten,1239739722,fo_counters,FO Counters,on,RQ3/RQ4,policy_eval,stage2,curve_epoch_85,experiments_numeric.architecture_2.fo_counters_mcts,hmrmax-astar,epoch:85:stage2:fo_counters:on:1239739722,,,True,,,,,,,3,4g,6,20G,04:00:00,,VAL,fo_counters-on-1239739722-stage2-train-primary,preselected dependency checkpoint,planned,Learning-curve test evaluation; never use for checkpoint selection
fo_counters-on-1239739722-stage2-policy_eval-curve_epoch_90,prospective-ten,1239739722,fo_counters,FO Counters,on,RQ3/RQ4,policy_eval,stage2,curve_epoch_90,experiments_numeric.architecture_2.fo_counters_mcts,hmrmax-astar,epoch:90:stage2:fo_counters:on:1239739722,,,True,,,,,,,3,4g,6,20G,04:00:00,,VAL,fo_counters-on-1239739722-stage2-train-primary,preselected dependency checkpoint,planned,Learning-curve test evaluation; never use for checkpoint selection
fo_counters-on-1239739722-stage2-policy_eval-curve_epoch_95,prospective-ten,1239739722,fo_counters,FO Counters,on,RQ3/RQ4,policy_eval,stage2,curve_epoch_95,experiments_numeric.architecture_2.fo_counters_mcts,hmrmax-astar,epoch:95:stage2:fo_counters:on:1239739722,,,True,,,,,,,3,4g,6,20G,04:00:00,,VAL,fo_counters-on-1239739722-stage2-train-primary,preselected dependency checkpoint,planned,Learning-curve test evaluation; never use for checkpoint selection
fo_counters-on-1239739722-stage2-policy_eval-curve_epoch_99,prospective-ten,1239739722,fo_counters,FO Counters,on,RQ3/RQ4,policy_eval,stage2,curve_epoch_99,experiments_numeric.architecture_2.fo_counters_mcts,hmrmax-astar,epoch:99:stage2:fo_counters:on:1239739722,,,True,,,,,,,3,4g,6,20G,04:00:00,,VAL,fo_counters-on-1239739722-stage2-train-primary,preselected dependency checkpoint,planned,Learning-curve test evaluation; never use for checkpoint selection
fo_counters-on-1472491096-stage2-policy_eval-curve_epoch_00,prospective-ten,1472491096,fo_counters,FO Counters,on,RQ3/RQ4,policy_eval,stage2,curve_epoch_00,experiments_numeric.architecture_2.fo_counters_mcts,hmrmax-astar,epoch:0:stage2:fo_counters:on:1472491096,,,True,,,,,,,3,4g,6,20G,04:00:00,,VAL,fo_counters-on-1472491096-stage2-train-primary,preselected dependency checkpoint,planned,Learning-curve test evaluation; never use for checkpoint selection
fo_counters-on-1472491096-stage2-policy_eval-curve_epoch_05,prospective-ten,1472491096,fo_counters,FO Counters,on,RQ3/RQ4,policy_eval,stage2,curve_epoch_05,experiments_numeric.architecture_2.fo_counters_mcts,hmrmax-astar,epoch:5:stage2:fo_counters:on:1472491096,,,True,,,,,,,3,4g,6,20G,04:00:00,,VAL,fo_counters-on-1472491096-stage2-train-primary,preselected dependency checkpoint,planned,Learning-curve test evaluation; never use for checkpoint selection
fo_counters-on-1472491096-stage2-policy_eval-curve_epoch_10,prospective-ten,1472491096,fo_counters,FO Counters,on,RQ3/RQ4,policy_eval,stage2,curve_epoch_10,experiments_numeric.architecture_2.fo_counters_mcts,hmrmax-astar,epoch:10:stage2:fo_counters:on:1472491096,,,True,,,,,,,3,4g,6,20G,04:00:00,,VAL,fo_counters-on-1472491096-stage2-train-primary,preselected dependency checkpoint,planned,Learning-curve test evaluation; never use for checkpoint selection
fo_counters-on-1472491096-stage2-policy_eval-curve_epoch_15,prospective-ten,1472491096,fo_counters,FO Counters,on,RQ3/RQ4,policy_eval,stage2,curve_epoch_15,experiments_numeric.architecture_2.fo_counters_mcts,hmrmax-astar,epoch:15:stage2:fo_counters:on:1472491096,,,True,,,,,,,3,4g,6,20G,04:00:00,,VAL,fo_counters-on-1472491096-stage2-train-primary,preselected dependency checkpoint,planned,Learning-curve test evaluation; never use for checkpoint selection
fo_counters-on-1472491096-stage2-policy_eval-curve_epoch_20,prospective-ten,1472491096,fo_counters,FO Counters,on,RQ3/RQ4,policy_eval,stage2,curve_epoch_20,experiments_numeric.architecture_2.fo_counters_mcts,hmrmax-astar,epoch:20:stage2:fo_counters:on:1472491096,,,True,,,,,,,3,4g,6,20G,04:00:00,,VAL,fo_counters-on-1472491096-stage2-train-primary,preselected dependency checkpoint,planned,Learning-curve test evaluation; never use for checkpoint selection
fo_counters-on-1472491096-stage2-policy_eval-curve_epoch_25,prospective-ten,1472491096,fo_counters,FO Counters,on,RQ3/RQ4,policy_eval,stage2,curve_epoch_25,experiments_numeric.architecture_2.fo_counters_mcts,hmrmax-astar,epoch:25:stage2:fo_counters:on:1472491096,,,True,,,,,,,3,4g,6,20G,04:00:00,,VAL,fo_counters-on-1472491096-stage2-train-primary,preselected dependency checkpoint,planned,Learning-curve test evaluation; never use for checkpoint selection
fo_counters-on-1472491096-stage2-policy_eval-curve_epoch_30,prospective-ten,1472491096,fo_counters,FO Counters,on,RQ3/RQ4,policy_eval,stage2,curve_epoch_30,experiments_numeric.architecture_2.fo_counters_mcts,hmrmax-astar,epoch:30:stage2:fo_counters:on:1472491096,,,True,,,,,,,3,4g,6,20G,04:00:00,,VAL,fo_counters-on-1472491096-stage2-train-primary,preselected dependency checkpoint,planned,Learning-curve test evaluation; never use for checkpoint selection
fo_counters-on-1472491096-stage2-policy_eval-curve_epoch_35,prospective-ten,1472491096,fo_counters,FO Counters,on,RQ3/RQ4,policy_eval,stage2,curve_epoch_35,experiments_numeric.architecture_2.fo_counters_mcts,hmrmax-astar,epoch:35:stage2:fo_counters:on:1472491096,,,True,,,,,,,3,4g,6,20G,04:00:00,,VAL,fo_counters-on-1472491096-stage2-train-primary,preselected dependency checkpoint,planned,Learning-curve test evaluation; never use for checkpoint selection
fo_counters-on-1472491096-stage2-policy_eval-curve_epoch_40,prospective-ten,1472491096,fo_counters,FO Counters,on,RQ3/RQ4,policy_eval,stage2,curve_epoch_40,experiments_numeric.architecture_2.fo_counters_mcts,hmrmax-astar,epoch:40:stage2:fo_counters:on:1472491096,,,True,,,,,,,3,4g,6,20G,04:00:00,,VAL,fo_counters-on-1472491096-stage2-train-primary,preselected dependency checkpoint,planned,Learning-curve test evaluation; never use for checkpoint selection
fo_counters-on-1472491096-stage2-policy_eval-curve_epoch_45,prospective-ten,1472491096,fo_counters,FO Counters,on,RQ3/RQ4,policy_eval,stage2,curve_epoch_45,experiments_numeric.architecture_2.fo_counters_mcts,hmrmax-astar,epoch:45:stage2:fo_counters:on:1472491096,,,True,,,,,,,3,4g,6,20G,04:00:00,,VAL,fo_counters-on-1472491096-stage2-train-primary,preselected dependency checkpoint,planned,Learning-curve test evaluation; never use for checkpoint selection
fo_counters-on-1472491096-stage2-policy_eval-curve_epoch_50,prospective-ten,1472491096,fo_counters,FO Counters,on,RQ3/RQ4,policy_eval,stage2,curve_epoch_50,experiments_numeric.architecture_2.fo_counters_mcts,hmrmax-astar,epoch:50:stage2:fo_counters:on:1472491096,,,True,,,,,,,3,4g,6,20G,04:00:00,,VAL,fo_counters-on-1472491096-stage2-train-primary,preselected dependency checkpoint,planned,Learning-curve test evaluation; never use for checkpoint selection
fo_counters-on-1472491096-stage2-policy_eval-curve_epoch_55,prospective-ten,1472491096,fo_counters,FO Counters,on,RQ3/RQ4,policy_eval,stage2,curve_epoch_55,experiments_numeric.architecture_2.fo_counters_mcts,hmrmax-astar,epoch:55:stage2:fo_counters:on:1472491096,,,True,,,,,,,3,4g,6,20G,04:00:00,,VAL,fo_counters-on-1472491096-stage2-train-primary,preselected dependency checkpoint,planned,Learning-curve test evaluation; never use for checkpoint selection
fo_counters-on-1472491096-stage2-policy_eval-curve_epoch_60,prospective-ten,1472491096,fo_counters,FO Counters,on,RQ3/RQ4,policy_eval,stage2,curve_epoch_60,experiments_numeric.architecture_2.fo_counters_mcts,hmrmax-astar,epoch:60:stage2:fo_counters:on:1472491096,,,True,,,,,,,3,4g,6,20G,04:00:00,,VAL,fo_counters-on-1472491096-stage2-train-primary,preselected dependency checkpoint,planned,Learning-curve test evaluation; never use for checkpoint selection
fo_counters-on-1472491096-stage2-policy_eval-curve_epoch_65,prospective-ten,1472491096,fo_counters,FO Counters,on,RQ3/RQ4,policy_eval,stage2,curve_epoch_65,experiments_numeric.architecture_2.fo_counters_mcts,hmrmax-astar,epoch:65:stage2:fo_counters:on:1472491096,,,True,,,,,,,3,4g,6,20G,04:00:00,,VAL,fo_counters-on-1472491096-stage2-train-primary,preselected dependency checkpoint,planned,Learning-curve test evaluation; never use for checkpoint selection
fo_counters-on-1472491096-stage2-policy_eval-curve_epoch_70,prospective-ten,1472491096,fo_counters,FO Counters,on,RQ3/RQ4,policy_eval,stage2,curve_epoch_70,experiments_numeric.architecture_2.fo_counters_mcts,hmrmax-astar,epoch:70:stage2:fo_counters:on:1472491096,,,True,,,,,,,3,4g,6,20G,04:00:00,,VAL,fo_counters-on-1472491096-stage2-train-primary,preselected dependency checkpoint,planned,Learning-curve test evaluation; never use for checkpoint selection
fo_counters-on-1472491096-stage2-policy_eval-curve_epoch_75,prospective-ten,1472491096,fo_counters,FO Counters,on,RQ3/RQ4,policy_eval,stage2,curve_epoch_75,experiments_numeric.architecture_2.fo_counters_mcts,hmrmax-astar,epoch:75:stage2:fo_counters:on:1472491096,,,True,,,,,,,3,4g,6,20G,04:00:00,,VAL,fo_counters-on-1472491096-stage2-train-primary,preselected dependency checkpoint,planned,Learning-curve test evaluation; never use for checkpoint selection
fo_counters-on-1472491096-stage2-policy_eval-curve_epoch_80,prospective-ten,1472491096,fo_counters,FO Counters,on,RQ3/RQ4,policy_eval,stage2,curve_epoch_80,experiments_numeric.architecture_2.fo_counters_mcts,hmrmax-astar,epoch:80:stage2:fo_counters:on:1472491096,,,True,,,,,,,3,4g,6,20G,04:00:00,,VAL,fo_counters-on-1472491096-stage2-train-primary,preselected dependency checkpoint,planned,Learning-curve test evaluation; never use for checkpoint selection
fo_counters-on-1472491096-stage2-policy_eval-curve_epoch_85,prospective-ten,1472491096,fo_counters,FO Counters,on,RQ3/RQ4,policy_eval,stage2,curve_epoch_85,experiments_numeric.architecture_2.fo_counters_mcts,hmrmax-astar,epoch:85:stage2:fo_counters:on:1472491096,,,True,,,,,,,3,4g,6,20G,04:00:00,,VAL,fo_counters-on-1472491096-stage2-train-primary,preselected dependency checkpoint,planned,Learning-curve test evaluation; never use for checkpoint selection
fo_counters-on-1472491096-stage2-policy_eval-curve_epoch_90,prospective-ten,1472491096,fo_counters,FO Counters,on,RQ3/RQ4,policy_eval,stage2,curve_epoch_90,experiments_numeric.architecture_2.fo_counters_mcts,hmrmax-astar,epoch:90:stage2:fo_counters:on:1472491096,,,True,,,,,,,3,4g,6,20G,04:00:00,,VAL,fo_counters-on-1472491096-stage2-train-primary,preselected dependency checkpoint,planned,Learning-curve test evaluation; never use for checkpoint selection
fo_counters-on-1472491096-stage2-policy_eval-curve_epoch_95,prospective-ten,1472491096,fo_counters,FO Counters,on,RQ3/RQ4,policy_eval,stage2,curve_epoch_95,experiments_numeric.architecture_2.fo_counters_mcts,hmrmax-astar,epoch:95:stage2:fo_counters:on:1472491096,,,True,,,,,,,3,4g,6,20G,04:00:00,,VAL,fo_counters-on-1472491096-stage2-train-primary,preselected dependency checkpoint,planned,Learning-curve test evaluation; never use for checkpoint selection
fo_counters-on-1472491096-stage2-policy_eval-curve_epoch_99,prospective-ten,1472491096,fo_counters,FO Counters,on,RQ3/RQ4,policy_eval,stage2,curve_epoch_99,experiments_numeric.architecture_2.fo_counters_mcts,hmrmax-astar,epoch:99:stage2:fo_counters:on:1472491096,,,True,,,,,,,3,4g,6,20G,04:00:00,,VAL,fo_counters-on-1472491096-stage2-train-primary,preselected dependency checkpoint,planned,Learning-curve test evaluation; never use for checkpoint selection
fo_counters-on-534933607-stage2-policy_eval-curve_epoch_00,prospective-ten,534933607,fo_counters,FO Counters,on,RQ3/RQ4,policy_eval,stage2,curve_epoch_00,experiments_numeric.architecture_2.fo_counters_mcts,hmrmax-astar,epoch:0:stage2:fo_counters:on:534933607,,,True,,,,,,,3,4g,6,20G,04:00:00,,VAL,fo_counters-on-534933607-stage2-train-primary,preselected dependency checkpoint,planned,Learning-curve test evaluation; never use for checkpoint selection
fo_counters-on-534933607-stage2-policy_eval-curve_epoch_05,prospective-ten,534933607,fo_counters,FO Counters,on,RQ3/RQ4,policy_eval,stage2,curve_epoch_05,experiments_numeric.architecture_2.fo_counters_mcts,hmrmax-astar,epoch:5:stage2:fo_counters:on:534933607,,,True,,,,,,,3,4g,6,20G,04:00:00,,VAL,fo_counters-on-534933607-stage2-train-primary,preselected dependency checkpoint,planned,Learning-curve test evaluation; never use for checkpoint selection
fo_counters-on-534933607-stage2-policy_eval-curve_epoch_10,prospective-ten,534933607,fo_counters,FO Counters,on,RQ3/RQ4,policy_eval,stage2,curve_epoch_10,experiments_numeric.architecture_2.fo_counters_mcts,hmrmax-astar,epoch:10:stage2:fo_counters:on:534933607,,,True,,,,,,,3,4g,6,20G,04:00:00,,VAL,fo_counters-on-534933607-stage2-train-primary,preselected dependency checkpoint,planned,Learning-curve test evaluation; never use for checkpoint selection
fo_counters-on-534933607-stage2-policy_eval-curve_epoch_15,prospective-ten,534933607,fo_counters,FO Counters,on,RQ3/RQ4,policy_eval,stage2,curve_epoch_15,experiments_numeric.architecture_2.fo_counters_mcts,hmrmax-astar,epoch:15:stage2:fo_counters:on:534933607,,,True,,,,,,,3,4g,6,20G,04:00:00,,VAL,fo_counters-on-534933607-stage2-train-primary,preselected dependency checkpoint,planned,Learning-curve test evaluation; never use for checkpoint selection
fo_counters-on-534933607-stage2-policy_eval-curve_epoch_20,prospective-ten,534933607,fo_counters,FO Counters,on,RQ3/RQ4,policy_eval,stage2,curve_epoch_20,experiments_numeric.architecture_2.fo_counters_mcts,hmrmax-astar,epoch:20:stage2:fo_counters:on:534933607,,,True,,,,,,,3,4g,6,20G,04:00:00,,VAL,fo_counters-on-534933607-stage2-train-primary,preselected dependency checkpoint,planned,Learning-curve test evaluation; never use for checkpoint selection
fo_counters-on-534933607-stage2-policy_eval-curve_epoch_25,prospective-ten,534933607,fo_counters,FO Counters,on,RQ3/RQ4,policy_eval,stage2,curve_epoch_25,experiments_numeric.architecture_2.fo_counters_mcts,hmrmax-astar,epoch:25:stage2:fo_counters:on:534933607,,,True,,,,,,,3,4g,6,20G,04:00:00,,VAL,fo_counters-on-534933607-stage2-train-primary,preselected dependency checkpoint,planned,Learning-curve test evaluation; never use for checkpoint selection
fo_counters-on-534933607-stage2-policy_eval-curve_epoch_30,prospective-ten,534933607,fo_counters,FO Counters,on,RQ3/RQ4,policy_eval,stage2,curve_epoch_30,experiments_numeric.architecture_2.fo_counters_mcts,hmrmax-astar,epoch:30:stage2:fo_counters:on:534933607,,,True,,,,,,,3,4g,6,20G,04:00:00,,VAL,fo_counters-on-534933607-stage2-train-primary,preselected dependency checkpoint,planned,Learning-curve test evaluation; never use for checkpoint selection
fo_counters-on-534933607-stage2-policy_eval-curve_epoch_35,prospective-ten,534933607,fo_counters,FO Counters,on,RQ3/RQ4,policy_eval,stage2,curve_epoch_35,experiments_numeric.architecture_2.fo_counters_mcts,hmrmax-astar,epoch:35:stage2:fo_counters:on:534933607,,,True,,,,,,,3,4g,6,20G,04:00:00,,VAL,fo_counters-on-534933607-stage2-train-primary,preselected dependency checkpoint,planned,Learning-curve test evaluation; never use for checkpoint selection
fo_counters-on-534933607-stage2-policy_eval-curve_epoch_40,prospective-ten,534933607,fo_counters,FO Counters,on,RQ3/RQ4,policy_eval,stage2,curve_epoch_40,experiments_numeric.architecture_2.fo_counters_mcts,hmrmax-astar,epoch:40:stage2:fo_counters:on:534933607,,,True,,,,,,,3,4g,6,20G,04:00:00,,VAL,fo_counters-on-534933607-stage2-train-primary,preselected dependency checkpoint,planned,Learning-curve test evaluation; never use for checkpoint selection
fo_counters-on-534933607-stage2-policy_eval-curve_epoch_45,prospective-ten,534933607,fo_counters,FO Counters,on,RQ3/RQ4,policy_eval,stage2,curve_epoch_45,experiments_numeric.architecture_2.fo_counters_mcts,hmrmax-astar,epoch:45:stage2:fo_counters:on:534933607,,,True,,,,,,,3,4g,6,20G,04:00:00,,VAL,fo_counters-on-534933607-stage2-train-primary,preselected dependency checkpoint,planned,Learning-curve test evaluation; never use for checkpoint selection
fo_counters-on-534933607-stage2-policy_eval-curve_epoch_50,prospective-ten,534933607,fo_counters,FO Counters,on,RQ3/RQ4,policy_eval,stage2,curve_epoch_50,experiments_numeric.architecture_2.fo_counters_mcts,hmrmax-astar,epoch:50:stage2:fo_counters:on:534933607,,,True,,,,,,,3,4g,6,20G,04:00:00,,VAL,fo_counters-on-534933607-stage2-train-primary,preselected dependency checkpoint,planned,Learning-curve test evaluation; never use for checkpoint selection
fo_counters-on-534933607-stage2-policy_eval-curve_epoch_55,prospective-ten,534933607,fo_counters,FO Counters,on,RQ3/RQ4,policy_eval,stage2,curve_epoch_55,experiments_numeric.architecture_2.fo_counters_mcts,hmrmax-astar,epoch:55:stage2:fo_counters:on:534933607,,,True,,,,,,,3,4g,6,20G,04:00:00,,VAL,fo_counters-on-534933607-stage2-train-primary,preselected dependency checkpoint,planned,Learning-curve test evaluation; never use for checkpoint selection
fo_counters-on-534933607-stage2-policy_eval-curve_epoch_60,prospective-ten,534933607,fo_counters,FO Counters,on,RQ3/RQ4,policy_eval,stage2,curve_epoch_60,experiments_numeric.architecture_2.fo_counters_mcts,hmrmax-astar,epoch:60:stage2:fo_counters:on:534933607,,,True,,,,,,,3,4g,6,20G,04:00:00,,VAL,fo_counters-on-534933607-stage2-train-primary,preselected dependency checkpoint,planned,Learning-curve test evaluation; never use for checkpoint selection
fo_counters-on-534933607-stage2-policy_eval-curve_epoch_65,prospective-ten,534933607,fo_counters,FO Counters,on,RQ3/RQ4,policy_eval,stage2,curve_epoch_65,experiments_numeric.architecture_2.fo_counters_mcts,hmrmax-astar,epoch:65:stage2:fo_counters:on:534933607,,,True,,,,,,,3,4g,6,20G,04:00:00,,VAL,fo_counters-on-534933607-stage2-train-primary,preselected dependency checkpoint,planned,Learning-curve test evaluation; never use for checkpoint selection
fo_counters-on-534933607-stage2-policy_eval-curve_epoch_70,prospective-ten,534933607,fo_counters,FO Counters,on,RQ3/RQ4,policy_eval,stage2,curve_epoch_70,experiments_numeric.architecture_2.fo_counters_mcts,hmrmax-astar,epoch:70:stage2:fo_counters:on:534933607,,,True,,,,,,,3,4g,6,20G,04:00:00,,VAL,fo_counters-on-534933607-stage2-train-primary,preselected dependency checkpoint,planned,Learning-curve test evaluation; never use for checkpoint selection
fo_counters-on-534933607-stage2-policy_eval-curve_epoch_75,prospective-ten,534933607,fo_counters,FO Counters,on,RQ3/RQ4,policy_eval,stage2,curve_epoch_75,experiments_numeric.architecture_2.fo_counters_mcts,hmrmax-astar,epoch:75:stage2:fo_counters:on:534933607,,,True,,,,,,,3,4g,6,20G,04:00:00,,VAL,fo_counters-on-534933607-stage2-train-primary,preselected dependency checkpoint,planned,Learning-curve test evaluation; never use for checkpoint selection
fo_counters-on-534933607-stage2-policy_eval-curve_epoch_80,prospective-ten,534933607,fo_counters,FO Counters,on,RQ3/RQ4,policy_eval,stage2,curve_epoch_80,experiments_numeric.architecture_2.fo_counters_mcts,hmrmax-astar,epoch:80:stage2:fo_counters:on:534933607,,,True,,,,,,,3,4g,6,20G,04:00:00,,VAL,fo_counters-on-534933607-stage2-train-primary,preselected dependency checkpoint,planned,Learning-curve test evaluation; never use for checkpoint selection
fo_counters-on-534933607-stage2-policy_eval-curve_epoch_85,prospective-ten,534933607,fo_counters,FO Counters,on,RQ3/RQ4,policy_eval,stage2,curve_epoch_85,experiments_numeric.architecture_2.fo_counters_mcts,hmrmax-astar,epoch:85:stage2:fo_counters:on:534933607,,,True,,,,,,,3,4g,6,20G,04:00:00,,VAL,fo_counters-on-534933607-stage2-train-primary,preselected dependency checkpoint,planned,Learning-curve test evaluation; never use for checkpoint selection
fo_counters-on-534933607-stage2-policy_eval-curve_epoch_90,prospective-ten,534933607,fo_counters,FO Counters,on,RQ3/RQ4,policy_eval,stage2,curve_epoch_90,experiments_numeric.architecture_2.fo_counters_mcts,hmrmax-astar,epoch:90:stage2:fo_counters:on:534933607,,,True,,,,,,,3,4g,6,20G,04:00:00,,VAL,fo_counters-on-534933607-stage2-train-primary,preselected dependency checkpoint,planned,Learning-curve test evaluation; never use for checkpoint selection
fo_counters-on-534933607-stage2-policy_eval-curve_epoch_95,prospective-ten,534933607,fo_counters,FO Counters,on,RQ3/RQ4,policy_eval,stage2,curve_epoch_95,experiments_numeric.architecture_2.fo_counters_mcts,hmrmax-astar,epoch:95:stage2:fo_counters:on:534933607,,,True,,,,,,,3,4g,6,20G,04:00:00,,VAL,fo_counters-on-534933607-stage2-train-primary,preselected dependency checkpoint,planned,Learning-curve test evaluation; never use for checkpoint selection
fo_counters-on-534933607-stage2-policy_eval-curve_epoch_99,prospective-ten,534933607,fo_counters,FO Counters,on,RQ3/RQ4,policy_eval,stage2,curve_epoch_99,experiments_numeric.architecture_2.fo_counters_mcts,hmrmax-astar,epoch:99:stage2:fo_counters:on:534933607,,,True,,,,,,,3,4g,6,20G,04:00:00,,VAL,fo_counters-on-534933607-stage2-train-primary,preselected dependency checkpoint,planned,Learning-curve test evaluation; never use for checkpoint selection
fo_counters-on-2082152039-stage2-policy_eval-curve_epoch_00,prospective-ten,2082152039,fo_counters,FO Counters,on,RQ3/RQ4,policy_eval,stage2,curve_epoch_00,experiments_numeric.architecture_2.fo_counters_mcts,hmrmax-astar,epoch:0:stage2:fo_counters:on:2082152039,,,True,,,,,,,3,4g,6,20G,04:00:00,,VAL,fo_counters-on-2082152039-stage2-train-primary,preselected dependency checkpoint,planned,Learning-curve test evaluation; never use for checkpoint selection
fo_counters-on-2082152039-stage2-policy_eval-curve_epoch_05,prospective-ten,2082152039,fo_counters,FO Counters,on,RQ3/RQ4,policy_eval,stage2,curve_epoch_05,experiments_numeric.architecture_2.fo_counters_mcts,hmrmax-astar,epoch:5:stage2:fo_counters:on:2082152039,,,True,,,,,,,3,4g,6,20G,04:00:00,,VAL,fo_counters-on-2082152039-stage2-train-primary,preselected dependency checkpoint,planned,Learning-curve test evaluation; never use for checkpoint selection
fo_counters-on-2082152039-stage2-policy_eval-curve_epoch_10,prospective-ten,2082152039,fo_counters,FO Counters,on,RQ3/RQ4,policy_eval,stage2,curve_epoch_10,experiments_numeric.architecture_2.fo_counters_mcts,hmrmax-astar,epoch:10:stage2:fo_counters:on:2082152039,,,True,,,,,,,3,4g,6,20G,04:00:00,,VAL,fo_counters-on-2082152039-stage2-train-primary,preselected dependency checkpoint,planned,Learning-curve test evaluation; never use for checkpoint selection
fo_counters-on-2082152039-stage2-policy_eval-curve_epoch_15,prospective-ten,2082152039,fo_counters,FO Counters,on,RQ3/RQ4,policy_eval,stage2,curve_epoch_15,experiments_numeric.architecture_2.fo_counters_mcts,hmrmax-astar,epoch:15:stage2:fo_counters:on:2082152039,,,True,,,,,,,3,4g,6,20G,04:00:00,,VAL,fo_counters-on-2082152039-stage2-train-primary,preselected dependency checkpoint,planned,Learning-curve test evaluation; never use for checkpoint selection
fo_counters-on-2082152039-stage2-policy_eval-curve_epoch_20,prospective-ten,2082152039,fo_counters,FO Counters,on,RQ3/RQ4,policy_eval,stage2,curve_epoch_20,experiments_numeric.architecture_2.fo_counters_mcts,hmrmax-astar,epoch:20:stage2:fo_counters:on:2082152039,,,True,,,,,,,3,4g,6,20G,04:00:00,,VAL,fo_counters-on-2082152039-stage2-train-primary,preselected dependency checkpoint,planned,Learning-curve test evaluation; never use for checkpoint selection
fo_counters-on-2082152039-stage2-policy_eval-curve_epoch_25,prospective-ten,2082152039,fo_counters,FO Counters,on,RQ3/RQ4,policy_eval,stage2,curve_epoch_25,experiments_numeric.architecture_2.fo_counters_mcts,hmrmax-astar,epoch:25:stage2:fo_counters:on:2082152039,,,True,,,,,,,3,4g,6,20G,04:00:00,,VAL,fo_counters-on-2082152039-stage2-train-primary,preselected dependency checkpoint,planned,Learning-curve test evaluation; never use for checkpoint selection
fo_counters-on-2082152039-stage2-policy_eval-curve_epoch_30,prospective-ten,2082152039,fo_counters,FO Counters,on,RQ3/RQ4,policy_eval,stage2,curve_epoch_30,experiments_numeric.architecture_2.fo_counters_mcts,hmrmax-astar,epoch:30:stage2:fo_counters:on:2082152039,,,True,,,,,,,3,4g,6,20G,04:00:00,,VAL,fo_counters-on-2082152039-stage2-train-primary,preselected dependency checkpoint,planned,Learning-curve test evaluation; never use for checkpoint selection
fo_counters-on-2082152039-stage2-policy_eval-curve_epoch_35,prospective-ten,2082152039,fo_counters,FO Counters,on,RQ3/RQ4,policy_eval,stage2,curve_epoch_35,experiments_numeric.architecture_2.fo_counters_mcts,hmrmax-astar,epoch:35:stage2:fo_counters:on:2082152039,,,True,,,,,,,3,4g,6,20G,04:00:00,,VAL,fo_counters-on-2082152039-stage2-train-primary,preselected dependency checkpoint,planned,Learning-curve test evaluation; never use for checkpoint selection
fo_counters-on-2082152039-stage2-policy_eval-curve_epoch_40,prospective-ten,2082152039,fo_counters,FO Counters,on,RQ3/RQ4,policy_eval,stage2,curve_epoch_40,experiments_numeric.architecture_2.fo_counters_mcts,hmrmax-astar,epoch:40:stage2:fo_counters:on:2082152039,,,True,,,,,,,3,4g,6,20G,04:00:00,,VAL,fo_counters-on-2082152039-stage2-train-primary,preselected dependency checkpoint,planned,Learning-curve test evaluation; never use for checkpoint selection
fo_counters-on-2082152039-stage2-policy_eval-curve_epoch_45,prospective-ten,2082152039,fo_counters,FO Counters,on,RQ3/RQ4,policy_eval,stage2,curve_epoch_45,experiments_numeric.architecture_2.fo_counters_mcts,hmrmax-astar,epoch:45:stage2:fo_counters:on:2082152039,,,True,,,,,,,3,4g,6,20G,04:00:00,,VAL,fo_counters-on-2082152039-stage2-train-primary,preselected dependency checkpoint,planned,Learning-curve test evaluation; never use for checkpoint selection
fo_counters-on-2082152039-stage2-policy_eval-curve_epoch_50,prospective-ten,2082152039,fo_counters,FO Counters,on,RQ3/RQ4,policy_eval,stage2,curve_epoch_50,experiments_numeric.architecture_2.fo_counters_mcts,hmrmax-astar,epoch:50:stage2:fo_counters:on:2082152039,,,True,,,,,,,3,4g,6,20G,04:00:00,,VAL,fo_counters-on-2082152039-stage2-train-primary,preselected dependency checkpoint,planned,Learning-curve test evaluation; never use for checkpoint selection
fo_counters-on-2082152039-stage2-policy_eval-curve_epoch_55,prospective-ten,2082152039,fo_counters,FO Counters,on,RQ3/RQ4,policy_eval,stage2,curve_epoch_55,experiments_numeric.architecture_2.fo_counters_mcts,hmrmax-astar,epoch:55:stage2:fo_counters:on:2082152039,,,True,,,,,,,3,4g,6,20G,04:00:00,,VAL,fo_counters-on-2082152039-stage2-train-primary,preselected dependency checkpoint,planned,Learning-curve test evaluation; never use for checkpoint selection
fo_counters-on-2082152039-stage2-policy_eval-curve_epoch_60,prospective-ten,2082152039,fo_counters,FO Counters,on,RQ3/RQ4,policy_eval,stage2,curve_epoch_60,experiments_numeric.architecture_2.fo_counters_mcts,hmrmax-astar,epoch:60:stage2:fo_counters:on:2082152039,,,True,,,,,,,3,4g,6,20G,04:00:00,,VAL,fo_counters-on-2082152039-stage2-train-primary,preselected dependency checkpoint,planned,Learning-curve test evaluation; never use for checkpoint selection
fo_counters-on-2082152039-stage2-policy_eval-curve_epoch_65,prospective-ten,2082152039,fo_counters,FO Counters,on,RQ3/RQ4,policy_eval,stage2,curve_epoch_65,experiments_numeric.architecture_2.fo_counters_mcts,hmrmax-astar,epoch:65:stage2:fo_counters:on:2082152039,,,True,,,,,,,3,4g,6,20G,04:00:00,,VAL,fo_counters-on-2082152039-stage2-train-primary,preselected dependency checkpoint,planned,Learning-curve test evaluation; never use for checkpoint selection
fo_counters-on-2082152039-stage2-policy_eval-curve_epoch_70,prospective-ten,2082152039,fo_counters,FO Counters,on,RQ3/RQ4,policy_eval,stage2,curve_epoch_70,experiments_numeric.architecture_2.fo_counters_mcts,hmrmax-astar,epoch:70:stage2:fo_counters:on:2082152039,,,True,,,,,,,3,4g,6,20G,04:00:00,,VAL,fo_counters-on-2082152039-stage2-train-primary,preselected dependency checkpoint,planned,Learning-curve test evaluation; never use for checkpoint selection
fo_counters-on-2082152039-stage2-policy_eval-curve_epoch_75,prospective-ten,2082152039,fo_counters,FO Counters,on,RQ3/RQ4,policy_eval,stage2,curve_epoch_75,experiments_numeric.architecture_2.fo_counters_mcts,hmrmax-astar,epoch:75:stage2:fo_counters:on:2082152039,,,True,,,,,,,3,4g,6,20G,04:00:00,,VAL,fo_counters-on-2082152039-stage2-train-primary,preselected dependency checkpoint,planned,Learning-curve test evaluation; never use for checkpoint selection
fo_counters-on-2082152039-stage2-policy_eval-curve_epoch_80,prospective-ten,2082152039,fo_counters,FO Counters,on,RQ3/RQ4,policy_eval,stage2,curve_epoch_80,experiments_numeric.architecture_2.fo_counters_mcts,hmrmax-astar,epoch:80:stage2:fo_counters:on:2082152039,,,True,,,,,,,3,4g,6,20G,04:00:00,,VAL,fo_counters-on-2082152039-stage2-train-primary,preselected dependency checkpoint,planned,Learning-curve test evaluation; never use for checkpoint selection
fo_counters-on-2082152039-stage2-policy_eval-curve_epoch_85,prospective-ten,2082152039,fo_counters,FO Counters,on,RQ3/RQ4,policy_eval,stage2,curve_epoch_85,experiments_numeric.architecture_2.fo_counters_mcts,hmrmax-astar,epoch:85:stage2:fo_counters:on:2082152039,,,True,,,,,,,3,4g,6,20G,04:00:00,,VAL,fo_counters-on-2082152039-stage2-train-primary,preselected dependency checkpoint,planned,Learning-curve test evaluation; never use for checkpoint selection
fo_counters-on-2082152039-stage2-policy_eval-curve_epoch_90,prospective-ten,2082152039,fo_counters,FO Counters,on,RQ3/RQ4,policy_eval,stage2,curve_epoch_90,experiments_numeric.architecture_2.fo_counters_mcts,hmrmax-astar,epoch:90:stage2:fo_counters:on:2082152039,,,True,,,,,,,3,4g,6,20G,04:00:00,,VAL,fo_counters-on-2082152039-stage2-train-primary,preselected dependency checkpoint,planned,Learning-curve test evaluation; never use for checkpoint selection
fo_counters-on-2082152039-stage2-policy_eval-curve_epoch_95,prospective-ten,2082152039,fo_counters,FO Counters,on,RQ3/RQ4,policy_eval,stage2,curve_epoch_95,experiments_numeric.architecture_2.fo_counters_mcts,hmrmax-astar,epoch:95:stage2:fo_counters:on:2082152039,,,True,,,,,,,3,4g,6,20G,04:00:00,,VAL,fo_counters-on-2082152039-stage2-train-primary,preselected dependency checkpoint,planned,Learning-curve test evaluation; never use for checkpoint selection
fo_counters-on-2082152039-stage2-policy_eval-curve_epoch_99,prospective-ten,2082152039,fo_counters,FO Counters,on,RQ3/RQ4,policy_eval,stage2,curve_epoch_99,experiments_numeric.architecture_2.fo_counters_mcts,hmrmax-astar,epoch:99:stage2:fo_counters:on:2082152039,,,True,,,,,,,3,4g,6,20G,04:00:00,,VAL,fo_counters-on-2082152039-stage2-train-primary,preselected dependency checkpoint,planned,Learning-curve test evaluation; never use for checkpoint selection
fo_counters-on-1510771779-stage2-policy_eval-curve_epoch_00,prospective-ten,1510771779,fo_counters,FO Counters,on,RQ3/RQ4,policy_eval,stage2,curve_epoch_00,experiments_numeric.architecture_2.fo_counters_mcts,hmrmax-astar,epoch:0:stage2:fo_counters:on:1510771779,,,True,,,,,,,3,4g,6,20G,04:00:00,,VAL,fo_counters-on-1510771779-stage2-train-primary,preselected dependency checkpoint,planned,Learning-curve test evaluation; never use for checkpoint selection
fo_counters-on-1510771779-stage2-policy_eval-curve_epoch_05,prospective-ten,1510771779,fo_counters,FO Counters,on,RQ3/RQ4,policy_eval,stage2,curve_epoch_05,experiments_numeric.architecture_2.fo_counters_mcts,hmrmax-astar,epoch:5:stage2:fo_counters:on:1510771779,,,True,,,,,,,3,4g,6,20G,04:00:00,,VAL,fo_counters-on-1510771779-stage2-train-primary,preselected dependency checkpoint,planned,Learning-curve test evaluation; never use for checkpoint selection
fo_counters-on-1510771779-stage2-policy_eval-curve_epoch_10,prospective-ten,1510771779,fo_counters,FO Counters,on,RQ3/RQ4,policy_eval,stage2,curve_epoch_10,experiments_numeric.architecture_2.fo_counters_mcts,hmrmax-astar,epoch:10:stage2:fo_counters:on:1510771779,,,True,,,,,,,3,4g,6,20G,04:00:00,,VAL,fo_counters-on-1510771779-stage2-train-primary,preselected dependency checkpoint,planned,Learning-curve test evaluation; never use for checkpoint selection
fo_counters-on-1510771779-stage2-policy_eval-curve_epoch_15,prospective-ten,1510771779,fo_counters,FO Counters,on,RQ3/RQ4,policy_eval,stage2,curve_epoch_15,experiments_numeric.architecture_2.fo_counters_mcts,hmrmax-astar,epoch:15:stage2:fo_counters:on:1510771779,,,True,,,,,,,3,4g,6,20G,04:00:00,,VAL,fo_counters-on-1510771779-stage2-train-primary,preselected dependency checkpoint,planned,Learning-curve test evaluation; never use for checkpoint selection
fo_counters-on-1510771779-stage2-policy_eval-curve_epoch_20,prospective-ten,1510771779,fo_counters,FO Counters,on,RQ3/RQ4,policy_eval,stage2,curve_epoch_20,experiments_numeric.architecture_2.fo_counters_mcts,hmrmax-astar,epoch:20:stage2:fo_counters:on:1510771779,,,True,,,,,,,3,4g,6,20G,04:00:00,,VAL,fo_counters-on-1510771779-stage2-train-primary,preselected dependency checkpoint,planned,Learning-curve test evaluation; never use for checkpoint selection
fo_counters-on-1510771779-stage2-policy_eval-curve_epoch_25,prospective-ten,1510771779,fo_counters,FO Counters,on,RQ3/RQ4,policy_eval,stage2,curve_epoch_25,experiments_numeric.architecture_2.fo_counters_mcts,hmrmax-astar,epoch:25:stage2:fo_counters:on:1510771779,,,True,,,,,,,3,4g,6,20G,04:00:00,,VAL,fo_counters-on-1510771779-stage2-train-primary,preselected dependency checkpoint,planned,Learning-curve test evaluation; never use for checkpoint selection
fo_counters-on-1510771779-stage2-policy_eval-curve_epoch_30,prospective-ten,1510771779,fo_counters,FO Counters,on,RQ3/RQ4,policy_eval,stage2,curve_epoch_30,experiments_numeric.architecture_2.fo_counters_mcts,hmrmax-astar,epoch:30:stage2:fo_counters:on:1510771779,,,True,,,,,,,3,4g,6,20G,04:00:00,,VAL,fo_counters-on-1510771779-stage2-train-primary,preselected dependency checkpoint,planned,Learning-curve test evaluation; never use for checkpoint selection
fo_counters-on-1510771779-stage2-policy_eval-curve_epoch_35,prospective-ten,1510771779,fo_counters,FO Counters,on,RQ3/RQ4,policy_eval,stage2,curve_epoch_35,experiments_numeric.architecture_2.fo_counters_mcts,hmrmax-astar,epoch:35:stage2:fo_counters:on:1510771779,,,True,,,,,,,3,4g,6,20G,04:00:00,,VAL,fo_counters-on-1510771779-stage2-train-primary,preselected dependency checkpoint,planned,Learning-curve test evaluation; never use for checkpoint selection
fo_counters-on-1510771779-stage2-policy_eval-curve_epoch_40,prospective-ten,1510771779,fo_counters,FO Counters,on,RQ3/RQ4,policy_eval,stage2,curve_epoch_40,experiments_numeric.architecture_2.fo_counters_mcts,hmrmax-astar,epoch:40:stage2:fo_counters:on:1510771779,,,True,,,,,,,3,4g,6,20G,04:00:00,,VAL,fo_counters-on-1510771779-stage2-train-primary,preselected dependency checkpoint,planned,Learning-curve test evaluation; never use for checkpoint selection
fo_counters-on-1510771779-stage2-policy_eval-curve_epoch_45,prospective-ten,1510771779,fo_counters,FO Counters,on,RQ3/RQ4,policy_eval,stage2,curve_epoch_45,experiments_numeric.architecture_2.fo_counters_mcts,hmrmax-astar,epoch:45:stage2:fo_counters:on:1510771779,,,True,,,,,,,3,4g,6,20G,04:00:00,,VAL,fo_counters-on-1510771779-stage2-train-primary,preselected dependency checkpoint,planned,Learning-curve test evaluation; never use for checkpoint selection
fo_counters-on-1510771779-stage2-policy_eval-curve_epoch_50,prospective-ten,1510771779,fo_counters,FO Counters,on,RQ3/RQ4,policy_eval,stage2,curve_epoch_50,experiments_numeric.architecture_2.fo_counters_mcts,hmrmax-astar,epoch:50:stage2:fo_counters:on:1510771779,,,True,,,,,,,3,4g,6,20G,04:00:00,,VAL,fo_counters-on-1510771779-stage2-train-primary,preselected dependency checkpoint,planned,Learning-curve test evaluation; never use for checkpoint selection
fo_counters-on-1510771779-stage2-policy_eval-curve_epoch_55,prospective-ten,1510771779,fo_counters,FO Counters,on,RQ3/RQ4,policy_eval,stage2,curve_epoch_55,experiments_numeric.architecture_2.fo_counters_mcts,hmrmax-astar,epoch:55:stage2:fo_counters:on:1510771779,,,True,,,,,,,3,4g,6,20G,04:00:00,,VAL,fo_counters-on-1510771779-stage2-train-primary,preselected dependency checkpoint,planned,Learning-curve test evaluation; never use for checkpoint selection
fo_counters-on-1510771779-stage2-policy_eval-curve_epoch_60,prospective-ten,1510771779,fo_counters,FO Counters,on,RQ3/RQ4,policy_eval,stage2,curve_epoch_60,experiments_numeric.architecture_2.fo_counters_mcts,hmrmax-astar,epoch:60:stage2:fo_counters:on:1510771779,,,True,,,,,,,3,4g,6,20G,04:00:00,,VAL,fo_counters-on-1510771779-stage2-train-primary,preselected dependency checkpoint,planned,Learning-curve test evaluation; never use for checkpoint selection
fo_counters-on-1510771779-stage2-policy_eval-curve_epoch_65,prospective-ten,1510771779,fo_counters,FO Counters,on,RQ3/RQ4,policy_eval,stage2,curve_epoch_65,experiments_numeric.architecture_2.fo_counters_mcts,hmrmax-astar,epoch:65:stage2:fo_counters:on:1510771779,,,True,,,,,,,3,4g,6,20G,04:00:00,,VAL,fo_counters-on-1510771779-stage2-train-primary,preselected dependency checkpoint,planned,Learning-curve test evaluation; never use for checkpoint selection
fo_counters-on-1510771779-stage2-policy_eval-curve_epoch_70,prospective-ten,1510771779,fo_counters,FO Counters,on,RQ3/RQ4,policy_eval,stage2,curve_epoch_70,experiments_numeric.architecture_2.fo_counters_mcts,hmrmax-astar,epoch:70:stage2:fo_counters:on:1510771779,,,True,,,,,,,3,4g,6,20G,04:00:00,,VAL,fo_counters-on-1510771779-stage2-train-primary,preselected dependency checkpoint,planned,Learning-curve test evaluation; never use for checkpoint selection
fo_counters-on-1510771779-stage2-policy_eval-curve_epoch_75,prospective-ten,1510771779,fo_counters,FO Counters,on,RQ3/RQ4,policy_eval,stage2,curve_epoch_75,experiments_numeric.architecture_2.fo_counters_mcts,hmrmax-astar,epoch:75:stage2:fo_counters:on:1510771779,,,True,,,,,,,3,4g,6,20G,04:00:00,,VAL,fo_counters-on-1510771779-stage2-train-primary,preselected dependency checkpoint,planned,Learning-curve test evaluation; never use for checkpoint selection
fo_counters-on-1510771779-stage2-policy_eval-curve_epoch_80,prospective-ten,1510771779,fo_counters,FO Counters,on,RQ3/RQ4,policy_eval,stage2,curve_epoch_80,experiments_numeric.architecture_2.fo_counters_mcts,hmrmax-astar,epoch:80:stage2:fo_counters:on:1510771779,,,True,,,,,,,3,4g,6,20G,04:00:00,,VAL,fo_counters-on-1510771779-stage2-train-primary,preselected dependency checkpoint,planned,Learning-curve test evaluation; never use for checkpoint selection
fo_counters-on-1510771779-stage2-policy_eval-curve_epoch_85,prospective-ten,1510771779,fo_counters,FO Counters,on,RQ3/RQ4,policy_eval,stage2,curve_epoch_85,experiments_numeric.architecture_2.fo_counters_mcts,hmrmax-astar,epoch:85:stage2:fo_counters:on:1510771779,,,True,,,,,,,3,4g,6,20G,04:00:00,,VAL,fo_counters-on-1510771779-stage2-train-primary,preselected dependency checkpoint,planned,Learning-curve test evaluation; never use for checkpoint selection
fo_counters-on-1510771779-stage2-policy_eval-curve_epoch_90,prospective-ten,1510771779,fo_counters,FO Counters,on,RQ3/RQ4,policy_eval,stage2,curve_epoch_90,experiments_numeric.architecture_2.fo_counters_mcts,hmrmax-astar,epoch:90:stage2:fo_counters:on:1510771779,,,True,,,,,,,3,4g,6,20G,04:00:00,,VAL,fo_counters-on-1510771779-stage2-train-primary,preselected dependency checkpoint,planned,Learning-curve test evaluation; never use for checkpoint selection
fo_counters-on-1510771779-stage2-policy_eval-curve_epoch_95,prospective-ten,1510771779,fo_counters,FO Counters,on,RQ3/RQ4,policy_eval,stage2,curve_epoch_95,experiments_numeric.architecture_2.fo_counters_mcts,hmrmax-astar,epoch:95:stage2:fo_counters:on:1510771779,,,True,,,,,,,3,4g,6,20G,04:00:00,,VAL,fo_counters-on-1510771779-stage2-train-primary,preselected dependency checkpoint,planned,Learning-curve test evaluation; never use for checkpoint selection
fo_counters-on-1510771779-stage2-policy_eval-curve_epoch_99,prospective-ten,1510771779,fo_counters,FO Counters,on,RQ3/RQ4,policy_eval,stage2,curve_epoch_99,experiments_numeric.architecture_2.fo_counters_mcts,hmrmax-astar,epoch:99:stage2:fo_counters:on:1510771779,,,True,,,,,,,3,4g,6,20G,04:00:00,,VAL,fo_counters-on-1510771779-stage2-train-primary,preselected dependency checkpoint,planned,Learning-curve test evaluation; never use for checkpoint selection
fo_counters-on-923500475-stage2-policy_eval-curve_epoch_00,prospective-ten,923500475,fo_counters,FO Counters,on,RQ3/RQ4,policy_eval,stage2,curve_epoch_00,experiments_numeric.architecture_2.fo_counters_mcts,hmrmax-astar,epoch:0:stage2:fo_counters:on:923500475,,,True,,,,,,,3,4g,6,20G,04:00:00,,VAL,fo_counters-on-923500475-stage2-train-primary,preselected dependency checkpoint,planned,Learning-curve test evaluation; never use for checkpoint selection
fo_counters-on-923500475-stage2-policy_eval-curve_epoch_05,prospective-ten,923500475,fo_counters,FO Counters,on,RQ3/RQ4,policy_eval,stage2,curve_epoch_05,experiments_numeric.architecture_2.fo_counters_mcts,hmrmax-astar,epoch:5:stage2:fo_counters:on:923500475,,,True,,,,,,,3,4g,6,20G,04:00:00,,VAL,fo_counters-on-923500475-stage2-train-primary,preselected dependency checkpoint,planned,Learning-curve test evaluation; never use for checkpoint selection
fo_counters-on-923500475-stage2-policy_eval-curve_epoch_10,prospective-ten,923500475,fo_counters,FO Counters,on,RQ3/RQ4,policy_eval,stage2,curve_epoch_10,experiments_numeric.architecture_2.fo_counters_mcts,hmrmax-astar,epoch:10:stage2:fo_counters:on:923500475,,,True,,,,,,,3,4g,6,20G,04:00:00,,VAL,fo_counters-on-923500475-stage2-train-primary,preselected dependency checkpoint,planned,Learning-curve test evaluation; never use for checkpoint selection
fo_counters-on-923500475-stage2-policy_eval-curve_epoch_15,prospective-ten,923500475,fo_counters,FO Counters,on,RQ3/RQ4,policy_eval,stage2,curve_epoch_15,experiments_numeric.architecture_2.fo_counters_mcts,hmrmax-astar,epoch:15:stage2:fo_counters:on:923500475,,,True,,,,,,,3,4g,6,20G,04:00:00,,VAL,fo_counters-on-923500475-stage2-train-primary,preselected dependency checkpoint,planned,Learning-curve test evaluation; never use for checkpoint selection
fo_counters-on-923500475-stage2-policy_eval-curve_epoch_20,prospective-ten,923500475,fo_counters,FO Counters,on,RQ3/RQ4,policy_eval,stage2,curve_epoch_20,experiments_numeric.architecture_2.fo_counters_mcts,hmrmax-astar,epoch:20:stage2:fo_counters:on:923500475,,,True,,,,,,,3,4g,6,20G,04:00:00,,VAL,fo_counters-on-923500475-stage2-train-primary,preselected dependency checkpoint,planned,Learning-curve test evaluation; never use for checkpoint selection
fo_counters-on-923500475-stage2-policy_eval-curve_epoch_25,prospective-ten,923500475,fo_counters,FO Counters,on,RQ3/RQ4,policy_eval,stage2,curve_epoch_25,experiments_numeric.architecture_2.fo_counters_mcts,hmrmax-astar,epoch:25:stage2:fo_counters:on:923500475,,,True,,,,,,,3,4g,6,20G,04:00:00,,VAL,fo_counters-on-923500475-stage2-train-primary,preselected dependency checkpoint,planned,Learning-curve test evaluation; never use for checkpoint selection
fo_counters-on-923500475-stage2-policy_eval-curve_epoch_30,prospective-ten,923500475,fo_counters,FO Counters,on,RQ3/RQ4,policy_eval,stage2,curve_epoch_30,experiments_numeric.architecture_2.fo_counters_mcts,hmrmax-astar,epoch:30:stage2:fo_counters:on:923500475,,,True,,,,,,,3,4g,6,20G,04:00:00,,VAL,fo_counters-on-923500475-stage2-train-primary,preselected dependency checkpoint,planned,Learning-curve test evaluation; never use for checkpoint selection
fo_counters-on-923500475-stage2-policy_eval-curve_epoch_35,prospective-ten,923500475,fo_counters,FO Counters,on,RQ3/RQ4,policy_eval,stage2,curve_epoch_35,experiments_numeric.architecture_2.fo_counters_mcts,hmrmax-astar,epoch:35:stage2:fo_counters:on:923500475,,,True,,,,,,,3,4g,6,20G,04:00:00,,VAL,fo_counters-on-923500475-stage2-train-primary,preselected dependency checkpoint,planned,Learning-curve test evaluation; never use for checkpoint selection
fo_counters-on-923500475-stage2-policy_eval-curve_epoch_40,prospective-ten,923500475,fo_counters,FO Counters,on,RQ3/RQ4,policy_eval,stage2,curve_epoch_40,experiments_numeric.architecture_2.fo_counters_mcts,hmrmax-astar,epoch:40:stage2:fo_counters:on:923500475,,,True,,,,,,,3,4g,6,20G,04:00:00,,VAL,fo_counters-on-923500475-stage2-train-primary,preselected dependency checkpoint,planned,Learning-curve test evaluation; never use for checkpoint selection
fo_counters-on-923500475-stage2-policy_eval-curve_epoch_45,prospective-ten,923500475,fo_counters,FO Counters,on,RQ3/RQ4,policy_eval,stage2,curve_epoch_45,experiments_numeric.architecture_2.fo_counters_mcts,hmrmax-astar,epoch:45:stage2:fo_counters:on:923500475,,,True,,,,,,,3,4g,6,20G,04:00:00,,VAL,fo_counters-on-923500475-stage2-train-primary,preselected dependency checkpoint,planned,Learning-curve test evaluation; never use for checkpoint selection
fo_counters-on-923500475-stage2-policy_eval-curve_epoch_50,prospective-ten,923500475,fo_counters,FO Counters,on,RQ3/RQ4,policy_eval,stage2,curve_epoch_50,experiments_numeric.architecture_2.fo_counters_mcts,hmrmax-astar,epoch:50:stage2:fo_counters:on:923500475,,,True,,,,,,,3,4g,6,20G,04:00:00,,VAL,fo_counters-on-923500475-stage2-train-primary,preselected dependency checkpoint,planned,Learning-curve test evaluation; never use for checkpoint selection
fo_counters-on-923500475-stage2-policy_eval-curve_epoch_55,prospective-ten,923500475,fo_counters,FO Counters,on,RQ3/RQ4,policy_eval,stage2,curve_epoch_55,experiments_numeric.architecture_2.fo_counters_mcts,hmrmax-astar,epoch:55:stage2:fo_counters:on:923500475,,,True,,,,,,,3,4g,6,20G,04:00:00,,VAL,fo_counters-on-923500475-stage2-train-primary,preselected dependency checkpoint,planned,Learning-curve test evaluation; never use for checkpoint selection
fo_counters-on-923500475-stage2-policy_eval-curve_epoch_60,prospective-ten,923500475,fo_counters,FO Counters,on,RQ3/RQ4,policy_eval,stage2,curve_epoch_60,experiments_numeric.architecture_2.fo_counters_mcts,hmrmax-astar,epoch:60:stage2:fo_counters:on:923500475,,,True,,,,,,,3,4g,6,20G,04:00:00,,VAL,fo_counters-on-923500475-stage2-train-primary,preselected dependency checkpoint,planned,Learning-curve test evaluation; never use for checkpoint selection
fo_counters-on-923500475-stage2-policy_eval-curve_epoch_65,prospective-ten,923500475,fo_counters,FO Counters,on,RQ3/RQ4,policy_eval,stage2,curve_epoch_65,experiments_numeric.architecture_2.fo_counters_mcts,hmrmax-astar,epoch:65:stage2:fo_counters:on:923500475,,,True,,,,,,,3,4g,6,20G,04:00:00,,VAL,fo_counters-on-923500475-stage2-train-primary,preselected dependency checkpoint,planned,Learning-curve test evaluation; never use for checkpoint selection
fo_counters-on-923500475-stage2-policy_eval-curve_epoch_70,prospective-ten,923500475,fo_counters,FO Counters,on,RQ3/RQ4,policy_eval,stage2,curve_epoch_70,experiments_numeric.architecture_2.fo_counters_mcts,hmrmax-astar,epoch:70:stage2:fo_counters:on:923500475,,,True,,,,,,,3,4g,6,20G,04:00:00,,VAL,fo_counters-on-923500475-stage2-train-primary,preselected dependency checkpoint,planned,Learning-curve test evaluation; never use for checkpoint selection
fo_counters-on-923500475-stage2-policy_eval-curve_epoch_75,prospective-ten,923500475,fo_counters,FO Counters,on,RQ3/RQ4,policy_eval,stage2,curve_epoch_75,experiments_numeric.architecture_2.fo_counters_mcts,hmrmax-astar,epoch:75:stage2:fo_counters:on:923500475,,,True,,,,,,,3,4g,6,20G,04:00:00,,VAL,fo_counters-on-923500475-stage2-train-primary,preselected dependency checkpoint,planned,Learning-curve test evaluation; never use for checkpoint selection
fo_counters-on-923500475-stage2-policy_eval-curve_epoch_80,prospective-ten,923500475,fo_counters,FO Counters,on,RQ3/RQ4,policy_eval,stage2,curve_epoch_80,experiments_numeric.architecture_2.fo_counters_mcts,hmrmax-astar,epoch:80:stage2:fo_counters:on:923500475,,,True,,,,,,,3,4g,6,20G,04:00:00,,VAL,fo_counters-on-923500475-stage2-train-primary,preselected dependency checkpoint,planned,Learning-curve test evaluation; never use for checkpoint selection
fo_counters-on-923500475-stage2-policy_eval-curve_epoch_85,prospective-ten,923500475,fo_counters,FO Counters,on,RQ3/RQ4,policy_eval,stage2,curve_epoch_85,experiments_numeric.architecture_2.fo_counters_mcts,hmrmax-astar,epoch:85:stage2:fo_counters:on:923500475,,,True,,,,,,,3,4g,6,20G,04:00:00,,VAL,fo_counters-on-923500475-stage2-train-primary,preselected dependency checkpoint,planned,Learning-curve test evaluation; never use for checkpoint selection
fo_counters-on-923500475-stage2-policy_eval-curve_epoch_90,prospective-ten,923500475,fo_counters,FO Counters,on,RQ3/RQ4,policy_eval,stage2,curve_epoch_90,experiments_numeric.architecture_2.fo_counters_mcts,hmrmax-astar,epoch:90:stage2:fo_counters:on:923500475,,,True,,,,,,,3,4g,6,20G,04:00:00,,VAL,fo_counters-on-923500475-stage2-train-primary,preselected dependency checkpoint,planned,Learning-curve test evaluation; never use for checkpoint selection
fo_counters-on-923500475-stage2-policy_eval-curve_epoch_95,prospective-ten,923500475,fo_counters,FO Counters,on,RQ3/RQ4,policy_eval,stage2,curve_epoch_95,experiments_numeric.architecture_2.fo_counters_mcts,hmrmax-astar,epoch:95:stage2:fo_counters:on:923500475,,,True,,,,,,,3,4g,6,20G,04:00:00,,VAL,fo_counters-on-923500475-stage2-train-primary,preselected dependency checkpoint,planned,Learning-curve test evaluation; never use for checkpoint selection
fo_counters-on-923500475-stage2-policy_eval-curve_epoch_99,prospective-ten,923500475,fo_counters,FO Counters,on,RQ3/RQ4,policy_eval,stage2,curve_epoch_99,experiments_numeric.architecture_2.fo_counters_mcts,hmrmax-astar,epoch:99:stage2:fo_counters:on:923500475,,,True,,,,,,,3,4g,6,20G,04:00:00,,VAL,fo_counters-on-923500475-stage2-train-primary,preselected dependency checkpoint,planned,Learning-curve test evaluation; never use for checkpoint selection
fo_counters-on-1972442430-stage2-policy_eval-curve_epoch_00,prospective-ten,1972442430,fo_counters,FO Counters,on,RQ3/RQ4,policy_eval,stage2,curve_epoch_00,experiments_numeric.architecture_2.fo_counters_mcts,hmrmax-astar,epoch:0:stage2:fo_counters:on:1972442430,,,True,,,,,,,3,4g,6,20G,04:00:00,,VAL,fo_counters-on-1972442430-stage2-train-primary,preselected dependency checkpoint,planned,Learning-curve test evaluation; never use for checkpoint selection
fo_counters-on-1972442430-stage2-policy_eval-curve_epoch_05,prospective-ten,1972442430,fo_counters,FO Counters,on,RQ3/RQ4,policy_eval,stage2,curve_epoch_05,experiments_numeric.architecture_2.fo_counters_mcts,hmrmax-astar,epoch:5:stage2:fo_counters:on:1972442430,,,True,,,,,,,3,4g,6,20G,04:00:00,,VAL,fo_counters-on-1972442430-stage2-train-primary,preselected dependency checkpoint,planned,Learning-curve test evaluation; never use for checkpoint selection
fo_counters-on-1972442430-stage2-policy_eval-curve_epoch_10,prospective-ten,1972442430,fo_counters,FO Counters,on,RQ3/RQ4,policy_eval,stage2,curve_epoch_10,experiments_numeric.architecture_2.fo_counters_mcts,hmrmax-astar,epoch:10:stage2:fo_counters:on:1972442430,,,True,,,,,,,3,4g,6,20G,04:00:00,,VAL,fo_counters-on-1972442430-stage2-train-primary,preselected dependency checkpoint,planned,Learning-curve test evaluation; never use for checkpoint selection
fo_counters-on-1972442430-stage2-policy_eval-curve_epoch_15,prospective-ten,1972442430,fo_counters,FO Counters,on,RQ3/RQ4,policy_eval,stage2,curve_epoch_15,experiments_numeric.architecture_2.fo_counters_mcts,hmrmax-astar,epoch:15:stage2:fo_counters:on:1972442430,,,True,,,,,,,3,4g,6,20G,04:00:00,,VAL,fo_counters-on-1972442430-stage2-train-primary,preselected dependency checkpoint,planned,Learning-curve test evaluation; never use for checkpoint selection
fo_counters-on-1972442430-stage2-policy_eval-curve_epoch_20,prospective-ten,1972442430,fo_counters,FO Counters,on,RQ3/RQ4,policy_eval,stage2,curve_epoch_20,experiments_numeric.architecture_2.fo_counters_mcts,hmrmax-astar,epoch:20:stage2:fo_counters:on:1972442430,,,True,,,,,,,3,4g,6,20G,04:00:00,,VAL,fo_counters-on-1972442430-stage2-train-primary,preselected dependency checkpoint,planned,Learning-curve test evaluation; never use for checkpoint selection
fo_counters-on-1972442430-stage2-policy_eval-curve_epoch_25,prospective-ten,1972442430,fo_counters,FO Counters,on,RQ3/RQ4,policy_eval,stage2,curve_epoch_25,experiments_numeric.architecture_2.fo_counters_mcts,hmrmax-astar,epoch:25:stage2:fo_counters:on:1972442430,,,True,,,,,,,3,4g,6,20G,04:00:00,,VAL,fo_counters-on-1972442430-stage2-train-primary,preselected dependency checkpoint,planned,Learning-curve test evaluation; never use for checkpoint selection
fo_counters-on-1972442430-stage2-policy_eval-curve_epoch_30,prospective-ten,1972442430,fo_counters,FO Counters,on,RQ3/RQ4,policy_eval,stage2,curve_epoch_30,experiments_numeric.architecture_2.fo_counters_mcts,hmrmax-astar,epoch:30:stage2:fo_counters:on:1972442430,,,True,,,,,,,3,4g,6,20G,04:00:00,,VAL,fo_counters-on-1972442430-stage2-train-primary,preselected dependency checkpoint,planned,Learning-curve test evaluation; never use for checkpoint selection
fo_counters-on-1972442430-stage2-policy_eval-curve_epoch_35,prospective-ten,1972442430,fo_counters,FO Counters,on,RQ3/RQ4,policy_eval,stage2,curve_epoch_35,experiments_numeric.architecture_2.fo_counters_mcts,hmrmax-astar,epoch:35:stage2:fo_counters:on:1972442430,,,True,,,,,,,3,4g,6,20G,04:00:00,,VAL,fo_counters-on-1972442430-stage2-train-primary,preselected dependency checkpoint,planned,Learning-curve test evaluation; never use for checkpoint selection
fo_counters-on-1972442430-stage2-policy_eval-curve_epoch_40,prospective-ten,1972442430,fo_counters,FO Counters,on,RQ3/RQ4,policy_eval,stage2,curve_epoch_40,experiments_numeric.architecture_2.fo_counters_mcts,hmrmax-astar,epoch:40:stage2:fo_counters:on:1972442430,,,True,,,,,,,3,4g,6,20G,04:00:00,,VAL,fo_counters-on-1972442430-stage2-train-primary,preselected dependency checkpoint,planned,Learning-curve test evaluation; never use for checkpoint selection
fo_counters-on-1972442430-stage2-policy_eval-curve_epoch_45,prospective-ten,1972442430,fo_counters,FO Counters,on,RQ3/RQ4,policy_eval,stage2,curve_epoch_45,experiments_numeric.architecture_2.fo_counters_mcts,hmrmax-astar,epoch:45:stage2:fo_counters:on:1972442430,,,True,,,,,,,3,4g,6,20G,04:00:00,,VAL,fo_counters-on-1972442430-stage2-train-primary,preselected dependency checkpoint,planned,Learning-curve test evaluation; never use for checkpoint selection
fo_counters-on-1972442430-stage2-policy_eval-curve_epoch_50,prospective-ten,1972442430,fo_counters,FO Counters,on,RQ3/RQ4,policy_eval,stage2,curve_epoch_50,experiments_numeric.architecture_2.fo_counters_mcts,hmrmax-astar,epoch:50:stage2:fo_counters:on:1972442430,,,True,,,,,,,3,4g,6,20G,04:00:00,,VAL,fo_counters-on-1972442430-stage2-train-primary,preselected dependency checkpoint,planned,Learning-curve test evaluation; never use for checkpoint selection
fo_counters-on-1972442430-stage2-policy_eval-curve_epoch_55,prospective-ten,1972442430,fo_counters,FO Counters,on,RQ3/RQ4,policy_eval,stage2,curve_epoch_55,experiments_numeric.architecture_2.fo_counters_mcts,hmrmax-astar,epoch:55:stage2:fo_counters:on:1972442430,,,True,,,,,,,3,4g,6,20G,04:00:00,,VAL,fo_counters-on-1972442430-stage2-train-primary,preselected dependency checkpoint,planned,Learning-curve test evaluation; never use for checkpoint selection
fo_counters-on-1972442430-stage2-policy_eval-curve_epoch_60,prospective-ten,1972442430,fo_counters,FO Counters,on,RQ3/RQ4,policy_eval,stage2,curve_epoch_60,experiments_numeric.architecture_2.fo_counters_mcts,hmrmax-astar,epoch:60:stage2:fo_counters:on:1972442430,,,True,,,,,,,3,4g,6,20G,04:00:00,,VAL,fo_counters-on-1972442430-stage2-train-primary,preselected dependency checkpoint,planned,Learning-curve test evaluation; never use for checkpoint selection
fo_counters-on-1972442430-stage2-policy_eval-curve_epoch_65,prospective-ten,1972442430,fo_counters,FO Counters,on,RQ3/RQ4,policy_eval,stage2,curve_epoch_65,experiments_numeric.architecture_2.fo_counters_mcts,hmrmax-astar,epoch:65:stage2:fo_counters:on:1972442430,,,True,,,,,,,3,4g,6,20G,04:00:00,,VAL,fo_counters-on-1972442430-stage2-train-primary,preselected dependency checkpoint,planned,Learning-curve test evaluation; never use for checkpoint selection
fo_counters-on-1972442430-stage2-policy_eval-curve_epoch_70,prospective-ten,1972442430,fo_counters,FO Counters,on,RQ3/RQ4,policy_eval,stage2,curve_epoch_70,experiments_numeric.architecture_2.fo_counters_mcts,hmrmax-astar,epoch:70:stage2:fo_counters:on:1972442430,,,True,,,,,,,3,4g,6,20G,04:00:00,,VAL,fo_counters-on-1972442430-stage2-train-primary,preselected dependency checkpoint,planned,Learning-curve test evaluation; never use for checkpoint selection
fo_counters-on-1972442430-stage2-policy_eval-curve_epoch_75,prospective-ten,1972442430,fo_counters,FO Counters,on,RQ3/RQ4,policy_eval,stage2,curve_epoch_75,experiments_numeric.architecture_2.fo_counters_mcts,hmrmax-astar,epoch:75:stage2:fo_counters:on:1972442430,,,True,,,,,,,3,4g,6,20G,04:00:00,,VAL,fo_counters-on-1972442430-stage2-train-primary,preselected dependency checkpoint,planned,Learning-curve test evaluation; never use for checkpoint selection
fo_counters-on-1972442430-stage2-policy_eval-curve_epoch_80,prospective-ten,1972442430,fo_counters,FO Counters,on,RQ3/RQ4,policy_eval,stage2,curve_epoch_80,experiments_numeric.architecture_2.fo_counters_mcts,hmrmax-astar,epoch:80:stage2:fo_counters:on:1972442430,,,True,,,,,,,3,4g,6,20G,04:00:00,,VAL,fo_counters-on-1972442430-stage2-train-primary,preselected dependency checkpoint,planned,Learning-curve test evaluation; never use for checkpoint selection
fo_counters-on-1972442430-stage2-policy_eval-curve_epoch_85,prospective-ten,1972442430,fo_counters,FO Counters,on,RQ3/RQ4,policy_eval,stage2,curve_epoch_85,experiments_numeric.architecture_2.fo_counters_mcts,hmrmax-astar,epoch:85:stage2:fo_counters:on:1972442430,,,True,,,,,,,3,4g,6,20G,04:00:00,,VAL,fo_counters-on-1972442430-stage2-train-primary,preselected dependency checkpoint,planned,Learning-curve test evaluation; never use for checkpoint selection
fo_counters-on-1972442430-stage2-policy_eval-curve_epoch_90,prospective-ten,1972442430,fo_counters,FO Counters,on,RQ3/RQ4,policy_eval,stage2,curve_epoch_90,experiments_numeric.architecture_2.fo_counters_mcts,hmrmax-astar,epoch:90:stage2:fo_counters:on:1972442430,,,True,,,,,,,3,4g,6,20G,04:00:00,,VAL,fo_counters-on-1972442430-stage2-train-primary,preselected dependency checkpoint,planned,Learning-curve test evaluation; never use for checkpoint selection
fo_counters-on-1972442430-stage2-policy_eval-curve_epoch_95,prospective-ten,1972442430,fo_counters,FO Counters,on,RQ3/RQ4,policy_eval,stage2,curve_epoch_95,experiments_numeric.architecture_2.fo_counters_mcts,hmrmax-astar,epoch:95:stage2:fo_counters:on:1972442430,,,True,,,,,,,3,4g,6,20G,04:00:00,,VAL,fo_counters-on-1972442430-stage2-train-primary,preselected dependency checkpoint,planned,Learning-curve test evaluation; never use for checkpoint selection
fo_counters-on-1972442430-stage2-policy_eval-curve_epoch_99,prospective-ten,1972442430,fo_counters,FO Counters,on,RQ3/RQ4,policy_eval,stage2,curve_epoch_99,experiments_numeric.architecture_2.fo_counters_mcts,hmrmax-astar,epoch:99:stage2:fo_counters:on:1972442430,,,True,,,,,,,3,4g,6,20G,04:00:00,,VAL,fo_counters-on-1972442430-stage2-train-primary,preselected dependency checkpoint,planned,Learning-curve test evaluation; never use for checkpoint selection
rover-off-1963100312-stage2-policy_eval-curve_epoch_00,prospective-ten,1963100312,rover,Rover,off,RQ1/RQ2,policy_eval,stage2,curve_epoch_00,experiments_numeric.architecture_2.rover_mcts,hmrp-ha-gbfs,epoch:0:stage2:rover:off:1963100312,,,True,,,,,,,3,4g,6,20G,04:00:00,,VAL,rover-off-1963100312-stage2-train-primary,preselected dependency checkpoint,planned,Learning-curve test evaluation; never use for checkpoint selection
rover-off-1963100312-stage2-policy_eval-curve_epoch_05,prospective-ten,1963100312,rover,Rover,off,RQ1/RQ2,policy_eval,stage2,curve_epoch_05,experiments_numeric.architecture_2.rover_mcts,hmrp-ha-gbfs,epoch:5:stage2:rover:off:1963100312,,,True,,,,,,,3,4g,6,20G,04:00:00,,VAL,rover-off-1963100312-stage2-train-primary,preselected dependency checkpoint,planned,Learning-curve test evaluation; never use for checkpoint selection
rover-off-1963100312-stage2-policy_eval-curve_epoch_10,prospective-ten,1963100312,rover,Rover,off,RQ1/RQ2,policy_eval,stage2,curve_epoch_10,experiments_numeric.architecture_2.rover_mcts,hmrp-ha-gbfs,epoch:10:stage2:rover:off:1963100312,,,True,,,,,,,3,4g,6,20G,04:00:00,,VAL,rover-off-1963100312-stage2-train-primary,preselected dependency checkpoint,planned,Learning-curve test evaluation; never use for checkpoint selection
rover-off-1963100312-stage2-policy_eval-curve_epoch_15,prospective-ten,1963100312,rover,Rover,off,RQ1/RQ2,policy_eval,stage2,curve_epoch_15,experiments_numeric.architecture_2.rover_mcts,hmrp-ha-gbfs,epoch:15:stage2:rover:off:1963100312,,,True,,,,,,,3,4g,6,20G,04:00:00,,VAL,rover-off-1963100312-stage2-train-primary,preselected dependency checkpoint,planned,Learning-curve test evaluation; never use for checkpoint selection
rover-off-1963100312-stage2-policy_eval-curve_epoch_20,prospective-ten,1963100312,rover,Rover,off,RQ1/RQ2,policy_eval,stage2,curve_epoch_20,experiments_numeric.architecture_2.rover_mcts,hmrp-ha-gbfs,epoch:20:stage2:rover:off:1963100312,,,True,,,,,,,3,4g,6,20G,04:00:00,,VAL,rover-off-1963100312-stage2-train-primary,preselected dependency checkpoint,planned,Learning-curve test evaluation; never use for checkpoint selection
rover-off-1963100312-stage2-policy_eval-curve_epoch_25,prospective-ten,1963100312,rover,Rover,off,RQ1/RQ2,policy_eval,stage2,curve_epoch_25,experiments_numeric.architecture_2.rover_mcts,hmrp-ha-gbfs,epoch:25:stage2:rover:off:1963100312,,,True,,,,,,,3,4g,6,20G,04:00:00,,VAL,rover-off-1963100312-stage2-train-primary,preselected dependency checkpoint,planned,Learning-curve test evaluation; never use for checkpoint selection
rover-off-1963100312-stage2-policy_eval-curve_epoch_30,prospective-ten,1963100312,rover,Rover,off,RQ1/RQ2,policy_eval,stage2,curve_epoch_30,experiments_numeric.architecture_2.rover_mcts,hmrp-ha-gbfs,epoch:30:stage2:rover:off:1963100312,,,True,,,,,,,3,4g,6,20G,04:00:00,,VAL,rover-off-1963100312-stage2-train-primary,preselected dependency checkpoint,planned,Learning-curve test evaluation; never use for checkpoint selection
rover-off-1963100312-stage2-policy_eval-curve_epoch_35,prospective-ten,1963100312,rover,Rover,off,RQ1/RQ2,policy_eval,stage2,curve_epoch_35,experiments_numeric.architecture_2.rover_mcts,hmrp-ha-gbfs,epoch:35:stage2:rover:off:1963100312,,,True,,,,,,,3,4g,6,20G,04:00:00,,VAL,rover-off-1963100312-stage2-train-primary,preselected dependency checkpoint,planned,Learning-curve test evaluation; never use for checkpoint selection
rover-off-1963100312-stage2-policy_eval-curve_epoch_40,prospective-ten,1963100312,rover,Rover,off,RQ1/RQ2,policy_eval,stage2,curve_epoch_40,experiments_numeric.architecture_2.rover_mcts,hmrp-ha-gbfs,epoch:40:stage2:rover:off:1963100312,,,True,,,,,,,3,4g,6,20G,04:00:00,,VAL,rover-off-1963100312-stage2-train-primary,preselected dependency checkpoint,planned,Learning-curve test evaluation; never use for checkpoint selection
rover-off-1963100312-stage2-policy_eval-curve_epoch_45,prospective-ten,1963100312,rover,Rover,off,RQ1/RQ2,policy_eval,stage2,curve_epoch_45,experiments_numeric.architecture_2.rover_mcts,hmrp-ha-gbfs,epoch:45:stage2:rover:off:1963100312,,,True,,,,,,,3,4g,6,20G,04:00:00,,VAL,rover-off-1963100312-stage2-train-primary,preselected dependency checkpoint,planned,Learning-curve test evaluation; never use for checkpoint selection
rover-off-1963100312-stage2-policy_eval-curve_epoch_50,prospective-ten,1963100312,rover,Rover,off,RQ1/RQ2,policy_eval,stage2,curve_epoch_50,experiments_numeric.architecture_2.rover_mcts,hmrp-ha-gbfs,epoch:50:stage2:rover:off:1963100312,,,True,,,,,,,3,4g,6,20G,04:00:00,,VAL,rover-off-1963100312-stage2-train-primary,preselected dependency checkpoint,planned,Learning-curve test evaluation; never use for checkpoint selection
rover-off-1963100312-stage2-policy_eval-curve_epoch_55,prospective-ten,1963100312,rover,Rover,off,RQ1/RQ2,policy_eval,stage2,curve_epoch_55,experiments_numeric.architecture_2.rover_mcts,hmrp-ha-gbfs,epoch:55:stage2:rover:off:1963100312,,,True,,,,,,,3,4g,6,20G,04:00:00,,VAL,rover-off-1963100312-stage2-train-primary,preselected dependency checkpoint,planned,Learning-curve test evaluation; never use for checkpoint selection
rover-off-1963100312-stage2-policy_eval-curve_epoch_60,prospective-ten,1963100312,rover,Rover,off,RQ1/RQ2,policy_eval,stage2,curve_epoch_60,experiments_numeric.architecture_2.rover_mcts,hmrp-ha-gbfs,epoch:60:stage2:rover:off:1963100312,,,True,,,,,,,3,4g,6,20G,04:00:00,,VAL,rover-off-1963100312-stage2-train-primary,preselected dependency checkpoint,planned,Learning-curve test evaluation; never use for checkpoint selection
rover-off-1963100312-stage2-policy_eval-curve_epoch_65,prospective-ten,1963100312,rover,Rover,off,RQ1/RQ2,policy_eval,stage2,curve_epoch_65,experiments_numeric.architecture_2.rover_mcts,hmrp-ha-gbfs,epoch:65:stage2:rover:off:1963100312,,,True,,,,,,,3,4g,6,20G,04:00:00,,VAL,rover-off-1963100312-stage2-train-primary,preselected dependency checkpoint,planned,Learning-curve test evaluation; never use for checkpoint selection
rover-off-1963100312-stage2-policy_eval-curve_epoch_70,prospective-ten,1963100312,rover,Rover,off,RQ1/RQ2,policy_eval,stage2,curve_epoch_70,experiments_numeric.architecture_2.rover_mcts,hmrp-ha-gbfs,epoch:70:stage2:rover:off:1963100312,,,True,,,,,,,3,4g,6,20G,04:00:00,,VAL,rover-off-1963100312-stage2-train-primary,preselected dependency checkpoint,planned,Learning-curve test evaluation; never use for checkpoint selection
rover-off-1963100312-stage2-policy_eval-curve_epoch_75,prospective-ten,1963100312,rover,Rover,off,RQ1/RQ2,policy_eval,stage2,curve_epoch_75,experiments_numeric.architecture_2.rover_mcts,hmrp-ha-gbfs,epoch:75:stage2:rover:off:1963100312,,,True,,,,,,,3,4g,6,20G,04:00:00,,VAL,rover-off-1963100312-stage2-train-primary,preselected dependency checkpoint,planned,Learning-curve test evaluation; never use for checkpoint selection
rover-off-1963100312-stage2-policy_eval-curve_epoch_80,prospective-ten,1963100312,rover,Rover,off,RQ1/RQ2,policy_eval,stage2,curve_epoch_80,experiments_numeric.architecture_2.rover_mcts,hmrp-ha-gbfs,epoch:80:stage2:rover:off:1963100312,,,True,,,,,,,3,4g,6,20G,04:00:00,,VAL,rover-off-1963100312-stage2-train-primary,preselected dependency checkpoint,planned,Learning-curve test evaluation; never use for checkpoint selection
rover-off-1963100312-stage2-policy_eval-curve_epoch_85,prospective-ten,1963100312,rover,Rover,off,RQ1/RQ2,policy_eval,stage2,curve_epoch_85,experiments_numeric.architecture_2.rover_mcts,hmrp-ha-gbfs,epoch:85:stage2:rover:off:1963100312,,,True,,,,,,,3,4g,6,20G,04:00:00,,VAL,rover-off-1963100312-stage2-train-primary,preselected dependency checkpoint,planned,Learning-curve test evaluation; never use for checkpoint selection
rover-off-1963100312-stage2-policy_eval-curve_epoch_90,prospective-ten,1963100312,rover,Rover,off,RQ1/RQ2,policy_eval,stage2,curve_epoch_90,experiments_numeric.architecture_2.rover_mcts,hmrp-ha-gbfs,epoch:90:stage2:rover:off:1963100312,,,True,,,,,,,3,4g,6,20G,04:00:00,,VAL,rover-off-1963100312-stage2-train-primary,preselected dependency checkpoint,planned,Learning-curve test evaluation; never use for checkpoint selection
rover-off-1963100312-stage2-policy_eval-curve_epoch_95,prospective-ten,1963100312,rover,Rover,off,RQ1/RQ2,policy_eval,stage2,curve_epoch_95,experiments_numeric.architecture_2.rover_mcts,hmrp-ha-gbfs,epoch:95:stage2:rover:off:1963100312,,,True,,,,,,,3,4g,6,20G,04:00:00,,VAL,rover-off-1963100312-stage2-train-primary,preselected dependency checkpoint,planned,Learning-curve test evaluation; never use for checkpoint selection
rover-off-1963100312-stage2-policy_eval-curve_epoch_99,prospective-ten,1963100312,rover,Rover,off,RQ1/RQ2,policy_eval,stage2,curve_epoch_99,experiments_numeric.architecture_2.rover_mcts,hmrp-ha-gbfs,epoch:99:stage2:rover:off:1963100312,,,True,,,,,,,3,4g,6,20G,04:00:00,,VAL,rover-off-1963100312-stage2-train-primary,preselected dependency checkpoint,planned,Learning-curve test evaluation; never use for checkpoint selection
rover-off-2011206605-stage2-policy_eval-curve_epoch_00,prospective-ten,2011206605,rover,Rover,off,RQ1/RQ2,policy_eval,stage2,curve_epoch_00,experiments_numeric.architecture_2.rover_mcts,hmrp-ha-gbfs,epoch:0:stage2:rover:off:2011206605,,,True,,,,,,,3,4g,6,20G,04:00:00,,VAL,rover-off-2011206605-stage2-train-primary,preselected dependency checkpoint,planned,Learning-curve test evaluation; never use for checkpoint selection
rover-off-2011206605-stage2-policy_eval-curve_epoch_05,prospective-ten,2011206605,rover,Rover,off,RQ1/RQ2,policy_eval,stage2,curve_epoch_05,experiments_numeric.architecture_2.rover_mcts,hmrp-ha-gbfs,epoch:5:stage2:rover:off:2011206605,,,True,,,,,,,3,4g,6,20G,04:00:00,,VAL,rover-off-2011206605-stage2-train-primary,preselected dependency checkpoint,planned,Learning-curve test evaluation; never use for checkpoint selection
rover-off-2011206605-stage2-policy_eval-curve_epoch_10,prospective-ten,2011206605,rover,Rover,off,RQ1/RQ2,policy_eval,stage2,curve_epoch_10,experiments_numeric.architecture_2.rover_mcts,hmrp-ha-gbfs,epoch:10:stage2:rover:off:2011206605,,,True,,,,,,,3,4g,6,20G,04:00:00,,VAL,rover-off-2011206605-stage2-train-primary,preselected dependency checkpoint,planned,Learning-curve test evaluation; never use for checkpoint selection
rover-off-2011206605-stage2-policy_eval-curve_epoch_15,prospective-ten,2011206605,rover,Rover,off,RQ1/RQ2,policy_eval,stage2,curve_epoch_15,experiments_numeric.architecture_2.rover_mcts,hmrp-ha-gbfs,epoch:15:stage2:rover:off:2011206605,,,True,,,,,,,3,4g,6,20G,04:00:00,,VAL,rover-off-2011206605-stage2-train-primary,preselected dependency checkpoint,planned,Learning-curve test evaluation; never use for checkpoint selection
rover-off-2011206605-stage2-policy_eval-curve_epoch_20,prospective-ten,2011206605,rover,Rover,off,RQ1/RQ2,policy_eval,stage2,curve_epoch_20,experiments_numeric.architecture_2.rover_mcts,hmrp-ha-gbfs,epoch:20:stage2:rover:off:2011206605,,,True,,,,,,,3,4g,6,20G,04:00:00,,VAL,rover-off-2011206605-stage2-train-primary,preselected dependency checkpoint,planned,Learning-curve test evaluation; never use for checkpoint selection
rover-off-2011206605-stage2-policy_eval-curve_epoch_25,prospective-ten,2011206605,rover,Rover,off,RQ1/RQ2,policy_eval,stage2,curve_epoch_25,experiments_numeric.architecture_2.rover_mcts,hmrp-ha-gbfs,epoch:25:stage2:rover:off:2011206605,,,True,,,,,,,3,4g,6,20G,04:00:00,,VAL,rover-off-2011206605-stage2-train-primary,preselected dependency checkpoint,planned,Learning-curve test evaluation; never use for checkpoint selection
rover-off-2011206605-stage2-policy_eval-curve_epoch_30,prospective-ten,2011206605,rover,Rover,off,RQ1/RQ2,policy_eval,stage2,curve_epoch_30,experiments_numeric.architecture_2.rover_mcts,hmrp-ha-gbfs,epoch:30:stage2:rover:off:2011206605,,,True,,,,,,,3,4g,6,20G,04:00:00,,VAL,rover-off-2011206605-stage2-train-primary,preselected dependency checkpoint,planned,Learning-curve test evaluation; never use for checkpoint selection
rover-off-2011206605-stage2-policy_eval-curve_epoch_35,prospective-ten,2011206605,rover,Rover,off,RQ1/RQ2,policy_eval,stage2,curve_epoch_35,experiments_numeric.architecture_2.rover_mcts,hmrp-ha-gbfs,epoch:35:stage2:rover:off:2011206605,,,True,,,,,,,3,4g,6,20G,04:00:00,,VAL,rover-off-2011206605-stage2-train-primary,preselected dependency checkpoint,planned,Learning-curve test evaluation; never use for checkpoint selection
rover-off-2011206605-stage2-policy_eval-curve_epoch_40,prospective-ten,2011206605,rover,Rover,off,RQ1/RQ2,policy_eval,stage2,curve_epoch_40,experiments_numeric.architecture_2.rover_mcts,hmrp-ha-gbfs,epoch:40:stage2:rover:off:2011206605,,,True,,,,,,,3,4g,6,20G,04:00:00,,VAL,rover-off-2011206605-stage2-train-primary,preselected dependency checkpoint,planned,Learning-curve test evaluation; never use for checkpoint selection
rover-off-2011206605-stage2-policy_eval-curve_epoch_45,prospective-ten,2011206605,rover,Rover,off,RQ1/RQ2,policy_eval,stage2,curve_epoch_45,experiments_numeric.architecture_2.rover_mcts,hmrp-ha-gbfs,epoch:45:stage2:rover:off:2011206605,,,True,,,,,,,3,4g,6,20G,04:00:00,,VAL,rover-off-2011206605-stage2-train-primary,preselected dependency checkpoint,planned,Learning-curve test evaluation; never use for checkpoint selection
rover-off-2011206605-stage2-policy_eval-curve_epoch_50,prospective-ten,2011206605,rover,Rover,off,RQ1/RQ2,policy_eval,stage2,curve_epoch_50,experiments_numeric.architecture_2.rover_mcts,hmrp-ha-gbfs,epoch:50:stage2:rover:off:2011206605,,,True,,,,,,,3,4g,6,20G,04:00:00,,VAL,rover-off-2011206605-stage2-train-primary,preselected dependency checkpoint,planned,Learning-curve test evaluation; never use for checkpoint selection
rover-off-2011206605-stage2-policy_eval-curve_epoch_55,prospective-ten,2011206605,rover,Rover,off,RQ1/RQ2,policy_eval,stage2,curve_epoch_55,experiments_numeric.architecture_2.rover_mcts,hmrp-ha-gbfs,epoch:55:stage2:rover:off:2011206605,,,True,,,,,,,3,4g,6,20G,04:00:00,,VAL,rover-off-2011206605-stage2-train-primary,preselected dependency checkpoint,planned,Learning-curve test evaluation; never use for checkpoint selection
rover-off-2011206605-stage2-policy_eval-curve_epoch_60,prospective-ten,2011206605,rover,Rover,off,RQ1/RQ2,policy_eval,stage2,curve_epoch_60,experiments_numeric.architecture_2.rover_mcts,hmrp-ha-gbfs,epoch:60:stage2:rover:off:2011206605,,,True,,,,,,,3,4g,6,20G,04:00:00,,VAL,rover-off-2011206605-stage2-train-primary,preselected dependency checkpoint,planned,Learning-curve test evaluation; never use for checkpoint selection
rover-off-2011206605-stage2-policy_eval-curve_epoch_65,prospective-ten,2011206605,rover,Rover,off,RQ1/RQ2,policy_eval,stage2,curve_epoch_65,experiments_numeric.architecture_2.rover_mcts,hmrp-ha-gbfs,epoch:65:stage2:rover:off:2011206605,,,True,,,,,,,3,4g,6,20G,04:00:00,,VAL,rover-off-2011206605-stage2-train-primary,preselected dependency checkpoint,planned,Learning-curve test evaluation; never use for checkpoint selection
rover-off-2011206605-stage2-policy_eval-curve_epoch_70,prospective-ten,2011206605,rover,Rover,off,RQ1/RQ2,policy_eval,stage2,curve_epoch_70,experiments_numeric.architecture_2.rover_mcts,hmrp-ha-gbfs,epoch:70:stage2:rover:off:2011206605,,,True,,,,,,,3,4g,6,20G,04:00:00,,VAL,rover-off-2011206605-stage2-train-primary,preselected dependency checkpoint,planned,Learning-curve test evaluation; never use for checkpoint selection
rover-off-2011206605-stage2-policy_eval-curve_epoch_75,prospective-ten,2011206605,rover,Rover,off,RQ1/RQ2,policy_eval,stage2,curve_epoch_75,experiments_numeric.architecture_2.rover_mcts,hmrp-ha-gbfs,epoch:75:stage2:rover:off:2011206605,,,True,,,,,,,3,4g,6,20G,04:00:00,,VAL,rover-off-2011206605-stage2-train-primary,preselected dependency checkpoint,planned,Learning-curve test evaluation; never use for checkpoint selection
rover-off-2011206605-stage2-policy_eval-curve_epoch_80,prospective-ten,2011206605,rover,Rover,off,RQ1/RQ2,policy_eval,stage2,curve_epoch_80,experiments_numeric.architecture_2.rover_mcts,hmrp-ha-gbfs,epoch:80:stage2:rover:off:2011206605,,,True,,,,,,,3,4g,6,20G,04:00:00,,VAL,rover-off-2011206605-stage2-train-primary,preselected dependency checkpoint,planned,Learning-curve test evaluation; never use for checkpoint selection
rover-off-2011206605-stage2-policy_eval-curve_epoch_85,prospective-ten,2011206605,rover,Rover,off,RQ1/RQ2,policy_eval,stage2,curve_epoch_85,experiments_numeric.architecture_2.rover_mcts,hmrp-ha-gbfs,epoch:85:stage2:rover:off:2011206605,,,True,,,,,,,3,4g,6,20G,04:00:00,,VAL,rover-off-2011206605-stage2-train-primary,preselected dependency checkpoint,planned,Learning-curve test evaluation; never use for checkpoint selection
rover-off-2011206605-stage2-policy_eval-curve_epoch_90,prospective-ten,2011206605,rover,Rover,off,RQ1/RQ2,policy_eval,stage2,curve_epoch_90,experiments_numeric.architecture_2.rover_mcts,hmrp-ha-gbfs,epoch:90:stage2:rover:off:2011206605,,,True,,,,,,,3,4g,6,20G,04:00:00,,VAL,rover-off-2011206605-stage2-train-primary,preselected dependency checkpoint,planned,Learning-curve test evaluation; never use for checkpoint selection
rover-off-2011206605-stage2-policy_eval-curve_epoch_95,prospective-ten,2011206605,rover,Rover,off,RQ1/RQ2,policy_eval,stage2,curve_epoch_95,experiments_numeric.architecture_2.rover_mcts,hmrp-ha-gbfs,epoch:95:stage2:rover:off:2011206605,,,True,,,,,,,3,4g,6,20G,04:00:00,,VAL,rover-off-2011206605-stage2-train-primary,preselected dependency checkpoint,planned,Learning-curve test evaluation; never use for checkpoint selection
rover-off-2011206605-stage2-policy_eval-curve_epoch_99,prospective-ten,2011206605,rover,Rover,off,RQ1/RQ2,policy_eval,stage2,curve_epoch_99,experiments_numeric.architecture_2.rover_mcts,hmrp-ha-gbfs,epoch:99:stage2:rover:off:2011206605,,,True,,,,,,,3,4g,6,20G,04:00:00,,VAL,rover-off-2011206605-stage2-train-primary,preselected dependency checkpoint,planned,Learning-curve test evaluation; never use for checkpoint selection
rover-off-1073581256-stage2-policy_eval-curve_epoch_00,prospective-ten,1073581256,rover,Rover,off,RQ1/RQ2,policy_eval,stage2,curve_epoch_00,experiments_numeric.architecture_2.rover_mcts,hmrp-ha-gbfs,epoch:0:stage2:rover:off:1073581256,,,True,,,,,,,3,4g,6,20G,04:00:00,,VAL,rover-off-1073581256-stage2-train-primary,preselected dependency checkpoint,planned,Learning-curve test evaluation; never use for checkpoint selection
rover-off-1073581256-stage2-policy_eval-curve_epoch_05,prospective-ten,1073581256,rover,Rover,off,RQ1/RQ2,policy_eval,stage2,curve_epoch_05,experiments_numeric.architecture_2.rover_mcts,hmrp-ha-gbfs,epoch:5:stage2:rover:off:1073581256,,,True,,,,,,,3,4g,6,20G,04:00:00,,VAL,rover-off-1073581256-stage2-train-primary,preselected dependency checkpoint,planned,Learning-curve test evaluation; never use for checkpoint selection
rover-off-1073581256-stage2-policy_eval-curve_epoch_10,prospective-ten,1073581256,rover,Rover,off,RQ1/RQ2,policy_eval,stage2,curve_epoch_10,experiments_numeric.architecture_2.rover_mcts,hmrp-ha-gbfs,epoch:10:stage2:rover:off:1073581256,,,True,,,,,,,3,4g,6,20G,04:00:00,,VAL,rover-off-1073581256-stage2-train-primary,preselected dependency checkpoint,planned,Learning-curve test evaluation; never use for checkpoint selection
rover-off-1073581256-stage2-policy_eval-curve_epoch_15,prospective-ten,1073581256,rover,Rover,off,RQ1/RQ2,policy_eval,stage2,curve_epoch_15,experiments_numeric.architecture_2.rover_mcts,hmrp-ha-gbfs,epoch:15:stage2:rover:off:1073581256,,,True,,,,,,,3,4g,6,20G,04:00:00,,VAL,rover-off-1073581256-stage2-train-primary,preselected dependency checkpoint,planned,Learning-curve test evaluation; never use for checkpoint selection
rover-off-1073581256-stage2-policy_eval-curve_epoch_20,prospective-ten,1073581256,rover,Rover,off,RQ1/RQ2,policy_eval,stage2,curve_epoch_20,experiments_numeric.architecture_2.rover_mcts,hmrp-ha-gbfs,epoch:20:stage2:rover:off:1073581256,,,True,,,,,,,3,4g,6,20G,04:00:00,,VAL,rover-off-1073581256-stage2-train-primary,preselected dependency checkpoint,planned,Learning-curve test evaluation; never use for checkpoint selection
rover-off-1073581256-stage2-policy_eval-curve_epoch_25,prospective-ten,1073581256,rover,Rover,off,RQ1/RQ2,policy_eval,stage2,curve_epoch_25,experiments_numeric.architecture_2.rover_mcts,hmrp-ha-gbfs,epoch:25:stage2:rover:off:1073581256,,,True,,,,,,,3,4g,6,20G,04:00:00,,VAL,rover-off-1073581256-stage2-train-primary,preselected dependency checkpoint,planned,Learning-curve test evaluation; never use for checkpoint selection
rover-off-1073581256-stage2-policy_eval-curve_epoch_30,prospective-ten,1073581256,rover,Rover,off,RQ1/RQ2,policy_eval,stage2,curve_epoch_30,experiments_numeric.architecture_2.rover_mcts,hmrp-ha-gbfs,epoch:30:stage2:rover:off:1073581256,,,True,,,,,,,3,4g,6,20G,04:00:00,,VAL,rover-off-1073581256-stage2-train-primary,preselected dependency checkpoint,planned,Learning-curve test evaluation; never use for checkpoint selection
rover-off-1073581256-stage2-policy_eval-curve_epoch_35,prospective-ten,1073581256,rover,Rover,off,RQ1/RQ2,policy_eval,stage2,curve_epoch_35,experiments_numeric.architecture_2.rover_mcts,hmrp-ha-gbfs,epoch:35:stage2:rover:off:1073581256,,,True,,,,,,,3,4g,6,20G,04:00:00,,VAL,rover-off-1073581256-stage2-train-primary,preselected dependency checkpoint,planned,Learning-curve test evaluation; never use for checkpoint selection
rover-off-1073581256-stage2-policy_eval-curve_epoch_40,prospective-ten,1073581256,rover,Rover,off,RQ1/RQ2,policy_eval,stage2,curve_epoch_40,experiments_numeric.architecture_2.rover_mcts,hmrp-ha-gbfs,epoch:40:stage2:rover:off:1073581256,,,True,,,,,,,3,4g,6,20G,04:00:00,,VAL,rover-off-1073581256-stage2-train-primary,preselected dependency checkpoint,planned,Learning-curve test evaluation; never use for checkpoint selection
rover-off-1073581256-stage2-policy_eval-curve_epoch_45,prospective-ten,1073581256,rover,Rover,off,RQ1/RQ2,policy_eval,stage2,curve_epoch_45,experiments_numeric.architecture_2.rover_mcts,hmrp-ha-gbfs,epoch:45:stage2:rover:off:1073581256,,,True,,,,,,,3,4g,6,20G,04:00:00,,VAL,rover-off-1073581256-stage2-train-primary,preselected dependency checkpoint,planned,Learning-curve test evaluation; never use for checkpoint selection
rover-off-1073581256-stage2-policy_eval-curve_epoch_50,prospective-ten,1073581256,rover,Rover,off,RQ1/RQ2,policy_eval,stage2,curve_epoch_50,experiments_numeric.architecture_2.rover_mcts,hmrp-ha-gbfs,epoch:50:stage2:rover:off:1073581256,,,True,,,,,,,3,4g,6,20G,04:00:00,,VAL,rover-off-1073581256-stage2-train-primary,preselected dependency checkpoint,planned,Learning-curve test evaluation; never use for checkpoint selection
rover-off-1073581256-stage2-policy_eval-curve_epoch_55,prospective-ten,1073581256,rover,Rover,off,RQ1/RQ2,policy_eval,stage2,curve_epoch_55,experiments_numeric.architecture_2.rover_mcts,hmrp-ha-gbfs,epoch:55:stage2:rover:off:1073581256,,,True,,,,,,,3,4g,6,20G,04:00:00,,VAL,rover-off-1073581256-stage2-train-primary,preselected dependency checkpoint,planned,Learning-curve test evaluation; never use for checkpoint selection
rover-off-1073581256-stage2-policy_eval-curve_epoch_60,prospective-ten,1073581256,rover,Rover,off,RQ1/RQ2,policy_eval,stage2,curve_epoch_60,experiments_numeric.architecture_2.rover_mcts,hmrp-ha-gbfs,epoch:60:stage2:rover:off:1073581256,,,True,,,,,,,3,4g,6,20G,04:00:00,,VAL,rover-off-1073581256-stage2-train-primary,preselected dependency checkpoint,planned,Learning-curve test evaluation; never use for checkpoint selection
rover-off-1073581256-stage2-policy_eval-curve_epoch_65,prospective-ten,1073581256,rover,Rover,off,RQ1/RQ2,policy_eval,stage2,curve_epoch_65,experiments_numeric.architecture_2.rover_mcts,hmrp-ha-gbfs,epoch:65:stage2:rover:off:1073581256,,,True,,,,,,,3,4g,6,20G,04:00:00,,VAL,rover-off-1073581256-stage2-train-primary,preselected dependency checkpoint,planned,Learning-curve test evaluation; never use for checkpoint selection
rover-off-1073581256-stage2-policy_eval-curve_epoch_70,prospective-ten,1073581256,rover,Rover,off,RQ1/RQ2,policy_eval,stage2,curve_epoch_70,experiments_numeric.architecture_2.rover_mcts,hmrp-ha-gbfs,epoch:70:stage2:rover:off:1073581256,,,True,,,,,,,3,4g,6,20G,04:00:00,,VAL,rover-off-1073581256-stage2-train-primary,preselected dependency checkpoint,planned,Learning-curve test evaluation; never use for checkpoint selection
rover-off-1073581256-stage2-policy_eval-curve_epoch_75,prospective-ten,1073581256,rover,Rover,off,RQ1/RQ2,policy_eval,stage2,curve_epoch_75,experiments_numeric.architecture_2.rover_mcts,hmrp-ha-gbfs,epoch:75:stage2:rover:off:1073581256,,,True,,,,,,,3,4g,6,20G,04:00:00,,VAL,rover-off-1073581256-stage2-train-primary,preselected dependency checkpoint,planned,Learning-curve test evaluation; never use for checkpoint selection
rover-off-1073581256-stage2-policy_eval-curve_epoch_80,prospective-ten,1073581256,rover,Rover,off,RQ1/RQ2,policy_eval,stage2,curve_epoch_80,experiments_numeric.architecture_2.rover_mcts,hmrp-ha-gbfs,epoch:80:stage2:rover:off:1073581256,,,True,,,,,,,3,4g,6,20G,04:00:00,,VAL,rover-off-1073581256-stage2-train-primary,preselected dependency checkpoint,planned,Learning-curve test evaluation; never use for checkpoint selection
rover-off-1073581256-stage2-policy_eval-curve_epoch_85,prospective-ten,1073581256,rover,Rover,off,RQ1/RQ2,policy_eval,stage2,curve_epoch_85,experiments_numeric.architecture_2.rover_mcts,hmrp-ha-gbfs,epoch:85:stage2:rover:off:1073581256,,,True,,,,,,,3,4g,6,20G,04:00:00,,VAL,rover-off-1073581256-stage2-train-primary,preselected dependency checkpoint,planned,Learning-curve test evaluation; never use for checkpoint selection
rover-off-1073581256-stage2-policy_eval-curve_epoch_90,prospective-ten,1073581256,rover,Rover,off,RQ1/RQ2,policy_eval,stage2,curve_epoch_90,experiments_numeric.architecture_2.rover_mcts,hmrp-ha-gbfs,epoch:90:stage2:rover:off:1073581256,,,True,,,,,,,3,4g,6,20G,04:00:00,,VAL,rover-off-1073581256-stage2-train-primary,preselected dependency checkpoint,planned,Learning-curve test evaluation; never use for checkpoint selection
rover-off-1073581256-stage2-policy_eval-curve_epoch_95,prospective-ten,1073581256,rover,Rover,off,RQ1/RQ2,policy_eval,stage2,curve_epoch_95,experiments_numeric.architecture_2.rover_mcts,hmrp-ha-gbfs,epoch:95:stage2:rover:off:1073581256,,,True,,,,,,,3,4g,6,20G,04:00:00,,VAL,rover-off-1073581256-stage2-train-primary,preselected dependency checkpoint,planned,Learning-curve test evaluation; never use for checkpoint selection
rover-off-1073581256-stage2-policy_eval-curve_epoch_99,prospective-ten,1073581256,rover,Rover,off,RQ1/RQ2,policy_eval,stage2,curve_epoch_99,experiments_numeric.architecture_2.rover_mcts,hmrp-ha-gbfs,epoch:99:stage2:rover:off:1073581256,,,True,,,,,,,3,4g,6,20G,04:00:00,,VAL,rover-off-1073581256-stage2-train-primary,preselected dependency checkpoint,planned,Learning-curve test evaluation; never use for checkpoint selection
rover-off-1239739722-stage2-policy_eval-curve_epoch_00,prospective-ten,1239739722,rover,Rover,off,RQ1/RQ2,policy_eval,stage2,curve_epoch_00,experiments_numeric.architecture_2.rover_mcts,hmrp-ha-gbfs,epoch:0:stage2:rover:off:1239739722,,,True,,,,,,,3,4g,6,20G,04:00:00,,VAL,rover-off-1239739722-stage2-train-primary,preselected dependency checkpoint,planned,Learning-curve test evaluation; never use for checkpoint selection
rover-off-1239739722-stage2-policy_eval-curve_epoch_05,prospective-ten,1239739722,rover,Rover,off,RQ1/RQ2,policy_eval,stage2,curve_epoch_05,experiments_numeric.architecture_2.rover_mcts,hmrp-ha-gbfs,epoch:5:stage2:rover:off:1239739722,,,True,,,,,,,3,4g,6,20G,04:00:00,,VAL,rover-off-1239739722-stage2-train-primary,preselected dependency checkpoint,planned,Learning-curve test evaluation; never use for checkpoint selection
rover-off-1239739722-stage2-policy_eval-curve_epoch_10,prospective-ten,1239739722,rover,Rover,off,RQ1/RQ2,policy_eval,stage2,curve_epoch_10,experiments_numeric.architecture_2.rover_mcts,hmrp-ha-gbfs,epoch:10:stage2:rover:off:1239739722,,,True,,,,,,,3,4g,6,20G,04:00:00,,VAL,rover-off-1239739722-stage2-train-primary,preselected dependency checkpoint,planned,Learning-curve test evaluation; never use for checkpoint selection
rover-off-1239739722-stage2-policy_eval-curve_epoch_15,prospective-ten,1239739722,rover,Rover,off,RQ1/RQ2,policy_eval,stage2,curve_epoch_15,experiments_numeric.architecture_2.rover_mcts,hmrp-ha-gbfs,epoch:15:stage2:rover:off:1239739722,,,True,,,,,,,3,4g,6,20G,04:00:00,,VAL,rover-off-1239739722-stage2-train-primary,preselected dependency checkpoint,planned,Learning-curve test evaluation; never use for checkpoint selection
rover-off-1239739722-stage2-policy_eval-curve_epoch_20,prospective-ten,1239739722,rover,Rover,off,RQ1/RQ2,policy_eval,stage2,curve_epoch_20,experiments_numeric.architecture_2.rover_mcts,hmrp-ha-gbfs,epoch:20:stage2:rover:off:1239739722,,,True,,,,,,,3,4g,6,20G,04:00:00,,VAL,rover-off-1239739722-stage2-train-primary,preselected dependency checkpoint,planned,Learning-curve test evaluation; never use for checkpoint selection
rover-off-1239739722-stage2-policy_eval-curve_epoch_25,prospective-ten,1239739722,rover,Rover,off,RQ1/RQ2,policy_eval,stage2,curve_epoch_25,experiments_numeric.architecture_2.rover_mcts,hmrp-ha-gbfs,epoch:25:stage2:rover:off:1239739722,,,True,,,,,,,3,4g,6,20G,04:00:00,,VAL,rover-off-1239739722-stage2-train-primary,preselected dependency checkpoint,planned,Learning-curve test evaluation; never use for checkpoint selection
rover-off-1239739722-stage2-policy_eval-curve_epoch_30,prospective-ten,1239739722,rover,Rover,off,RQ1/RQ2,policy_eval,stage2,curve_epoch_30,experiments_numeric.architecture_2.rover_mcts,hmrp-ha-gbfs,epoch:30:stage2:rover:off:1239739722,,,True,,,,,,,3,4g,6,20G,04:00:00,,VAL,rover-off-1239739722-stage2-train-primary,preselected dependency checkpoint,planned,Learning-curve test evaluation; never use for checkpoint selection
rover-off-1239739722-stage2-policy_eval-curve_epoch_35,prospective-ten,1239739722,rover,Rover,off,RQ1/RQ2,policy_eval,stage2,curve_epoch_35,experiments_numeric.architecture_2.rover_mcts,hmrp-ha-gbfs,epoch:35:stage2:rover:off:1239739722,,,True,,,,,,,3,4g,6,20G,04:00:00,,VAL,rover-off-1239739722-stage2-train-primary,preselected dependency checkpoint,planned,Learning-curve test evaluation; never use for checkpoint selection
rover-off-1239739722-stage2-policy_eval-curve_epoch_40,prospective-ten,1239739722,rover,Rover,off,RQ1/RQ2,policy_eval,stage2,curve_epoch_40,experiments_numeric.architecture_2.rover_mcts,hmrp-ha-gbfs,epoch:40:stage2:rover:off:1239739722,,,True,,,,,,,3,4g,6,20G,04:00:00,,VAL,rover-off-1239739722-stage2-train-primary,preselected dependency checkpoint,planned,Learning-curve test evaluation; never use for checkpoint selection
rover-off-1239739722-stage2-policy_eval-curve_epoch_45,prospective-ten,1239739722,rover,Rover,off,RQ1/RQ2,policy_eval,stage2,curve_epoch_45,experiments_numeric.architecture_2.rover_mcts,hmrp-ha-gbfs,epoch:45:stage2:rover:off:1239739722,,,True,,,,,,,3,4g,6,20G,04:00:00,,VAL,rover-off-1239739722-stage2-train-primary,preselected dependency checkpoint,planned,Learning-curve test evaluation; never use for checkpoint selection
rover-off-1239739722-stage2-policy_eval-curve_epoch_50,prospective-ten,1239739722,rover,Rover,off,RQ1/RQ2,policy_eval,stage2,curve_epoch_50,experiments_numeric.architecture_2.rover_mcts,hmrp-ha-gbfs,epoch:50:stage2:rover:off:1239739722,,,True,,,,,,,3,4g,6,20G,04:00:00,,VAL,rover-off-1239739722-stage2-train-primary,preselected dependency checkpoint,planned,Learning-curve test evaluation; never use for checkpoint selection
rover-off-1239739722-stage2-policy_eval-curve_epoch_55,prospective-ten,1239739722,rover,Rover,off,RQ1/RQ2,policy_eval,stage2,curve_epoch_55,experiments_numeric.architecture_2.rover_mcts,hmrp-ha-gbfs,epoch:55:stage2:rover:off:1239739722,,,True,,,,,,,3,4g,6,20G,04:00:00,,VAL,rover-off-1239739722-stage2-train-primary,preselected dependency checkpoint,planned,Learning-curve test evaluation; never use for checkpoint selection
rover-off-1239739722-stage2-policy_eval-curve_epoch_60,prospective-ten,1239739722,rover,Rover,off,RQ1/RQ2,policy_eval,stage2,curve_epoch_60,experiments_numeric.architecture_2.rover_mcts,hmrp-ha-gbfs,epoch:60:stage2:rover:off:1239739722,,,True,,,,,,,3,4g,6,20G,04:00:00,,VAL,rover-off-1239739722-stage2-train-primary,preselected dependency checkpoint,planned,Learning-curve test evaluation; never use for checkpoint selection
rover-off-1239739722-stage2-policy_eval-curve_epoch_65,prospective-ten,1239739722,rover,Rover,off,RQ1/RQ2,policy_eval,stage2,curve_epoch_65,experiments_numeric.architecture_2.rover_mcts,hmrp-ha-gbfs,epoch:65:stage2:rover:off:1239739722,,,True,,,,,,,3,4g,6,20G,04:00:00,,VAL,rover-off-1239739722-stage2-train-primary,preselected dependency checkpoint,planned,Learning-curve test evaluation; never use for checkpoint selection
rover-off-1239739722-stage2-policy_eval-curve_epoch_70,prospective-ten,1239739722,rover,Rover,off,RQ1/RQ2,policy_eval,stage2,curve_epoch_70,experiments_numeric.architecture_2.rover_mcts,hmrp-ha-gbfs,epoch:70:stage2:rover:off:1239739722,,,True,,,,,,,3,4g,6,20G,04:00:00,,VAL,rover-off-1239739722-stage2-train-primary,preselected dependency checkpoint,planned,Learning-curve test evaluation; never use for checkpoint selection
rover-off-1239739722-stage2-policy_eval-curve_epoch_75,prospective-ten,1239739722,rover,Rover,off,RQ1/RQ2,policy_eval,stage2,curve_epoch_75,experiments_numeric.architecture_2.rover_mcts,hmrp-ha-gbfs,epoch:75:stage2:rover:off:1239739722,,,True,,,,,,,3,4g,6,20G,04:00:00,,VAL,rover-off-1239739722-stage2-train-primary,preselected dependency checkpoint,planned,Learning-curve test evaluation; never use for checkpoint selection
rover-off-1239739722-stage2-policy_eval-curve_epoch_80,prospective-ten,1239739722,rover,Rover,off,RQ1/RQ2,policy_eval,stage2,curve_epoch_80,experiments_numeric.architecture_2.rover_mcts,hmrp-ha-gbfs,epoch:80:stage2:rover:off:1239739722,,,True,,,,,,,3,4g,6,20G,04:00:00,,VAL,rover-off-1239739722-stage2-train-primary,preselected dependency checkpoint,planned,Learning-curve test evaluation; never use for checkpoint selection
rover-off-1239739722-stage2-policy_eval-curve_epoch_85,prospective-ten,1239739722,rover,Rover,off,RQ1/RQ2,policy_eval,stage2,curve_epoch_85,experiments_numeric.architecture_2.rover_mcts,hmrp-ha-gbfs,epoch:85:stage2:rover:off:1239739722,,,True,,,,,,,3,4g,6,20G,04:00:00,,VAL,rover-off-1239739722-stage2-train-primary,preselected dependency checkpoint,planned,Learning-curve test evaluation; never use for checkpoint selection
rover-off-1239739722-stage2-policy_eval-curve_epoch_90,prospective-ten,1239739722,rover,Rover,off,RQ1/RQ2,policy_eval,stage2,curve_epoch_90,experiments_numeric.architecture_2.rover_mcts,hmrp-ha-gbfs,epoch:90:stage2:rover:off:1239739722,,,True,,,,,,,3,4g,6,20G,04:00:00,,VAL,rover-off-1239739722-stage2-train-primary,preselected dependency checkpoint,planned,Learning-curve test evaluation; never use for checkpoint selection
rover-off-1239739722-stage2-policy_eval-curve_epoch_95,prospective-ten,1239739722,rover,Rover,off,RQ1/RQ2,policy_eval,stage2,curve_epoch_95,experiments_numeric.architecture_2.rover_mcts,hmrp-ha-gbfs,epoch:95:stage2:rover:off:1239739722,,,True,,,,,,,3,4g,6,20G,04:00:00,,VAL,rover-off-1239739722-stage2-train-primary,preselected dependency checkpoint,planned,Learning-curve test evaluation; never use for checkpoint selection
rover-off-1239739722-stage2-policy_eval-curve_epoch_99,prospective-ten,1239739722,rover,Rover,off,RQ1/RQ2,policy_eval,stage2,curve_epoch_99,experiments_numeric.architecture_2.rover_mcts,hmrp-ha-gbfs,epoch:99:stage2:rover:off:1239739722,,,True,,,,,,,3,4g,6,20G,04:00:00,,VAL,rover-off-1239739722-stage2-train-primary,preselected dependency checkpoint,planned,Learning-curve test evaluation; never use for checkpoint selection
rover-off-1472491096-stage2-policy_eval-curve_epoch_00,prospective-ten,1472491096,rover,Rover,off,RQ1/RQ2,policy_eval,stage2,curve_epoch_00,experiments_numeric.architecture_2.rover_mcts,hmrp-ha-gbfs,epoch:0:stage2:rover:off:1472491096,,,True,,,,,,,3,4g,6,20G,04:00:00,,VAL,rover-off-1472491096-stage2-train-primary,preselected dependency checkpoint,planned,Learning-curve test evaluation; never use for checkpoint selection
rover-off-1472491096-stage2-policy_eval-curve_epoch_05,prospective-ten,1472491096,rover,Rover,off,RQ1/RQ2,policy_eval,stage2,curve_epoch_05,experiments_numeric.architecture_2.rover_mcts,hmrp-ha-gbfs,epoch:5:stage2:rover:off:1472491096,,,True,,,,,,,3,4g,6,20G,04:00:00,,VAL,rover-off-1472491096-stage2-train-primary,preselected dependency checkpoint,planned,Learning-curve test evaluation; never use for checkpoint selection
rover-off-1472491096-stage2-policy_eval-curve_epoch_10,prospective-ten,1472491096,rover,Rover,off,RQ1/RQ2,policy_eval,stage2,curve_epoch_10,experiments_numeric.architecture_2.rover_mcts,hmrp-ha-gbfs,epoch:10:stage2:rover:off:1472491096,,,True,,,,,,,3,4g,6,20G,04:00:00,,VAL,rover-off-1472491096-stage2-train-primary,preselected dependency checkpoint,planned,Learning-curve test evaluation; never use for checkpoint selection
rover-off-1472491096-stage2-policy_eval-curve_epoch_15,prospective-ten,1472491096,rover,Rover,off,RQ1/RQ2,policy_eval,stage2,curve_epoch_15,experiments_numeric.architecture_2.rover_mcts,hmrp-ha-gbfs,epoch:15:stage2:rover:off:1472491096,,,True,,,,,,,3,4g,6,20G,04:00:00,,VAL,rover-off-1472491096-stage2-train-primary,preselected dependency checkpoint,planned,Learning-curve test evaluation; never use for checkpoint selection
rover-off-1472491096-stage2-policy_eval-curve_epoch_20,prospective-ten,1472491096,rover,Rover,off,RQ1/RQ2,policy_eval,stage2,curve_epoch_20,experiments_numeric.architecture_2.rover_mcts,hmrp-ha-gbfs,epoch:20:stage2:rover:off:1472491096,,,True,,,,,,,3,4g,6,20G,04:00:00,,VAL,rover-off-1472491096-stage2-train-primary,preselected dependency checkpoint,planned,Learning-curve test evaluation; never use for checkpoint selection
rover-off-1472491096-stage2-policy_eval-curve_epoch_25,prospective-ten,1472491096,rover,Rover,off,RQ1/RQ2,policy_eval,stage2,curve_epoch_25,experiments_numeric.architecture_2.rover_mcts,hmrp-ha-gbfs,epoch:25:stage2:rover:off:1472491096,,,True,,,,,,,3,4g,6,20G,04:00:00,,VAL,rover-off-1472491096-stage2-train-primary,preselected dependency checkpoint,planned,Learning-curve test evaluation; never use for checkpoint selection
rover-off-1472491096-stage2-policy_eval-curve_epoch_30,prospective-ten,1472491096,rover,Rover,off,RQ1/RQ2,policy_eval,stage2,curve_epoch_30,experiments_numeric.architecture_2.rover_mcts,hmrp-ha-gbfs,epoch:30:stage2:rover:off:1472491096,,,True,,,,,,,3,4g,6,20G,04:00:00,,VAL,rover-off-1472491096-stage2-train-primary,preselected dependency checkpoint,planned,Learning-curve test evaluation; never use for checkpoint selection
rover-off-1472491096-stage2-policy_eval-curve_epoch_35,prospective-ten,1472491096,rover,Rover,off,RQ1/RQ2,policy_eval,stage2,curve_epoch_35,experiments_numeric.architecture_2.rover_mcts,hmrp-ha-gbfs,epoch:35:stage2:rover:off:1472491096,,,True,,,,,,,3,4g,6,20G,04:00:00,,VAL,rover-off-1472491096-stage2-train-primary,preselected dependency checkpoint,planned,Learning-curve test evaluation; never use for checkpoint selection
rover-off-1472491096-stage2-policy_eval-curve_epoch_40,prospective-ten,1472491096,rover,Rover,off,RQ1/RQ2,policy_eval,stage2,curve_epoch_40,experiments_numeric.architecture_2.rover_mcts,hmrp-ha-gbfs,epoch:40:stage2:rover:off:1472491096,,,True,,,,,,,3,4g,6,20G,04:00:00,,VAL,rover-off-1472491096-stage2-train-primary,preselected dependency checkpoint,planned,Learning-curve test evaluation; never use for checkpoint selection
rover-off-1472491096-stage2-policy_eval-curve_epoch_45,prospective-ten,1472491096,rover,Rover,off,RQ1/RQ2,policy_eval,stage2,curve_epoch_45,experiments_numeric.architecture_2.rover_mcts,hmrp-ha-gbfs,epoch:45:stage2:rover:off:1472491096,,,True,,,,,,,3,4g,6,20G,04:00:00,,VAL,rover-off-1472491096-stage2-train-primary,preselected dependency checkpoint,planned,Learning-curve test evaluation; never use for checkpoint selection
rover-off-1472491096-stage2-policy_eval-curve_epoch_50,prospective-ten,1472491096,rover,Rover,off,RQ1/RQ2,policy_eval,stage2,curve_epoch_50,experiments_numeric.architecture_2.rover_mcts,hmrp-ha-gbfs,epoch:50:stage2:rover:off:1472491096,,,True,,,,,,,3,4g,6,20G,04:00:00,,VAL,rover-off-1472491096-stage2-train-primary,preselected dependency checkpoint,planned,Learning-curve test evaluation; never use for checkpoint selection
rover-off-1472491096-stage2-policy_eval-curve_epoch_55,prospective-ten,1472491096,rover,Rover,off,RQ1/RQ2,policy_eval,stage2,curve_epoch_55,experiments_numeric.architecture_2.rover_mcts,hmrp-ha-gbfs,epoch:55:stage2:rover:off:1472491096,,,True,,,,,,,3,4g,6,20G,04:00:00,,VAL,rover-off-1472491096-stage2-train-primary,preselected dependency checkpoint,planned,Learning-curve test evaluation; never use for checkpoint selection
rover-off-1472491096-stage2-policy_eval-curve_epoch_60,prospective-ten,1472491096,rover,Rover,off,RQ1/RQ2,policy_eval,stage2,curve_epoch_60,experiments_numeric.architecture_2.rover_mcts,hmrp-ha-gbfs,epoch:60:stage2:rover:off:1472491096,,,True,,,,,,,3,4g,6,20G,04:00:00,,VAL,rover-off-1472491096-stage2-train-primary,preselected dependency checkpoint,planned,Learning-curve test evaluation; never use for checkpoint selection
rover-off-1472491096-stage2-policy_eval-curve_epoch_65,prospective-ten,1472491096,rover,Rover,off,RQ1/RQ2,policy_eval,stage2,curve_epoch_65,experiments_numeric.architecture_2.rover_mcts,hmrp-ha-gbfs,epoch:65:stage2:rover:off:1472491096,,,True,,,,,,,3,4g,6,20G,04:00:00,,VAL,rover-off-1472491096-stage2-train-primary,preselected dependency checkpoint,planned,Learning-curve test evaluation; never use for checkpoint selection
rover-off-1472491096-stage2-policy_eval-curve_epoch_70,prospective-ten,1472491096,rover,Rover,off,RQ1/RQ2,policy_eval,stage2,curve_epoch_70,experiments_numeric.architecture_2.rover_mcts,hmrp-ha-gbfs,epoch:70:stage2:rover:off:1472491096,,,True,,,,,,,3,4g,6,20G,04:00:00,,VAL,rover-off-1472491096-stage2-train-primary,preselected dependency checkpoint,planned,Learning-curve test evaluation; never use for checkpoint selection
rover-off-1472491096-stage2-policy_eval-curve_epoch_75,prospective-ten,1472491096,rover,Rover,off,RQ1/RQ2,policy_eval,stage2,curve_epoch_75,experiments_numeric.architecture_2.rover_mcts,hmrp-ha-gbfs,epoch:75:stage2:rover:off:1472491096,,,True,,,,,,,3,4g,6,20G,04:00:00,,VAL,rover-off-1472491096-stage2-train-primary,preselected dependency checkpoint,planned,Learning-curve test evaluation; never use for checkpoint selection
rover-off-1472491096-stage2-policy_eval-curve_epoch_80,prospective-ten,1472491096,rover,Rover,off,RQ1/RQ2,policy_eval,stage2,curve_epoch_80,experiments_numeric.architecture_2.rover_mcts,hmrp-ha-gbfs,epoch:80:stage2:rover:off:1472491096,,,True,,,,,,,3,4g,6,20G,04:00:00,,VAL,rover-off-1472491096-stage2-train-primary,preselected dependency checkpoint,planned,Learning-curve test evaluation; never use for checkpoint selection
rover-off-1472491096-stage2-policy_eval-curve_epoch_85,prospective-ten,1472491096,rover,Rover,off,RQ1/RQ2,policy_eval,stage2,curve_epoch_85,experiments_numeric.architecture_2.rover_mcts,hmrp-ha-gbfs,epoch:85:stage2:rover:off:1472491096,,,True,,,,,,,3,4g,6,20G,04:00:00,,VAL,rover-off-1472491096-stage2-train-primary,preselected dependency checkpoint,planned,Learning-curve test evaluation; never use for checkpoint selection
rover-off-1472491096-stage2-policy_eval-curve_epoch_90,prospective-ten,1472491096,rover,Rover,off,RQ1/RQ2,policy_eval,stage2,curve_epoch_90,experiments_numeric.architecture_2.rover_mcts,hmrp-ha-gbfs,epoch:90:stage2:rover:off:1472491096,,,True,,,,,,,3,4g,6,20G,04:00:00,,VAL,rover-off-1472491096-stage2-train-primary,preselected dependency checkpoint,planned,Learning-curve test evaluation; never use for checkpoint selection
rover-off-1472491096-stage2-policy_eval-curve_epoch_95,prospective-ten,1472491096,rover,Rover,off,RQ1/RQ2,policy_eval,stage2,curve_epoch_95,experiments_numeric.architecture_2.rover_mcts,hmrp-ha-gbfs,epoch:95:stage2:rover:off:1472491096,,,True,,,,,,,3,4g,6,20G,04:00:00,,VAL,rover-off-1472491096-stage2-train-primary,preselected dependency checkpoint,planned,Learning-curve test evaluation; never use for checkpoint selection
rover-off-1472491096-stage2-policy_eval-curve_epoch_99,prospective-ten,1472491096,rover,Rover,off,RQ1/RQ2,policy_eval,stage2,curve_epoch_99,experiments_numeric.architecture_2.rover_mcts,hmrp-ha-gbfs,epoch:99:stage2:rover:off:1472491096,,,True,,,,,,,3,4g,6,20G,04:00:00,,VAL,rover-off-1472491096-stage2-train-primary,preselected dependency checkpoint,planned,Learning-curve test evaluation; never use for checkpoint selection
rover-off-534933607-stage2-policy_eval-curve_epoch_00,prospective-ten,534933607,rover,Rover,off,RQ1/RQ2,policy_eval,stage2,curve_epoch_00,experiments_numeric.architecture_2.rover_mcts,hmrp-ha-gbfs,epoch:0:stage2:rover:off:534933607,,,True,,,,,,,3,4g,6,20G,04:00:00,,VAL,rover-off-534933607-stage2-train-primary,preselected dependency checkpoint,planned,Learning-curve test evaluation; never use for checkpoint selection
rover-off-534933607-stage2-policy_eval-curve_epoch_05,prospective-ten,534933607,rover,Rover,off,RQ1/RQ2,policy_eval,stage2,curve_epoch_05,experiments_numeric.architecture_2.rover_mcts,hmrp-ha-gbfs,epoch:5:stage2:rover:off:534933607,,,True,,,,,,,3,4g,6,20G,04:00:00,,VAL,rover-off-534933607-stage2-train-primary,preselected dependency checkpoint,planned,Learning-curve test evaluation; never use for checkpoint selection
rover-off-534933607-stage2-policy_eval-curve_epoch_10,prospective-ten,534933607,rover,Rover,off,RQ1/RQ2,policy_eval,stage2,curve_epoch_10,experiments_numeric.architecture_2.rover_mcts,hmrp-ha-gbfs,epoch:10:stage2:rover:off:534933607,,,True,,,,,,,3,4g,6,20G,04:00:00,,VAL,rover-off-534933607-stage2-train-primary,preselected dependency checkpoint,planned,Learning-curve test evaluation; never use for checkpoint selection
rover-off-534933607-stage2-policy_eval-curve_epoch_15,prospective-ten,534933607,rover,Rover,off,RQ1/RQ2,policy_eval,stage2,curve_epoch_15,experiments_numeric.architecture_2.rover_mcts,hmrp-ha-gbfs,epoch:15:stage2:rover:off:534933607,,,True,,,,,,,3,4g,6,20G,04:00:00,,VAL,rover-off-534933607-stage2-train-primary,preselected dependency checkpoint,planned,Learning-curve test evaluation; never use for checkpoint selection
rover-off-534933607-stage2-policy_eval-curve_epoch_20,prospective-ten,534933607,rover,Rover,off,RQ1/RQ2,policy_eval,stage2,curve_epoch_20,experiments_numeric.architecture_2.rover_mcts,hmrp-ha-gbfs,epoch:20:stage2:rover:off:534933607,,,True,,,,,,,3,4g,6,20G,04:00:00,,VAL,rover-off-534933607-stage2-train-primary,preselected dependency checkpoint,planned,Learning-curve test evaluation; never use for checkpoint selection
rover-off-534933607-stage2-policy_eval-curve_epoch_25,prospective-ten,534933607,rover,Rover,off,RQ1/RQ2,policy_eval,stage2,curve_epoch_25,experiments_numeric.architecture_2.rover_mcts,hmrp-ha-gbfs,epoch:25:stage2:rover:off:534933607,,,True,,,,,,,3,4g,6,20G,04:00:00,,VAL,rover-off-534933607-stage2-train-primary,preselected dependency checkpoint,planned,Learning-curve test evaluation; never use for checkpoint selection
rover-off-534933607-stage2-policy_eval-curve_epoch_30,prospective-ten,534933607,rover,Rover,off,RQ1/RQ2,policy_eval,stage2,curve_epoch_30,experiments_numeric.architecture_2.rover_mcts,hmrp-ha-gbfs,epoch:30:stage2:rover:off:534933607,,,True,,,,,,,3,4g,6,20G,04:00:00,,VAL,rover-off-534933607-stage2-train-primary,preselected dependency checkpoint,planned,Learning-curve test evaluation; never use for checkpoint selection
rover-off-534933607-stage2-policy_eval-curve_epoch_35,prospective-ten,534933607,rover,Rover,off,RQ1/RQ2,policy_eval,stage2,curve_epoch_35,experiments_numeric.architecture_2.rover_mcts,hmrp-ha-gbfs,epoch:35:stage2:rover:off:534933607,,,True,,,,,,,3,4g,6,20G,04:00:00,,VAL,rover-off-534933607-stage2-train-primary,preselected dependency checkpoint,planned,Learning-curve test evaluation; never use for checkpoint selection
rover-off-534933607-stage2-policy_eval-curve_epoch_40,prospective-ten,534933607,rover,Rover,off,RQ1/RQ2,policy_eval,stage2,curve_epoch_40,experiments_numeric.architecture_2.rover_mcts,hmrp-ha-gbfs,epoch:40:stage2:rover:off:534933607,,,True,,,,,,,3,4g,6,20G,04:00:00,,VAL,rover-off-534933607-stage2-train-primary,preselected dependency checkpoint,planned,Learning-curve test evaluation; never use for checkpoint selection
rover-off-534933607-stage2-policy_eval-curve_epoch_45,prospective-ten,534933607,rover,Rover,off,RQ1/RQ2,policy_eval,stage2,curve_epoch_45,experiments_numeric.architecture_2.rover_mcts,hmrp-ha-gbfs,epoch:45:stage2:rover:off:534933607,,,True,,,,,,,3,4g,6,20G,04:00:00,,VAL,rover-off-534933607-stage2-train-primary,preselected dependency checkpoint,planned,Learning-curve test evaluation; never use for checkpoint selection
rover-off-534933607-stage2-policy_eval-curve_epoch_50,prospective-ten,534933607,rover,Rover,off,RQ1/RQ2,policy_eval,stage2,curve_epoch_50,experiments_numeric.architecture_2.rover_mcts,hmrp-ha-gbfs,epoch:50:stage2:rover:off:534933607,,,True,,,,,,,3,4g,6,20G,04:00:00,,VAL,rover-off-534933607-stage2-train-primary,preselected dependency checkpoint,planned,Learning-curve test evaluation; never use for checkpoint selection
rover-off-534933607-stage2-policy_eval-curve_epoch_55,prospective-ten,534933607,rover,Rover,off,RQ1/RQ2,policy_eval,stage2,curve_epoch_55,experiments_numeric.architecture_2.rover_mcts,hmrp-ha-gbfs,epoch:55:stage2:rover:off:534933607,,,True,,,,,,,3,4g,6,20G,04:00:00,,VAL,rover-off-534933607-stage2-train-primary,preselected dependency checkpoint,planned,Learning-curve test evaluation; never use for checkpoint selection
rover-off-534933607-stage2-policy_eval-curve_epoch_60,prospective-ten,534933607,rover,Rover,off,RQ1/RQ2,policy_eval,stage2,curve_epoch_60,experiments_numeric.architecture_2.rover_mcts,hmrp-ha-gbfs,epoch:60:stage2:rover:off:534933607,,,True,,,,,,,3,4g,6,20G,04:00:00,,VAL,rover-off-534933607-stage2-train-primary,preselected dependency checkpoint,planned,Learning-curve test evaluation; never use for checkpoint selection
rover-off-534933607-stage2-policy_eval-curve_epoch_65,prospective-ten,534933607,rover,Rover,off,RQ1/RQ2,policy_eval,stage2,curve_epoch_65,experiments_numeric.architecture_2.rover_mcts,hmrp-ha-gbfs,epoch:65:stage2:rover:off:534933607,,,True,,,,,,,3,4g,6,20G,04:00:00,,VAL,rover-off-534933607-stage2-train-primary,preselected dependency checkpoint,planned,Learning-curve test evaluation; never use for checkpoint selection
rover-off-534933607-stage2-policy_eval-curve_epoch_70,prospective-ten,534933607,rover,Rover,off,RQ1/RQ2,policy_eval,stage2,curve_epoch_70,experiments_numeric.architecture_2.rover_mcts,hmrp-ha-gbfs,epoch:70:stage2:rover:off:534933607,,,True,,,,,,,3,4g,6,20G,04:00:00,,VAL,rover-off-534933607-stage2-train-primary,preselected dependency checkpoint,planned,Learning-curve test evaluation; never use for checkpoint selection
rover-off-534933607-stage2-policy_eval-curve_epoch_75,prospective-ten,534933607,rover,Rover,off,RQ1/RQ2,policy_eval,stage2,curve_epoch_75,experiments_numeric.architecture_2.rover_mcts,hmrp-ha-gbfs,epoch:75:stage2:rover:off:534933607,,,True,,,,,,,3,4g,6,20G,04:00:00,,VAL,rover-off-534933607-stage2-train-primary,preselected dependency checkpoint,planned,Learning-curve test evaluation; never use for checkpoint selection
rover-off-534933607-stage2-policy_eval-curve_epoch_80,prospective-ten,534933607,rover,Rover,off,RQ1/RQ2,policy_eval,stage2,curve_epoch_80,experiments_numeric.architecture_2.rover_mcts,hmrp-ha-gbfs,epoch:80:stage2:rover:off:534933607,,,True,,,,,,,3,4g,6,20G,04:00:00,,VAL,rover-off-534933607-stage2-train-primary,preselected dependency checkpoint,planned,Learning-curve test evaluation; never use for checkpoint selection
rover-off-534933607-stage2-policy_eval-curve_epoch_85,prospective-ten,534933607,rover,Rover,off,RQ1/RQ2,policy_eval,stage2,curve_epoch_85,experiments_numeric.architecture_2.rover_mcts,hmrp-ha-gbfs,epoch:85:stage2:rover:off:534933607,,,True,,,,,,,3,4g,6,20G,04:00:00,,VAL,rover-off-534933607-stage2-train-primary,preselected dependency checkpoint,planned,Learning-curve test evaluation; never use for checkpoint selection
rover-off-534933607-stage2-policy_eval-curve_epoch_90,prospective-ten,534933607,rover,Rover,off,RQ1/RQ2,policy_eval,stage2,curve_epoch_90,experiments_numeric.architecture_2.rover_mcts,hmrp-ha-gbfs,epoch:90:stage2:rover:off:534933607,,,True,,,,,,,3,4g,6,20G,04:00:00,,VAL,rover-off-534933607-stage2-train-primary,preselected dependency checkpoint,planned,Learning-curve test evaluation; never use for checkpoint selection
rover-off-534933607-stage2-policy_eval-curve_epoch_95,prospective-ten,534933607,rover,Rover,off,RQ1/RQ2,policy_eval,stage2,curve_epoch_95,experiments_numeric.architecture_2.rover_mcts,hmrp-ha-gbfs,epoch:95:stage2:rover:off:534933607,,,True,,,,,,,3,4g,6,20G,04:00:00,,VAL,rover-off-534933607-stage2-train-primary,preselected dependency checkpoint,planned,Learning-curve test evaluation; never use for checkpoint selection
rover-off-534933607-stage2-policy_eval-curve_epoch_99,prospective-ten,534933607,rover,Rover,off,RQ1/RQ2,policy_eval,stage2,curve_epoch_99,experiments_numeric.architecture_2.rover_mcts,hmrp-ha-gbfs,epoch:99:stage2:rover:off:534933607,,,True,,,,,,,3,4g,6,20G,04:00:00,,VAL,rover-off-534933607-stage2-train-primary,preselected dependency checkpoint,planned,Learning-curve test evaluation; never use for checkpoint selection
rover-off-2082152039-stage2-policy_eval-curve_epoch_00,prospective-ten,2082152039,rover,Rover,off,RQ1/RQ2,policy_eval,stage2,curve_epoch_00,experiments_numeric.architecture_2.rover_mcts,hmrp-ha-gbfs,epoch:0:stage2:rover:off:2082152039,,,True,,,,,,,3,4g,6,20G,04:00:00,,VAL,rover-off-2082152039-stage2-train-primary,preselected dependency checkpoint,planned,Learning-curve test evaluation; never use for checkpoint selection
rover-off-2082152039-stage2-policy_eval-curve_epoch_05,prospective-ten,2082152039,rover,Rover,off,RQ1/RQ2,policy_eval,stage2,curve_epoch_05,experiments_numeric.architecture_2.rover_mcts,hmrp-ha-gbfs,epoch:5:stage2:rover:off:2082152039,,,True,,,,,,,3,4g,6,20G,04:00:00,,VAL,rover-off-2082152039-stage2-train-primary,preselected dependency checkpoint,planned,Learning-curve test evaluation; never use for checkpoint selection
rover-off-2082152039-stage2-policy_eval-curve_epoch_10,prospective-ten,2082152039,rover,Rover,off,RQ1/RQ2,policy_eval,stage2,curve_epoch_10,experiments_numeric.architecture_2.rover_mcts,hmrp-ha-gbfs,epoch:10:stage2:rover:off:2082152039,,,True,,,,,,,3,4g,6,20G,04:00:00,,VAL,rover-off-2082152039-stage2-train-primary,preselected dependency checkpoint,planned,Learning-curve test evaluation; never use for checkpoint selection
rover-off-2082152039-stage2-policy_eval-curve_epoch_15,prospective-ten,2082152039,rover,Rover,off,RQ1/RQ2,policy_eval,stage2,curve_epoch_15,experiments_numeric.architecture_2.rover_mcts,hmrp-ha-gbfs,epoch:15:stage2:rover:off:2082152039,,,True,,,,,,,3,4g,6,20G,04:00:00,,VAL,rover-off-2082152039-stage2-train-primary,preselected dependency checkpoint,planned,Learning-curve test evaluation; never use for checkpoint selection
rover-off-2082152039-stage2-policy_eval-curve_epoch_20,prospective-ten,2082152039,rover,Rover,off,RQ1/RQ2,policy_eval,stage2,curve_epoch_20,experiments_numeric.architecture_2.rover_mcts,hmrp-ha-gbfs,epoch:20:stage2:rover:off:2082152039,,,True,,,,,,,3,4g,6,20G,04:00:00,,VAL,rover-off-2082152039-stage2-train-primary,preselected dependency checkpoint,planned,Learning-curve test evaluation; never use for checkpoint selection
rover-off-2082152039-stage2-policy_eval-curve_epoch_25,prospective-ten,2082152039,rover,Rover,off,RQ1/RQ2,policy_eval,stage2,curve_epoch_25,experiments_numeric.architecture_2.rover_mcts,hmrp-ha-gbfs,epoch:25:stage2:rover:off:2082152039,,,True,,,,,,,3,4g,6,20G,04:00:00,,VAL,rover-off-2082152039-stage2-train-primary,preselected dependency checkpoint,planned,Learning-curve test evaluation; never use for checkpoint selection
rover-off-2082152039-stage2-policy_eval-curve_epoch_30,prospective-ten,2082152039,rover,Rover,off,RQ1/RQ2,policy_eval,stage2,curve_epoch_30,experiments_numeric.architecture_2.rover_mcts,hmrp-ha-gbfs,epoch:30:stage2:rover:off:2082152039,,,True,,,,,,,3,4g,6,20G,04:00:00,,VAL,rover-off-2082152039-stage2-train-primary,preselected dependency checkpoint,planned,Learning-curve test evaluation; never use for checkpoint selection
rover-off-2082152039-stage2-policy_eval-curve_epoch_35,prospective-ten,2082152039,rover,Rover,off,RQ1/RQ2,policy_eval,stage2,curve_epoch_35,experiments_numeric.architecture_2.rover_mcts,hmrp-ha-gbfs,epoch:35:stage2:rover:off:2082152039,,,True,,,,,,,3,4g,6,20G,04:00:00,,VAL,rover-off-2082152039-stage2-train-primary,preselected dependency checkpoint,planned,Learning-curve test evaluation; never use for checkpoint selection
rover-off-2082152039-stage2-policy_eval-curve_epoch_40,prospective-ten,2082152039,rover,Rover,off,RQ1/RQ2,policy_eval,stage2,curve_epoch_40,experiments_numeric.architecture_2.rover_mcts,hmrp-ha-gbfs,epoch:40:stage2:rover:off:2082152039,,,True,,,,,,,3,4g,6,20G,04:00:00,,VAL,rover-off-2082152039-stage2-train-primary,preselected dependency checkpoint,planned,Learning-curve test evaluation; never use for checkpoint selection
rover-off-2082152039-stage2-policy_eval-curve_epoch_45,prospective-ten,2082152039,rover,Rover,off,RQ1/RQ2,policy_eval,stage2,curve_epoch_45,experiments_numeric.architecture_2.rover_mcts,hmrp-ha-gbfs,epoch:45:stage2:rover:off:2082152039,,,True,,,,,,,3,4g,6,20G,04:00:00,,VAL,rover-off-2082152039-stage2-train-primary,preselected dependency checkpoint,planned,Learning-curve test evaluation; never use for checkpoint selection
rover-off-2082152039-stage2-policy_eval-curve_epoch_50,prospective-ten,2082152039,rover,Rover,off,RQ1/RQ2,policy_eval,stage2,curve_epoch_50,experiments_numeric.architecture_2.rover_mcts,hmrp-ha-gbfs,epoch:50:stage2:rover:off:2082152039,,,True,,,,,,,3,4g,6,20G,04:00:00,,VAL,rover-off-2082152039-stage2-train-primary,preselected dependency checkpoint,planned,Learning-curve test evaluation; never use for checkpoint selection
rover-off-2082152039-stage2-policy_eval-curve_epoch_55,prospective-ten,2082152039,rover,Rover,off,RQ1/RQ2,policy_eval,stage2,curve_epoch_55,experiments_numeric.architecture_2.rover_mcts,hmrp-ha-gbfs,epoch:55:stage2:rover:off:2082152039,,,True,,,,,,,3,4g,6,20G,04:00:00,,VAL,rover-off-2082152039-stage2-train-primary,preselected dependency checkpoint,planned,Learning-curve test evaluation; never use for checkpoint selection
rover-off-2082152039-stage2-policy_eval-curve_epoch_60,prospective-ten,2082152039,rover,Rover,off,RQ1/RQ2,policy_eval,stage2,curve_epoch_60,experiments_numeric.architecture_2.rover_mcts,hmrp-ha-gbfs,epoch:60:stage2:rover:off:2082152039,,,True,,,,,,,3,4g,6,20G,04:00:00,,VAL,rover-off-2082152039-stage2-train-primary,preselected dependency checkpoint,planned,Learning-curve test evaluation; never use for checkpoint selection
rover-off-2082152039-stage2-policy_eval-curve_epoch_65,prospective-ten,2082152039,rover,Rover,off,RQ1/RQ2,policy_eval,stage2,curve_epoch_65,experiments_numeric.architecture_2.rover_mcts,hmrp-ha-gbfs,epoch:65:stage2:rover:off:2082152039,,,True,,,,,,,3,4g,6,20G,04:00:00,,VAL,rover-off-2082152039-stage2-train-primary,preselected dependency checkpoint,planned,Learning-curve test evaluation; never use for checkpoint selection
rover-off-2082152039-stage2-policy_eval-curve_epoch_70,prospective-ten,2082152039,rover,Rover,off,RQ1/RQ2,policy_eval,stage2,curve_epoch_70,experiments_numeric.architecture_2.rover_mcts,hmrp-ha-gbfs,epoch:70:stage2:rover:off:2082152039,,,True,,,,,,,3,4g,6,20G,04:00:00,,VAL,rover-off-2082152039-stage2-train-primary,preselected dependency checkpoint,planned,Learning-curve test evaluation; never use for checkpoint selection
rover-off-2082152039-stage2-policy_eval-curve_epoch_75,prospective-ten,2082152039,rover,Rover,off,RQ1/RQ2,policy_eval,stage2,curve_epoch_75,experiments_numeric.architecture_2.rover_mcts,hmrp-ha-gbfs,epoch:75:stage2:rover:off:2082152039,,,True,,,,,,,3,4g,6,20G,04:00:00,,VAL,rover-off-2082152039-stage2-train-primary,preselected dependency checkpoint,planned,Learning-curve test evaluation; never use for checkpoint selection
rover-off-2082152039-stage2-policy_eval-curve_epoch_80,prospective-ten,2082152039,rover,Rover,off,RQ1/RQ2,policy_eval,stage2,curve_epoch_80,experiments_numeric.architecture_2.rover_mcts,hmrp-ha-gbfs,epoch:80:stage2:rover:off:2082152039,,,True,,,,,,,3,4g,6,20G,04:00:00,,VAL,rover-off-2082152039-stage2-train-primary,preselected dependency checkpoint,planned,Learning-curve test evaluation; never use for checkpoint selection
rover-off-2082152039-stage2-policy_eval-curve_epoch_85,prospective-ten,2082152039,rover,Rover,off,RQ1/RQ2,policy_eval,stage2,curve_epoch_85,experiments_numeric.architecture_2.rover_mcts,hmrp-ha-gbfs,epoch:85:stage2:rover:off:2082152039,,,True,,,,,,,3,4g,6,20G,04:00:00,,VAL,rover-off-2082152039-stage2-train-primary,preselected dependency checkpoint,planned,Learning-curve test evaluation; never use for checkpoint selection
rover-off-2082152039-stage2-policy_eval-curve_epoch_90,prospective-ten,2082152039,rover,Rover,off,RQ1/RQ2,policy_eval,stage2,curve_epoch_90,experiments_numeric.architecture_2.rover_mcts,hmrp-ha-gbfs,epoch:90:stage2:rover:off:2082152039,,,True,,,,,,,3,4g,6,20G,04:00:00,,VAL,rover-off-2082152039-stage2-train-primary,preselected dependency checkpoint,planned,Learning-curve test evaluation; never use for checkpoint selection
rover-off-2082152039-stage2-policy_eval-curve_epoch_95,prospective-ten,2082152039,rover,Rover,off,RQ1/RQ2,policy_eval,stage2,curve_epoch_95,experiments_numeric.architecture_2.rover_mcts,hmrp-ha-gbfs,epoch:95:stage2:rover:off:2082152039,,,True,,,,,,,3,4g,6,20G,04:00:00,,VAL,rover-off-2082152039-stage2-train-primary,preselected dependency checkpoint,planned,Learning-curve test evaluation; never use for checkpoint selection
rover-off-2082152039-stage2-policy_eval-curve_epoch_99,prospective-ten,2082152039,rover,Rover,off,RQ1/RQ2,policy_eval,stage2,curve_epoch_99,experiments_numeric.architecture_2.rover_mcts,hmrp-ha-gbfs,epoch:99:stage2:rover:off:2082152039,,,True,,,,,,,3,4g,6,20G,04:00:00,,VAL,rover-off-2082152039-stage2-train-primary,preselected dependency checkpoint,planned,Learning-curve test evaluation; never use for checkpoint selection
rover-off-1510771779-stage2-policy_eval-curve_epoch_00,prospective-ten,1510771779,rover,Rover,off,RQ1/RQ2,policy_eval,stage2,curve_epoch_00,experiments_numeric.architecture_2.rover_mcts,hmrp-ha-gbfs,epoch:0:stage2:rover:off:1510771779,,,True,,,,,,,3,4g,6,20G,04:00:00,,VAL,rover-off-1510771779-stage2-train-primary,preselected dependency checkpoint,planned,Learning-curve test evaluation; never use for checkpoint selection
rover-off-1510771779-stage2-policy_eval-curve_epoch_05,prospective-ten,1510771779,rover,Rover,off,RQ1/RQ2,policy_eval,stage2,curve_epoch_05,experiments_numeric.architecture_2.rover_mcts,hmrp-ha-gbfs,epoch:5:stage2:rover:off:1510771779,,,True,,,,,,,3,4g,6,20G,04:00:00,,VAL,rover-off-1510771779-stage2-train-primary,preselected dependency checkpoint,planned,Learning-curve test evaluation; never use for checkpoint selection
rover-off-1510771779-stage2-policy_eval-curve_epoch_10,prospective-ten,1510771779,rover,Rover,off,RQ1/RQ2,policy_eval,stage2,curve_epoch_10,experiments_numeric.architecture_2.rover_mcts,hmrp-ha-gbfs,epoch:10:stage2:rover:off:1510771779,,,True,,,,,,,3,4g,6,20G,04:00:00,,VAL,rover-off-1510771779-stage2-train-primary,preselected dependency checkpoint,planned,Learning-curve test evaluation; never use for checkpoint selection
rover-off-1510771779-stage2-policy_eval-curve_epoch_15,prospective-ten,1510771779,rover,Rover,off,RQ1/RQ2,policy_eval,stage2,curve_epoch_15,experiments_numeric.architecture_2.rover_mcts,hmrp-ha-gbfs,epoch:15:stage2:rover:off:1510771779,,,True,,,,,,,3,4g,6,20G,04:00:00,,VAL,rover-off-1510771779-stage2-train-primary,preselected dependency checkpoint,planned,Learning-curve test evaluation; never use for checkpoint selection
rover-off-1510771779-stage2-policy_eval-curve_epoch_20,prospective-ten,1510771779,rover,Rover,off,RQ1/RQ2,policy_eval,stage2,curve_epoch_20,experiments_numeric.architecture_2.rover_mcts,hmrp-ha-gbfs,epoch:20:stage2:rover:off:1510771779,,,True,,,,,,,3,4g,6,20G,04:00:00,,VAL,rover-off-1510771779-stage2-train-primary,preselected dependency checkpoint,planned,Learning-curve test evaluation; never use for checkpoint selection
rover-off-1510771779-stage2-policy_eval-curve_epoch_25,prospective-ten,1510771779,rover,Rover,off,RQ1/RQ2,policy_eval,stage2,curve_epoch_25,experiments_numeric.architecture_2.rover_mcts,hmrp-ha-gbfs,epoch:25:stage2:rover:off:1510771779,,,True,,,,,,,3,4g,6,20G,04:00:00,,VAL,rover-off-1510771779-stage2-train-primary,preselected dependency checkpoint,planned,Learning-curve test evaluation; never use for checkpoint selection
rover-off-1510771779-stage2-policy_eval-curve_epoch_30,prospective-ten,1510771779,rover,Rover,off,RQ1/RQ2,policy_eval,stage2,curve_epoch_30,experiments_numeric.architecture_2.rover_mcts,hmrp-ha-gbfs,epoch:30:stage2:rover:off:1510771779,,,True,,,,,,,3,4g,6,20G,04:00:00,,VAL,rover-off-1510771779-stage2-train-primary,preselected dependency checkpoint,planned,Learning-curve test evaluation; never use for checkpoint selection
rover-off-1510771779-stage2-policy_eval-curve_epoch_35,prospective-ten,1510771779,rover,Rover,off,RQ1/RQ2,policy_eval,stage2,curve_epoch_35,experiments_numeric.architecture_2.rover_mcts,hmrp-ha-gbfs,epoch:35:stage2:rover:off:1510771779,,,True,,,,,,,3,4g,6,20G,04:00:00,,VAL,rover-off-1510771779-stage2-train-primary,preselected dependency checkpoint,planned,Learning-curve test evaluation; never use for checkpoint selection
rover-off-1510771779-stage2-policy_eval-curve_epoch_40,prospective-ten,1510771779,rover,Rover,off,RQ1/RQ2,policy_eval,stage2,curve_epoch_40,experiments_numeric.architecture_2.rover_mcts,hmrp-ha-gbfs,epoch:40:stage2:rover:off:1510771779,,,True,,,,,,,3,4g,6,20G,04:00:00,,VAL,rover-off-1510771779-stage2-train-primary,preselected dependency checkpoint,planned,Learning-curve test evaluation; never use for checkpoint selection
rover-off-1510771779-stage2-policy_eval-curve_epoch_45,prospective-ten,1510771779,rover,Rover,off,RQ1/RQ2,policy_eval,stage2,curve_epoch_45,experiments_numeric.architecture_2.rover_mcts,hmrp-ha-gbfs,epoch:45:stage2:rover:off:1510771779,,,True,,,,,,,3,4g,6,20G,04:00:00,,VAL,rover-off-1510771779-stage2-train-primary,preselected dependency checkpoint,planned,Learning-curve test evaluation; never use for checkpoint selection
rover-off-1510771779-stage2-policy_eval-curve_epoch_50,prospective-ten,1510771779,rover,Rover,off,RQ1/RQ2,policy_eval,stage2,curve_epoch_50,experiments_numeric.architecture_2.rover_mcts,hmrp-ha-gbfs,epoch:50:stage2:rover:off:1510771779,,,True,,,,,,,3,4g,6,20G,04:00:00,,VAL,rover-off-1510771779-stage2-train-primary,preselected dependency checkpoint,planned,Learning-curve test evaluation; never use for checkpoint selection
rover-off-1510771779-stage2-policy_eval-curve_epoch_55,prospective-ten,1510771779,rover,Rover,off,RQ1/RQ2,policy_eval,stage2,curve_epoch_55,experiments_numeric.architecture_2.rover_mcts,hmrp-ha-gbfs,epoch:55:stage2:rover:off:1510771779,,,True,,,,,,,3,4g,6,20G,04:00:00,,VAL,rover-off-1510771779-stage2-train-primary,preselected dependency checkpoint,planned,Learning-curve test evaluation; never use for checkpoint selection
rover-off-1510771779-stage2-policy_eval-curve_epoch_60,prospective-ten,1510771779,rover,Rover,off,RQ1/RQ2,policy_eval,stage2,curve_epoch_60,experiments_numeric.architecture_2.rover_mcts,hmrp-ha-gbfs,epoch:60:stage2:rover:off:1510771779,,,True,,,,,,,3,4g,6,20G,04:00:00,,VAL,rover-off-1510771779-stage2-train-primary,preselected dependency checkpoint,planned,Learning-curve test evaluation; never use for checkpoint selection
rover-off-1510771779-stage2-policy_eval-curve_epoch_65,prospective-ten,1510771779,rover,Rover,off,RQ1/RQ2,policy_eval,stage2,curve_epoch_65,experiments_numeric.architecture_2.rover_mcts,hmrp-ha-gbfs,epoch:65:stage2:rover:off:1510771779,,,True,,,,,,,3,4g,6,20G,04:00:00,,VAL,rover-off-1510771779-stage2-train-primary,preselected dependency checkpoint,planned,Learning-curve test evaluation; never use for checkpoint selection
rover-off-1510771779-stage2-policy_eval-curve_epoch_70,prospective-ten,1510771779,rover,Rover,off,RQ1/RQ2,policy_eval,stage2,curve_epoch_70,experiments_numeric.architecture_2.rover_mcts,hmrp-ha-gbfs,epoch:70:stage2:rover:off:1510771779,,,True,,,,,,,3,4g,6,20G,04:00:00,,VAL,rover-off-1510771779-stage2-train-primary,preselected dependency checkpoint,planned,Learning-curve test evaluation; never use for checkpoint selection
rover-off-1510771779-stage2-policy_eval-curve_epoch_75,prospective-ten,1510771779,rover,Rover,off,RQ1/RQ2,policy_eval,stage2,curve_epoch_75,experiments_numeric.architecture_2.rover_mcts,hmrp-ha-gbfs,epoch:75:stage2:rover:off:1510771779,,,True,,,,,,,3,4g,6,20G,04:00:00,,VAL,rover-off-1510771779-stage2-train-primary,preselected dependency checkpoint,planned,Learning-curve test evaluation; never use for checkpoint selection
rover-off-1510771779-stage2-policy_eval-curve_epoch_80,prospective-ten,1510771779,rover,Rover,off,RQ1/RQ2,policy_eval,stage2,curve_epoch_80,experiments_numeric.architecture_2.rover_mcts,hmrp-ha-gbfs,epoch:80:stage2:rover:off:1510771779,,,True,,,,,,,3,4g,6,20G,04:00:00,,VAL,rover-off-1510771779-stage2-train-primary,preselected dependency checkpoint,planned,Learning-curve test evaluation; never use for checkpoint selection
rover-off-1510771779-stage2-policy_eval-curve_epoch_85,prospective-ten,1510771779,rover,Rover,off,RQ1/RQ2,policy_eval,stage2,curve_epoch_85,experiments_numeric.architecture_2.rover_mcts,hmrp-ha-gbfs,epoch:85:stage2:rover:off:1510771779,,,True,,,,,,,3,4g,6,20G,04:00:00,,VAL,rover-off-1510771779-stage2-train-primary,preselected dependency checkpoint,planned,Learning-curve test evaluation; never use for checkpoint selection
rover-off-1510771779-stage2-policy_eval-curve_epoch_90,prospective-ten,1510771779,rover,Rover,off,RQ1/RQ2,policy_eval,stage2,curve_epoch_90,experiments_numeric.architecture_2.rover_mcts,hmrp-ha-gbfs,epoch:90:stage2:rover:off:1510771779,,,True,,,,,,,3,4g,6,20G,04:00:00,,VAL,rover-off-1510771779-stage2-train-primary,preselected dependency checkpoint,planned,Learning-curve test evaluation; never use for checkpoint selection
rover-off-1510771779-stage2-policy_eval-curve_epoch_95,prospective-ten,1510771779,rover,Rover,off,RQ1/RQ2,policy_eval,stage2,curve_epoch_95,experiments_numeric.architecture_2.rover_mcts,hmrp-ha-gbfs,epoch:95:stage2:rover:off:1510771779,,,True,,,,,,,3,4g,6,20G,04:00:00,,VAL,rover-off-1510771779-stage2-train-primary,preselected dependency checkpoint,planned,Learning-curve test evaluation; never use for checkpoint selection
rover-off-1510771779-stage2-policy_eval-curve_epoch_99,prospective-ten,1510771779,rover,Rover,off,RQ1/RQ2,policy_eval,stage2,curve_epoch_99,experiments_numeric.architecture_2.rover_mcts,hmrp-ha-gbfs,epoch:99:stage2:rover:off:1510771779,,,True,,,,,,,3,4g,6,20G,04:00:00,,VAL,rover-off-1510771779-stage2-train-primary,preselected dependency checkpoint,planned,Learning-curve test evaluation; never use for checkpoint selection
rover-off-923500475-stage2-policy_eval-curve_epoch_00,prospective-ten,923500475,rover,Rover,off,RQ1/RQ2,policy_eval,stage2,curve_epoch_00,experiments_numeric.architecture_2.rover_mcts,hmrp-ha-gbfs,epoch:0:stage2:rover:off:923500475,,,True,,,,,,,3,4g,6,20G,04:00:00,,VAL,rover-off-923500475-stage2-train-primary,preselected dependency checkpoint,planned,Learning-curve test evaluation; never use for checkpoint selection
rover-off-923500475-stage2-policy_eval-curve_epoch_05,prospective-ten,923500475,rover,Rover,off,RQ1/RQ2,policy_eval,stage2,curve_epoch_05,experiments_numeric.architecture_2.rover_mcts,hmrp-ha-gbfs,epoch:5:stage2:rover:off:923500475,,,True,,,,,,,3,4g,6,20G,04:00:00,,VAL,rover-off-923500475-stage2-train-primary,preselected dependency checkpoint,planned,Learning-curve test evaluation; never use for checkpoint selection
rover-off-923500475-stage2-policy_eval-curve_epoch_10,prospective-ten,923500475,rover,Rover,off,RQ1/RQ2,policy_eval,stage2,curve_epoch_10,experiments_numeric.architecture_2.rover_mcts,hmrp-ha-gbfs,epoch:10:stage2:rover:off:923500475,,,True,,,,,,,3,4g,6,20G,04:00:00,,VAL,rover-off-923500475-stage2-train-primary,preselected dependency checkpoint,planned,Learning-curve test evaluation; never use for checkpoint selection
rover-off-923500475-stage2-policy_eval-curve_epoch_15,prospective-ten,923500475,rover,Rover,off,RQ1/RQ2,policy_eval,stage2,curve_epoch_15,experiments_numeric.architecture_2.rover_mcts,hmrp-ha-gbfs,epoch:15:stage2:rover:off:923500475,,,True,,,,,,,3,4g,6,20G,04:00:00,,VAL,rover-off-923500475-stage2-train-primary,preselected dependency checkpoint,planned,Learning-curve test evaluation; never use for checkpoint selection
rover-off-923500475-stage2-policy_eval-curve_epoch_20,prospective-ten,923500475,rover,Rover,off,RQ1/RQ2,policy_eval,stage2,curve_epoch_20,experiments_numeric.architecture_2.rover_mcts,hmrp-ha-gbfs,epoch:20:stage2:rover:off:923500475,,,True,,,,,,,3,4g,6,20G,04:00:00,,VAL,rover-off-923500475-stage2-train-primary,preselected dependency checkpoint,planned,Learning-curve test evaluation; never use for checkpoint selection
rover-off-923500475-stage2-policy_eval-curve_epoch_25,prospective-ten,923500475,rover,Rover,off,RQ1/RQ2,policy_eval,stage2,curve_epoch_25,experiments_numeric.architecture_2.rover_mcts,hmrp-ha-gbfs,epoch:25:stage2:rover:off:923500475,,,True,,,,,,,3,4g,6,20G,04:00:00,,VAL,rover-off-923500475-stage2-train-primary,preselected dependency checkpoint,planned,Learning-curve test evaluation; never use for checkpoint selection
rover-off-923500475-stage2-policy_eval-curve_epoch_30,prospective-ten,923500475,rover,Rover,off,RQ1/RQ2,policy_eval,stage2,curve_epoch_30,experiments_numeric.architecture_2.rover_mcts,hmrp-ha-gbfs,epoch:30:stage2:rover:off:923500475,,,True,,,,,,,3,4g,6,20G,04:00:00,,VAL,rover-off-923500475-stage2-train-primary,preselected dependency checkpoint,planned,Learning-curve test evaluation; never use for checkpoint selection
rover-off-923500475-stage2-policy_eval-curve_epoch_35,prospective-ten,923500475,rover,Rover,off,RQ1/RQ2,policy_eval,stage2,curve_epoch_35,experiments_numeric.architecture_2.rover_mcts,hmrp-ha-gbfs,epoch:35:stage2:rover:off:923500475,,,True,,,,,,,3,4g,6,20G,04:00:00,,VAL,rover-off-923500475-stage2-train-primary,preselected dependency checkpoint,planned,Learning-curve test evaluation; never use for checkpoint selection
rover-off-923500475-stage2-policy_eval-curve_epoch_40,prospective-ten,923500475,rover,Rover,off,RQ1/RQ2,policy_eval,stage2,curve_epoch_40,experiments_numeric.architecture_2.rover_mcts,hmrp-ha-gbfs,epoch:40:stage2:rover:off:923500475,,,True,,,,,,,3,4g,6,20G,04:00:00,,VAL,rover-off-923500475-stage2-train-primary,preselected dependency checkpoint,planned,Learning-curve test evaluation; never use for checkpoint selection
rover-off-923500475-stage2-policy_eval-curve_epoch_45,prospective-ten,923500475,rover,Rover,off,RQ1/RQ2,policy_eval,stage2,curve_epoch_45,experiments_numeric.architecture_2.rover_mcts,hmrp-ha-gbfs,epoch:45:stage2:rover:off:923500475,,,True,,,,,,,3,4g,6,20G,04:00:00,,VAL,rover-off-923500475-stage2-train-primary,preselected dependency checkpoint,planned,Learning-curve test evaluation; never use for checkpoint selection
rover-off-923500475-stage2-policy_eval-curve_epoch_50,prospective-ten,923500475,rover,Rover,off,RQ1/RQ2,policy_eval,stage2,curve_epoch_50,experiments_numeric.architecture_2.rover_mcts,hmrp-ha-gbfs,epoch:50:stage2:rover:off:923500475,,,True,,,,,,,3,4g,6,20G,04:00:00,,VAL,rover-off-923500475-stage2-train-primary,preselected dependency checkpoint,planned,Learning-curve test evaluation; never use for checkpoint selection
rover-off-923500475-stage2-policy_eval-curve_epoch_55,prospective-ten,923500475,rover,Rover,off,RQ1/RQ2,policy_eval,stage2,curve_epoch_55,experiments_numeric.architecture_2.rover_mcts,hmrp-ha-gbfs,epoch:55:stage2:rover:off:923500475,,,True,,,,,,,3,4g,6,20G,04:00:00,,VAL,rover-off-923500475-stage2-train-primary,preselected dependency checkpoint,planned,Learning-curve test evaluation; never use for checkpoint selection
rover-off-923500475-stage2-policy_eval-curve_epoch_60,prospective-ten,923500475,rover,Rover,off,RQ1/RQ2,policy_eval,stage2,curve_epoch_60,experiments_numeric.architecture_2.rover_mcts,hmrp-ha-gbfs,epoch:60:stage2:rover:off:923500475,,,True,,,,,,,3,4g,6,20G,04:00:00,,VAL,rover-off-923500475-stage2-train-primary,preselected dependency checkpoint,planned,Learning-curve test evaluation; never use for checkpoint selection
rover-off-923500475-stage2-policy_eval-curve_epoch_65,prospective-ten,923500475,rover,Rover,off,RQ1/RQ2,policy_eval,stage2,curve_epoch_65,experiments_numeric.architecture_2.rover_mcts,hmrp-ha-gbfs,epoch:65:stage2:rover:off:923500475,,,True,,,,,,,3,4g,6,20G,04:00:00,,VAL,rover-off-923500475-stage2-train-primary,preselected dependency checkpoint,planned,Learning-curve test evaluation; never use for checkpoint selection
rover-off-923500475-stage2-policy_eval-curve_epoch_70,prospective-ten,923500475,rover,Rover,off,RQ1/RQ2,policy_eval,stage2,curve_epoch_70,experiments_numeric.architecture_2.rover_mcts,hmrp-ha-gbfs,epoch:70:stage2:rover:off:923500475,,,True,,,,,,,3,4g,6,20G,04:00:00,,VAL,rover-off-923500475-stage2-train-primary,preselected dependency checkpoint,planned,Learning-curve test evaluation; never use for checkpoint selection
rover-off-923500475-stage2-policy_eval-curve_epoch_75,prospective-ten,923500475,rover,Rover,off,RQ1/RQ2,policy_eval,stage2,curve_epoch_75,experiments_numeric.architecture_2.rover_mcts,hmrp-ha-gbfs,epoch:75:stage2:rover:off:923500475,,,True,,,,,,,3,4g,6,20G,04:00:00,,VAL,rover-off-923500475-stage2-train-primary,preselected dependency checkpoint,planned,Learning-curve test evaluation; never use for checkpoint selection
rover-off-923500475-stage2-policy_eval-curve_epoch_80,prospective-ten,923500475,rover,Rover,off,RQ1/RQ2,policy_eval,stage2,curve_epoch_80,experiments_numeric.architecture_2.rover_mcts,hmrp-ha-gbfs,epoch:80:stage2:rover:off:923500475,,,True,,,,,,,3,4g,6,20G,04:00:00,,VAL,rover-off-923500475-stage2-train-primary,preselected dependency checkpoint,planned,Learning-curve test evaluation; never use for checkpoint selection
rover-off-923500475-stage2-policy_eval-curve_epoch_85,prospective-ten,923500475,rover,Rover,off,RQ1/RQ2,policy_eval,stage2,curve_epoch_85,experiments_numeric.architecture_2.rover_mcts,hmrp-ha-gbfs,epoch:85:stage2:rover:off:923500475,,,True,,,,,,,3,4g,6,20G,04:00:00,,VAL,rover-off-923500475-stage2-train-primary,preselected dependency checkpoint,planned,Learning-curve test evaluation; never use for checkpoint selection
rover-off-923500475-stage2-policy_eval-curve_epoch_90,prospective-ten,923500475,rover,Rover,off,RQ1/RQ2,policy_eval,stage2,curve_epoch_90,experiments_numeric.architecture_2.rover_mcts,hmrp-ha-gbfs,epoch:90:stage2:rover:off:923500475,,,True,,,,,,,3,4g,6,20G,04:00:00,,VAL,rover-off-923500475-stage2-train-primary,preselected dependency checkpoint,planned,Learning-curve test evaluation; never use for checkpoint selection
rover-off-923500475-stage2-policy_eval-curve_epoch_95,prospective-ten,923500475,rover,Rover,off,RQ1/RQ2,policy_eval,stage2,curve_epoch_95,experiments_numeric.architecture_2.rover_mcts,hmrp-ha-gbfs,epoch:95:stage2:rover:off:923500475,,,True,,,,,,,3,4g,6,20G,04:00:00,,VAL,rover-off-923500475-stage2-train-primary,preselected dependency checkpoint,planned,Learning-curve test evaluation; never use for checkpoint selection
rover-off-923500475-stage2-policy_eval-curve_epoch_99,prospective-ten,923500475,rover,Rover,off,RQ1/RQ2,policy_eval,stage2,curve_epoch_99,experiments_numeric.architecture_2.rover_mcts,hmrp-ha-gbfs,epoch:99:stage2:rover:off:923500475,,,True,,,,,,,3,4g,6,20G,04:00:00,,VAL,rover-off-923500475-stage2-train-primary,preselected dependency checkpoint,planned,Learning-curve test evaluation; never use for checkpoint selection
rover-off-1972442430-stage2-policy_eval-curve_epoch_00,prospective-ten,1972442430,rover,Rover,off,RQ1/RQ2,policy_eval,stage2,curve_epoch_00,experiments_numeric.architecture_2.rover_mcts,hmrp-ha-gbfs,epoch:0:stage2:rover:off:1972442430,,,True,,,,,,,3,4g,6,20G,04:00:00,,VAL,rover-off-1972442430-stage2-train-primary,preselected dependency checkpoint,planned,Learning-curve test evaluation; never use for checkpoint selection
rover-off-1972442430-stage2-policy_eval-curve_epoch_05,prospective-ten,1972442430,rover,Rover,off,RQ1/RQ2,policy_eval,stage2,curve_epoch_05,experiments_numeric.architecture_2.rover_mcts,hmrp-ha-gbfs,epoch:5:stage2:rover:off:1972442430,,,True,,,,,,,3,4g,6,20G,04:00:00,,VAL,rover-off-1972442430-stage2-train-primary,preselected dependency checkpoint,planned,Learning-curve test evaluation; never use for checkpoint selection
rover-off-1972442430-stage2-policy_eval-curve_epoch_10,prospective-ten,1972442430,rover,Rover,off,RQ1/RQ2,policy_eval,stage2,curve_epoch_10,experiments_numeric.architecture_2.rover_mcts,hmrp-ha-gbfs,epoch:10:stage2:rover:off:1972442430,,,True,,,,,,,3,4g,6,20G,04:00:00,,VAL,rover-off-1972442430-stage2-train-primary,preselected dependency checkpoint,planned,Learning-curve test evaluation; never use for checkpoint selection
rover-off-1972442430-stage2-policy_eval-curve_epoch_15,prospective-ten,1972442430,rover,Rover,off,RQ1/RQ2,policy_eval,stage2,curve_epoch_15,experiments_numeric.architecture_2.rover_mcts,hmrp-ha-gbfs,epoch:15:stage2:rover:off:1972442430,,,True,,,,,,,3,4g,6,20G,04:00:00,,VAL,rover-off-1972442430-stage2-train-primary,preselected dependency checkpoint,planned,Learning-curve test evaluation; never use for checkpoint selection
rover-off-1972442430-stage2-policy_eval-curve_epoch_20,prospective-ten,1972442430,rover,Rover,off,RQ1/RQ2,policy_eval,stage2,curve_epoch_20,experiments_numeric.architecture_2.rover_mcts,hmrp-ha-gbfs,epoch:20:stage2:rover:off:1972442430,,,True,,,,,,,3,4g,6,20G,04:00:00,,VAL,rover-off-1972442430-stage2-train-primary,preselected dependency checkpoint,planned,Learning-curve test evaluation; never use for checkpoint selection
rover-off-1972442430-stage2-policy_eval-curve_epoch_25,prospective-ten,1972442430,rover,Rover,off,RQ1/RQ2,policy_eval,stage2,curve_epoch_25,experiments_numeric.architecture_2.rover_mcts,hmrp-ha-gbfs,epoch:25:stage2:rover:off:1972442430,,,True,,,,,,,3,4g,6,20G,04:00:00,,VAL,rover-off-1972442430-stage2-train-primary,preselected dependency checkpoint,planned,Learning-curve test evaluation; never use for checkpoint selection
rover-off-1972442430-stage2-policy_eval-curve_epoch_30,prospective-ten,1972442430,rover,Rover,off,RQ1/RQ2,policy_eval,stage2,curve_epoch_30,experiments_numeric.architecture_2.rover_mcts,hmrp-ha-gbfs,epoch:30:stage2:rover:off:1972442430,,,True,,,,,,,3,4g,6,20G,04:00:00,,VAL,rover-off-1972442430-stage2-train-primary,preselected dependency checkpoint,planned,Learning-curve test evaluation; never use for checkpoint selection
rover-off-1972442430-stage2-policy_eval-curve_epoch_35,prospective-ten,1972442430,rover,Rover,off,RQ1/RQ2,policy_eval,stage2,curve_epoch_35,experiments_numeric.architecture_2.rover_mcts,hmrp-ha-gbfs,epoch:35:stage2:rover:off:1972442430,,,True,,,,,,,3,4g,6,20G,04:00:00,,VAL,rover-off-1972442430-stage2-train-primary,preselected dependency checkpoint,planned,Learning-curve test evaluation; never use for checkpoint selection
rover-off-1972442430-stage2-policy_eval-curve_epoch_40,prospective-ten,1972442430,rover,Rover,off,RQ1/RQ2,policy_eval,stage2,curve_epoch_40,experiments_numeric.architecture_2.rover_mcts,hmrp-ha-gbfs,epoch:40:stage2:rover:off:1972442430,,,True,,,,,,,3,4g,6,20G,04:00:00,,VAL,rover-off-1972442430-stage2-train-primary,preselected dependency checkpoint,planned,Learning-curve test evaluation; never use for checkpoint selection
rover-off-1972442430-stage2-policy_eval-curve_epoch_45,prospective-ten,1972442430,rover,Rover,off,RQ1/RQ2,policy_eval,stage2,curve_epoch_45,experiments_numeric.architecture_2.rover_mcts,hmrp-ha-gbfs,epoch:45:stage2:rover:off:1972442430,,,True,,,,,,,3,4g,6,20G,04:00:00,,VAL,rover-off-1972442430-stage2-train-primary,preselected dependency checkpoint,planned,Learning-curve test evaluation; never use for checkpoint selection
rover-off-1972442430-stage2-policy_eval-curve_epoch_50,prospective-ten,1972442430,rover,Rover,off,RQ1/RQ2,policy_eval,stage2,curve_epoch_50,experiments_numeric.architecture_2.rover_mcts,hmrp-ha-gbfs,epoch:50:stage2:rover:off:1972442430,,,True,,,,,,,3,4g,6,20G,04:00:00,,VAL,rover-off-1972442430-stage2-train-primary,preselected dependency checkpoint,planned,Learning-curve test evaluation; never use for checkpoint selection
rover-off-1972442430-stage2-policy_eval-curve_epoch_55,prospective-ten,1972442430,rover,Rover,off,RQ1/RQ2,policy_eval,stage2,curve_epoch_55,experiments_numeric.architecture_2.rover_mcts,hmrp-ha-gbfs,epoch:55:stage2:rover:off:1972442430,,,True,,,,,,,3,4g,6,20G,04:00:00,,VAL,rover-off-1972442430-stage2-train-primary,preselected dependency checkpoint,planned,Learning-curve test evaluation; never use for checkpoint selection
rover-off-1972442430-stage2-policy_eval-curve_epoch_60,prospective-ten,1972442430,rover,Rover,off,RQ1/RQ2,policy_eval,stage2,curve_epoch_60,experiments_numeric.architecture_2.rover_mcts,hmrp-ha-gbfs,epoch:60:stage2:rover:off:1972442430,,,True,,,,,,,3,4g,6,20G,04:00:00,,VAL,rover-off-1972442430-stage2-train-primary,preselected dependency checkpoint,planned,Learning-curve test evaluation; never use for checkpoint selection
rover-off-1972442430-stage2-policy_eval-curve_epoch_65,prospective-ten,1972442430,rover,Rover,off,RQ1/RQ2,policy_eval,stage2,curve_epoch_65,experiments_numeric.architecture_2.rover_mcts,hmrp-ha-gbfs,epoch:65:stage2:rover:off:1972442430,,,True,,,,,,,3,4g,6,20G,04:00:00,,VAL,rover-off-1972442430-stage2-train-primary,preselected dependency checkpoint,planned,Learning-curve test evaluation; never use for checkpoint selection
rover-off-1972442430-stage2-policy_eval-curve_epoch_70,prospective-ten,1972442430,rover,Rover,off,RQ1/RQ2,policy_eval,stage2,curve_epoch_70,experiments_numeric.architecture_2.rover_mcts,hmrp-ha-gbfs,epoch:70:stage2:rover:off:1972442430,,,True,,,,,,,3,4g,6,20G,04:00:00,,VAL,rover-off-1972442430-stage2-train-primary,preselected dependency checkpoint,planned,Learning-curve test evaluation; never use for checkpoint selection
rover-off-1972442430-stage2-policy_eval-curve_epoch_75,prospective-ten,1972442430,rover,Rover,off,RQ1/RQ2,policy_eval,stage2,curve_epoch_75,experiments_numeric.architecture_2.rover_mcts,hmrp-ha-gbfs,epoch:75:stage2:rover:off:1972442430,,,True,,,,,,,3,4g,6,20G,04:00:00,,VAL,rover-off-1972442430-stage2-train-primary,preselected dependency checkpoint,planned,Learning-curve test evaluation; never use for checkpoint selection
rover-off-1972442430-stage2-policy_eval-curve_epoch_80,prospective-ten,1972442430,rover,Rover,off,RQ1/RQ2,policy_eval,stage2,curve_epoch_80,experiments_numeric.architecture_2.rover_mcts,hmrp-ha-gbfs,epoch:80:stage2:rover:off:1972442430,,,True,,,,,,,3,4g,6,20G,04:00:00,,VAL,rover-off-1972442430-stage2-train-primary,preselected dependency checkpoint,planned,Learning-curve test evaluation; never use for checkpoint selection
rover-off-1972442430-stage2-policy_eval-curve_epoch_85,prospective-ten,1972442430,rover,Rover,off,RQ1/RQ2,policy_eval,stage2,curve_epoch_85,experiments_numeric.architecture_2.rover_mcts,hmrp-ha-gbfs,epoch:85:stage2:rover:off:1972442430,,,True,,,,,,,3,4g,6,20G,04:00:00,,VAL,rover-off-1972442430-stage2-train-primary,preselected dependency checkpoint,planned,Learning-curve test evaluation; never use for checkpoint selection
rover-off-1972442430-stage2-policy_eval-curve_epoch_90,prospective-ten,1972442430,rover,Rover,off,RQ1/RQ2,policy_eval,stage2,curve_epoch_90,experiments_numeric.architecture_2.rover_mcts,hmrp-ha-gbfs,epoch:90:stage2:rover:off:1972442430,,,True,,,,,,,3,4g,6,20G,04:00:00,,VAL,rover-off-1972442430-stage2-train-primary,preselected dependency checkpoint,planned,Learning-curve test evaluation; never use for checkpoint selection
rover-off-1972442430-stage2-policy_eval-curve_epoch_95,prospective-ten,1972442430,rover,Rover,off,RQ1/RQ2,policy_eval,stage2,curve_epoch_95,experiments_numeric.architecture_2.rover_mcts,hmrp-ha-gbfs,epoch:95:stage2:rover:off:1972442430,,,True,,,,,,,3,4g,6,20G,04:00:00,,VAL,rover-off-1972442430-stage2-train-primary,preselected dependency checkpoint,planned,Learning-curve test evaluation; never use for checkpoint selection
rover-off-1972442430-stage2-policy_eval-curve_epoch_99,prospective-ten,1972442430,rover,Rover,off,RQ1/RQ2,policy_eval,stage2,curve_epoch_99,experiments_numeric.architecture_2.rover_mcts,hmrp-ha-gbfs,epoch:99:stage2:rover:off:1972442430,,,True,,,,,,,3,4g,6,20G,04:00:00,,VAL,rover-off-1972442430-stage2-train-primary,preselected dependency checkpoint,planned,Learning-curve test evaluation; never use for checkpoint selection
rover-on-1963100312-stage2-policy_eval-curve_epoch_00,prospective-ten,1963100312,rover,Rover,on,RQ3/RQ4,policy_eval,stage2,curve_epoch_00,experiments_numeric.architecture_2.rover_mcts,hmrp-ha-gbfs,epoch:0:stage2:rover:on:1963100312,,,True,,,,,,,3,4g,6,20G,04:00:00,,VAL,rover-on-1963100312-stage2-train-primary,preselected dependency checkpoint,planned,Learning-curve test evaluation; never use for checkpoint selection
rover-on-1963100312-stage2-policy_eval-curve_epoch_05,prospective-ten,1963100312,rover,Rover,on,RQ3/RQ4,policy_eval,stage2,curve_epoch_05,experiments_numeric.architecture_2.rover_mcts,hmrp-ha-gbfs,epoch:5:stage2:rover:on:1963100312,,,True,,,,,,,3,4g,6,20G,04:00:00,,VAL,rover-on-1963100312-stage2-train-primary,preselected dependency checkpoint,planned,Learning-curve test evaluation; never use for checkpoint selection
rover-on-1963100312-stage2-policy_eval-curve_epoch_10,prospective-ten,1963100312,rover,Rover,on,RQ3/RQ4,policy_eval,stage2,curve_epoch_10,experiments_numeric.architecture_2.rover_mcts,hmrp-ha-gbfs,epoch:10:stage2:rover:on:1963100312,,,True,,,,,,,3,4g,6,20G,04:00:00,,VAL,rover-on-1963100312-stage2-train-primary,preselected dependency checkpoint,planned,Learning-curve test evaluation; never use for checkpoint selection
rover-on-1963100312-stage2-policy_eval-curve_epoch_15,prospective-ten,1963100312,rover,Rover,on,RQ3/RQ4,policy_eval,stage2,curve_epoch_15,experiments_numeric.architecture_2.rover_mcts,hmrp-ha-gbfs,epoch:15:stage2:rover:on:1963100312,,,True,,,,,,,3,4g,6,20G,04:00:00,,VAL,rover-on-1963100312-stage2-train-primary,preselected dependency checkpoint,planned,Learning-curve test evaluation; never use for checkpoint selection
rover-on-1963100312-stage2-policy_eval-curve_epoch_20,prospective-ten,1963100312,rover,Rover,on,RQ3/RQ4,policy_eval,stage2,curve_epoch_20,experiments_numeric.architecture_2.rover_mcts,hmrp-ha-gbfs,epoch:20:stage2:rover:on:1963100312,,,True,,,,,,,3,4g,6,20G,04:00:00,,VAL,rover-on-1963100312-stage2-train-primary,preselected dependency checkpoint,planned,Learning-curve test evaluation; never use for checkpoint selection
rover-on-1963100312-stage2-policy_eval-curve_epoch_25,prospective-ten,1963100312,rover,Rover,on,RQ3/RQ4,policy_eval,stage2,curve_epoch_25,experiments_numeric.architecture_2.rover_mcts,hmrp-ha-gbfs,epoch:25:stage2:rover:on:1963100312,,,True,,,,,,,3,4g,6,20G,04:00:00,,VAL,rover-on-1963100312-stage2-train-primary,preselected dependency checkpoint,planned,Learning-curve test evaluation; never use for checkpoint selection
rover-on-1963100312-stage2-policy_eval-curve_epoch_30,prospective-ten,1963100312,rover,Rover,on,RQ3/RQ4,policy_eval,stage2,curve_epoch_30,experiments_numeric.architecture_2.rover_mcts,hmrp-ha-gbfs,epoch:30:stage2:rover:on:1963100312,,,True,,,,,,,3,4g,6,20G,04:00:00,,VAL,rover-on-1963100312-stage2-train-primary,preselected dependency checkpoint,planned,Learning-curve test evaluation; never use for checkpoint selection
rover-on-1963100312-stage2-policy_eval-curve_epoch_35,prospective-ten,1963100312,rover,Rover,on,RQ3/RQ4,policy_eval,stage2,curve_epoch_35,experiments_numeric.architecture_2.rover_mcts,hmrp-ha-gbfs,epoch:35:stage2:rover:on:1963100312,,,True,,,,,,,3,4g,6,20G,04:00:00,,VAL,rover-on-1963100312-stage2-train-primary,preselected dependency checkpoint,planned,Learning-curve test evaluation; never use for checkpoint selection
rover-on-1963100312-stage2-policy_eval-curve_epoch_40,prospective-ten,1963100312,rover,Rover,on,RQ3/RQ4,policy_eval,stage2,curve_epoch_40,experiments_numeric.architecture_2.rover_mcts,hmrp-ha-gbfs,epoch:40:stage2:rover:on:1963100312,,,True,,,,,,,3,4g,6,20G,04:00:00,,VAL,rover-on-1963100312-stage2-train-primary,preselected dependency checkpoint,planned,Learning-curve test evaluation; never use for checkpoint selection
rover-on-1963100312-stage2-policy_eval-curve_epoch_45,prospective-ten,1963100312,rover,Rover,on,RQ3/RQ4,policy_eval,stage2,curve_epoch_45,experiments_numeric.architecture_2.rover_mcts,hmrp-ha-gbfs,epoch:45:stage2:rover:on:1963100312,,,True,,,,,,,3,4g,6,20G,04:00:00,,VAL,rover-on-1963100312-stage2-train-primary,preselected dependency checkpoint,planned,Learning-curve test evaluation; never use for checkpoint selection
rover-on-1963100312-stage2-policy_eval-curve_epoch_50,prospective-ten,1963100312,rover,Rover,on,RQ3/RQ4,policy_eval,stage2,curve_epoch_50,experiments_numeric.architecture_2.rover_mcts,hmrp-ha-gbfs,epoch:50:stage2:rover:on:1963100312,,,True,,,,,,,3,4g,6,20G,04:00:00,,VAL,rover-on-1963100312-stage2-train-primary,preselected dependency checkpoint,planned,Learning-curve test evaluation; never use for checkpoint selection
rover-on-1963100312-stage2-policy_eval-curve_epoch_55,prospective-ten,1963100312,rover,Rover,on,RQ3/RQ4,policy_eval,stage2,curve_epoch_55,experiments_numeric.architecture_2.rover_mcts,hmrp-ha-gbfs,epoch:55:stage2:rover:on:1963100312,,,True,,,,,,,3,4g,6,20G,04:00:00,,VAL,rover-on-1963100312-stage2-train-primary,preselected dependency checkpoint,planned,Learning-curve test evaluation; never use for checkpoint selection
rover-on-1963100312-stage2-policy_eval-curve_epoch_60,prospective-ten,1963100312,rover,Rover,on,RQ3/RQ4,policy_eval,stage2,curve_epoch_60,experiments_numeric.architecture_2.rover_mcts,hmrp-ha-gbfs,epoch:60:stage2:rover:on:1963100312,,,True,,,,,,,3,4g,6,20G,04:00:00,,VAL,rover-on-1963100312-stage2-train-primary,preselected dependency checkpoint,planned,Learning-curve test evaluation; never use for checkpoint selection
rover-on-1963100312-stage2-policy_eval-curve_epoch_65,prospective-ten,1963100312,rover,Rover,on,RQ3/RQ4,policy_eval,stage2,curve_epoch_65,experiments_numeric.architecture_2.rover_mcts,hmrp-ha-gbfs,epoch:65:stage2:rover:on:1963100312,,,True,,,,,,,3,4g,6,20G,04:00:00,,VAL,rover-on-1963100312-stage2-train-primary,preselected dependency checkpoint,planned,Learning-curve test evaluation; never use for checkpoint selection
rover-on-1963100312-stage2-policy_eval-curve_epoch_70,prospective-ten,1963100312,rover,Rover,on,RQ3/RQ4,policy_eval,stage2,curve_epoch_70,experiments_numeric.architecture_2.rover_mcts,hmrp-ha-gbfs,epoch:70:stage2:rover:on:1963100312,,,True,,,,,,,3,4g,6,20G,04:00:00,,VAL,rover-on-1963100312-stage2-train-primary,preselected dependency checkpoint,planned,Learning-curve test evaluation; never use for checkpoint selection
rover-on-1963100312-stage2-policy_eval-curve_epoch_75,prospective-ten,1963100312,rover,Rover,on,RQ3/RQ4,policy_eval,stage2,curve_epoch_75,experiments_numeric.architecture_2.rover_mcts,hmrp-ha-gbfs,epoch:75:stage2:rover:on:1963100312,,,True,,,,,,,3,4g,6,20G,04:00:00,,VAL,rover-on-1963100312-stage2-train-primary,preselected dependency checkpoint,planned,Learning-curve test evaluation; never use for checkpoint selection
rover-on-1963100312-stage2-policy_eval-curve_epoch_80,prospective-ten,1963100312,rover,Rover,on,RQ3/RQ4,policy_eval,stage2,curve_epoch_80,experiments_numeric.architecture_2.rover_mcts,hmrp-ha-gbfs,epoch:80:stage2:rover:on:1963100312,,,True,,,,,,,3,4g,6,20G,04:00:00,,VAL,rover-on-1963100312-stage2-train-primary,preselected dependency checkpoint,planned,Learning-curve test evaluation; never use for checkpoint selection
rover-on-1963100312-stage2-policy_eval-curve_epoch_85,prospective-ten,1963100312,rover,Rover,on,RQ3/RQ4,policy_eval,stage2,curve_epoch_85,experiments_numeric.architecture_2.rover_mcts,hmrp-ha-gbfs,epoch:85:stage2:rover:on:1963100312,,,True,,,,,,,3,4g,6,20G,04:00:00,,VAL,rover-on-1963100312-stage2-train-primary,preselected dependency checkpoint,planned,Learning-curve test evaluation; never use for checkpoint selection
rover-on-1963100312-stage2-policy_eval-curve_epoch_90,prospective-ten,1963100312,rover,Rover,on,RQ3/RQ4,policy_eval,stage2,curve_epoch_90,experiments_numeric.architecture_2.rover_mcts,hmrp-ha-gbfs,epoch:90:stage2:rover:on:1963100312,,,True,,,,,,,3,4g,6,20G,04:00:00,,VAL,rover-on-1963100312-stage2-train-primary,preselected dependency checkpoint,planned,Learning-curve test evaluation; never use for checkpoint selection
rover-on-1963100312-stage2-policy_eval-curve_epoch_95,prospective-ten,1963100312,rover,Rover,on,RQ3/RQ4,policy_eval,stage2,curve_epoch_95,experiments_numeric.architecture_2.rover_mcts,hmrp-ha-gbfs,epoch:95:stage2:rover:on:1963100312,,,True,,,,,,,3,4g,6,20G,04:00:00,,VAL,rover-on-1963100312-stage2-train-primary,preselected dependency checkpoint,planned,Learning-curve test evaluation; never use for checkpoint selection
rover-on-1963100312-stage2-policy_eval-curve_epoch_99,prospective-ten,1963100312,rover,Rover,on,RQ3/RQ4,policy_eval,stage2,curve_epoch_99,experiments_numeric.architecture_2.rover_mcts,hmrp-ha-gbfs,epoch:99:stage2:rover:on:1963100312,,,True,,,,,,,3,4g,6,20G,04:00:00,,VAL,rover-on-1963100312-stage2-train-primary,preselected dependency checkpoint,planned,Learning-curve test evaluation; never use for checkpoint selection
rover-on-2011206605-stage2-policy_eval-curve_epoch_00,prospective-ten,2011206605,rover,Rover,on,RQ3/RQ4,policy_eval,stage2,curve_epoch_00,experiments_numeric.architecture_2.rover_mcts,hmrp-ha-gbfs,epoch:0:stage2:rover:on:2011206605,,,True,,,,,,,3,4g,6,20G,04:00:00,,VAL,rover-on-2011206605-stage2-train-primary,preselected dependency checkpoint,planned,Learning-curve test evaluation; never use for checkpoint selection
rover-on-2011206605-stage2-policy_eval-curve_epoch_05,prospective-ten,2011206605,rover,Rover,on,RQ3/RQ4,policy_eval,stage2,curve_epoch_05,experiments_numeric.architecture_2.rover_mcts,hmrp-ha-gbfs,epoch:5:stage2:rover:on:2011206605,,,True,,,,,,,3,4g,6,20G,04:00:00,,VAL,rover-on-2011206605-stage2-train-primary,preselected dependency checkpoint,planned,Learning-curve test evaluation; never use for checkpoint selection
rover-on-2011206605-stage2-policy_eval-curve_epoch_10,prospective-ten,2011206605,rover,Rover,on,RQ3/RQ4,policy_eval,stage2,curve_epoch_10,experiments_numeric.architecture_2.rover_mcts,hmrp-ha-gbfs,epoch:10:stage2:rover:on:2011206605,,,True,,,,,,,3,4g,6,20G,04:00:00,,VAL,rover-on-2011206605-stage2-train-primary,preselected dependency checkpoint,planned,Learning-curve test evaluation; never use for checkpoint selection
rover-on-2011206605-stage2-policy_eval-curve_epoch_15,prospective-ten,2011206605,rover,Rover,on,RQ3/RQ4,policy_eval,stage2,curve_epoch_15,experiments_numeric.architecture_2.rover_mcts,hmrp-ha-gbfs,epoch:15:stage2:rover:on:2011206605,,,True,,,,,,,3,4g,6,20G,04:00:00,,VAL,rover-on-2011206605-stage2-train-primary,preselected dependency checkpoint,planned,Learning-curve test evaluation; never use for checkpoint selection
rover-on-2011206605-stage2-policy_eval-curve_epoch_20,prospective-ten,2011206605,rover,Rover,on,RQ3/RQ4,policy_eval,stage2,curve_epoch_20,experiments_numeric.architecture_2.rover_mcts,hmrp-ha-gbfs,epoch:20:stage2:rover:on:2011206605,,,True,,,,,,,3,4g,6,20G,04:00:00,,VAL,rover-on-2011206605-stage2-train-primary,preselected dependency checkpoint,planned,Learning-curve test evaluation; never use for checkpoint selection
rover-on-2011206605-stage2-policy_eval-curve_epoch_25,prospective-ten,2011206605,rover,Rover,on,RQ3/RQ4,policy_eval,stage2,curve_epoch_25,experiments_numeric.architecture_2.rover_mcts,hmrp-ha-gbfs,epoch:25:stage2:rover:on:2011206605,,,True,,,,,,,3,4g,6,20G,04:00:00,,VAL,rover-on-2011206605-stage2-train-primary,preselected dependency checkpoint,planned,Learning-curve test evaluation; never use for checkpoint selection
rover-on-2011206605-stage2-policy_eval-curve_epoch_30,prospective-ten,2011206605,rover,Rover,on,RQ3/RQ4,policy_eval,stage2,curve_epoch_30,experiments_numeric.architecture_2.rover_mcts,hmrp-ha-gbfs,epoch:30:stage2:rover:on:2011206605,,,True,,,,,,,3,4g,6,20G,04:00:00,,VAL,rover-on-2011206605-stage2-train-primary,preselected dependency checkpoint,planned,Learning-curve test evaluation; never use for checkpoint selection
rover-on-2011206605-stage2-policy_eval-curve_epoch_35,prospective-ten,2011206605,rover,Rover,on,RQ3/RQ4,policy_eval,stage2,curve_epoch_35,experiments_numeric.architecture_2.rover_mcts,hmrp-ha-gbfs,epoch:35:stage2:rover:on:2011206605,,,True,,,,,,,3,4g,6,20G,04:00:00,,VAL,rover-on-2011206605-stage2-train-primary,preselected dependency checkpoint,planned,Learning-curve test evaluation; never use for checkpoint selection
rover-on-2011206605-stage2-policy_eval-curve_epoch_40,prospective-ten,2011206605,rover,Rover,on,RQ3/RQ4,policy_eval,stage2,curve_epoch_40,experiments_numeric.architecture_2.rover_mcts,hmrp-ha-gbfs,epoch:40:stage2:rover:on:2011206605,,,True,,,,,,,3,4g,6,20G,04:00:00,,VAL,rover-on-2011206605-stage2-train-primary,preselected dependency checkpoint,planned,Learning-curve test evaluation; never use for checkpoint selection
rover-on-2011206605-stage2-policy_eval-curve_epoch_45,prospective-ten,2011206605,rover,Rover,on,RQ3/RQ4,policy_eval,stage2,curve_epoch_45,experiments_numeric.architecture_2.rover_mcts,hmrp-ha-gbfs,epoch:45:stage2:rover:on:2011206605,,,True,,,,,,,3,4g,6,20G,04:00:00,,VAL,rover-on-2011206605-stage2-train-primary,preselected dependency checkpoint,planned,Learning-curve test evaluation; never use for checkpoint selection
rover-on-2011206605-stage2-policy_eval-curve_epoch_50,prospective-ten,2011206605,rover,Rover,on,RQ3/RQ4,policy_eval,stage2,curve_epoch_50,experiments_numeric.architecture_2.rover_mcts,hmrp-ha-gbfs,epoch:50:stage2:rover:on:2011206605,,,True,,,,,,,3,4g,6,20G,04:00:00,,VAL,rover-on-2011206605-stage2-train-primary,preselected dependency checkpoint,planned,Learning-curve test evaluation; never use for checkpoint selection
rover-on-2011206605-stage2-policy_eval-curve_epoch_55,prospective-ten,2011206605,rover,Rover,on,RQ3/RQ4,policy_eval,stage2,curve_epoch_55,experiments_numeric.architecture_2.rover_mcts,hmrp-ha-gbfs,epoch:55:stage2:rover:on:2011206605,,,True,,,,,,,3,4g,6,20G,04:00:00,,VAL,rover-on-2011206605-stage2-train-primary,preselected dependency checkpoint,planned,Learning-curve test evaluation; never use for checkpoint selection
rover-on-2011206605-stage2-policy_eval-curve_epoch_60,prospective-ten,2011206605,rover,Rover,on,RQ3/RQ4,policy_eval,stage2,curve_epoch_60,experiments_numeric.architecture_2.rover_mcts,hmrp-ha-gbfs,epoch:60:stage2:rover:on:2011206605,,,True,,,,,,,3,4g,6,20G,04:00:00,,VAL,rover-on-2011206605-stage2-train-primary,preselected dependency checkpoint,planned,Learning-curve test evaluation; never use for checkpoint selection
rover-on-2011206605-stage2-policy_eval-curve_epoch_65,prospective-ten,2011206605,rover,Rover,on,RQ3/RQ4,policy_eval,stage2,curve_epoch_65,experiments_numeric.architecture_2.rover_mcts,hmrp-ha-gbfs,epoch:65:stage2:rover:on:2011206605,,,True,,,,,,,3,4g,6,20G,04:00:00,,VAL,rover-on-2011206605-stage2-train-primary,preselected dependency checkpoint,planned,Learning-curve test evaluation; never use for checkpoint selection
rover-on-2011206605-stage2-policy_eval-curve_epoch_70,prospective-ten,2011206605,rover,Rover,on,RQ3/RQ4,policy_eval,stage2,curve_epoch_70,experiments_numeric.architecture_2.rover_mcts,hmrp-ha-gbfs,epoch:70:stage2:rover:on:2011206605,,,True,,,,,,,3,4g,6,20G,04:00:00,,VAL,rover-on-2011206605-stage2-train-primary,preselected dependency checkpoint,planned,Learning-curve test evaluation; never use for checkpoint selection
rover-on-2011206605-stage2-policy_eval-curve_epoch_75,prospective-ten,2011206605,rover,Rover,on,RQ3/RQ4,policy_eval,stage2,curve_epoch_75,experiments_numeric.architecture_2.rover_mcts,hmrp-ha-gbfs,epoch:75:stage2:rover:on:2011206605,,,True,,,,,,,3,4g,6,20G,04:00:00,,VAL,rover-on-2011206605-stage2-train-primary,preselected dependency checkpoint,planned,Learning-curve test evaluation; never use for checkpoint selection
rover-on-2011206605-stage2-policy_eval-curve_epoch_80,prospective-ten,2011206605,rover,Rover,on,RQ3/RQ4,policy_eval,stage2,curve_epoch_80,experiments_numeric.architecture_2.rover_mcts,hmrp-ha-gbfs,epoch:80:stage2:rover:on:2011206605,,,True,,,,,,,3,4g,6,20G,04:00:00,,VAL,rover-on-2011206605-stage2-train-primary,preselected dependency checkpoint,planned,Learning-curve test evaluation; never use for checkpoint selection
rover-on-2011206605-stage2-policy_eval-curve_epoch_85,prospective-ten,2011206605,rover,Rover,on,RQ3/RQ4,policy_eval,stage2,curve_epoch_85,experiments_numeric.architecture_2.rover_mcts,hmrp-ha-gbfs,epoch:85:stage2:rover:on:2011206605,,,True,,,,,,,3,4g,6,20G,04:00:00,,VAL,rover-on-2011206605-stage2-train-primary,preselected dependency checkpoint,planned,Learning-curve test evaluation; never use for checkpoint selection
rover-on-2011206605-stage2-policy_eval-curve_epoch_90,prospective-ten,2011206605,rover,Rover,on,RQ3/RQ4,policy_eval,stage2,curve_epoch_90,experiments_numeric.architecture_2.rover_mcts,hmrp-ha-gbfs,epoch:90:stage2:rover:on:2011206605,,,True,,,,,,,3,4g,6,20G,04:00:00,,VAL,rover-on-2011206605-stage2-train-primary,preselected dependency checkpoint,planned,Learning-curve test evaluation; never use for checkpoint selection
rover-on-2011206605-stage2-policy_eval-curve_epoch_95,prospective-ten,2011206605,rover,Rover,on,RQ3/RQ4,policy_eval,stage2,curve_epoch_95,experiments_numeric.architecture_2.rover_mcts,hmrp-ha-gbfs,epoch:95:stage2:rover:on:2011206605,,,True,,,,,,,3,4g,6,20G,04:00:00,,VAL,rover-on-2011206605-stage2-train-primary,preselected dependency checkpoint,planned,Learning-curve test evaluation; never use for checkpoint selection
rover-on-2011206605-stage2-policy_eval-curve_epoch_99,prospective-ten,2011206605,rover,Rover,on,RQ3/RQ4,policy_eval,stage2,curve_epoch_99,experiments_numeric.architecture_2.rover_mcts,hmrp-ha-gbfs,epoch:99:stage2:rover:on:2011206605,,,True,,,,,,,3,4g,6,20G,04:00:00,,VAL,rover-on-2011206605-stage2-train-primary,preselected dependency checkpoint,planned,Learning-curve test evaluation; never use for checkpoint selection
rover-on-1073581256-stage2-policy_eval-curve_epoch_00,prospective-ten,1073581256,rover,Rover,on,RQ3/RQ4,policy_eval,stage2,curve_epoch_00,experiments_numeric.architecture_2.rover_mcts,hmrp-ha-gbfs,epoch:0:stage2:rover:on:1073581256,,,True,,,,,,,3,4g,6,20G,04:00:00,,VAL,rover-on-1073581256-stage2-train-primary,preselected dependency checkpoint,planned,Learning-curve test evaluation; never use for checkpoint selection
rover-on-1073581256-stage2-policy_eval-curve_epoch_05,prospective-ten,1073581256,rover,Rover,on,RQ3/RQ4,policy_eval,stage2,curve_epoch_05,experiments_numeric.architecture_2.rover_mcts,hmrp-ha-gbfs,epoch:5:stage2:rover:on:1073581256,,,True,,,,,,,3,4g,6,20G,04:00:00,,VAL,rover-on-1073581256-stage2-train-primary,preselected dependency checkpoint,planned,Learning-curve test evaluation; never use for checkpoint selection
rover-on-1073581256-stage2-policy_eval-curve_epoch_10,prospective-ten,1073581256,rover,Rover,on,RQ3/RQ4,policy_eval,stage2,curve_epoch_10,experiments_numeric.architecture_2.rover_mcts,hmrp-ha-gbfs,epoch:10:stage2:rover:on:1073581256,,,True,,,,,,,3,4g,6,20G,04:00:00,,VAL,rover-on-1073581256-stage2-train-primary,preselected dependency checkpoint,planned,Learning-curve test evaluation; never use for checkpoint selection
rover-on-1073581256-stage2-policy_eval-curve_epoch_15,prospective-ten,1073581256,rover,Rover,on,RQ3/RQ4,policy_eval,stage2,curve_epoch_15,experiments_numeric.architecture_2.rover_mcts,hmrp-ha-gbfs,epoch:15:stage2:rover:on:1073581256,,,True,,,,,,,3,4g,6,20G,04:00:00,,VAL,rover-on-1073581256-stage2-train-primary,preselected dependency checkpoint,planned,Learning-curve test evaluation; never use for checkpoint selection
rover-on-1073581256-stage2-policy_eval-curve_epoch_20,prospective-ten,1073581256,rover,Rover,on,RQ3/RQ4,policy_eval,stage2,curve_epoch_20,experiments_numeric.architecture_2.rover_mcts,hmrp-ha-gbfs,epoch:20:stage2:rover:on:1073581256,,,True,,,,,,,3,4g,6,20G,04:00:00,,VAL,rover-on-1073581256-stage2-train-primary,preselected dependency checkpoint,planned,Learning-curve test evaluation; never use for checkpoint selection
rover-on-1073581256-stage2-policy_eval-curve_epoch_25,prospective-ten,1073581256,rover,Rover,on,RQ3/RQ4,policy_eval,stage2,curve_epoch_25,experiments_numeric.architecture_2.rover_mcts,hmrp-ha-gbfs,epoch:25:stage2:rover:on:1073581256,,,True,,,,,,,3,4g,6,20G,04:00:00,,VAL,rover-on-1073581256-stage2-train-primary,preselected dependency checkpoint,planned,Learning-curve test evaluation; never use for checkpoint selection
rover-on-1073581256-stage2-policy_eval-curve_epoch_30,prospective-ten,1073581256,rover,Rover,on,RQ3/RQ4,policy_eval,stage2,curve_epoch_30,experiments_numeric.architecture_2.rover_mcts,hmrp-ha-gbfs,epoch:30:stage2:rover:on:1073581256,,,True,,,,,,,3,4g,6,20G,04:00:00,,VAL,rover-on-1073581256-stage2-train-primary,preselected dependency checkpoint,planned,Learning-curve test evaluation; never use for checkpoint selection
rover-on-1073581256-stage2-policy_eval-curve_epoch_35,prospective-ten,1073581256,rover,Rover,on,RQ3/RQ4,policy_eval,stage2,curve_epoch_35,experiments_numeric.architecture_2.rover_mcts,hmrp-ha-gbfs,epoch:35:stage2:rover:on:1073581256,,,True,,,,,,,3,4g,6,20G,04:00:00,,VAL,rover-on-1073581256-stage2-train-primary,preselected dependency checkpoint,planned,Learning-curve test evaluation; never use for checkpoint selection
rover-on-1073581256-stage2-policy_eval-curve_epoch_40,prospective-ten,1073581256,rover,Rover,on,RQ3/RQ4,policy_eval,stage2,curve_epoch_40,experiments_numeric.architecture_2.rover_mcts,hmrp-ha-gbfs,epoch:40:stage2:rover:on:1073581256,,,True,,,,,,,3,4g,6,20G,04:00:00,,VAL,rover-on-1073581256-stage2-train-primary,preselected dependency checkpoint,planned,Learning-curve test evaluation; never use for checkpoint selection
rover-on-1073581256-stage2-policy_eval-curve_epoch_45,prospective-ten,1073581256,rover,Rover,on,RQ3/RQ4,policy_eval,stage2,curve_epoch_45,experiments_numeric.architecture_2.rover_mcts,hmrp-ha-gbfs,epoch:45:stage2:rover:on:1073581256,,,True,,,,,,,3,4g,6,20G,04:00:00,,VAL,rover-on-1073581256-stage2-train-primary,preselected dependency checkpoint,planned,Learning-curve test evaluation; never use for checkpoint selection
rover-on-1073581256-stage2-policy_eval-curve_epoch_50,prospective-ten,1073581256,rover,Rover,on,RQ3/RQ4,policy_eval,stage2,curve_epoch_50,experiments_numeric.architecture_2.rover_mcts,hmrp-ha-gbfs,epoch:50:stage2:rover:on:1073581256,,,True,,,,,,,3,4g,6,20G,04:00:00,,VAL,rover-on-1073581256-stage2-train-primary,preselected dependency checkpoint,planned,Learning-curve test evaluation; never use for checkpoint selection
rover-on-1073581256-stage2-policy_eval-curve_epoch_55,prospective-ten,1073581256,rover,Rover,on,RQ3/RQ4,policy_eval,stage2,curve_epoch_55,experiments_numeric.architecture_2.rover_mcts,hmrp-ha-gbfs,epoch:55:stage2:rover:on:1073581256,,,True,,,,,,,3,4g,6,20G,04:00:00,,VAL,rover-on-1073581256-stage2-train-primary,preselected dependency checkpoint,planned,Learning-curve test evaluation; never use for checkpoint selection
rover-on-1073581256-stage2-policy_eval-curve_epoch_60,prospective-ten,1073581256,rover,Rover,on,RQ3/RQ4,policy_eval,stage2,curve_epoch_60,experiments_numeric.architecture_2.rover_mcts,hmrp-ha-gbfs,epoch:60:stage2:rover:on:1073581256,,,True,,,,,,,3,4g,6,20G,04:00:00,,VAL,rover-on-1073581256-stage2-train-primary,preselected dependency checkpoint,planned,Learning-curve test evaluation; never use for checkpoint selection
rover-on-1073581256-stage2-policy_eval-curve_epoch_65,prospective-ten,1073581256,rover,Rover,on,RQ3/RQ4,policy_eval,stage2,curve_epoch_65,experiments_numeric.architecture_2.rover_mcts,hmrp-ha-gbfs,epoch:65:stage2:rover:on:1073581256,,,True,,,,,,,3,4g,6,20G,04:00:00,,VAL,rover-on-1073581256-stage2-train-primary,preselected dependency checkpoint,planned,Learning-curve test evaluation; never use for checkpoint selection
rover-on-1073581256-stage2-policy_eval-curve_epoch_70,prospective-ten,1073581256,rover,Rover,on,RQ3/RQ4,policy_eval,stage2,curve_epoch_70,experiments_numeric.architecture_2.rover_mcts,hmrp-ha-gbfs,epoch:70:stage2:rover:on:1073581256,,,True,,,,,,,3,4g,6,20G,04:00:00,,VAL,rover-on-1073581256-stage2-train-primary,preselected dependency checkpoint,planned,Learning-curve test evaluation; never use for checkpoint selection
rover-on-1073581256-stage2-policy_eval-curve_epoch_75,prospective-ten,1073581256,rover,Rover,on,RQ3/RQ4,policy_eval,stage2,curve_epoch_75,experiments_numeric.architecture_2.rover_mcts,hmrp-ha-gbfs,epoch:75:stage2:rover:on:1073581256,,,True,,,,,,,3,4g,6,20G,04:00:00,,VAL,rover-on-1073581256-stage2-train-primary,preselected dependency checkpoint,planned,Learning-curve test evaluation; never use for checkpoint selection
rover-on-1073581256-stage2-policy_eval-curve_epoch_80,prospective-ten,1073581256,rover,Rover,on,RQ3/RQ4,policy_eval,stage2,curve_epoch_80,experiments_numeric.architecture_2.rover_mcts,hmrp-ha-gbfs,epoch:80:stage2:rover:on:1073581256,,,True,,,,,,,3,4g,6,20G,04:00:00,,VAL,rover-on-1073581256-stage2-train-primary,preselected dependency checkpoint,planned,Learning-curve test evaluation; never use for checkpoint selection
rover-on-1073581256-stage2-policy_eval-curve_epoch_85,prospective-ten,1073581256,rover,Rover,on,RQ3/RQ4,policy_eval,stage2,curve_epoch_85,experiments_numeric.architecture_2.rover_mcts,hmrp-ha-gbfs,epoch:85:stage2:rover:on:1073581256,,,True,,,,,,,3,4g,6,20G,04:00:00,,VAL,rover-on-1073581256-stage2-train-primary,preselected dependency checkpoint,planned,Learning-curve test evaluation; never use for checkpoint selection
rover-on-1073581256-stage2-policy_eval-curve_epoch_90,prospective-ten,1073581256,rover,Rover,on,RQ3/RQ4,policy_eval,stage2,curve_epoch_90,experiments_numeric.architecture_2.rover_mcts,hmrp-ha-gbfs,epoch:90:stage2:rover:on:1073581256,,,True,,,,,,,3,4g,6,20G,04:00:00,,VAL,rover-on-1073581256-stage2-train-primary,preselected dependency checkpoint,planned,Learning-curve test evaluation; never use for checkpoint selection
rover-on-1073581256-stage2-policy_eval-curve_epoch_95,prospective-ten,1073581256,rover,Rover,on,RQ3/RQ4,policy_eval,stage2,curve_epoch_95,experiments_numeric.architecture_2.rover_mcts,hmrp-ha-gbfs,epoch:95:stage2:rover:on:1073581256,,,True,,,,,,,3,4g,6,20G,04:00:00,,VAL,rover-on-1073581256-stage2-train-primary,preselected dependency checkpoint,planned,Learning-curve test evaluation; never use for checkpoint selection
rover-on-1073581256-stage2-policy_eval-curve_epoch_99,prospective-ten,1073581256,rover,Rover,on,RQ3/RQ4,policy_eval,stage2,curve_epoch_99,experiments_numeric.architecture_2.rover_mcts,hmrp-ha-gbfs,epoch:99:stage2:rover:on:1073581256,,,True,,,,,,,3,4g,6,20G,04:00:00,,VAL,rover-on-1073581256-stage2-train-primary,preselected dependency checkpoint,planned,Learning-curve test evaluation; never use for checkpoint selection
rover-on-1239739722-stage2-policy_eval-curve_epoch_00,prospective-ten,1239739722,rover,Rover,on,RQ3/RQ4,policy_eval,stage2,curve_epoch_00,experiments_numeric.architecture_2.rover_mcts,hmrp-ha-gbfs,epoch:0:stage2:rover:on:1239739722,,,True,,,,,,,3,4g,6,20G,04:00:00,,VAL,rover-on-1239739722-stage2-train-primary,preselected dependency checkpoint,planned,Learning-curve test evaluation; never use for checkpoint selection
rover-on-1239739722-stage2-policy_eval-curve_epoch_05,prospective-ten,1239739722,rover,Rover,on,RQ3/RQ4,policy_eval,stage2,curve_epoch_05,experiments_numeric.architecture_2.rover_mcts,hmrp-ha-gbfs,epoch:5:stage2:rover:on:1239739722,,,True,,,,,,,3,4g,6,20G,04:00:00,,VAL,rover-on-1239739722-stage2-train-primary,preselected dependency checkpoint,planned,Learning-curve test evaluation; never use for checkpoint selection
rover-on-1239739722-stage2-policy_eval-curve_epoch_10,prospective-ten,1239739722,rover,Rover,on,RQ3/RQ4,policy_eval,stage2,curve_epoch_10,experiments_numeric.architecture_2.rover_mcts,hmrp-ha-gbfs,epoch:10:stage2:rover:on:1239739722,,,True,,,,,,,3,4g,6,20G,04:00:00,,VAL,rover-on-1239739722-stage2-train-primary,preselected dependency checkpoint,planned,Learning-curve test evaluation; never use for checkpoint selection
rover-on-1239739722-stage2-policy_eval-curve_epoch_15,prospective-ten,1239739722,rover,Rover,on,RQ3/RQ4,policy_eval,stage2,curve_epoch_15,experiments_numeric.architecture_2.rover_mcts,hmrp-ha-gbfs,epoch:15:stage2:rover:on:1239739722,,,True,,,,,,,3,4g,6,20G,04:00:00,,VAL,rover-on-1239739722-stage2-train-primary,preselected dependency checkpoint,planned,Learning-curve test evaluation; never use for checkpoint selection
rover-on-1239739722-stage2-policy_eval-curve_epoch_20,prospective-ten,1239739722,rover,Rover,on,RQ3/RQ4,policy_eval,stage2,curve_epoch_20,experiments_numeric.architecture_2.rover_mcts,hmrp-ha-gbfs,epoch:20:stage2:rover:on:1239739722,,,True,,,,,,,3,4g,6,20G,04:00:00,,VAL,rover-on-1239739722-stage2-train-primary,preselected dependency checkpoint,planned,Learning-curve test evaluation; never use for checkpoint selection
rover-on-1239739722-stage2-policy_eval-curve_epoch_25,prospective-ten,1239739722,rover,Rover,on,RQ3/RQ4,policy_eval,stage2,curve_epoch_25,experiments_numeric.architecture_2.rover_mcts,hmrp-ha-gbfs,epoch:25:stage2:rover:on:1239739722,,,True,,,,,,,3,4g,6,20G,04:00:00,,VAL,rover-on-1239739722-stage2-train-primary,preselected dependency checkpoint,planned,Learning-curve test evaluation; never use for checkpoint selection
rover-on-1239739722-stage2-policy_eval-curve_epoch_30,prospective-ten,1239739722,rover,Rover,on,RQ3/RQ4,policy_eval,stage2,curve_epoch_30,experiments_numeric.architecture_2.rover_mcts,hmrp-ha-gbfs,epoch:30:stage2:rover:on:1239739722,,,True,,,,,,,3,4g,6,20G,04:00:00,,VAL,rover-on-1239739722-stage2-train-primary,preselected dependency checkpoint,planned,Learning-curve test evaluation; never use for checkpoint selection
rover-on-1239739722-stage2-policy_eval-curve_epoch_35,prospective-ten,1239739722,rover,Rover,on,RQ3/RQ4,policy_eval,stage2,curve_epoch_35,experiments_numeric.architecture_2.rover_mcts,hmrp-ha-gbfs,epoch:35:stage2:rover:on:1239739722,,,True,,,,,,,3,4g,6,20G,04:00:00,,VAL,rover-on-1239739722-stage2-train-primary,preselected dependency checkpoint,planned,Learning-curve test evaluation; never use for checkpoint selection
rover-on-1239739722-stage2-policy_eval-curve_epoch_40,prospective-ten,1239739722,rover,Rover,on,RQ3/RQ4,policy_eval,stage2,curve_epoch_40,experiments_numeric.architecture_2.rover_mcts,hmrp-ha-gbfs,epoch:40:stage2:rover:on:1239739722,,,True,,,,,,,3,4g,6,20G,04:00:00,,VAL,rover-on-1239739722-stage2-train-primary,preselected dependency checkpoint,planned,Learning-curve test evaluation; never use for checkpoint selection
rover-on-1239739722-stage2-policy_eval-curve_epoch_45,prospective-ten,1239739722,rover,Rover,on,RQ3/RQ4,policy_eval,stage2,curve_epoch_45,experiments_numeric.architecture_2.rover_mcts,hmrp-ha-gbfs,epoch:45:stage2:rover:on:1239739722,,,True,,,,,,,3,4g,6,20G,04:00:00,,VAL,rover-on-1239739722-stage2-train-primary,preselected dependency checkpoint,planned,Learning-curve test evaluation; never use for checkpoint selection
rover-on-1239739722-stage2-policy_eval-curve_epoch_50,prospective-ten,1239739722,rover,Rover,on,RQ3/RQ4,policy_eval,stage2,curve_epoch_50,experiments_numeric.architecture_2.rover_mcts,hmrp-ha-gbfs,epoch:50:stage2:rover:on:1239739722,,,True,,,,,,,3,4g,6,20G,04:00:00,,VAL,rover-on-1239739722-stage2-train-primary,preselected dependency checkpoint,planned,Learning-curve test evaluation; never use for checkpoint selection
rover-on-1239739722-stage2-policy_eval-curve_epoch_55,prospective-ten,1239739722,rover,Rover,on,RQ3/RQ4,policy_eval,stage2,curve_epoch_55,experiments_numeric.architecture_2.rover_mcts,hmrp-ha-gbfs,epoch:55:stage2:rover:on:1239739722,,,True,,,,,,,3,4g,6,20G,04:00:00,,VAL,rover-on-1239739722-stage2-train-primary,preselected dependency checkpoint,planned,Learning-curve test evaluation; never use for checkpoint selection
rover-on-1239739722-stage2-policy_eval-curve_epoch_60,prospective-ten,1239739722,rover,Rover,on,RQ3/RQ4,policy_eval,stage2,curve_epoch_60,experiments_numeric.architecture_2.rover_mcts,hmrp-ha-gbfs,epoch:60:stage2:rover:on:1239739722,,,True,,,,,,,3,4g,6,20G,04:00:00,,VAL,rover-on-1239739722-stage2-train-primary,preselected dependency checkpoint,planned,Learning-curve test evaluation; never use for checkpoint selection
rover-on-1239739722-stage2-policy_eval-curve_epoch_65,prospective-ten,1239739722,rover,Rover,on,RQ3/RQ4,policy_eval,stage2,curve_epoch_65,experiments_numeric.architecture_2.rover_mcts,hmrp-ha-gbfs,epoch:65:stage2:rover:on:1239739722,,,True,,,,,,,3,4g,6,20G,04:00:00,,VAL,rover-on-1239739722-stage2-train-primary,preselected dependency checkpoint,planned,Learning-curve test evaluation; never use for checkpoint selection
rover-on-1239739722-stage2-policy_eval-curve_epoch_70,prospective-ten,1239739722,rover,Rover,on,RQ3/RQ4,policy_eval,stage2,curve_epoch_70,experiments_numeric.architecture_2.rover_mcts,hmrp-ha-gbfs,epoch:70:stage2:rover:on:1239739722,,,True,,,,,,,3,4g,6,20G,04:00:00,,VAL,rover-on-1239739722-stage2-train-primary,preselected dependency checkpoint,planned,Learning-curve test evaluation; never use for checkpoint selection
rover-on-1239739722-stage2-policy_eval-curve_epoch_75,prospective-ten,1239739722,rover,Rover,on,RQ3/RQ4,policy_eval,stage2,curve_epoch_75,experiments_numeric.architecture_2.rover_mcts,hmrp-ha-gbfs,epoch:75:stage2:rover:on:1239739722,,,True,,,,,,,3,4g,6,20G,04:00:00,,VAL,rover-on-1239739722-stage2-train-primary,preselected dependency checkpoint,planned,Learning-curve test evaluation; never use for checkpoint selection
rover-on-1239739722-stage2-policy_eval-curve_epoch_80,prospective-ten,1239739722,rover,Rover,on,RQ3/RQ4,policy_eval,stage2,curve_epoch_80,experiments_numeric.architecture_2.rover_mcts,hmrp-ha-gbfs,epoch:80:stage2:rover:on:1239739722,,,True,,,,,,,3,4g,6,20G,04:00:00,,VAL,rover-on-1239739722-stage2-train-primary,preselected dependency checkpoint,planned,Learning-curve test evaluation; never use for checkpoint selection
rover-on-1239739722-stage2-policy_eval-curve_epoch_85,prospective-ten,1239739722,rover,Rover,on,RQ3/RQ4,policy_eval,stage2,curve_epoch_85,experiments_numeric.architecture_2.rover_mcts,hmrp-ha-gbfs,epoch:85:stage2:rover:on:1239739722,,,True,,,,,,,3,4g,6,20G,04:00:00,,VAL,rover-on-1239739722-stage2-train-primary,preselected dependency checkpoint,planned,Learning-curve test evaluation; never use for checkpoint selection
rover-on-1239739722-stage2-policy_eval-curve_epoch_90,prospective-ten,1239739722,rover,Rover,on,RQ3/RQ4,policy_eval,stage2,curve_epoch_90,experiments_numeric.architecture_2.rover_mcts,hmrp-ha-gbfs,epoch:90:stage2:rover:on:1239739722,,,True,,,,,,,3,4g,6,20G,04:00:00,,VAL,rover-on-1239739722-stage2-train-primary,preselected dependency checkpoint,planned,Learning-curve test evaluation; never use for checkpoint selection
rover-on-1239739722-stage2-policy_eval-curve_epoch_95,prospective-ten,1239739722,rover,Rover,on,RQ3/RQ4,policy_eval,stage2,curve_epoch_95,experiments_numeric.architecture_2.rover_mcts,hmrp-ha-gbfs,epoch:95:stage2:rover:on:1239739722,,,True,,,,,,,3,4g,6,20G,04:00:00,,VAL,rover-on-1239739722-stage2-train-primary,preselected dependency checkpoint,planned,Learning-curve test evaluation; never use for checkpoint selection
rover-on-1239739722-stage2-policy_eval-curve_epoch_99,prospective-ten,1239739722,rover,Rover,on,RQ3/RQ4,policy_eval,stage2,curve_epoch_99,experiments_numeric.architecture_2.rover_mcts,hmrp-ha-gbfs,epoch:99:stage2:rover:on:1239739722,,,True,,,,,,,3,4g,6,20G,04:00:00,,VAL,rover-on-1239739722-stage2-train-primary,preselected dependency checkpoint,planned,Learning-curve test evaluation; never use for checkpoint selection
rover-on-1472491096-stage2-policy_eval-curve_epoch_00,prospective-ten,1472491096,rover,Rover,on,RQ3/RQ4,policy_eval,stage2,curve_epoch_00,experiments_numeric.architecture_2.rover_mcts,hmrp-ha-gbfs,epoch:0:stage2:rover:on:1472491096,,,True,,,,,,,3,4g,6,20G,04:00:00,,VAL,rover-on-1472491096-stage2-train-primary,preselected dependency checkpoint,planned,Learning-curve test evaluation; never use for checkpoint selection
rover-on-1472491096-stage2-policy_eval-curve_epoch_05,prospective-ten,1472491096,rover,Rover,on,RQ3/RQ4,policy_eval,stage2,curve_epoch_05,experiments_numeric.architecture_2.rover_mcts,hmrp-ha-gbfs,epoch:5:stage2:rover:on:1472491096,,,True,,,,,,,3,4g,6,20G,04:00:00,,VAL,rover-on-1472491096-stage2-train-primary,preselected dependency checkpoint,planned,Learning-curve test evaluation; never use for checkpoint selection
rover-on-1472491096-stage2-policy_eval-curve_epoch_10,prospective-ten,1472491096,rover,Rover,on,RQ3/RQ4,policy_eval,stage2,curve_epoch_10,experiments_numeric.architecture_2.rover_mcts,hmrp-ha-gbfs,epoch:10:stage2:rover:on:1472491096,,,True,,,,,,,3,4g,6,20G,04:00:00,,VAL,rover-on-1472491096-stage2-train-primary,preselected dependency checkpoint,planned,Learning-curve test evaluation; never use for checkpoint selection
rover-on-1472491096-stage2-policy_eval-curve_epoch_15,prospective-ten,1472491096,rover,Rover,on,RQ3/RQ4,policy_eval,stage2,curve_epoch_15,experiments_numeric.architecture_2.rover_mcts,hmrp-ha-gbfs,epoch:15:stage2:rover:on:1472491096,,,True,,,,,,,3,4g,6,20G,04:00:00,,VAL,rover-on-1472491096-stage2-train-primary,preselected dependency checkpoint,planned,Learning-curve test evaluation; never use for checkpoint selection
rover-on-1472491096-stage2-policy_eval-curve_epoch_20,prospective-ten,1472491096,rover,Rover,on,RQ3/RQ4,policy_eval,stage2,curve_epoch_20,experiments_numeric.architecture_2.rover_mcts,hmrp-ha-gbfs,epoch:20:stage2:rover:on:1472491096,,,True,,,,,,,3,4g,6,20G,04:00:00,,VAL,rover-on-1472491096-stage2-train-primary,preselected dependency checkpoint,planned,Learning-curve test evaluation; never use for checkpoint selection
rover-on-1472491096-stage2-policy_eval-curve_epoch_25,prospective-ten,1472491096,rover,Rover,on,RQ3/RQ4,policy_eval,stage2,curve_epoch_25,experiments_numeric.architecture_2.rover_mcts,hmrp-ha-gbfs,epoch:25:stage2:rover:on:1472491096,,,True,,,,,,,3,4g,6,20G,04:00:00,,VAL,rover-on-1472491096-stage2-train-primary,preselected dependency checkpoint,planned,Learning-curve test evaluation; never use for checkpoint selection
rover-on-1472491096-stage2-policy_eval-curve_epoch_30,prospective-ten,1472491096,rover,Rover,on,RQ3/RQ4,policy_eval,stage2,curve_epoch_30,experiments_numeric.architecture_2.rover_mcts,hmrp-ha-gbfs,epoch:30:stage2:rover:on:1472491096,,,True,,,,,,,3,4g,6,20G,04:00:00,,VAL,rover-on-1472491096-stage2-train-primary,preselected dependency checkpoint,planned,Learning-curve test evaluation; never use for checkpoint selection
rover-on-1472491096-stage2-policy_eval-curve_epoch_35,prospective-ten,1472491096,rover,Rover,on,RQ3/RQ4,policy_eval,stage2,curve_epoch_35,experiments_numeric.architecture_2.rover_mcts,hmrp-ha-gbfs,epoch:35:stage2:rover:on:1472491096,,,True,,,,,,,3,4g,6,20G,04:00:00,,VAL,rover-on-1472491096-stage2-train-primary,preselected dependency checkpoint,planned,Learning-curve test evaluation; never use for checkpoint selection
rover-on-1472491096-stage2-policy_eval-curve_epoch_40,prospective-ten,1472491096,rover,Rover,on,RQ3/RQ4,policy_eval,stage2,curve_epoch_40,experiments_numeric.architecture_2.rover_mcts,hmrp-ha-gbfs,epoch:40:stage2:rover:on:1472491096,,,True,,,,,,,3,4g,6,20G,04:00:00,,VAL,rover-on-1472491096-stage2-train-primary,preselected dependency checkpoint,planned,Learning-curve test evaluation; never use for checkpoint selection
rover-on-1472491096-stage2-policy_eval-curve_epoch_45,prospective-ten,1472491096,rover,Rover,on,RQ3/RQ4,policy_eval,stage2,curve_epoch_45,experiments_numeric.architecture_2.rover_mcts,hmrp-ha-gbfs,epoch:45:stage2:rover:on:1472491096,,,True,,,,,,,3,4g,6,20G,04:00:00,,VAL,rover-on-1472491096-stage2-train-primary,preselected dependency checkpoint,planned,Learning-curve test evaluation; never use for checkpoint selection
rover-on-1472491096-stage2-policy_eval-curve_epoch_50,prospective-ten,1472491096,rover,Rover,on,RQ3/RQ4,policy_eval,stage2,curve_epoch_50,experiments_numeric.architecture_2.rover_mcts,hmrp-ha-gbfs,epoch:50:stage2:rover:on:1472491096,,,True,,,,,,,3,4g,6,20G,04:00:00,,VAL,rover-on-1472491096-stage2-train-primary,preselected dependency checkpoint,planned,Learning-curve test evaluation; never use for checkpoint selection
rover-on-1472491096-stage2-policy_eval-curve_epoch_55,prospective-ten,1472491096,rover,Rover,on,RQ3/RQ4,policy_eval,stage2,curve_epoch_55,experiments_numeric.architecture_2.rover_mcts,hmrp-ha-gbfs,epoch:55:stage2:rover:on:1472491096,,,True,,,,,,,3,4g,6,20G,04:00:00,,VAL,rover-on-1472491096-stage2-train-primary,preselected dependency checkpoint,planned,Learning-curve test evaluation; never use for checkpoint selection
rover-on-1472491096-stage2-policy_eval-curve_epoch_60,prospective-ten,1472491096,rover,Rover,on,RQ3/RQ4,policy_eval,stage2,curve_epoch_60,experiments_numeric.architecture_2.rover_mcts,hmrp-ha-gbfs,epoch:60:stage2:rover:on:1472491096,,,True,,,,,,,3,4g,6,20G,04:00:00,,VAL,rover-on-1472491096-stage2-train-primary,preselected dependency checkpoint,planned,Learning-curve test evaluation; never use for checkpoint selection
rover-on-1472491096-stage2-policy_eval-curve_epoch_65,prospective-ten,1472491096,rover,Rover,on,RQ3/RQ4,policy_eval,stage2,curve_epoch_65,experiments_numeric.architecture_2.rover_mcts,hmrp-ha-gbfs,epoch:65:stage2:rover:on:1472491096,,,True,,,,,,,3,4g,6,20G,04:00:00,,VAL,rover-on-1472491096-stage2-train-primary,preselected dependency checkpoint,planned,Learning-curve test evaluation; never use for checkpoint selection
rover-on-1472491096-stage2-policy_eval-curve_epoch_70,prospective-ten,1472491096,rover,Rover,on,RQ3/RQ4,policy_eval,stage2,curve_epoch_70,experiments_numeric.architecture_2.rover_mcts,hmrp-ha-gbfs,epoch:70:stage2:rover:on:1472491096,,,True,,,,,,,3,4g,6,20G,04:00:00,,VAL,rover-on-1472491096-stage2-train-primary,preselected dependency checkpoint,planned,Learning-curve test evaluation; never use for checkpoint selection
rover-on-1472491096-stage2-policy_eval-curve_epoch_75,prospective-ten,1472491096,rover,Rover,on,RQ3/RQ4,policy_eval,stage2,curve_epoch_75,experiments_numeric.architecture_2.rover_mcts,hmrp-ha-gbfs,epoch:75:stage2:rover:on:1472491096,,,True,,,,,,,3,4g,6,20G,04:00:00,,VAL,rover-on-1472491096-stage2-train-primary,preselected dependency checkpoint,planned,Learning-curve test evaluation; never use for checkpoint selection
rover-on-1472491096-stage2-policy_eval-curve_epoch_80,prospective-ten,1472491096,rover,Rover,on,RQ3/RQ4,policy_eval,stage2,curve_epoch_80,experiments_numeric.architecture_2.rover_mcts,hmrp-ha-gbfs,epoch:80:stage2:rover:on:1472491096,,,True,,,,,,,3,4g,6,20G,04:00:00,,VAL,rover-on-1472491096-stage2-train-primary,preselected dependency checkpoint,planned,Learning-curve test evaluation; never use for checkpoint selection
rover-on-1472491096-stage2-policy_eval-curve_epoch_85,prospective-ten,1472491096,rover,Rover,on,RQ3/RQ4,policy_eval,stage2,curve_epoch_85,experiments_numeric.architecture_2.rover_mcts,hmrp-ha-gbfs,epoch:85:stage2:rover:on:1472491096,,,True,,,,,,,3,4g,6,20G,04:00:00,,VAL,rover-on-1472491096-stage2-train-primary,preselected dependency checkpoint,planned,Learning-curve test evaluation; never use for checkpoint selection
rover-on-1472491096-stage2-policy_eval-curve_epoch_90,prospective-ten,1472491096,rover,Rover,on,RQ3/RQ4,policy_eval,stage2,curve_epoch_90,experiments_numeric.architecture_2.rover_mcts,hmrp-ha-gbfs,epoch:90:stage2:rover:on:1472491096,,,True,,,,,,,3,4g,6,20G,04:00:00,,VAL,rover-on-1472491096-stage2-train-primary,preselected dependency checkpoint,planned,Learning-curve test evaluation; never use for checkpoint selection
rover-on-1472491096-stage2-policy_eval-curve_epoch_95,prospective-ten,1472491096,rover,Rover,on,RQ3/RQ4,policy_eval,stage2,curve_epoch_95,experiments_numeric.architecture_2.rover_mcts,hmrp-ha-gbfs,epoch:95:stage2:rover:on:1472491096,,,True,,,,,,,3,4g,6,20G,04:00:00,,VAL,rover-on-1472491096-stage2-train-primary,preselected dependency checkpoint,planned,Learning-curve test evaluation; never use for checkpoint selection
rover-on-1472491096-stage2-policy_eval-curve_epoch_99,prospective-ten,1472491096,rover,Rover,on,RQ3/RQ4,policy_eval,stage2,curve_epoch_99,experiments_numeric.architecture_2.rover_mcts,hmrp-ha-gbfs,epoch:99:stage2:rover:on:1472491096,,,True,,,,,,,3,4g,6,20G,04:00:00,,VAL,rover-on-1472491096-stage2-train-primary,preselected dependency checkpoint,planned,Learning-curve test evaluation; never use for checkpoint selection
rover-on-534933607-stage2-policy_eval-curve_epoch_00,prospective-ten,534933607,rover,Rover,on,RQ3/RQ4,policy_eval,stage2,curve_epoch_00,experiments_numeric.architecture_2.rover_mcts,hmrp-ha-gbfs,epoch:0:stage2:rover:on:534933607,,,True,,,,,,,3,4g,6,20G,04:00:00,,VAL,rover-on-534933607-stage2-train-primary,preselected dependency checkpoint,planned,Learning-curve test evaluation; never use for checkpoint selection
rover-on-534933607-stage2-policy_eval-curve_epoch_05,prospective-ten,534933607,rover,Rover,on,RQ3/RQ4,policy_eval,stage2,curve_epoch_05,experiments_numeric.architecture_2.rover_mcts,hmrp-ha-gbfs,epoch:5:stage2:rover:on:534933607,,,True,,,,,,,3,4g,6,20G,04:00:00,,VAL,rover-on-534933607-stage2-train-primary,preselected dependency checkpoint,planned,Learning-curve test evaluation; never use for checkpoint selection
rover-on-534933607-stage2-policy_eval-curve_epoch_10,prospective-ten,534933607,rover,Rover,on,RQ3/RQ4,policy_eval,stage2,curve_epoch_10,experiments_numeric.architecture_2.rover_mcts,hmrp-ha-gbfs,epoch:10:stage2:rover:on:534933607,,,True,,,,,,,3,4g,6,20G,04:00:00,,VAL,rover-on-534933607-stage2-train-primary,preselected dependency checkpoint,planned,Learning-curve test evaluation; never use for checkpoint selection
rover-on-534933607-stage2-policy_eval-curve_epoch_15,prospective-ten,534933607,rover,Rover,on,RQ3/RQ4,policy_eval,stage2,curve_epoch_15,experiments_numeric.architecture_2.rover_mcts,hmrp-ha-gbfs,epoch:15:stage2:rover:on:534933607,,,True,,,,,,,3,4g,6,20G,04:00:00,,VAL,rover-on-534933607-stage2-train-primary,preselected dependency checkpoint,planned,Learning-curve test evaluation; never use for checkpoint selection
rover-on-534933607-stage2-policy_eval-curve_epoch_20,prospective-ten,534933607,rover,Rover,on,RQ3/RQ4,policy_eval,stage2,curve_epoch_20,experiments_numeric.architecture_2.rover_mcts,hmrp-ha-gbfs,epoch:20:stage2:rover:on:534933607,,,True,,,,,,,3,4g,6,20G,04:00:00,,VAL,rover-on-534933607-stage2-train-primary,preselected dependency checkpoint,planned,Learning-curve test evaluation; never use for checkpoint selection
rover-on-534933607-stage2-policy_eval-curve_epoch_25,prospective-ten,534933607,rover,Rover,on,RQ3/RQ4,policy_eval,stage2,curve_epoch_25,experiments_numeric.architecture_2.rover_mcts,hmrp-ha-gbfs,epoch:25:stage2:rover:on:534933607,,,True,,,,,,,3,4g,6,20G,04:00:00,,VAL,rover-on-534933607-stage2-train-primary,preselected dependency checkpoint,planned,Learning-curve test evaluation; never use for checkpoint selection
rover-on-534933607-stage2-policy_eval-curve_epoch_30,prospective-ten,534933607,rover,Rover,on,RQ3/RQ4,policy_eval,stage2,curve_epoch_30,experiments_numeric.architecture_2.rover_mcts,hmrp-ha-gbfs,epoch:30:stage2:rover:on:534933607,,,True,,,,,,,3,4g,6,20G,04:00:00,,VAL,rover-on-534933607-stage2-train-primary,preselected dependency checkpoint,planned,Learning-curve test evaluation; never use for checkpoint selection
rover-on-534933607-stage2-policy_eval-curve_epoch_35,prospective-ten,534933607,rover,Rover,on,RQ3/RQ4,policy_eval,stage2,curve_epoch_35,experiments_numeric.architecture_2.rover_mcts,hmrp-ha-gbfs,epoch:35:stage2:rover:on:534933607,,,True,,,,,,,3,4g,6,20G,04:00:00,,VAL,rover-on-534933607-stage2-train-primary,preselected dependency checkpoint,planned,Learning-curve test evaluation; never use for checkpoint selection
rover-on-534933607-stage2-policy_eval-curve_epoch_40,prospective-ten,534933607,rover,Rover,on,RQ3/RQ4,policy_eval,stage2,curve_epoch_40,experiments_numeric.architecture_2.rover_mcts,hmrp-ha-gbfs,epoch:40:stage2:rover:on:534933607,,,True,,,,,,,3,4g,6,20G,04:00:00,,VAL,rover-on-534933607-stage2-train-primary,preselected dependency checkpoint,planned,Learning-curve test evaluation; never use for checkpoint selection
rover-on-534933607-stage2-policy_eval-curve_epoch_45,prospective-ten,534933607,rover,Rover,on,RQ3/RQ4,policy_eval,stage2,curve_epoch_45,experiments_numeric.architecture_2.rover_mcts,hmrp-ha-gbfs,epoch:45:stage2:rover:on:534933607,,,True,,,,,,,3,4g,6,20G,04:00:00,,VAL,rover-on-534933607-stage2-train-primary,preselected dependency checkpoint,planned,Learning-curve test evaluation; never use for checkpoint selection
rover-on-534933607-stage2-policy_eval-curve_epoch_50,prospective-ten,534933607,rover,Rover,on,RQ3/RQ4,policy_eval,stage2,curve_epoch_50,experiments_numeric.architecture_2.rover_mcts,hmrp-ha-gbfs,epoch:50:stage2:rover:on:534933607,,,True,,,,,,,3,4g,6,20G,04:00:00,,VAL,rover-on-534933607-stage2-train-primary,preselected dependency checkpoint,planned,Learning-curve test evaluation; never use for checkpoint selection
rover-on-534933607-stage2-policy_eval-curve_epoch_55,prospective-ten,534933607,rover,Rover,on,RQ3/RQ4,policy_eval,stage2,curve_epoch_55,experiments_numeric.architecture_2.rover_mcts,hmrp-ha-gbfs,epoch:55:stage2:rover:on:534933607,,,True,,,,,,,3,4g,6,20G,04:00:00,,VAL,rover-on-534933607-stage2-train-primary,preselected dependency checkpoint,planned,Learning-curve test evaluation; never use for checkpoint selection
rover-on-534933607-stage2-policy_eval-curve_epoch_60,prospective-ten,534933607,rover,Rover,on,RQ3/RQ4,policy_eval,stage2,curve_epoch_60,experiments_numeric.architecture_2.rover_mcts,hmrp-ha-gbfs,epoch:60:stage2:rover:on:534933607,,,True,,,,,,,3,4g,6,20G,04:00:00,,VAL,rover-on-534933607-stage2-train-primary,preselected dependency checkpoint,planned,Learning-curve test evaluation; never use for checkpoint selection
rover-on-534933607-stage2-policy_eval-curve_epoch_65,prospective-ten,534933607,rover,Rover,on,RQ3/RQ4,policy_eval,stage2,curve_epoch_65,experiments_numeric.architecture_2.rover_mcts,hmrp-ha-gbfs,epoch:65:stage2:rover:on:534933607,,,True,,,,,,,3,4g,6,20G,04:00:00,,VAL,rover-on-534933607-stage2-train-primary,preselected dependency checkpoint,planned,Learning-curve test evaluation; never use for checkpoint selection
rover-on-534933607-stage2-policy_eval-curve_epoch_70,prospective-ten,534933607,rover,Rover,on,RQ3/RQ4,policy_eval,stage2,curve_epoch_70,experiments_numeric.architecture_2.rover_mcts,hmrp-ha-gbfs,epoch:70:stage2:rover:on:534933607,,,True,,,,,,,3,4g,6,20G,04:00:00,,VAL,rover-on-534933607-stage2-train-primary,preselected dependency checkpoint,planned,Learning-curve test evaluation; never use for checkpoint selection
rover-on-534933607-stage2-policy_eval-curve_epoch_75,prospective-ten,534933607,rover,Rover,on,RQ3/RQ4,policy_eval,stage2,curve_epoch_75,experiments_numeric.architecture_2.rover_mcts,hmrp-ha-gbfs,epoch:75:stage2:rover:on:534933607,,,True,,,,,,,3,4g,6,20G,04:00:00,,VAL,rover-on-534933607-stage2-train-primary,preselected dependency checkpoint,planned,Learning-curve test evaluation; never use for checkpoint selection
rover-on-534933607-stage2-policy_eval-curve_epoch_80,prospective-ten,534933607,rover,Rover,on,RQ3/RQ4,policy_eval,stage2,curve_epoch_80,experiments_numeric.architecture_2.rover_mcts,hmrp-ha-gbfs,epoch:80:stage2:rover:on:534933607,,,True,,,,,,,3,4g,6,20G,04:00:00,,VAL,rover-on-534933607-stage2-train-primary,preselected dependency checkpoint,planned,Learning-curve test evaluation; never use for checkpoint selection
rover-on-534933607-stage2-policy_eval-curve_epoch_85,prospective-ten,534933607,rover,Rover,on,RQ3/RQ4,policy_eval,stage2,curve_epoch_85,experiments_numeric.architecture_2.rover_mcts,hmrp-ha-gbfs,epoch:85:stage2:rover:on:534933607,,,True,,,,,,,3,4g,6,20G,04:00:00,,VAL,rover-on-534933607-stage2-train-primary,preselected dependency checkpoint,planned,Learning-curve test evaluation; never use for checkpoint selection
rover-on-534933607-stage2-policy_eval-curve_epoch_90,prospective-ten,534933607,rover,Rover,on,RQ3/RQ4,policy_eval,stage2,curve_epoch_90,experiments_numeric.architecture_2.rover_mcts,hmrp-ha-gbfs,epoch:90:stage2:rover:on:534933607,,,True,,,,,,,3,4g,6,20G,04:00:00,,VAL,rover-on-534933607-stage2-train-primary,preselected dependency checkpoint,planned,Learning-curve test evaluation; never use for checkpoint selection
rover-on-534933607-stage2-policy_eval-curve_epoch_95,prospective-ten,534933607,rover,Rover,on,RQ3/RQ4,policy_eval,stage2,curve_epoch_95,experiments_numeric.architecture_2.rover_mcts,hmrp-ha-gbfs,epoch:95:stage2:rover:on:534933607,,,True,,,,,,,3,4g,6,20G,04:00:00,,VAL,rover-on-534933607-stage2-train-primary,preselected dependency checkpoint,planned,Learning-curve test evaluation; never use for checkpoint selection
rover-on-534933607-stage2-policy_eval-curve_epoch_99,prospective-ten,534933607,rover,Rover,on,RQ3/RQ4,policy_eval,stage2,curve_epoch_99,experiments_numeric.architecture_2.rover_mcts,hmrp-ha-gbfs,epoch:99:stage2:rover:on:534933607,,,True,,,,,,,3,4g,6,20G,04:00:00,,VAL,rover-on-534933607-stage2-train-primary,preselected dependency checkpoint,planned,Learning-curve test evaluation; never use for checkpoint selection
rover-on-2082152039-stage2-policy_eval-curve_epoch_00,prospective-ten,2082152039,rover,Rover,on,RQ3/RQ4,policy_eval,stage2,curve_epoch_00,experiments_numeric.architecture_2.rover_mcts,hmrp-ha-gbfs,epoch:0:stage2:rover:on:2082152039,,,True,,,,,,,3,4g,6,20G,04:00:00,,VAL,rover-on-2082152039-stage2-train-primary,preselected dependency checkpoint,planned,Learning-curve test evaluation; never use for checkpoint selection
rover-on-2082152039-stage2-policy_eval-curve_epoch_05,prospective-ten,2082152039,rover,Rover,on,RQ3/RQ4,policy_eval,stage2,curve_epoch_05,experiments_numeric.architecture_2.rover_mcts,hmrp-ha-gbfs,epoch:5:stage2:rover:on:2082152039,,,True,,,,,,,3,4g,6,20G,04:00:00,,VAL,rover-on-2082152039-stage2-train-primary,preselected dependency checkpoint,planned,Learning-curve test evaluation; never use for checkpoint selection
rover-on-2082152039-stage2-policy_eval-curve_epoch_10,prospective-ten,2082152039,rover,Rover,on,RQ3/RQ4,policy_eval,stage2,curve_epoch_10,experiments_numeric.architecture_2.rover_mcts,hmrp-ha-gbfs,epoch:10:stage2:rover:on:2082152039,,,True,,,,,,,3,4g,6,20G,04:00:00,,VAL,rover-on-2082152039-stage2-train-primary,preselected dependency checkpoint,planned,Learning-curve test evaluation; never use for checkpoint selection
rover-on-2082152039-stage2-policy_eval-curve_epoch_15,prospective-ten,2082152039,rover,Rover,on,RQ3/RQ4,policy_eval,stage2,curve_epoch_15,experiments_numeric.architecture_2.rover_mcts,hmrp-ha-gbfs,epoch:15:stage2:rover:on:2082152039,,,True,,,,,,,3,4g,6,20G,04:00:00,,VAL,rover-on-2082152039-stage2-train-primary,preselected dependency checkpoint,planned,Learning-curve test evaluation; never use for checkpoint selection
rover-on-2082152039-stage2-policy_eval-curve_epoch_20,prospective-ten,2082152039,rover,Rover,on,RQ3/RQ4,policy_eval,stage2,curve_epoch_20,experiments_numeric.architecture_2.rover_mcts,hmrp-ha-gbfs,epoch:20:stage2:rover:on:2082152039,,,True,,,,,,,3,4g,6,20G,04:00:00,,VAL,rover-on-2082152039-stage2-train-primary,preselected dependency checkpoint,planned,Learning-curve test evaluation; never use for checkpoint selection
rover-on-2082152039-stage2-policy_eval-curve_epoch_25,prospective-ten,2082152039,rover,Rover,on,RQ3/RQ4,policy_eval,stage2,curve_epoch_25,experiments_numeric.architecture_2.rover_mcts,hmrp-ha-gbfs,epoch:25:stage2:rover:on:2082152039,,,True,,,,,,,3,4g,6,20G,04:00:00,,VAL,rover-on-2082152039-stage2-train-primary,preselected dependency checkpoint,planned,Learning-curve test evaluation; never use for checkpoint selection
rover-on-2082152039-stage2-policy_eval-curve_epoch_30,prospective-ten,2082152039,rover,Rover,on,RQ3/RQ4,policy_eval,stage2,curve_epoch_30,experiments_numeric.architecture_2.rover_mcts,hmrp-ha-gbfs,epoch:30:stage2:rover:on:2082152039,,,True,,,,,,,3,4g,6,20G,04:00:00,,VAL,rover-on-2082152039-stage2-train-primary,preselected dependency checkpoint,planned,Learning-curve test evaluation; never use for checkpoint selection
rover-on-2082152039-stage2-policy_eval-curve_epoch_35,prospective-ten,2082152039,rover,Rover,on,RQ3/RQ4,policy_eval,stage2,curve_epoch_35,experiments_numeric.architecture_2.rover_mcts,hmrp-ha-gbfs,epoch:35:stage2:rover:on:2082152039,,,True,,,,,,,3,4g,6,20G,04:00:00,,VAL,rover-on-2082152039-stage2-train-primary,preselected dependency checkpoint,planned,Learning-curve test evaluation; never use for checkpoint selection
rover-on-2082152039-stage2-policy_eval-curve_epoch_40,prospective-ten,2082152039,rover,Rover,on,RQ3/RQ4,policy_eval,stage2,curve_epoch_40,experiments_numeric.architecture_2.rover_mcts,hmrp-ha-gbfs,epoch:40:stage2:rover:on:2082152039,,,True,,,,,,,3,4g,6,20G,04:00:00,,VAL,rover-on-2082152039-stage2-train-primary,preselected dependency checkpoint,planned,Learning-curve test evaluation; never use for checkpoint selection
rover-on-2082152039-stage2-policy_eval-curve_epoch_45,prospective-ten,2082152039,rover,Rover,on,RQ3/RQ4,policy_eval,stage2,curve_epoch_45,experiments_numeric.architecture_2.rover_mcts,hmrp-ha-gbfs,epoch:45:stage2:rover:on:2082152039,,,True,,,,,,,3,4g,6,20G,04:00:00,,VAL,rover-on-2082152039-stage2-train-primary,preselected dependency checkpoint,planned,Learning-curve test evaluation; never use for checkpoint selection
rover-on-2082152039-stage2-policy_eval-curve_epoch_50,prospective-ten,2082152039,rover,Rover,on,RQ3/RQ4,policy_eval,stage2,curve_epoch_50,experiments_numeric.architecture_2.rover_mcts,hmrp-ha-gbfs,epoch:50:stage2:rover:on:2082152039,,,True,,,,,,,3,4g,6,20G,04:00:00,,VAL,rover-on-2082152039-stage2-train-primary,preselected dependency checkpoint,planned,Learning-curve test evaluation; never use for checkpoint selection
rover-on-2082152039-stage2-policy_eval-curve_epoch_55,prospective-ten,2082152039,rover,Rover,on,RQ3/RQ4,policy_eval,stage2,curve_epoch_55,experiments_numeric.architecture_2.rover_mcts,hmrp-ha-gbfs,epoch:55:stage2:rover:on:2082152039,,,True,,,,,,,3,4g,6,20G,04:00:00,,VAL,rover-on-2082152039-stage2-train-primary,preselected dependency checkpoint,planned,Learning-curve test evaluation; never use for checkpoint selection
rover-on-2082152039-stage2-policy_eval-curve_epoch_60,prospective-ten,2082152039,rover,Rover,on,RQ3/RQ4,policy_eval,stage2,curve_epoch_60,experiments_numeric.architecture_2.rover_mcts,hmrp-ha-gbfs,epoch:60:stage2:rover:on:2082152039,,,True,,,,,,,3,4g,6,20G,04:00:00,,VAL,rover-on-2082152039-stage2-train-primary,preselected dependency checkpoint,planned,Learning-curve test evaluation; never use for checkpoint selection
rover-on-2082152039-stage2-policy_eval-curve_epoch_65,prospective-ten,2082152039,rover,Rover,on,RQ3/RQ4,policy_eval,stage2,curve_epoch_65,experiments_numeric.architecture_2.rover_mcts,hmrp-ha-gbfs,epoch:65:stage2:rover:on:2082152039,,,True,,,,,,,3,4g,6,20G,04:00:00,,VAL,rover-on-2082152039-stage2-train-primary,preselected dependency checkpoint,planned,Learning-curve test evaluation; never use for checkpoint selection
rover-on-2082152039-stage2-policy_eval-curve_epoch_70,prospective-ten,2082152039,rover,Rover,on,RQ3/RQ4,policy_eval,stage2,curve_epoch_70,experiments_numeric.architecture_2.rover_mcts,hmrp-ha-gbfs,epoch:70:stage2:rover:on:2082152039,,,True,,,,,,,3,4g,6,20G,04:00:00,,VAL,rover-on-2082152039-stage2-train-primary,preselected dependency checkpoint,planned,Learning-curve test evaluation; never use for checkpoint selection
rover-on-2082152039-stage2-policy_eval-curve_epoch_75,prospective-ten,2082152039,rover,Rover,on,RQ3/RQ4,policy_eval,stage2,curve_epoch_75,experiments_numeric.architecture_2.rover_mcts,hmrp-ha-gbfs,epoch:75:stage2:rover:on:2082152039,,,True,,,,,,,3,4g,6,20G,04:00:00,,VAL,rover-on-2082152039-stage2-train-primary,preselected dependency checkpoint,planned,Learning-curve test evaluation; never use for checkpoint selection
rover-on-2082152039-stage2-policy_eval-curve_epoch_80,prospective-ten,2082152039,rover,Rover,on,RQ3/RQ4,policy_eval,stage2,curve_epoch_80,experiments_numeric.architecture_2.rover_mcts,hmrp-ha-gbfs,epoch:80:stage2:rover:on:2082152039,,,True,,,,,,,3,4g,6,20G,04:00:00,,VAL,rover-on-2082152039-stage2-train-primary,preselected dependency checkpoint,planned,Learning-curve test evaluation; never use for checkpoint selection
rover-on-2082152039-stage2-policy_eval-curve_epoch_85,prospective-ten,2082152039,rover,Rover,on,RQ3/RQ4,policy_eval,stage2,curve_epoch_85,experiments_numeric.architecture_2.rover_mcts,hmrp-ha-gbfs,epoch:85:stage2:rover:on:2082152039,,,True,,,,,,,3,4g,6,20G,04:00:00,,VAL,rover-on-2082152039-stage2-train-primary,preselected dependency checkpoint,planned,Learning-curve test evaluation; never use for checkpoint selection
rover-on-2082152039-stage2-policy_eval-curve_epoch_90,prospective-ten,2082152039,rover,Rover,on,RQ3/RQ4,policy_eval,stage2,curve_epoch_90,experiments_numeric.architecture_2.rover_mcts,hmrp-ha-gbfs,epoch:90:stage2:rover:on:2082152039,,,True,,,,,,,3,4g,6,20G,04:00:00,,VAL,rover-on-2082152039-stage2-train-primary,preselected dependency checkpoint,planned,Learning-curve test evaluation; never use for checkpoint selection
rover-on-2082152039-stage2-policy_eval-curve_epoch_95,prospective-ten,2082152039,rover,Rover,on,RQ3/RQ4,policy_eval,stage2,curve_epoch_95,experiments_numeric.architecture_2.rover_mcts,hmrp-ha-gbfs,epoch:95:stage2:rover:on:2082152039,,,True,,,,,,,3,4g,6,20G,04:00:00,,VAL,rover-on-2082152039-stage2-train-primary,preselected dependency checkpoint,planned,Learning-curve test evaluation; never use for checkpoint selection
rover-on-2082152039-stage2-policy_eval-curve_epoch_99,prospective-ten,2082152039,rover,Rover,on,RQ3/RQ4,policy_eval,stage2,curve_epoch_99,experiments_numeric.architecture_2.rover_mcts,hmrp-ha-gbfs,epoch:99:stage2:rover:on:2082152039,,,True,,,,,,,3,4g,6,20G,04:00:00,,VAL,rover-on-2082152039-stage2-train-primary,preselected dependency checkpoint,planned,Learning-curve test evaluation; never use for checkpoint selection
rover-on-1510771779-stage2-policy_eval-curve_epoch_00,prospective-ten,1510771779,rover,Rover,on,RQ3/RQ4,policy_eval,stage2,curve_epoch_00,experiments_numeric.architecture_2.rover_mcts,hmrp-ha-gbfs,epoch:0:stage2:rover:on:1510771779,,,True,,,,,,,3,4g,6,20G,04:00:00,,VAL,rover-on-1510771779-stage2-train-primary,preselected dependency checkpoint,planned,Learning-curve test evaluation; never use for checkpoint selection
rover-on-1510771779-stage2-policy_eval-curve_epoch_05,prospective-ten,1510771779,rover,Rover,on,RQ3/RQ4,policy_eval,stage2,curve_epoch_05,experiments_numeric.architecture_2.rover_mcts,hmrp-ha-gbfs,epoch:5:stage2:rover:on:1510771779,,,True,,,,,,,3,4g,6,20G,04:00:00,,VAL,rover-on-1510771779-stage2-train-primary,preselected dependency checkpoint,planned,Learning-curve test evaluation; never use for checkpoint selection
rover-on-1510771779-stage2-policy_eval-curve_epoch_10,prospective-ten,1510771779,rover,Rover,on,RQ3/RQ4,policy_eval,stage2,curve_epoch_10,experiments_numeric.architecture_2.rover_mcts,hmrp-ha-gbfs,epoch:10:stage2:rover:on:1510771779,,,True,,,,,,,3,4g,6,20G,04:00:00,,VAL,rover-on-1510771779-stage2-train-primary,preselected dependency checkpoint,planned,Learning-curve test evaluation; never use for checkpoint selection
rover-on-1510771779-stage2-policy_eval-curve_epoch_15,prospective-ten,1510771779,rover,Rover,on,RQ3/RQ4,policy_eval,stage2,curve_epoch_15,experiments_numeric.architecture_2.rover_mcts,hmrp-ha-gbfs,epoch:15:stage2:rover:on:1510771779,,,True,,,,,,,3,4g,6,20G,04:00:00,,VAL,rover-on-1510771779-stage2-train-primary,preselected dependency checkpoint,planned,Learning-curve test evaluation; never use for checkpoint selection
rover-on-1510771779-stage2-policy_eval-curve_epoch_20,prospective-ten,1510771779,rover,Rover,on,RQ3/RQ4,policy_eval,stage2,curve_epoch_20,experiments_numeric.architecture_2.rover_mcts,hmrp-ha-gbfs,epoch:20:stage2:rover:on:1510771779,,,True,,,,,,,3,4g,6,20G,04:00:00,,VAL,rover-on-1510771779-stage2-train-primary,preselected dependency checkpoint,planned,Learning-curve test evaluation; never use for checkpoint selection
rover-on-1510771779-stage2-policy_eval-curve_epoch_25,prospective-ten,1510771779,rover,Rover,on,RQ3/RQ4,policy_eval,stage2,curve_epoch_25,experiments_numeric.architecture_2.rover_mcts,hmrp-ha-gbfs,epoch:25:stage2:rover:on:1510771779,,,True,,,,,,,3,4g,6,20G,04:00:00,,VAL,rover-on-1510771779-stage2-train-primary,preselected dependency checkpoint,planned,Learning-curve test evaluation; never use for checkpoint selection
rover-on-1510771779-stage2-policy_eval-curve_epoch_30,prospective-ten,1510771779,rover,Rover,on,RQ3/RQ4,policy_eval,stage2,curve_epoch_30,experiments_numeric.architecture_2.rover_mcts,hmrp-ha-gbfs,epoch:30:stage2:rover:on:1510771779,,,True,,,,,,,3,4g,6,20G,04:00:00,,VAL,rover-on-1510771779-stage2-train-primary,preselected dependency checkpoint,planned,Learning-curve test evaluation; never use for checkpoint selection
rover-on-1510771779-stage2-policy_eval-curve_epoch_35,prospective-ten,1510771779,rover,Rover,on,RQ3/RQ4,policy_eval,stage2,curve_epoch_35,experiments_numeric.architecture_2.rover_mcts,hmrp-ha-gbfs,epoch:35:stage2:rover:on:1510771779,,,True,,,,,,,3,4g,6,20G,04:00:00,,VAL,rover-on-1510771779-stage2-train-primary,preselected dependency checkpoint,planned,Learning-curve test evaluation; never use for checkpoint selection
rover-on-1510771779-stage2-policy_eval-curve_epoch_40,prospective-ten,1510771779,rover,Rover,on,RQ3/RQ4,policy_eval,stage2,curve_epoch_40,experiments_numeric.architecture_2.rover_mcts,hmrp-ha-gbfs,epoch:40:stage2:rover:on:1510771779,,,True,,,,,,,3,4g,6,20G,04:00:00,,VAL,rover-on-1510771779-stage2-train-primary,preselected dependency checkpoint,planned,Learning-curve test evaluation; never use for checkpoint selection
rover-on-1510771779-stage2-policy_eval-curve_epoch_45,prospective-ten,1510771779,rover,Rover,on,RQ3/RQ4,policy_eval,stage2,curve_epoch_45,experiments_numeric.architecture_2.rover_mcts,hmrp-ha-gbfs,epoch:45:stage2:rover:on:1510771779,,,True,,,,,,,3,4g,6,20G,04:00:00,,VAL,rover-on-1510771779-stage2-train-primary,preselected dependency checkpoint,planned,Learning-curve test evaluation; never use for checkpoint selection
rover-on-1510771779-stage2-policy_eval-curve_epoch_50,prospective-ten,1510771779,rover,Rover,on,RQ3/RQ4,policy_eval,stage2,curve_epoch_50,experiments_numeric.architecture_2.rover_mcts,hmrp-ha-gbfs,epoch:50:stage2:rover:on:1510771779,,,True,,,,,,,3,4g,6,20G,04:00:00,,VAL,rover-on-1510771779-stage2-train-primary,preselected dependency checkpoint,planned,Learning-curve test evaluation; never use for checkpoint selection
rover-on-1510771779-stage2-policy_eval-curve_epoch_55,prospective-ten,1510771779,rover,Rover,on,RQ3/RQ4,policy_eval,stage2,curve_epoch_55,experiments_numeric.architecture_2.rover_mcts,hmrp-ha-gbfs,epoch:55:stage2:rover:on:1510771779,,,True,,,,,,,3,4g,6,20G,04:00:00,,VAL,rover-on-1510771779-stage2-train-primary,preselected dependency checkpoint,planned,Learning-curve test evaluation; never use for checkpoint selection
rover-on-1510771779-stage2-policy_eval-curve_epoch_60,prospective-ten,1510771779,rover,Rover,on,RQ3/RQ4,policy_eval,stage2,curve_epoch_60,experiments_numeric.architecture_2.rover_mcts,hmrp-ha-gbfs,epoch:60:stage2:rover:on:1510771779,,,True,,,,,,,3,4g,6,20G,04:00:00,,VAL,rover-on-1510771779-stage2-train-primary,preselected dependency checkpoint,planned,Learning-curve test evaluation; never use for checkpoint selection
rover-on-1510771779-stage2-policy_eval-curve_epoch_65,prospective-ten,1510771779,rover,Rover,on,RQ3/RQ4,policy_eval,stage2,curve_epoch_65,experiments_numeric.architecture_2.rover_mcts,hmrp-ha-gbfs,epoch:65:stage2:rover:on:1510771779,,,True,,,,,,,3,4g,6,20G,04:00:00,,VAL,rover-on-1510771779-stage2-train-primary,preselected dependency checkpoint,planned,Learning-curve test evaluation; never use for checkpoint selection
rover-on-1510771779-stage2-policy_eval-curve_epoch_70,prospective-ten,1510771779,rover,Rover,on,RQ3/RQ4,policy_eval,stage2,curve_epoch_70,experiments_numeric.architecture_2.rover_mcts,hmrp-ha-gbfs,epoch:70:stage2:rover:on:1510771779,,,True,,,,,,,3,4g,6,20G,04:00:00,,VAL,rover-on-1510771779-stage2-train-primary,preselected dependency checkpoint,planned,Learning-curve test evaluation; never use for checkpoint selection
rover-on-1510771779-stage2-policy_eval-curve_epoch_75,prospective-ten,1510771779,rover,Rover,on,RQ3/RQ4,policy_eval,stage2,curve_epoch_75,experiments_numeric.architecture_2.rover_mcts,hmrp-ha-gbfs,epoch:75:stage2:rover:on:1510771779,,,True,,,,,,,3,4g,6,20G,04:00:00,,VAL,rover-on-1510771779-stage2-train-primary,preselected dependency checkpoint,planned,Learning-curve test evaluation; never use for checkpoint selection
rover-on-1510771779-stage2-policy_eval-curve_epoch_80,prospective-ten,1510771779,rover,Rover,on,RQ3/RQ4,policy_eval,stage2,curve_epoch_80,experiments_numeric.architecture_2.rover_mcts,hmrp-ha-gbfs,epoch:80:stage2:rover:on:1510771779,,,True,,,,,,,3,4g,6,20G,04:00:00,,VAL,rover-on-1510771779-stage2-train-primary,preselected dependency checkpoint,planned,Learning-curve test evaluation; never use for checkpoint selection
rover-on-1510771779-stage2-policy_eval-curve_epoch_85,prospective-ten,1510771779,rover,Rover,on,RQ3/RQ4,policy_eval,stage2,curve_epoch_85,experiments_numeric.architecture_2.rover_mcts,hmrp-ha-gbfs,epoch:85:stage2:rover:on:1510771779,,,True,,,,,,,3,4g,6,20G,04:00:00,,VAL,rover-on-1510771779-stage2-train-primary,preselected dependency checkpoint,planned,Learning-curve test evaluation; never use for checkpoint selection
rover-on-1510771779-stage2-policy_eval-curve_epoch_90,prospective-ten,1510771779,rover,Rover,on,RQ3/RQ4,policy_eval,stage2,curve_epoch_90,experiments_numeric.architecture_2.rover_mcts,hmrp-ha-gbfs,epoch:90:stage2:rover:on:1510771779,,,True,,,,,,,3,4g,6,20G,04:00:00,,VAL,rover-on-1510771779-stage2-train-primary,preselected dependency checkpoint,planned,Learning-curve test evaluation; never use for checkpoint selection
rover-on-1510771779-stage2-policy_eval-curve_epoch_95,prospective-ten,1510771779,rover,Rover,on,RQ3/RQ4,policy_eval,stage2,curve_epoch_95,experiments_numeric.architecture_2.rover_mcts,hmrp-ha-gbfs,epoch:95:stage2:rover:on:1510771779,,,True,,,,,,,3,4g,6,20G,04:00:00,,VAL,rover-on-1510771779-stage2-train-primary,preselected dependency checkpoint,planned,Learning-curve test evaluation; never use for checkpoint selection
rover-on-1510771779-stage2-policy_eval-curve_epoch_99,prospective-ten,1510771779,rover,Rover,on,RQ3/RQ4,policy_eval,stage2,curve_epoch_99,experiments_numeric.architecture_2.rover_mcts,hmrp-ha-gbfs,epoch:99:stage2:rover:on:1510771779,,,True,,,,,,,3,4g,6,20G,04:00:00,,VAL,rover-on-1510771779-stage2-train-primary,preselected dependency checkpoint,planned,Learning-curve test evaluation; never use for checkpoint selection
rover-on-923500475-stage2-policy_eval-curve_epoch_00,prospective-ten,923500475,rover,Rover,on,RQ3/RQ4,policy_eval,stage2,curve_epoch_00,experiments_numeric.architecture_2.rover_mcts,hmrp-ha-gbfs,epoch:0:stage2:rover:on:923500475,,,True,,,,,,,3,4g,6,20G,04:00:00,,VAL,rover-on-923500475-stage2-train-primary,preselected dependency checkpoint,planned,Learning-curve test evaluation; never use for checkpoint selection
rover-on-923500475-stage2-policy_eval-curve_epoch_05,prospective-ten,923500475,rover,Rover,on,RQ3/RQ4,policy_eval,stage2,curve_epoch_05,experiments_numeric.architecture_2.rover_mcts,hmrp-ha-gbfs,epoch:5:stage2:rover:on:923500475,,,True,,,,,,,3,4g,6,20G,04:00:00,,VAL,rover-on-923500475-stage2-train-primary,preselected dependency checkpoint,planned,Learning-curve test evaluation; never use for checkpoint selection
rover-on-923500475-stage2-policy_eval-curve_epoch_10,prospective-ten,923500475,rover,Rover,on,RQ3/RQ4,policy_eval,stage2,curve_epoch_10,experiments_numeric.architecture_2.rover_mcts,hmrp-ha-gbfs,epoch:10:stage2:rover:on:923500475,,,True,,,,,,,3,4g,6,20G,04:00:00,,VAL,rover-on-923500475-stage2-train-primary,preselected dependency checkpoint,planned,Learning-curve test evaluation; never use for checkpoint selection
rover-on-923500475-stage2-policy_eval-curve_epoch_15,prospective-ten,923500475,rover,Rover,on,RQ3/RQ4,policy_eval,stage2,curve_epoch_15,experiments_numeric.architecture_2.rover_mcts,hmrp-ha-gbfs,epoch:15:stage2:rover:on:923500475,,,True,,,,,,,3,4g,6,20G,04:00:00,,VAL,rover-on-923500475-stage2-train-primary,preselected dependency checkpoint,planned,Learning-curve test evaluation; never use for checkpoint selection
rover-on-923500475-stage2-policy_eval-curve_epoch_20,prospective-ten,923500475,rover,Rover,on,RQ3/RQ4,policy_eval,stage2,curve_epoch_20,experiments_numeric.architecture_2.rover_mcts,hmrp-ha-gbfs,epoch:20:stage2:rover:on:923500475,,,True,,,,,,,3,4g,6,20G,04:00:00,,VAL,rover-on-923500475-stage2-train-primary,preselected dependency checkpoint,planned,Learning-curve test evaluation; never use for checkpoint selection
rover-on-923500475-stage2-policy_eval-curve_epoch_25,prospective-ten,923500475,rover,Rover,on,RQ3/RQ4,policy_eval,stage2,curve_epoch_25,experiments_numeric.architecture_2.rover_mcts,hmrp-ha-gbfs,epoch:25:stage2:rover:on:923500475,,,True,,,,,,,3,4g,6,20G,04:00:00,,VAL,rover-on-923500475-stage2-train-primary,preselected dependency checkpoint,planned,Learning-curve test evaluation; never use for checkpoint selection
rover-on-923500475-stage2-policy_eval-curve_epoch_30,prospective-ten,923500475,rover,Rover,on,RQ3/RQ4,policy_eval,stage2,curve_epoch_30,experiments_numeric.architecture_2.rover_mcts,hmrp-ha-gbfs,epoch:30:stage2:rover:on:923500475,,,True,,,,,,,3,4g,6,20G,04:00:00,,VAL,rover-on-923500475-stage2-train-primary,preselected dependency checkpoint,planned,Learning-curve test evaluation; never use for checkpoint selection
rover-on-923500475-stage2-policy_eval-curve_epoch_35,prospective-ten,923500475,rover,Rover,on,RQ3/RQ4,policy_eval,stage2,curve_epoch_35,experiments_numeric.architecture_2.rover_mcts,hmrp-ha-gbfs,epoch:35:stage2:rover:on:923500475,,,True,,,,,,,3,4g,6,20G,04:00:00,,VAL,rover-on-923500475-stage2-train-primary,preselected dependency checkpoint,planned,Learning-curve test evaluation; never use for checkpoint selection
rover-on-923500475-stage2-policy_eval-curve_epoch_40,prospective-ten,923500475,rover,Rover,on,RQ3/RQ4,policy_eval,stage2,curve_epoch_40,experiments_numeric.architecture_2.rover_mcts,hmrp-ha-gbfs,epoch:40:stage2:rover:on:923500475,,,True,,,,,,,3,4g,6,20G,04:00:00,,VAL,rover-on-923500475-stage2-train-primary,preselected dependency checkpoint,planned,Learning-curve test evaluation; never use for checkpoint selection
rover-on-923500475-stage2-policy_eval-curve_epoch_45,prospective-ten,923500475,rover,Rover,on,RQ3/RQ4,policy_eval,stage2,curve_epoch_45,experiments_numeric.architecture_2.rover_mcts,hmrp-ha-gbfs,epoch:45:stage2:rover:on:923500475,,,True,,,,,,,3,4g,6,20G,04:00:00,,VAL,rover-on-923500475-stage2-train-primary,preselected dependency checkpoint,planned,Learning-curve test evaluation; never use for checkpoint selection
rover-on-923500475-stage2-policy_eval-curve_epoch_50,prospective-ten,923500475,rover,Rover,on,RQ3/RQ4,policy_eval,stage2,curve_epoch_50,experiments_numeric.architecture_2.rover_mcts,hmrp-ha-gbfs,epoch:50:stage2:rover:on:923500475,,,True,,,,,,,3,4g,6,20G,04:00:00,,VAL,rover-on-923500475-stage2-train-primary,preselected dependency checkpoint,planned,Learning-curve test evaluation; never use for checkpoint selection
rover-on-923500475-stage2-policy_eval-curve_epoch_55,prospective-ten,923500475,rover,Rover,on,RQ3/RQ4,policy_eval,stage2,curve_epoch_55,experiments_numeric.architecture_2.rover_mcts,hmrp-ha-gbfs,epoch:55:stage2:rover:on:923500475,,,True,,,,,,,3,4g,6,20G,04:00:00,,VAL,rover-on-923500475-stage2-train-primary,preselected dependency checkpoint,planned,Learning-curve test evaluation; never use for checkpoint selection
rover-on-923500475-stage2-policy_eval-curve_epoch_60,prospective-ten,923500475,rover,Rover,on,RQ3/RQ4,policy_eval,stage2,curve_epoch_60,experiments_numeric.architecture_2.rover_mcts,hmrp-ha-gbfs,epoch:60:stage2:rover:on:923500475,,,True,,,,,,,3,4g,6,20G,04:00:00,,VAL,rover-on-923500475-stage2-train-primary,preselected dependency checkpoint,planned,Learning-curve test evaluation; never use for checkpoint selection
rover-on-923500475-stage2-policy_eval-curve_epoch_65,prospective-ten,923500475,rover,Rover,on,RQ3/RQ4,policy_eval,stage2,curve_epoch_65,experiments_numeric.architecture_2.rover_mcts,hmrp-ha-gbfs,epoch:65:stage2:rover:on:923500475,,,True,,,,,,,3,4g,6,20G,04:00:00,,VAL,rover-on-923500475-stage2-train-primary,preselected dependency checkpoint,planned,Learning-curve test evaluation; never use for checkpoint selection
rover-on-923500475-stage2-policy_eval-curve_epoch_70,prospective-ten,923500475,rover,Rover,on,RQ3/RQ4,policy_eval,stage2,curve_epoch_70,experiments_numeric.architecture_2.rover_mcts,hmrp-ha-gbfs,epoch:70:stage2:rover:on:923500475,,,True,,,,,,,3,4g,6,20G,04:00:00,,VAL,rover-on-923500475-stage2-train-primary,preselected dependency checkpoint,planned,Learning-curve test evaluation; never use for checkpoint selection
rover-on-923500475-stage2-policy_eval-curve_epoch_75,prospective-ten,923500475,rover,Rover,on,RQ3/RQ4,policy_eval,stage2,curve_epoch_75,experiments_numeric.architecture_2.rover_mcts,hmrp-ha-gbfs,epoch:75:stage2:rover:on:923500475,,,True,,,,,,,3,4g,6,20G,04:00:00,,VAL,rover-on-923500475-stage2-train-primary,preselected dependency checkpoint,planned,Learning-curve test evaluation; never use for checkpoint selection
rover-on-923500475-stage2-policy_eval-curve_epoch_80,prospective-ten,923500475,rover,Rover,on,RQ3/RQ4,policy_eval,stage2,curve_epoch_80,experiments_numeric.architecture_2.rover_mcts,hmrp-ha-gbfs,epoch:80:stage2:rover:on:923500475,,,True,,,,,,,3,4g,6,20G,04:00:00,,VAL,rover-on-923500475-stage2-train-primary,preselected dependency checkpoint,planned,Learning-curve test evaluation; never use for checkpoint selection
rover-on-923500475-stage2-policy_eval-curve_epoch_85,prospective-ten,923500475,rover,Rover,on,RQ3/RQ4,policy_eval,stage2,curve_epoch_85,experiments_numeric.architecture_2.rover_mcts,hmrp-ha-gbfs,epoch:85:stage2:rover:on:923500475,,,True,,,,,,,3,4g,6,20G,04:00:00,,VAL,rover-on-923500475-stage2-train-primary,preselected dependency checkpoint,planned,Learning-curve test evaluation; never use for checkpoint selection
rover-on-923500475-stage2-policy_eval-curve_epoch_90,prospective-ten,923500475,rover,Rover,on,RQ3/RQ4,policy_eval,stage2,curve_epoch_90,experiments_numeric.architecture_2.rover_mcts,hmrp-ha-gbfs,epoch:90:stage2:rover:on:923500475,,,True,,,,,,,3,4g,6,20G,04:00:00,,VAL,rover-on-923500475-stage2-train-primary,preselected dependency checkpoint,planned,Learning-curve test evaluation; never use for checkpoint selection
rover-on-923500475-stage2-policy_eval-curve_epoch_95,prospective-ten,923500475,rover,Rover,on,RQ3/RQ4,policy_eval,stage2,curve_epoch_95,experiments_numeric.architecture_2.rover_mcts,hmrp-ha-gbfs,epoch:95:stage2:rover:on:923500475,,,True,,,,,,,3,4g,6,20G,04:00:00,,VAL,rover-on-923500475-stage2-train-primary,preselected dependency checkpoint,planned,Learning-curve test evaluation; never use for checkpoint selection
rover-on-923500475-stage2-policy_eval-curve_epoch_99,prospective-ten,923500475,rover,Rover,on,RQ3/RQ4,policy_eval,stage2,curve_epoch_99,experiments_numeric.architecture_2.rover_mcts,hmrp-ha-gbfs,epoch:99:stage2:rover:on:923500475,,,True,,,,,,,3,4g,6,20G,04:00:00,,VAL,rover-on-923500475-stage2-train-primary,preselected dependency checkpoint,planned,Learning-curve test evaluation; never use for checkpoint selection
rover-on-1972442430-stage2-policy_eval-curve_epoch_00,prospective-ten,1972442430,rover,Rover,on,RQ3/RQ4,policy_eval,stage2,curve_epoch_00,experiments_numeric.architecture_2.rover_mcts,hmrp-ha-gbfs,epoch:0:stage2:rover:on:1972442430,,,True,,,,,,,3,4g,6,20G,04:00:00,,VAL,rover-on-1972442430-stage2-train-primary,preselected dependency checkpoint,planned,Learning-curve test evaluation; never use for checkpoint selection
rover-on-1972442430-stage2-policy_eval-curve_epoch_05,prospective-ten,1972442430,rover,Rover,on,RQ3/RQ4,policy_eval,stage2,curve_epoch_05,experiments_numeric.architecture_2.rover_mcts,hmrp-ha-gbfs,epoch:5:stage2:rover:on:1972442430,,,True,,,,,,,3,4g,6,20G,04:00:00,,VAL,rover-on-1972442430-stage2-train-primary,preselected dependency checkpoint,planned,Learning-curve test evaluation; never use for checkpoint selection
rover-on-1972442430-stage2-policy_eval-curve_epoch_10,prospective-ten,1972442430,rover,Rover,on,RQ3/RQ4,policy_eval,stage2,curve_epoch_10,experiments_numeric.architecture_2.rover_mcts,hmrp-ha-gbfs,epoch:10:stage2:rover:on:1972442430,,,True,,,,,,,3,4g,6,20G,04:00:00,,VAL,rover-on-1972442430-stage2-train-primary,preselected dependency checkpoint,planned,Learning-curve test evaluation; never use for checkpoint selection
rover-on-1972442430-stage2-policy_eval-curve_epoch_15,prospective-ten,1972442430,rover,Rover,on,RQ3/RQ4,policy_eval,stage2,curve_epoch_15,experiments_numeric.architecture_2.rover_mcts,hmrp-ha-gbfs,epoch:15:stage2:rover:on:1972442430,,,True,,,,,,,3,4g,6,20G,04:00:00,,VAL,rover-on-1972442430-stage2-train-primary,preselected dependency checkpoint,planned,Learning-curve test evaluation; never use for checkpoint selection
rover-on-1972442430-stage2-policy_eval-curve_epoch_20,prospective-ten,1972442430,rover,Rover,on,RQ3/RQ4,policy_eval,stage2,curve_epoch_20,experiments_numeric.architecture_2.rover_mcts,hmrp-ha-gbfs,epoch:20:stage2:rover:on:1972442430,,,True,,,,,,,3,4g,6,20G,04:00:00,,VAL,rover-on-1972442430-stage2-train-primary,preselected dependency checkpoint,planned,Learning-curve test evaluation; never use for checkpoint selection
rover-on-1972442430-stage2-policy_eval-curve_epoch_25,prospective-ten,1972442430,rover,Rover,on,RQ3/RQ4,policy_eval,stage2,curve_epoch_25,experiments_numeric.architecture_2.rover_mcts,hmrp-ha-gbfs,epoch:25:stage2:rover:on:1972442430,,,True,,,,,,,3,4g,6,20G,04:00:00,,VAL,rover-on-1972442430-stage2-train-primary,preselected dependency checkpoint,planned,Learning-curve test evaluation; never use for checkpoint selection
rover-on-1972442430-stage2-policy_eval-curve_epoch_30,prospective-ten,1972442430,rover,Rover,on,RQ3/RQ4,policy_eval,stage2,curve_epoch_30,experiments_numeric.architecture_2.rover_mcts,hmrp-ha-gbfs,epoch:30:stage2:rover:on:1972442430,,,True,,,,,,,3,4g,6,20G,04:00:00,,VAL,rover-on-1972442430-stage2-train-primary,preselected dependency checkpoint,planned,Learning-curve test evaluation; never use for checkpoint selection
rover-on-1972442430-stage2-policy_eval-curve_epoch_35,prospective-ten,1972442430,rover,Rover,on,RQ3/RQ4,policy_eval,stage2,curve_epoch_35,experiments_numeric.architecture_2.rover_mcts,hmrp-ha-gbfs,epoch:35:stage2:rover:on:1972442430,,,True,,,,,,,3,4g,6,20G,04:00:00,,VAL,rover-on-1972442430-stage2-train-primary,preselected dependency checkpoint,planned,Learning-curve test evaluation; never use for checkpoint selection
rover-on-1972442430-stage2-policy_eval-curve_epoch_40,prospective-ten,1972442430,rover,Rover,on,RQ3/RQ4,policy_eval,stage2,curve_epoch_40,experiments_numeric.architecture_2.rover_mcts,hmrp-ha-gbfs,epoch:40:stage2:rover:on:1972442430,,,True,,,,,,,3,4g,6,20G,04:00:00,,VAL,rover-on-1972442430-stage2-train-primary,preselected dependency checkpoint,planned,Learning-curve test evaluation; never use for checkpoint selection
rover-on-1972442430-stage2-policy_eval-curve_epoch_45,prospective-ten,1972442430,rover,Rover,on,RQ3/RQ4,policy_eval,stage2,curve_epoch_45,experiments_numeric.architecture_2.rover_mcts,hmrp-ha-gbfs,epoch:45:stage2:rover:on:1972442430,,,True,,,,,,,3,4g,6,20G,04:00:00,,VAL,rover-on-1972442430-stage2-train-primary,preselected dependency checkpoint,planned,Learning-curve test evaluation; never use for checkpoint selection
rover-on-1972442430-stage2-policy_eval-curve_epoch_50,prospective-ten,1972442430,rover,Rover,on,RQ3/RQ4,policy_eval,stage2,curve_epoch_50,experiments_numeric.architecture_2.rover_mcts,hmrp-ha-gbfs,epoch:50:stage2:rover:on:1972442430,,,True,,,,,,,3,4g,6,20G,04:00:00,,VAL,rover-on-1972442430-stage2-train-primary,preselected dependency checkpoint,planned,Learning-curve test evaluation; never use for checkpoint selection
rover-on-1972442430-stage2-policy_eval-curve_epoch_55,prospective-ten,1972442430,rover,Rover,on,RQ3/RQ4,policy_eval,stage2,curve_epoch_55,experiments_numeric.architecture_2.rover_mcts,hmrp-ha-gbfs,epoch:55:stage2:rover:on:1972442430,,,True,,,,,,,3,4g,6,20G,04:00:00,,VAL,rover-on-1972442430-stage2-train-primary,preselected dependency checkpoint,planned,Learning-curve test evaluation; never use for checkpoint selection
rover-on-1972442430-stage2-policy_eval-curve_epoch_60,prospective-ten,1972442430,rover,Rover,on,RQ3/RQ4,policy_eval,stage2,curve_epoch_60,experiments_numeric.architecture_2.rover_mcts,hmrp-ha-gbfs,epoch:60:stage2:rover:on:1972442430,,,True,,,,,,,3,4g,6,20G,04:00:00,,VAL,rover-on-1972442430-stage2-train-primary,preselected dependency checkpoint,planned,Learning-curve test evaluation; never use for checkpoint selection
rover-on-1972442430-stage2-policy_eval-curve_epoch_65,prospective-ten,1972442430,rover,Rover,on,RQ3/RQ4,policy_eval,stage2,curve_epoch_65,experiments_numeric.architecture_2.rover_mcts,hmrp-ha-gbfs,epoch:65:stage2:rover:on:1972442430,,,True,,,,,,,3,4g,6,20G,04:00:00,,VAL,rover-on-1972442430-stage2-train-primary,preselected dependency checkpoint,planned,Learning-curve test evaluation; never use for checkpoint selection
rover-on-1972442430-stage2-policy_eval-curve_epoch_70,prospective-ten,1972442430,rover,Rover,on,RQ3/RQ4,policy_eval,stage2,curve_epoch_70,experiments_numeric.architecture_2.rover_mcts,hmrp-ha-gbfs,epoch:70:stage2:rover:on:1972442430,,,True,,,,,,,3,4g,6,20G,04:00:00,,VAL,rover-on-1972442430-stage2-train-primary,preselected dependency checkpoint,planned,Learning-curve test evaluation; never use for checkpoint selection
rover-on-1972442430-stage2-policy_eval-curve_epoch_75,prospective-ten,1972442430,rover,Rover,on,RQ3/RQ4,policy_eval,stage2,curve_epoch_75,experiments_numeric.architecture_2.rover_mcts,hmrp-ha-gbfs,epoch:75:stage2:rover:on:1972442430,,,True,,,,,,,3,4g,6,20G,04:00:00,,VAL,rover-on-1972442430-stage2-train-primary,preselected dependency checkpoint,planned,Learning-curve test evaluation; never use for checkpoint selection
rover-on-1972442430-stage2-policy_eval-curve_epoch_80,prospective-ten,1972442430,rover,Rover,on,RQ3/RQ4,policy_eval,stage2,curve_epoch_80,experiments_numeric.architecture_2.rover_mcts,hmrp-ha-gbfs,epoch:80:stage2:rover:on:1972442430,,,True,,,,,,,3,4g,6,20G,04:00:00,,VAL,rover-on-1972442430-stage2-train-primary,preselected dependency checkpoint,planned,Learning-curve test evaluation; never use for checkpoint selection
rover-on-1972442430-stage2-policy_eval-curve_epoch_85,prospective-ten,1972442430,rover,Rover,on,RQ3/RQ4,policy_eval,stage2,curve_epoch_85,experiments_numeric.architecture_2.rover_mcts,hmrp-ha-gbfs,epoch:85:stage2:rover:on:1972442430,,,True,,,,,,,3,4g,6,20G,04:00:00,,VAL,rover-on-1972442430-stage2-train-primary,preselected dependency checkpoint,planned,Learning-curve test evaluation; never use for checkpoint selection
rover-on-1972442430-stage2-policy_eval-curve_epoch_90,prospective-ten,1972442430,rover,Rover,on,RQ3/RQ4,policy_eval,stage2,curve_epoch_90,experiments_numeric.architecture_2.rover_mcts,hmrp-ha-gbfs,epoch:90:stage2:rover:on:1972442430,,,True,,,,,,,3,4g,6,20G,04:00:00,,VAL,rover-on-1972442430-stage2-train-primary,preselected dependency checkpoint,planned,Learning-curve test evaluation; never use for checkpoint selection
rover-on-1972442430-stage2-policy_eval-curve_epoch_95,prospective-ten,1972442430,rover,Rover,on,RQ3/RQ4,policy_eval,stage2,curve_epoch_95,experiments_numeric.architecture_2.rover_mcts,hmrp-ha-gbfs,epoch:95:stage2:rover:on:1972442430,,,True,,,,,,,3,4g,6,20G,04:00:00,,VAL,rover-on-1972442430-stage2-train-primary,preselected dependency checkpoint,planned,Learning-curve test evaluation; never use for checkpoint selection
rover-on-1972442430-stage2-policy_eval-curve_epoch_99,prospective-ten,1972442430,rover,Rover,on,RQ3/RQ4,policy_eval,stage2,curve_epoch_99,experiments_numeric.architecture_2.rover_mcts,hmrp-ha-gbfs,epoch:99:stage2:rover:on:1972442430,,,True,,,,,,,3,4g,6,20G,04:00:00,,VAL,rover-on-1972442430-stage2-train-primary,preselected dependency checkpoint,planned,Learning-curve test evaluation; never use for checkpoint selection
counters-off-1963100312-stage2-policy_eval-curve_epoch_00,prospective-ten,1963100312,counters,Counters,off,RQ1/RQ2,policy_eval,stage2,curve_epoch_00,experiments_numeric.architecture_2.counters_mcts,hmrmax-astar,epoch:0:stage2:counters:off:1963100312,,,True,,,,,,,3,4g,6,20G,04:00:00,,VAL,counters-off-1963100312-stage2-train-primary,preselected dependency checkpoint,planned,Learning-curve test evaluation; never use for checkpoint selection
counters-off-1963100312-stage2-policy_eval-curve_epoch_05,prospective-ten,1963100312,counters,Counters,off,RQ1/RQ2,policy_eval,stage2,curve_epoch_05,experiments_numeric.architecture_2.counters_mcts,hmrmax-astar,epoch:5:stage2:counters:off:1963100312,,,True,,,,,,,3,4g,6,20G,04:00:00,,VAL,counters-off-1963100312-stage2-train-primary,preselected dependency checkpoint,planned,Learning-curve test evaluation; never use for checkpoint selection
counters-off-1963100312-stage2-policy_eval-curve_epoch_10,prospective-ten,1963100312,counters,Counters,off,RQ1/RQ2,policy_eval,stage2,curve_epoch_10,experiments_numeric.architecture_2.counters_mcts,hmrmax-astar,epoch:10:stage2:counters:off:1963100312,,,True,,,,,,,3,4g,6,20G,04:00:00,,VAL,counters-off-1963100312-stage2-train-primary,preselected dependency checkpoint,planned,Learning-curve test evaluation; never use for checkpoint selection
counters-off-1963100312-stage2-policy_eval-curve_epoch_15,prospective-ten,1963100312,counters,Counters,off,RQ1/RQ2,policy_eval,stage2,curve_epoch_15,experiments_numeric.architecture_2.counters_mcts,hmrmax-astar,epoch:15:stage2:counters:off:1963100312,,,True,,,,,,,3,4g,6,20G,04:00:00,,VAL,counters-off-1963100312-stage2-train-primary,preselected dependency checkpoint,planned,Learning-curve test evaluation; never use for checkpoint selection
counters-off-1963100312-stage2-policy_eval-curve_epoch_20,prospective-ten,1963100312,counters,Counters,off,RQ1/RQ2,policy_eval,stage2,curve_epoch_20,experiments_numeric.architecture_2.counters_mcts,hmrmax-astar,epoch:20:stage2:counters:off:1963100312,,,True,,,,,,,3,4g,6,20G,04:00:00,,VAL,counters-off-1963100312-stage2-train-primary,preselected dependency checkpoint,planned,Learning-curve test evaluation; never use for checkpoint selection
counters-off-1963100312-stage2-policy_eval-curve_epoch_25,prospective-ten,1963100312,counters,Counters,off,RQ1/RQ2,policy_eval,stage2,curve_epoch_25,experiments_numeric.architecture_2.counters_mcts,hmrmax-astar,epoch:25:stage2:counters:off:1963100312,,,True,,,,,,,3,4g,6,20G,04:00:00,,VAL,counters-off-1963100312-stage2-train-primary,preselected dependency checkpoint,planned,Learning-curve test evaluation; never use for checkpoint selection
counters-off-1963100312-stage2-policy_eval-curve_epoch_30,prospective-ten,1963100312,counters,Counters,off,RQ1/RQ2,policy_eval,stage2,curve_epoch_30,experiments_numeric.architecture_2.counters_mcts,hmrmax-astar,epoch:30:stage2:counters:off:1963100312,,,True,,,,,,,3,4g,6,20G,04:00:00,,VAL,counters-off-1963100312-stage2-train-primary,preselected dependency checkpoint,planned,Learning-curve test evaluation; never use for checkpoint selection
counters-off-1963100312-stage2-policy_eval-curve_epoch_35,prospective-ten,1963100312,counters,Counters,off,RQ1/RQ2,policy_eval,stage2,curve_epoch_35,experiments_numeric.architecture_2.counters_mcts,hmrmax-astar,epoch:35:stage2:counters:off:1963100312,,,True,,,,,,,3,4g,6,20G,04:00:00,,VAL,counters-off-1963100312-stage2-train-primary,preselected dependency checkpoint,planned,Learning-curve test evaluation; never use for checkpoint selection
counters-off-1963100312-stage2-policy_eval-curve_epoch_40,prospective-ten,1963100312,counters,Counters,off,RQ1/RQ2,policy_eval,stage2,curve_epoch_40,experiments_numeric.architecture_2.counters_mcts,hmrmax-astar,epoch:40:stage2:counters:off:1963100312,,,True,,,,,,,3,4g,6,20G,04:00:00,,VAL,counters-off-1963100312-stage2-train-primary,preselected dependency checkpoint,planned,Learning-curve test evaluation; never use for checkpoint selection
counters-off-1963100312-stage2-policy_eval-curve_epoch_45,prospective-ten,1963100312,counters,Counters,off,RQ1/RQ2,policy_eval,stage2,curve_epoch_45,experiments_numeric.architecture_2.counters_mcts,hmrmax-astar,epoch:45:stage2:counters:off:1963100312,,,True,,,,,,,3,4g,6,20G,04:00:00,,VAL,counters-off-1963100312-stage2-train-primary,preselected dependency checkpoint,planned,Learning-curve test evaluation; never use for checkpoint selection
counters-off-1963100312-stage2-policy_eval-curve_epoch_50,prospective-ten,1963100312,counters,Counters,off,RQ1/RQ2,policy_eval,stage2,curve_epoch_50,experiments_numeric.architecture_2.counters_mcts,hmrmax-astar,epoch:50:stage2:counters:off:1963100312,,,True,,,,,,,3,4g,6,20G,04:00:00,,VAL,counters-off-1963100312-stage2-train-primary,preselected dependency checkpoint,planned,Learning-curve test evaluation; never use for checkpoint selection
counters-off-1963100312-stage2-policy_eval-curve_epoch_55,prospective-ten,1963100312,counters,Counters,off,RQ1/RQ2,policy_eval,stage2,curve_epoch_55,experiments_numeric.architecture_2.counters_mcts,hmrmax-astar,epoch:55:stage2:counters:off:1963100312,,,True,,,,,,,3,4g,6,20G,04:00:00,,VAL,counters-off-1963100312-stage2-train-primary,preselected dependency checkpoint,planned,Learning-curve test evaluation; never use for checkpoint selection
counters-off-1963100312-stage2-policy_eval-curve_epoch_60,prospective-ten,1963100312,counters,Counters,off,RQ1/RQ2,policy_eval,stage2,curve_epoch_60,experiments_numeric.architecture_2.counters_mcts,hmrmax-astar,epoch:60:stage2:counters:off:1963100312,,,True,,,,,,,3,4g,6,20G,04:00:00,,VAL,counters-off-1963100312-stage2-train-primary,preselected dependency checkpoint,planned,Learning-curve test evaluation; never use for checkpoint selection
counters-off-1963100312-stage2-policy_eval-curve_epoch_65,prospective-ten,1963100312,counters,Counters,off,RQ1/RQ2,policy_eval,stage2,curve_epoch_65,experiments_numeric.architecture_2.counters_mcts,hmrmax-astar,epoch:65:stage2:counters:off:1963100312,,,True,,,,,,,3,4g,6,20G,04:00:00,,VAL,counters-off-1963100312-stage2-train-primary,preselected dependency checkpoint,planned,Learning-curve test evaluation; never use for checkpoint selection
counters-off-1963100312-stage2-policy_eval-curve_epoch_70,prospective-ten,1963100312,counters,Counters,off,RQ1/RQ2,policy_eval,stage2,curve_epoch_70,experiments_numeric.architecture_2.counters_mcts,hmrmax-astar,epoch:70:stage2:counters:off:1963100312,,,True,,,,,,,3,4g,6,20G,04:00:00,,VAL,counters-off-1963100312-stage2-train-primary,preselected dependency checkpoint,planned,Learning-curve test evaluation; never use for checkpoint selection
counters-off-1963100312-stage2-policy_eval-curve_epoch_75,prospective-ten,1963100312,counters,Counters,off,RQ1/RQ2,policy_eval,stage2,curve_epoch_75,experiments_numeric.architecture_2.counters_mcts,hmrmax-astar,epoch:75:stage2:counters:off:1963100312,,,True,,,,,,,3,4g,6,20G,04:00:00,,VAL,counters-off-1963100312-stage2-train-primary,preselected dependency checkpoint,planned,Learning-curve test evaluation; never use for checkpoint selection
counters-off-1963100312-stage2-policy_eval-curve_epoch_80,prospective-ten,1963100312,counters,Counters,off,RQ1/RQ2,policy_eval,stage2,curve_epoch_80,experiments_numeric.architecture_2.counters_mcts,hmrmax-astar,epoch:80:stage2:counters:off:1963100312,,,True,,,,,,,3,4g,6,20G,04:00:00,,VAL,counters-off-1963100312-stage2-train-primary,preselected dependency checkpoint,planned,Learning-curve test evaluation; never use for checkpoint selection
counters-off-1963100312-stage2-policy_eval-curve_epoch_85,prospective-ten,1963100312,counters,Counters,off,RQ1/RQ2,policy_eval,stage2,curve_epoch_85,experiments_numeric.architecture_2.counters_mcts,hmrmax-astar,epoch:85:stage2:counters:off:1963100312,,,True,,,,,,,3,4g,6,20G,04:00:00,,VAL,counters-off-1963100312-stage2-train-primary,preselected dependency checkpoint,planned,Learning-curve test evaluation; never use for checkpoint selection
counters-off-1963100312-stage2-policy_eval-curve_epoch_90,prospective-ten,1963100312,counters,Counters,off,RQ1/RQ2,policy_eval,stage2,curve_epoch_90,experiments_numeric.architecture_2.counters_mcts,hmrmax-astar,epoch:90:stage2:counters:off:1963100312,,,True,,,,,,,3,4g,6,20G,04:00:00,,VAL,counters-off-1963100312-stage2-train-primary,preselected dependency checkpoint,planned,Learning-curve test evaluation; never use for checkpoint selection
counters-off-1963100312-stage2-policy_eval-curve_epoch_95,prospective-ten,1963100312,counters,Counters,off,RQ1/RQ2,policy_eval,stage2,curve_epoch_95,experiments_numeric.architecture_2.counters_mcts,hmrmax-astar,epoch:95:stage2:counters:off:1963100312,,,True,,,,,,,3,4g,6,20G,04:00:00,,VAL,counters-off-1963100312-stage2-train-primary,preselected dependency checkpoint,planned,Learning-curve test evaluation; never use for checkpoint selection
counters-off-1963100312-stage2-policy_eval-curve_epoch_99,prospective-ten,1963100312,counters,Counters,off,RQ1/RQ2,policy_eval,stage2,curve_epoch_99,experiments_numeric.architecture_2.counters_mcts,hmrmax-astar,epoch:99:stage2:counters:off:1963100312,,,True,,,,,,,3,4g,6,20G,04:00:00,,VAL,counters-off-1963100312-stage2-train-primary,preselected dependency checkpoint,planned,Learning-curve test evaluation; never use for checkpoint selection
counters-off-2011206605-stage2-policy_eval-curve_epoch_00,prospective-ten,2011206605,counters,Counters,off,RQ1/RQ2,policy_eval,stage2,curve_epoch_00,experiments_numeric.architecture_2.counters_mcts,hmrmax-astar,epoch:0:stage2:counters:off:2011206605,,,True,,,,,,,3,4g,6,20G,04:00:00,,VAL,counters-off-2011206605-stage2-train-primary,preselected dependency checkpoint,planned,Learning-curve test evaluation; never use for checkpoint selection
counters-off-2011206605-stage2-policy_eval-curve_epoch_05,prospective-ten,2011206605,counters,Counters,off,RQ1/RQ2,policy_eval,stage2,curve_epoch_05,experiments_numeric.architecture_2.counters_mcts,hmrmax-astar,epoch:5:stage2:counters:off:2011206605,,,True,,,,,,,3,4g,6,20G,04:00:00,,VAL,counters-off-2011206605-stage2-train-primary,preselected dependency checkpoint,planned,Learning-curve test evaluation; never use for checkpoint selection
counters-off-2011206605-stage2-policy_eval-curve_epoch_10,prospective-ten,2011206605,counters,Counters,off,RQ1/RQ2,policy_eval,stage2,curve_epoch_10,experiments_numeric.architecture_2.counters_mcts,hmrmax-astar,epoch:10:stage2:counters:off:2011206605,,,True,,,,,,,3,4g,6,20G,04:00:00,,VAL,counters-off-2011206605-stage2-train-primary,preselected dependency checkpoint,planned,Learning-curve test evaluation; never use for checkpoint selection
counters-off-2011206605-stage2-policy_eval-curve_epoch_15,prospective-ten,2011206605,counters,Counters,off,RQ1/RQ2,policy_eval,stage2,curve_epoch_15,experiments_numeric.architecture_2.counters_mcts,hmrmax-astar,epoch:15:stage2:counters:off:2011206605,,,True,,,,,,,3,4g,6,20G,04:00:00,,VAL,counters-off-2011206605-stage2-train-primary,preselected dependency checkpoint,planned,Learning-curve test evaluation; never use for checkpoint selection
counters-off-2011206605-stage2-policy_eval-curve_epoch_20,prospective-ten,2011206605,counters,Counters,off,RQ1/RQ2,policy_eval,stage2,curve_epoch_20,experiments_numeric.architecture_2.counters_mcts,hmrmax-astar,epoch:20:stage2:counters:off:2011206605,,,True,,,,,,,3,4g,6,20G,04:00:00,,VAL,counters-off-2011206605-stage2-train-primary,preselected dependency checkpoint,planned,Learning-curve test evaluation; never use for checkpoint selection
counters-off-2011206605-stage2-policy_eval-curve_epoch_25,prospective-ten,2011206605,counters,Counters,off,RQ1/RQ2,policy_eval,stage2,curve_epoch_25,experiments_numeric.architecture_2.counters_mcts,hmrmax-astar,epoch:25:stage2:counters:off:2011206605,,,True,,,,,,,3,4g,6,20G,04:00:00,,VAL,counters-off-2011206605-stage2-train-primary,preselected dependency checkpoint,planned,Learning-curve test evaluation; never use for checkpoint selection
counters-off-2011206605-stage2-policy_eval-curve_epoch_30,prospective-ten,2011206605,counters,Counters,off,RQ1/RQ2,policy_eval,stage2,curve_epoch_30,experiments_numeric.architecture_2.counters_mcts,hmrmax-astar,epoch:30:stage2:counters:off:2011206605,,,True,,,,,,,3,4g,6,20G,04:00:00,,VAL,counters-off-2011206605-stage2-train-primary,preselected dependency checkpoint,planned,Learning-curve test evaluation; never use for checkpoint selection
counters-off-2011206605-stage2-policy_eval-curve_epoch_35,prospective-ten,2011206605,counters,Counters,off,RQ1/RQ2,policy_eval,stage2,curve_epoch_35,experiments_numeric.architecture_2.counters_mcts,hmrmax-astar,epoch:35:stage2:counters:off:2011206605,,,True,,,,,,,3,4g,6,20G,04:00:00,,VAL,counters-off-2011206605-stage2-train-primary,preselected dependency checkpoint,planned,Learning-curve test evaluation; never use for checkpoint selection
counters-off-2011206605-stage2-policy_eval-curve_epoch_40,prospective-ten,2011206605,counters,Counters,off,RQ1/RQ2,policy_eval,stage2,curve_epoch_40,experiments_numeric.architecture_2.counters_mcts,hmrmax-astar,epoch:40:stage2:counters:off:2011206605,,,True,,,,,,,3,4g,6,20G,04:00:00,,VAL,counters-off-2011206605-stage2-train-primary,preselected dependency checkpoint,planned,Learning-curve test evaluation; never use for checkpoint selection
counters-off-2011206605-stage2-policy_eval-curve_epoch_45,prospective-ten,2011206605,counters,Counters,off,RQ1/RQ2,policy_eval,stage2,curve_epoch_45,experiments_numeric.architecture_2.counters_mcts,hmrmax-astar,epoch:45:stage2:counters:off:2011206605,,,True,,,,,,,3,4g,6,20G,04:00:00,,VAL,counters-off-2011206605-stage2-train-primary,preselected dependency checkpoint,planned,Learning-curve test evaluation; never use for checkpoint selection
counters-off-2011206605-stage2-policy_eval-curve_epoch_50,prospective-ten,2011206605,counters,Counters,off,RQ1/RQ2,policy_eval,stage2,curve_epoch_50,experiments_numeric.architecture_2.counters_mcts,hmrmax-astar,epoch:50:stage2:counters:off:2011206605,,,True,,,,,,,3,4g,6,20G,04:00:00,,VAL,counters-off-2011206605-stage2-train-primary,preselected dependency checkpoint,planned,Learning-curve test evaluation; never use for checkpoint selection
counters-off-2011206605-stage2-policy_eval-curve_epoch_55,prospective-ten,2011206605,counters,Counters,off,RQ1/RQ2,policy_eval,stage2,curve_epoch_55,experiments_numeric.architecture_2.counters_mcts,hmrmax-astar,epoch:55:stage2:counters:off:2011206605,,,True,,,,,,,3,4g,6,20G,04:00:00,,VAL,counters-off-2011206605-stage2-train-primary,preselected dependency checkpoint,planned,Learning-curve test evaluation; never use for checkpoint selection
counters-off-2011206605-stage2-policy_eval-curve_epoch_60,prospective-ten,2011206605,counters,Counters,off,RQ1/RQ2,policy_eval,stage2,curve_epoch_60,experiments_numeric.architecture_2.counters_mcts,hmrmax-astar,epoch:60:stage2:counters:off:2011206605,,,True,,,,,,,3,4g,6,20G,04:00:00,,VAL,counters-off-2011206605-stage2-train-primary,preselected dependency checkpoint,planned,Learning-curve test evaluation; never use for checkpoint selection
counters-off-2011206605-stage2-policy_eval-curve_epoch_65,prospective-ten,2011206605,counters,Counters,off,RQ1/RQ2,policy_eval,stage2,curve_epoch_65,experiments_numeric.architecture_2.counters_mcts,hmrmax-astar,epoch:65:stage2:counters:off:2011206605,,,True,,,,,,,3,4g,6,20G,04:00:00,,VAL,counters-off-2011206605-stage2-train-primary,preselected dependency checkpoint,planned,Learning-curve test evaluation; never use for checkpoint selection
counters-off-2011206605-stage2-policy_eval-curve_epoch_70,prospective-ten,2011206605,counters,Counters,off,RQ1/RQ2,policy_eval,stage2,curve_epoch_70,experiments_numeric.architecture_2.counters_mcts,hmrmax-astar,epoch:70:stage2:counters:off:2011206605,,,True,,,,,,,3,4g,6,20G,04:00:00,,VAL,counters-off-2011206605-stage2-train-primary,preselected dependency checkpoint,planned,Learning-curve test evaluation; never use for checkpoint selection
counters-off-2011206605-stage2-policy_eval-curve_epoch_75,prospective-ten,2011206605,counters,Counters,off,RQ1/RQ2,policy_eval,stage2,curve_epoch_75,experiments_numeric.architecture_2.counters_mcts,hmrmax-astar,epoch:75:stage2:counters:off:2011206605,,,True,,,,,,,3,4g,6,20G,04:00:00,,VAL,counters-off-2011206605-stage2-train-primary,preselected dependency checkpoint,planned,Learning-curve test evaluation; never use for checkpoint selection
counters-off-2011206605-stage2-policy_eval-curve_epoch_80,prospective-ten,2011206605,counters,Counters,off,RQ1/RQ2,policy_eval,stage2,curve_epoch_80,experiments_numeric.architecture_2.counters_mcts,hmrmax-astar,epoch:80:stage2:counters:off:2011206605,,,True,,,,,,,3,4g,6,20G,04:00:00,,VAL,counters-off-2011206605-stage2-train-primary,preselected dependency checkpoint,planned,Learning-curve test evaluation; never use for checkpoint selection
counters-off-2011206605-stage2-policy_eval-curve_epoch_85,prospective-ten,2011206605,counters,Counters,off,RQ1/RQ2,policy_eval,stage2,curve_epoch_85,experiments_numeric.architecture_2.counters_mcts,hmrmax-astar,epoch:85:stage2:counters:off:2011206605,,,True,,,,,,,3,4g,6,20G,04:00:00,,VAL,counters-off-2011206605-stage2-train-primary,preselected dependency checkpoint,planned,Learning-curve test evaluation; never use for checkpoint selection
counters-off-2011206605-stage2-policy_eval-curve_epoch_90,prospective-ten,2011206605,counters,Counters,off,RQ1/RQ2,policy_eval,stage2,curve_epoch_90,experiments_numeric.architecture_2.counters_mcts,hmrmax-astar,epoch:90:stage2:counters:off:2011206605,,,True,,,,,,,3,4g,6,20G,04:00:00,,VAL,counters-off-2011206605-stage2-train-primary,preselected dependency checkpoint,planned,Learning-curve test evaluation; never use for checkpoint selection
counters-off-2011206605-stage2-policy_eval-curve_epoch_95,prospective-ten,2011206605,counters,Counters,off,RQ1/RQ2,policy_eval,stage2,curve_epoch_95,experiments_numeric.architecture_2.counters_mcts,hmrmax-astar,epoch:95:stage2:counters:off:2011206605,,,True,,,,,,,3,4g,6,20G,04:00:00,,VAL,counters-off-2011206605-stage2-train-primary,preselected dependency checkpoint,planned,Learning-curve test evaluation; never use for checkpoint selection
counters-off-2011206605-stage2-policy_eval-curve_epoch_99,prospective-ten,2011206605,counters,Counters,off,RQ1/RQ2,policy_eval,stage2,curve_epoch_99,experiments_numeric.architecture_2.counters_mcts,hmrmax-astar,epoch:99:stage2:counters:off:2011206605,,,True,,,,,,,3,4g,6,20G,04:00:00,,VAL,counters-off-2011206605-stage2-train-primary,preselected dependency checkpoint,planned,Learning-curve test evaluation; never use for checkpoint selection
counters-off-1073581256-stage2-policy_eval-curve_epoch_00,prospective-ten,1073581256,counters,Counters,off,RQ1/RQ2,policy_eval,stage2,curve_epoch_00,experiments_numeric.architecture_2.counters_mcts,hmrmax-astar,epoch:0:stage2:counters:off:1073581256,,,True,,,,,,,3,4g,6,20G,04:00:00,,VAL,counters-off-1073581256-stage2-train-primary,preselected dependency checkpoint,planned,Learning-curve test evaluation; never use for checkpoint selection
counters-off-1073581256-stage2-policy_eval-curve_epoch_05,prospective-ten,1073581256,counters,Counters,off,RQ1/RQ2,policy_eval,stage2,curve_epoch_05,experiments_numeric.architecture_2.counters_mcts,hmrmax-astar,epoch:5:stage2:counters:off:1073581256,,,True,,,,,,,3,4g,6,20G,04:00:00,,VAL,counters-off-1073581256-stage2-train-primary,preselected dependency checkpoint,planned,Learning-curve test evaluation; never use for checkpoint selection
counters-off-1073581256-stage2-policy_eval-curve_epoch_10,prospective-ten,1073581256,counters,Counters,off,RQ1/RQ2,policy_eval,stage2,curve_epoch_10,experiments_numeric.architecture_2.counters_mcts,hmrmax-astar,epoch:10:stage2:counters:off:1073581256,,,True,,,,,,,3,4g,6,20G,04:00:00,,VAL,counters-off-1073581256-stage2-train-primary,preselected dependency checkpoint,planned,Learning-curve test evaluation; never use for checkpoint selection
counters-off-1073581256-stage2-policy_eval-curve_epoch_15,prospective-ten,1073581256,counters,Counters,off,RQ1/RQ2,policy_eval,stage2,curve_epoch_15,experiments_numeric.architecture_2.counters_mcts,hmrmax-astar,epoch:15:stage2:counters:off:1073581256,,,True,,,,,,,3,4g,6,20G,04:00:00,,VAL,counters-off-1073581256-stage2-train-primary,preselected dependency checkpoint,planned,Learning-curve test evaluation; never use for checkpoint selection
counters-off-1073581256-stage2-policy_eval-curve_epoch_20,prospective-ten,1073581256,counters,Counters,off,RQ1/RQ2,policy_eval,stage2,curve_epoch_20,experiments_numeric.architecture_2.counters_mcts,hmrmax-astar,epoch:20:stage2:counters:off:1073581256,,,True,,,,,,,3,4g,6,20G,04:00:00,,VAL,counters-off-1073581256-stage2-train-primary,preselected dependency checkpoint,planned,Learning-curve test evaluation; never use for checkpoint selection
counters-off-1073581256-stage2-policy_eval-curve_epoch_25,prospective-ten,1073581256,counters,Counters,off,RQ1/RQ2,policy_eval,stage2,curve_epoch_25,experiments_numeric.architecture_2.counters_mcts,hmrmax-astar,epoch:25:stage2:counters:off:1073581256,,,True,,,,,,,3,4g,6,20G,04:00:00,,VAL,counters-off-1073581256-stage2-train-primary,preselected dependency checkpoint,planned,Learning-curve test evaluation; never use for checkpoint selection
counters-off-1073581256-stage2-policy_eval-curve_epoch_30,prospective-ten,1073581256,counters,Counters,off,RQ1/RQ2,policy_eval,stage2,curve_epoch_30,experiments_numeric.architecture_2.counters_mcts,hmrmax-astar,epoch:30:stage2:counters:off:1073581256,,,True,,,,,,,3,4g,6,20G,04:00:00,,VAL,counters-off-1073581256-stage2-train-primary,preselected dependency checkpoint,planned,Learning-curve test evaluation; never use for checkpoint selection
counters-off-1073581256-stage2-policy_eval-curve_epoch_35,prospective-ten,1073581256,counters,Counters,off,RQ1/RQ2,policy_eval,stage2,curve_epoch_35,experiments_numeric.architecture_2.counters_mcts,hmrmax-astar,epoch:35:stage2:counters:off:1073581256,,,True,,,,,,,3,4g,6,20G,04:00:00,,VAL,counters-off-1073581256-stage2-train-primary,preselected dependency checkpoint,planned,Learning-curve test evaluation; never use for checkpoint selection
counters-off-1073581256-stage2-policy_eval-curve_epoch_40,prospective-ten,1073581256,counters,Counters,off,RQ1/RQ2,policy_eval,stage2,curve_epoch_40,experiments_numeric.architecture_2.counters_mcts,hmrmax-astar,epoch:40:stage2:counters:off:1073581256,,,True,,,,,,,3,4g,6,20G,04:00:00,,VAL,counters-off-1073581256-stage2-train-primary,preselected dependency checkpoint,planned,Learning-curve test evaluation; never use for checkpoint selection
counters-off-1073581256-stage2-policy_eval-curve_epoch_45,prospective-ten,1073581256,counters,Counters,off,RQ1/RQ2,policy_eval,stage2,curve_epoch_45,experiments_numeric.architecture_2.counters_mcts,hmrmax-astar,epoch:45:stage2:counters:off:1073581256,,,True,,,,,,,3,4g,6,20G,04:00:00,,VAL,counters-off-1073581256-stage2-train-primary,preselected dependency checkpoint,planned,Learning-curve test evaluation; never use for checkpoint selection
counters-off-1073581256-stage2-policy_eval-curve_epoch_50,prospective-ten,1073581256,counters,Counters,off,RQ1/RQ2,policy_eval,stage2,curve_epoch_50,experiments_numeric.architecture_2.counters_mcts,hmrmax-astar,epoch:50:stage2:counters:off:1073581256,,,True,,,,,,,3,4g,6,20G,04:00:00,,VAL,counters-off-1073581256-stage2-train-primary,preselected dependency checkpoint,planned,Learning-curve test evaluation; never use for checkpoint selection
counters-off-1073581256-stage2-policy_eval-curve_epoch_55,prospective-ten,1073581256,counters,Counters,off,RQ1/RQ2,policy_eval,stage2,curve_epoch_55,experiments_numeric.architecture_2.counters_mcts,hmrmax-astar,epoch:55:stage2:counters:off:1073581256,,,True,,,,,,,3,4g,6,20G,04:00:00,,VAL,counters-off-1073581256-stage2-train-primary,preselected dependency checkpoint,planned,Learning-curve test evaluation; never use for checkpoint selection
counters-off-1073581256-stage2-policy_eval-curve_epoch_60,prospective-ten,1073581256,counters,Counters,off,RQ1/RQ2,policy_eval,stage2,curve_epoch_60,experiments_numeric.architecture_2.counters_mcts,hmrmax-astar,epoch:60:stage2:counters:off:1073581256,,,True,,,,,,,3,4g,6,20G,04:00:00,,VAL,counters-off-1073581256-stage2-train-primary,preselected dependency checkpoint,planned,Learning-curve test evaluation; never use for checkpoint selection
counters-off-1073581256-stage2-policy_eval-curve_epoch_65,prospective-ten,1073581256,counters,Counters,off,RQ1/RQ2,policy_eval,stage2,curve_epoch_65,experiments_numeric.architecture_2.counters_mcts,hmrmax-astar,epoch:65:stage2:counters:off:1073581256,,,True,,,,,,,3,4g,6,20G,04:00:00,,VAL,counters-off-1073581256-stage2-train-primary,preselected dependency checkpoint,planned,Learning-curve test evaluation; never use for checkpoint selection
counters-off-1073581256-stage2-policy_eval-curve_epoch_70,prospective-ten,1073581256,counters,Counters,off,RQ1/RQ2,policy_eval,stage2,curve_epoch_70,experiments_numeric.architecture_2.counters_mcts,hmrmax-astar,epoch:70:stage2:counters:off:1073581256,,,True,,,,,,,3,4g,6,20G,04:00:00,,VAL,counters-off-1073581256-stage2-train-primary,preselected dependency checkpoint,planned,Learning-curve test evaluation; never use for checkpoint selection
counters-off-1073581256-stage2-policy_eval-curve_epoch_75,prospective-ten,1073581256,counters,Counters,off,RQ1/RQ2,policy_eval,stage2,curve_epoch_75,experiments_numeric.architecture_2.counters_mcts,hmrmax-astar,epoch:75:stage2:counters:off:1073581256,,,True,,,,,,,3,4g,6,20G,04:00:00,,VAL,counters-off-1073581256-stage2-train-primary,preselected dependency checkpoint,planned,Learning-curve test evaluation; never use for checkpoint selection
counters-off-1073581256-stage2-policy_eval-curve_epoch_80,prospective-ten,1073581256,counters,Counters,off,RQ1/RQ2,policy_eval,stage2,curve_epoch_80,experiments_numeric.architecture_2.counters_mcts,hmrmax-astar,epoch:80:stage2:counters:off:1073581256,,,True,,,,,,,3,4g,6,20G,04:00:00,,VAL,counters-off-1073581256-stage2-train-primary,preselected dependency checkpoint,planned,Learning-curve test evaluation; never use for checkpoint selection
counters-off-1073581256-stage2-policy_eval-curve_epoch_85,prospective-ten,1073581256,counters,Counters,off,RQ1/RQ2,policy_eval,stage2,curve_epoch_85,experiments_numeric.architecture_2.counters_mcts,hmrmax-astar,epoch:85:stage2:counters:off:1073581256,,,True,,,,,,,3,4g,6,20G,04:00:00,,VAL,counters-off-1073581256-stage2-train-primary,preselected dependency checkpoint,planned,Learning-curve test evaluation; never use for checkpoint selection
counters-off-1073581256-stage2-policy_eval-curve_epoch_90,prospective-ten,1073581256,counters,Counters,off,RQ1/RQ2,policy_eval,stage2,curve_epoch_90,experiments_numeric.architecture_2.counters_mcts,hmrmax-astar,epoch:90:stage2:counters:off:1073581256,,,True,,,,,,,3,4g,6,20G,04:00:00,,VAL,counters-off-1073581256-stage2-train-primary,preselected dependency checkpoint,planned,Learning-curve test evaluation; never use for checkpoint selection
counters-off-1073581256-stage2-policy_eval-curve_epoch_95,prospective-ten,1073581256,counters,Counters,off,RQ1/RQ2,policy_eval,stage2,curve_epoch_95,experiments_numeric.architecture_2.counters_mcts,hmrmax-astar,epoch:95:stage2:counters:off:1073581256,,,True,,,,,,,3,4g,6,20G,04:00:00,,VAL,counters-off-1073581256-stage2-train-primary,preselected dependency checkpoint,planned,Learning-curve test evaluation; never use for checkpoint selection
counters-off-1073581256-stage2-policy_eval-curve_epoch_99,prospective-ten,1073581256,counters,Counters,off,RQ1/RQ2,policy_eval,stage2,curve_epoch_99,experiments_numeric.architecture_2.counters_mcts,hmrmax-astar,epoch:99:stage2:counters:off:1073581256,,,True,,,,,,,3,4g,6,20G,04:00:00,,VAL,counters-off-1073581256-stage2-train-primary,preselected dependency checkpoint,planned,Learning-curve test evaluation; never use for checkpoint selection
counters-off-1239739722-stage2-policy_eval-curve_epoch_00,prospective-ten,1239739722,counters,Counters,off,RQ1/RQ2,policy_eval,stage2,curve_epoch_00,experiments_numeric.architecture_2.counters_mcts,hmrmax-astar,epoch:0:stage2:counters:off:1239739722,,,True,,,,,,,3,4g,6,20G,04:00:00,,VAL,counters-off-1239739722-stage2-train-primary,preselected dependency checkpoint,planned,Learning-curve test evaluation; never use for checkpoint selection
counters-off-1239739722-stage2-policy_eval-curve_epoch_05,prospective-ten,1239739722,counters,Counters,off,RQ1/RQ2,policy_eval,stage2,curve_epoch_05,experiments_numeric.architecture_2.counters_mcts,hmrmax-astar,epoch:5:stage2:counters:off:1239739722,,,True,,,,,,,3,4g,6,20G,04:00:00,,VAL,counters-off-1239739722-stage2-train-primary,preselected dependency checkpoint,planned,Learning-curve test evaluation; never use for checkpoint selection
counters-off-1239739722-stage2-policy_eval-curve_epoch_10,prospective-ten,1239739722,counters,Counters,off,RQ1/RQ2,policy_eval,stage2,curve_epoch_10,experiments_numeric.architecture_2.counters_mcts,hmrmax-astar,epoch:10:stage2:counters:off:1239739722,,,True,,,,,,,3,4g,6,20G,04:00:00,,VAL,counters-off-1239739722-stage2-train-primary,preselected dependency checkpoint,planned,Learning-curve test evaluation; never use for checkpoint selection
counters-off-1239739722-stage2-policy_eval-curve_epoch_15,prospective-ten,1239739722,counters,Counters,off,RQ1/RQ2,policy_eval,stage2,curve_epoch_15,experiments_numeric.architecture_2.counters_mcts,hmrmax-astar,epoch:15:stage2:counters:off:1239739722,,,True,,,,,,,3,4g,6,20G,04:00:00,,VAL,counters-off-1239739722-stage2-train-primary,preselected dependency checkpoint,planned,Learning-curve test evaluation; never use for checkpoint selection
counters-off-1239739722-stage2-policy_eval-curve_epoch_20,prospective-ten,1239739722,counters,Counters,off,RQ1/RQ2,policy_eval,stage2,curve_epoch_20,experiments_numeric.architecture_2.counters_mcts,hmrmax-astar,epoch:20:stage2:counters:off:1239739722,,,True,,,,,,,3,4g,6,20G,04:00:00,,VAL,counters-off-1239739722-stage2-train-primary,preselected dependency checkpoint,planned,Learning-curve test evaluation; never use for checkpoint selection
counters-off-1239739722-stage2-policy_eval-curve_epoch_25,prospective-ten,1239739722,counters,Counters,off,RQ1/RQ2,policy_eval,stage2,curve_epoch_25,experiments_numeric.architecture_2.counters_mcts,hmrmax-astar,epoch:25:stage2:counters:off:1239739722,,,True,,,,,,,3,4g,6,20G,04:00:00,,VAL,counters-off-1239739722-stage2-train-primary,preselected dependency checkpoint,planned,Learning-curve test evaluation; never use for checkpoint selection
counters-off-1239739722-stage2-policy_eval-curve_epoch_30,prospective-ten,1239739722,counters,Counters,off,RQ1/RQ2,policy_eval,stage2,curve_epoch_30,experiments_numeric.architecture_2.counters_mcts,hmrmax-astar,epoch:30:stage2:counters:off:1239739722,,,True,,,,,,,3,4g,6,20G,04:00:00,,VAL,counters-off-1239739722-stage2-train-primary,preselected dependency checkpoint,planned,Learning-curve test evaluation; never use for checkpoint selection
counters-off-1239739722-stage2-policy_eval-curve_epoch_35,prospective-ten,1239739722,counters,Counters,off,RQ1/RQ2,policy_eval,stage2,curve_epoch_35,experiments_numeric.architecture_2.counters_mcts,hmrmax-astar,epoch:35:stage2:counters:off:1239739722,,,True,,,,,,,3,4g,6,20G,04:00:00,,VAL,counters-off-1239739722-stage2-train-primary,preselected dependency checkpoint,planned,Learning-curve test evaluation; never use for checkpoint selection
counters-off-1239739722-stage2-policy_eval-curve_epoch_40,prospective-ten,1239739722,counters,Counters,off,RQ1/RQ2,policy_eval,stage2,curve_epoch_40,experiments_numeric.architecture_2.counters_mcts,hmrmax-astar,epoch:40:stage2:counters:off:1239739722,,,True,,,,,,,3,4g,6,20G,04:00:00,,VAL,counters-off-1239739722-stage2-train-primary,preselected dependency checkpoint,planned,Learning-curve test evaluation; never use for checkpoint selection
counters-off-1239739722-stage2-policy_eval-curve_epoch_45,prospective-ten,1239739722,counters,Counters,off,RQ1/RQ2,policy_eval,stage2,curve_epoch_45,experiments_numeric.architecture_2.counters_mcts,hmrmax-astar,epoch:45:stage2:counters:off:1239739722,,,True,,,,,,,3,4g,6,20G,04:00:00,,VAL,counters-off-1239739722-stage2-train-primary,preselected dependency checkpoint,planned,Learning-curve test evaluation; never use for checkpoint selection
counters-off-1239739722-stage2-policy_eval-curve_epoch_50,prospective-ten,1239739722,counters,Counters,off,RQ1/RQ2,policy_eval,stage2,curve_epoch_50,experiments_numeric.architecture_2.counters_mcts,hmrmax-astar,epoch:50:stage2:counters:off:1239739722,,,True,,,,,,,3,4g,6,20G,04:00:00,,VAL,counters-off-1239739722-stage2-train-primary,preselected dependency checkpoint,planned,Learning-curve test evaluation; never use for checkpoint selection
counters-off-1239739722-stage2-policy_eval-curve_epoch_55,prospective-ten,1239739722,counters,Counters,off,RQ1/RQ2,policy_eval,stage2,curve_epoch_55,experiments_numeric.architecture_2.counters_mcts,hmrmax-astar,epoch:55:stage2:counters:off:1239739722,,,True,,,,,,,3,4g,6,20G,04:00:00,,VAL,counters-off-1239739722-stage2-train-primary,preselected dependency checkpoint,planned,Learning-curve test evaluation; never use for checkpoint selection
counters-off-1239739722-stage2-policy_eval-curve_epoch_60,prospective-ten,1239739722,counters,Counters,off,RQ1/RQ2,policy_eval,stage2,curve_epoch_60,experiments_numeric.architecture_2.counters_mcts,hmrmax-astar,epoch:60:stage2:counters:off:1239739722,,,True,,,,,,,3,4g,6,20G,04:00:00,,VAL,counters-off-1239739722-stage2-train-primary,preselected dependency checkpoint,planned,Learning-curve test evaluation; never use for checkpoint selection
counters-off-1239739722-stage2-policy_eval-curve_epoch_65,prospective-ten,1239739722,counters,Counters,off,RQ1/RQ2,policy_eval,stage2,curve_epoch_65,experiments_numeric.architecture_2.counters_mcts,hmrmax-astar,epoch:65:stage2:counters:off:1239739722,,,True,,,,,,,3,4g,6,20G,04:00:00,,VAL,counters-off-1239739722-stage2-train-primary,preselected dependency checkpoint,planned,Learning-curve test evaluation; never use for checkpoint selection
counters-off-1239739722-stage2-policy_eval-curve_epoch_70,prospective-ten,1239739722,counters,Counters,off,RQ1/RQ2,policy_eval,stage2,curve_epoch_70,experiments_numeric.architecture_2.counters_mcts,hmrmax-astar,epoch:70:stage2:counters:off:1239739722,,,True,,,,,,,3,4g,6,20G,04:00:00,,VAL,counters-off-1239739722-stage2-train-primary,preselected dependency checkpoint,planned,Learning-curve test evaluation; never use for checkpoint selection
counters-off-1239739722-stage2-policy_eval-curve_epoch_75,prospective-ten,1239739722,counters,Counters,off,RQ1/RQ2,policy_eval,stage2,curve_epoch_75,experiments_numeric.architecture_2.counters_mcts,hmrmax-astar,epoch:75:stage2:counters:off:1239739722,,,True,,,,,,,3,4g,6,20G,04:00:00,,VAL,counters-off-1239739722-stage2-train-primary,preselected dependency checkpoint,planned,Learning-curve test evaluation; never use for checkpoint selection
counters-off-1239739722-stage2-policy_eval-curve_epoch_80,prospective-ten,1239739722,counters,Counters,off,RQ1/RQ2,policy_eval,stage2,curve_epoch_80,experiments_numeric.architecture_2.counters_mcts,hmrmax-astar,epoch:80:stage2:counters:off:1239739722,,,True,,,,,,,3,4g,6,20G,04:00:00,,VAL,counters-off-1239739722-stage2-train-primary,preselected dependency checkpoint,planned,Learning-curve test evaluation; never use for checkpoint selection
counters-off-1239739722-stage2-policy_eval-curve_epoch_85,prospective-ten,1239739722,counters,Counters,off,RQ1/RQ2,policy_eval,stage2,curve_epoch_85,experiments_numeric.architecture_2.counters_mcts,hmrmax-astar,epoch:85:stage2:counters:off:1239739722,,,True,,,,,,,3,4g,6,20G,04:00:00,,VAL,counters-off-1239739722-stage2-train-primary,preselected dependency checkpoint,planned,Learning-curve test evaluation; never use for checkpoint selection
counters-off-1239739722-stage2-policy_eval-curve_epoch_90,prospective-ten,1239739722,counters,Counters,off,RQ1/RQ2,policy_eval,stage2,curve_epoch_90,experiments_numeric.architecture_2.counters_mcts,hmrmax-astar,epoch:90:stage2:counters:off:1239739722,,,True,,,,,,,3,4g,6,20G,04:00:00,,VAL,counters-off-1239739722-stage2-train-primary,preselected dependency checkpoint,planned,Learning-curve test evaluation; never use for checkpoint selection
counters-off-1239739722-stage2-policy_eval-curve_epoch_95,prospective-ten,1239739722,counters,Counters,off,RQ1/RQ2,policy_eval,stage2,curve_epoch_95,experiments_numeric.architecture_2.counters_mcts,hmrmax-astar,epoch:95:stage2:counters:off:1239739722,,,True,,,,,,,3,4g,6,20G,04:00:00,,VAL,counters-off-1239739722-stage2-train-primary,preselected dependency checkpoint,planned,Learning-curve test evaluation; never use for checkpoint selection
counters-off-1239739722-stage2-policy_eval-curve_epoch_99,prospective-ten,1239739722,counters,Counters,off,RQ1/RQ2,policy_eval,stage2,curve_epoch_99,experiments_numeric.architecture_2.counters_mcts,hmrmax-astar,epoch:99:stage2:counters:off:1239739722,,,True,,,,,,,3,4g,6,20G,04:00:00,,VAL,counters-off-1239739722-stage2-train-primary,preselected dependency checkpoint,planned,Learning-curve test evaluation; never use for checkpoint selection
counters-off-1472491096-stage2-policy_eval-curve_epoch_00,prospective-ten,1472491096,counters,Counters,off,RQ1/RQ2,policy_eval,stage2,curve_epoch_00,experiments_numeric.architecture_2.counters_mcts,hmrmax-astar,epoch:0:stage2:counters:off:1472491096,,,True,,,,,,,3,4g,6,20G,04:00:00,,VAL,counters-off-1472491096-stage2-train-primary,preselected dependency checkpoint,planned,Learning-curve test evaluation; never use for checkpoint selection
counters-off-1472491096-stage2-policy_eval-curve_epoch_05,prospective-ten,1472491096,counters,Counters,off,RQ1/RQ2,policy_eval,stage2,curve_epoch_05,experiments_numeric.architecture_2.counters_mcts,hmrmax-astar,epoch:5:stage2:counters:off:1472491096,,,True,,,,,,,3,4g,6,20G,04:00:00,,VAL,counters-off-1472491096-stage2-train-primary,preselected dependency checkpoint,planned,Learning-curve test evaluation; never use for checkpoint selection
counters-off-1472491096-stage2-policy_eval-curve_epoch_10,prospective-ten,1472491096,counters,Counters,off,RQ1/RQ2,policy_eval,stage2,curve_epoch_10,experiments_numeric.architecture_2.counters_mcts,hmrmax-astar,epoch:10:stage2:counters:off:1472491096,,,True,,,,,,,3,4g,6,20G,04:00:00,,VAL,counters-off-1472491096-stage2-train-primary,preselected dependency checkpoint,planned,Learning-curve test evaluation; never use for checkpoint selection
counters-off-1472491096-stage2-policy_eval-curve_epoch_15,prospective-ten,1472491096,counters,Counters,off,RQ1/RQ2,policy_eval,stage2,curve_epoch_15,experiments_numeric.architecture_2.counters_mcts,hmrmax-astar,epoch:15:stage2:counters:off:1472491096,,,True,,,,,,,3,4g,6,20G,04:00:00,,VAL,counters-off-1472491096-stage2-train-primary,preselected dependency checkpoint,planned,Learning-curve test evaluation; never use for checkpoint selection
counters-off-1472491096-stage2-policy_eval-curve_epoch_20,prospective-ten,1472491096,counters,Counters,off,RQ1/RQ2,policy_eval,stage2,curve_epoch_20,experiments_numeric.architecture_2.counters_mcts,hmrmax-astar,epoch:20:stage2:counters:off:1472491096,,,True,,,,,,,3,4g,6,20G,04:00:00,,VAL,counters-off-1472491096-stage2-train-primary,preselected dependency checkpoint,planned,Learning-curve test evaluation; never use for checkpoint selection
counters-off-1472491096-stage2-policy_eval-curve_epoch_25,prospective-ten,1472491096,counters,Counters,off,RQ1/RQ2,policy_eval,stage2,curve_epoch_25,experiments_numeric.architecture_2.counters_mcts,hmrmax-astar,epoch:25:stage2:counters:off:1472491096,,,True,,,,,,,3,4g,6,20G,04:00:00,,VAL,counters-off-1472491096-stage2-train-primary,preselected dependency checkpoint,planned,Learning-curve test evaluation; never use for checkpoint selection
counters-off-1472491096-stage2-policy_eval-curve_epoch_30,prospective-ten,1472491096,counters,Counters,off,RQ1/RQ2,policy_eval,stage2,curve_epoch_30,experiments_numeric.architecture_2.counters_mcts,hmrmax-astar,epoch:30:stage2:counters:off:1472491096,,,True,,,,,,,3,4g,6,20G,04:00:00,,VAL,counters-off-1472491096-stage2-train-primary,preselected dependency checkpoint,planned,Learning-curve test evaluation; never use for checkpoint selection
counters-off-1472491096-stage2-policy_eval-curve_epoch_35,prospective-ten,1472491096,counters,Counters,off,RQ1/RQ2,policy_eval,stage2,curve_epoch_35,experiments_numeric.architecture_2.counters_mcts,hmrmax-astar,epoch:35:stage2:counters:off:1472491096,,,True,,,,,,,3,4g,6,20G,04:00:00,,VAL,counters-off-1472491096-stage2-train-primary,preselected dependency checkpoint,planned,Learning-curve test evaluation; never use for checkpoint selection
counters-off-1472491096-stage2-policy_eval-curve_epoch_40,prospective-ten,1472491096,counters,Counters,off,RQ1/RQ2,policy_eval,stage2,curve_epoch_40,experiments_numeric.architecture_2.counters_mcts,hmrmax-astar,epoch:40:stage2:counters:off:1472491096,,,True,,,,,,,3,4g,6,20G,04:00:00,,VAL,counters-off-1472491096-stage2-train-primary,preselected dependency checkpoint,planned,Learning-curve test evaluation; never use for checkpoint selection
counters-off-1472491096-stage2-policy_eval-curve_epoch_45,prospective-ten,1472491096,counters,Counters,off,RQ1/RQ2,policy_eval,stage2,curve_epoch_45,experiments_numeric.architecture_2.counters_mcts,hmrmax-astar,epoch:45:stage2:counters:off:1472491096,,,True,,,,,,,3,4g,6,20G,04:00:00,,VAL,counters-off-1472491096-stage2-train-primary,preselected dependency checkpoint,planned,Learning-curve test evaluation; never use for checkpoint selection
counters-off-1472491096-stage2-policy_eval-curve_epoch_50,prospective-ten,1472491096,counters,Counters,off,RQ1/RQ2,policy_eval,stage2,curve_epoch_50,experiments_numeric.architecture_2.counters_mcts,hmrmax-astar,epoch:50:stage2:counters:off:1472491096,,,True,,,,,,,3,4g,6,20G,04:00:00,,VAL,counters-off-1472491096-stage2-train-primary,preselected dependency checkpoint,planned,Learning-curve test evaluation; never use for checkpoint selection
counters-off-1472491096-stage2-policy_eval-curve_epoch_55,prospective-ten,1472491096,counters,Counters,off,RQ1/RQ2,policy_eval,stage2,curve_epoch_55,experiments_numeric.architecture_2.counters_mcts,hmrmax-astar,epoch:55:stage2:counters:off:1472491096,,,True,,,,,,,3,4g,6,20G,04:00:00,,VAL,counters-off-1472491096-stage2-train-primary,preselected dependency checkpoint,planned,Learning-curve test evaluation; never use for checkpoint selection
counters-off-1472491096-stage2-policy_eval-curve_epoch_60,prospective-ten,1472491096,counters,Counters,off,RQ1/RQ2,policy_eval,stage2,curve_epoch_60,experiments_numeric.architecture_2.counters_mcts,hmrmax-astar,epoch:60:stage2:counters:off:1472491096,,,True,,,,,,,3,4g,6,20G,04:00:00,,VAL,counters-off-1472491096-stage2-train-primary,preselected dependency checkpoint,planned,Learning-curve test evaluation; never use for checkpoint selection
counters-off-1472491096-stage2-policy_eval-curve_epoch_65,prospective-ten,1472491096,counters,Counters,off,RQ1/RQ2,policy_eval,stage2,curve_epoch_65,experiments_numeric.architecture_2.counters_mcts,hmrmax-astar,epoch:65:stage2:counters:off:1472491096,,,True,,,,,,,3,4g,6,20G,04:00:00,,VAL,counters-off-1472491096-stage2-train-primary,preselected dependency checkpoint,planned,Learning-curve test evaluation; never use for checkpoint selection
counters-off-1472491096-stage2-policy_eval-curve_epoch_70,prospective-ten,1472491096,counters,Counters,off,RQ1/RQ2,policy_eval,stage2,curve_epoch_70,experiments_numeric.architecture_2.counters_mcts,hmrmax-astar,epoch:70:stage2:counters:off:1472491096,,,True,,,,,,,3,4g,6,20G,04:00:00,,VAL,counters-off-1472491096-stage2-train-primary,preselected dependency checkpoint,planned,Learning-curve test evaluation; never use for checkpoint selection
counters-off-1472491096-stage2-policy_eval-curve_epoch_75,prospective-ten,1472491096,counters,Counters,off,RQ1/RQ2,policy_eval,stage2,curve_epoch_75,experiments_numeric.architecture_2.counters_mcts,hmrmax-astar,epoch:75:stage2:counters:off:1472491096,,,True,,,,,,,3,4g,6,20G,04:00:00,,VAL,counters-off-1472491096-stage2-train-primary,preselected dependency checkpoint,planned,Learning-curve test evaluation; never use for checkpoint selection
counters-off-1472491096-stage2-policy_eval-curve_epoch_80,prospective-ten,1472491096,counters,Counters,off,RQ1/RQ2,policy_eval,stage2,curve_epoch_80,experiments_numeric.architecture_2.counters_mcts,hmrmax-astar,epoch:80:stage2:counters:off:1472491096,,,True,,,,,,,3,4g,6,20G,04:00:00,,VAL,counters-off-1472491096-stage2-train-primary,preselected dependency checkpoint,planned,Learning-curve test evaluation; never use for checkpoint selection
counters-off-1472491096-stage2-policy_eval-curve_epoch_85,prospective-ten,1472491096,counters,Counters,off,RQ1/RQ2,policy_eval,stage2,curve_epoch_85,experiments_numeric.architecture_2.counters_mcts,hmrmax-astar,epoch:85:stage2:counters:off:1472491096,,,True,,,,,,,3,4g,6,20G,04:00:00,,VAL,counters-off-1472491096-stage2-train-primary,preselected dependency checkpoint,planned,Learning-curve test evaluation; never use for checkpoint selection
counters-off-1472491096-stage2-policy_eval-curve_epoch_90,prospective-ten,1472491096,counters,Counters,off,RQ1/RQ2,policy_eval,stage2,curve_epoch_90,experiments_numeric.architecture_2.counters_mcts,hmrmax-astar,epoch:90:stage2:counters:off:1472491096,,,True,,,,,,,3,4g,6,20G,04:00:00,,VAL,counters-off-1472491096-stage2-train-primary,preselected dependency checkpoint,planned,Learning-curve test evaluation; never use for checkpoint selection
counters-off-1472491096-stage2-policy_eval-curve_epoch_95,prospective-ten,1472491096,counters,Counters,off,RQ1/RQ2,policy_eval,stage2,curve_epoch_95,experiments_numeric.architecture_2.counters_mcts,hmrmax-astar,epoch:95:stage2:counters:off:1472491096,,,True,,,,,,,3,4g,6,20G,04:00:00,,VAL,counters-off-1472491096-stage2-train-primary,preselected dependency checkpoint,planned,Learning-curve test evaluation; never use for checkpoint selection
counters-off-1472491096-stage2-policy_eval-curve_epoch_99,prospective-ten,1472491096,counters,Counters,off,RQ1/RQ2,policy_eval,stage2,curve_epoch_99,experiments_numeric.architecture_2.counters_mcts,hmrmax-astar,epoch:99:stage2:counters:off:1472491096,,,True,,,,,,,3,4g,6,20G,04:00:00,,VAL,counters-off-1472491096-stage2-train-primary,preselected dependency checkpoint,planned,Learning-curve test evaluation; never use for checkpoint selection
counters-off-534933607-stage2-policy_eval-curve_epoch_00,prospective-ten,534933607,counters,Counters,off,RQ1/RQ2,policy_eval,stage2,curve_epoch_00,experiments_numeric.architecture_2.counters_mcts,hmrmax-astar,epoch:0:stage2:counters:off:534933607,,,True,,,,,,,3,4g,6,20G,04:00:00,,VAL,counters-off-534933607-stage2-train-primary,preselected dependency checkpoint,planned,Learning-curve test evaluation; never use for checkpoint selection
counters-off-534933607-stage2-policy_eval-curve_epoch_05,prospective-ten,534933607,counters,Counters,off,RQ1/RQ2,policy_eval,stage2,curve_epoch_05,experiments_numeric.architecture_2.counters_mcts,hmrmax-astar,epoch:5:stage2:counters:off:534933607,,,True,,,,,,,3,4g,6,20G,04:00:00,,VAL,counters-off-534933607-stage2-train-primary,preselected dependency checkpoint,planned,Learning-curve test evaluation; never use for checkpoint selection
counters-off-534933607-stage2-policy_eval-curve_epoch_10,prospective-ten,534933607,counters,Counters,off,RQ1/RQ2,policy_eval,stage2,curve_epoch_10,experiments_numeric.architecture_2.counters_mcts,hmrmax-astar,epoch:10:stage2:counters:off:534933607,,,True,,,,,,,3,4g,6,20G,04:00:00,,VAL,counters-off-534933607-stage2-train-primary,preselected dependency checkpoint,planned,Learning-curve test evaluation; never use for checkpoint selection
counters-off-534933607-stage2-policy_eval-curve_epoch_15,prospective-ten,534933607,counters,Counters,off,RQ1/RQ2,policy_eval,stage2,curve_epoch_15,experiments_numeric.architecture_2.counters_mcts,hmrmax-astar,epoch:15:stage2:counters:off:534933607,,,True,,,,,,,3,4g,6,20G,04:00:00,,VAL,counters-off-534933607-stage2-train-primary,preselected dependency checkpoint,planned,Learning-curve test evaluation; never use for checkpoint selection
counters-off-534933607-stage2-policy_eval-curve_epoch_20,prospective-ten,534933607,counters,Counters,off,RQ1/RQ2,policy_eval,stage2,curve_epoch_20,experiments_numeric.architecture_2.counters_mcts,hmrmax-astar,epoch:20:stage2:counters:off:534933607,,,True,,,,,,,3,4g,6,20G,04:00:00,,VAL,counters-off-534933607-stage2-train-primary,preselected dependency checkpoint,planned,Learning-curve test evaluation; never use for checkpoint selection
counters-off-534933607-stage2-policy_eval-curve_epoch_25,prospective-ten,534933607,counters,Counters,off,RQ1/RQ2,policy_eval,stage2,curve_epoch_25,experiments_numeric.architecture_2.counters_mcts,hmrmax-astar,epoch:25:stage2:counters:off:534933607,,,True,,,,,,,3,4g,6,20G,04:00:00,,VAL,counters-off-534933607-stage2-train-primary,preselected dependency checkpoint,planned,Learning-curve test evaluation; never use for checkpoint selection
counters-off-534933607-stage2-policy_eval-curve_epoch_30,prospective-ten,534933607,counters,Counters,off,RQ1/RQ2,policy_eval,stage2,curve_epoch_30,experiments_numeric.architecture_2.counters_mcts,hmrmax-astar,epoch:30:stage2:counters:off:534933607,,,True,,,,,,,3,4g,6,20G,04:00:00,,VAL,counters-off-534933607-stage2-train-primary,preselected dependency checkpoint,planned,Learning-curve test evaluation; never use for checkpoint selection
counters-off-534933607-stage2-policy_eval-curve_epoch_35,prospective-ten,534933607,counters,Counters,off,RQ1/RQ2,policy_eval,stage2,curve_epoch_35,experiments_numeric.architecture_2.counters_mcts,hmrmax-astar,epoch:35:stage2:counters:off:534933607,,,True,,,,,,,3,4g,6,20G,04:00:00,,VAL,counters-off-534933607-stage2-train-primary,preselected dependency checkpoint,planned,Learning-curve test evaluation; never use for checkpoint selection
counters-off-534933607-stage2-policy_eval-curve_epoch_40,prospective-ten,534933607,counters,Counters,off,RQ1/RQ2,policy_eval,stage2,curve_epoch_40,experiments_numeric.architecture_2.counters_mcts,hmrmax-astar,epoch:40:stage2:counters:off:534933607,,,True,,,,,,,3,4g,6,20G,04:00:00,,VAL,counters-off-534933607-stage2-train-primary,preselected dependency checkpoint,planned,Learning-curve test evaluation; never use for checkpoint selection
counters-off-534933607-stage2-policy_eval-curve_epoch_45,prospective-ten,534933607,counters,Counters,off,RQ1/RQ2,policy_eval,stage2,curve_epoch_45,experiments_numeric.architecture_2.counters_mcts,hmrmax-astar,epoch:45:stage2:counters:off:534933607,,,True,,,,,,,3,4g,6,20G,04:00:00,,VAL,counters-off-534933607-stage2-train-primary,preselected dependency checkpoint,planned,Learning-curve test evaluation; never use for checkpoint selection
counters-off-534933607-stage2-policy_eval-curve_epoch_50,prospective-ten,534933607,counters,Counters,off,RQ1/RQ2,policy_eval,stage2,curve_epoch_50,experiments_numeric.architecture_2.counters_mcts,hmrmax-astar,epoch:50:stage2:counters:off:534933607,,,True,,,,,,,3,4g,6,20G,04:00:00,,VAL,counters-off-534933607-stage2-train-primary,preselected dependency checkpoint,planned,Learning-curve test evaluation; never use for checkpoint selection
counters-off-534933607-stage2-policy_eval-curve_epoch_55,prospective-ten,534933607,counters,Counters,off,RQ1/RQ2,policy_eval,stage2,curve_epoch_55,experiments_numeric.architecture_2.counters_mcts,hmrmax-astar,epoch:55:stage2:counters:off:534933607,,,True,,,,,,,3,4g,6,20G,04:00:00,,VAL,counters-off-534933607-stage2-train-primary,preselected dependency checkpoint,planned,Learning-curve test evaluation; never use for checkpoint selection
counters-off-534933607-stage2-policy_eval-curve_epoch_60,prospective-ten,534933607,counters,Counters,off,RQ1/RQ2,policy_eval,stage2,curve_epoch_60,experiments_numeric.architecture_2.counters_mcts,hmrmax-astar,epoch:60:stage2:counters:off:534933607,,,True,,,,,,,3,4g,6,20G,04:00:00,,VAL,counters-off-534933607-stage2-train-primary,preselected dependency checkpoint,planned,Learning-curve test evaluation; never use for checkpoint selection
counters-off-534933607-stage2-policy_eval-curve_epoch_65,prospective-ten,534933607,counters,Counters,off,RQ1/RQ2,policy_eval,stage2,curve_epoch_65,experiments_numeric.architecture_2.counters_mcts,hmrmax-astar,epoch:65:stage2:counters:off:534933607,,,True,,,,,,,3,4g,6,20G,04:00:00,,VAL,counters-off-534933607-stage2-train-primary,preselected dependency checkpoint,planned,Learning-curve test evaluation; never use for checkpoint selection
counters-off-534933607-stage2-policy_eval-curve_epoch_70,prospective-ten,534933607,counters,Counters,off,RQ1/RQ2,policy_eval,stage2,curve_epoch_70,experiments_numeric.architecture_2.counters_mcts,hmrmax-astar,epoch:70:stage2:counters:off:534933607,,,True,,,,,,,3,4g,6,20G,04:00:00,,VAL,counters-off-534933607-stage2-train-primary,preselected dependency checkpoint,planned,Learning-curve test evaluation; never use for checkpoint selection
counters-off-534933607-stage2-policy_eval-curve_epoch_75,prospective-ten,534933607,counters,Counters,off,RQ1/RQ2,policy_eval,stage2,curve_epoch_75,experiments_numeric.architecture_2.counters_mcts,hmrmax-astar,epoch:75:stage2:counters:off:534933607,,,True,,,,,,,3,4g,6,20G,04:00:00,,VAL,counters-off-534933607-stage2-train-primary,preselected dependency checkpoint,planned,Learning-curve test evaluation; never use for checkpoint selection
counters-off-534933607-stage2-policy_eval-curve_epoch_80,prospective-ten,534933607,counters,Counters,off,RQ1/RQ2,policy_eval,stage2,curve_epoch_80,experiments_numeric.architecture_2.counters_mcts,hmrmax-astar,epoch:80:stage2:counters:off:534933607,,,True,,,,,,,3,4g,6,20G,04:00:00,,VAL,counters-off-534933607-stage2-train-primary,preselected dependency checkpoint,planned,Learning-curve test evaluation; never use for checkpoint selection
counters-off-534933607-stage2-policy_eval-curve_epoch_85,prospective-ten,534933607,counters,Counters,off,RQ1/RQ2,policy_eval,stage2,curve_epoch_85,experiments_numeric.architecture_2.counters_mcts,hmrmax-astar,epoch:85:stage2:counters:off:534933607,,,True,,,,,,,3,4g,6,20G,04:00:00,,VAL,counters-off-534933607-stage2-train-primary,preselected dependency checkpoint,planned,Learning-curve test evaluation; never use for checkpoint selection
counters-off-534933607-stage2-policy_eval-curve_epoch_90,prospective-ten,534933607,counters,Counters,off,RQ1/RQ2,policy_eval,stage2,curve_epoch_90,experiments_numeric.architecture_2.counters_mcts,hmrmax-astar,epoch:90:stage2:counters:off:534933607,,,True,,,,,,,3,4g,6,20G,04:00:00,,VAL,counters-off-534933607-stage2-train-primary,preselected dependency checkpoint,planned,Learning-curve test evaluation; never use for checkpoint selection
counters-off-534933607-stage2-policy_eval-curve_epoch_95,prospective-ten,534933607,counters,Counters,off,RQ1/RQ2,policy_eval,stage2,curve_epoch_95,experiments_numeric.architecture_2.counters_mcts,hmrmax-astar,epoch:95:stage2:counters:off:534933607,,,True,,,,,,,3,4g,6,20G,04:00:00,,VAL,counters-off-534933607-stage2-train-primary,preselected dependency checkpoint,planned,Learning-curve test evaluation; never use for checkpoint selection
counters-off-534933607-stage2-policy_eval-curve_epoch_99,prospective-ten,534933607,counters,Counters,off,RQ1/RQ2,policy_eval,stage2,curve_epoch_99,experiments_numeric.architecture_2.counters_mcts,hmrmax-astar,epoch:99:stage2:counters:off:534933607,,,True,,,,,,,3,4g,6,20G,04:00:00,,VAL,counters-off-534933607-stage2-train-primary,preselected dependency checkpoint,planned,Learning-curve test evaluation; never use for checkpoint selection
counters-off-2082152039-stage2-policy_eval-curve_epoch_00,prospective-ten,2082152039,counters,Counters,off,RQ1/RQ2,policy_eval,stage2,curve_epoch_00,experiments_numeric.architecture_2.counters_mcts,hmrmax-astar,epoch:0:stage2:counters:off:2082152039,,,True,,,,,,,3,4g,6,20G,04:00:00,,VAL,counters-off-2082152039-stage2-train-primary,preselected dependency checkpoint,planned,Learning-curve test evaluation; never use for checkpoint selection
counters-off-2082152039-stage2-policy_eval-curve_epoch_05,prospective-ten,2082152039,counters,Counters,off,RQ1/RQ2,policy_eval,stage2,curve_epoch_05,experiments_numeric.architecture_2.counters_mcts,hmrmax-astar,epoch:5:stage2:counters:off:2082152039,,,True,,,,,,,3,4g,6,20G,04:00:00,,VAL,counters-off-2082152039-stage2-train-primary,preselected dependency checkpoint,planned,Learning-curve test evaluation; never use for checkpoint selection
counters-off-2082152039-stage2-policy_eval-curve_epoch_10,prospective-ten,2082152039,counters,Counters,off,RQ1/RQ2,policy_eval,stage2,curve_epoch_10,experiments_numeric.architecture_2.counters_mcts,hmrmax-astar,epoch:10:stage2:counters:off:2082152039,,,True,,,,,,,3,4g,6,20G,04:00:00,,VAL,counters-off-2082152039-stage2-train-primary,preselected dependency checkpoint,planned,Learning-curve test evaluation; never use for checkpoint selection
counters-off-2082152039-stage2-policy_eval-curve_epoch_15,prospective-ten,2082152039,counters,Counters,off,RQ1/RQ2,policy_eval,stage2,curve_epoch_15,experiments_numeric.architecture_2.counters_mcts,hmrmax-astar,epoch:15:stage2:counters:off:2082152039,,,True,,,,,,,3,4g,6,20G,04:00:00,,VAL,counters-off-2082152039-stage2-train-primary,preselected dependency checkpoint,planned,Learning-curve test evaluation; never use for checkpoint selection
counters-off-2082152039-stage2-policy_eval-curve_epoch_20,prospective-ten,2082152039,counters,Counters,off,RQ1/RQ2,policy_eval,stage2,curve_epoch_20,experiments_numeric.architecture_2.counters_mcts,hmrmax-astar,epoch:20:stage2:counters:off:2082152039,,,True,,,,,,,3,4g,6,20G,04:00:00,,VAL,counters-off-2082152039-stage2-train-primary,preselected dependency checkpoint,planned,Learning-curve test evaluation; never use for checkpoint selection
counters-off-2082152039-stage2-policy_eval-curve_epoch_25,prospective-ten,2082152039,counters,Counters,off,RQ1/RQ2,policy_eval,stage2,curve_epoch_25,experiments_numeric.architecture_2.counters_mcts,hmrmax-astar,epoch:25:stage2:counters:off:2082152039,,,True,,,,,,,3,4g,6,20G,04:00:00,,VAL,counters-off-2082152039-stage2-train-primary,preselected dependency checkpoint,planned,Learning-curve test evaluation; never use for checkpoint selection
counters-off-2082152039-stage2-policy_eval-curve_epoch_30,prospective-ten,2082152039,counters,Counters,off,RQ1/RQ2,policy_eval,stage2,curve_epoch_30,experiments_numeric.architecture_2.counters_mcts,hmrmax-astar,epoch:30:stage2:counters:off:2082152039,,,True,,,,,,,3,4g,6,20G,04:00:00,,VAL,counters-off-2082152039-stage2-train-primary,preselected dependency checkpoint,planned,Learning-curve test evaluation; never use for checkpoint selection
counters-off-2082152039-stage2-policy_eval-curve_epoch_35,prospective-ten,2082152039,counters,Counters,off,RQ1/RQ2,policy_eval,stage2,curve_epoch_35,experiments_numeric.architecture_2.counters_mcts,hmrmax-astar,epoch:35:stage2:counters:off:2082152039,,,True,,,,,,,3,4g,6,20G,04:00:00,,VAL,counters-off-2082152039-stage2-train-primary,preselected dependency checkpoint,planned,Learning-curve test evaluation; never use for checkpoint selection
counters-off-2082152039-stage2-policy_eval-curve_epoch_40,prospective-ten,2082152039,counters,Counters,off,RQ1/RQ2,policy_eval,stage2,curve_epoch_40,experiments_numeric.architecture_2.counters_mcts,hmrmax-astar,epoch:40:stage2:counters:off:2082152039,,,True,,,,,,,3,4g,6,20G,04:00:00,,VAL,counters-off-2082152039-stage2-train-primary,preselected dependency checkpoint,planned,Learning-curve test evaluation; never use for checkpoint selection
counters-off-2082152039-stage2-policy_eval-curve_epoch_45,prospective-ten,2082152039,counters,Counters,off,RQ1/RQ2,policy_eval,stage2,curve_epoch_45,experiments_numeric.architecture_2.counters_mcts,hmrmax-astar,epoch:45:stage2:counters:off:2082152039,,,True,,,,,,,3,4g,6,20G,04:00:00,,VAL,counters-off-2082152039-stage2-train-primary,preselected dependency checkpoint,planned,Learning-curve test evaluation; never use for checkpoint selection
counters-off-2082152039-stage2-policy_eval-curve_epoch_50,prospective-ten,2082152039,counters,Counters,off,RQ1/RQ2,policy_eval,stage2,curve_epoch_50,experiments_numeric.architecture_2.counters_mcts,hmrmax-astar,epoch:50:stage2:counters:off:2082152039,,,True,,,,,,,3,4g,6,20G,04:00:00,,VAL,counters-off-2082152039-stage2-train-primary,preselected dependency checkpoint,planned,Learning-curve test evaluation; never use for checkpoint selection
counters-off-2082152039-stage2-policy_eval-curve_epoch_55,prospective-ten,2082152039,counters,Counters,off,RQ1/RQ2,policy_eval,stage2,curve_epoch_55,experiments_numeric.architecture_2.counters_mcts,hmrmax-astar,epoch:55:stage2:counters:off:2082152039,,,True,,,,,,,3,4g,6,20G,04:00:00,,VAL,counters-off-2082152039-stage2-train-primary,preselected dependency checkpoint,planned,Learning-curve test evaluation; never use for checkpoint selection
counters-off-2082152039-stage2-policy_eval-curve_epoch_60,prospective-ten,2082152039,counters,Counters,off,RQ1/RQ2,policy_eval,stage2,curve_epoch_60,experiments_numeric.architecture_2.counters_mcts,hmrmax-astar,epoch:60:stage2:counters:off:2082152039,,,True,,,,,,,3,4g,6,20G,04:00:00,,VAL,counters-off-2082152039-stage2-train-primary,preselected dependency checkpoint,planned,Learning-curve test evaluation; never use for checkpoint selection
counters-off-2082152039-stage2-policy_eval-curve_epoch_65,prospective-ten,2082152039,counters,Counters,off,RQ1/RQ2,policy_eval,stage2,curve_epoch_65,experiments_numeric.architecture_2.counters_mcts,hmrmax-astar,epoch:65:stage2:counters:off:2082152039,,,True,,,,,,,3,4g,6,20G,04:00:00,,VAL,counters-off-2082152039-stage2-train-primary,preselected dependency checkpoint,planned,Learning-curve test evaluation; never use for checkpoint selection
counters-off-2082152039-stage2-policy_eval-curve_epoch_70,prospective-ten,2082152039,counters,Counters,off,RQ1/RQ2,policy_eval,stage2,curve_epoch_70,experiments_numeric.architecture_2.counters_mcts,hmrmax-astar,epoch:70:stage2:counters:off:2082152039,,,True,,,,,,,3,4g,6,20G,04:00:00,,VAL,counters-off-2082152039-stage2-train-primary,preselected dependency checkpoint,planned,Learning-curve test evaluation; never use for checkpoint selection
counters-off-2082152039-stage2-policy_eval-curve_epoch_75,prospective-ten,2082152039,counters,Counters,off,RQ1/RQ2,policy_eval,stage2,curve_epoch_75,experiments_numeric.architecture_2.counters_mcts,hmrmax-astar,epoch:75:stage2:counters:off:2082152039,,,True,,,,,,,3,4g,6,20G,04:00:00,,VAL,counters-off-2082152039-stage2-train-primary,preselected dependency checkpoint,planned,Learning-curve test evaluation; never use for checkpoint selection
counters-off-2082152039-stage2-policy_eval-curve_epoch_80,prospective-ten,2082152039,counters,Counters,off,RQ1/RQ2,policy_eval,stage2,curve_epoch_80,experiments_numeric.architecture_2.counters_mcts,hmrmax-astar,epoch:80:stage2:counters:off:2082152039,,,True,,,,,,,3,4g,6,20G,04:00:00,,VAL,counters-off-2082152039-stage2-train-primary,preselected dependency checkpoint,planned,Learning-curve test evaluation; never use for checkpoint selection
counters-off-2082152039-stage2-policy_eval-curve_epoch_85,prospective-ten,2082152039,counters,Counters,off,RQ1/RQ2,policy_eval,stage2,curve_epoch_85,experiments_numeric.architecture_2.counters_mcts,hmrmax-astar,epoch:85:stage2:counters:off:2082152039,,,True,,,,,,,3,4g,6,20G,04:00:00,,VAL,counters-off-2082152039-stage2-train-primary,preselected dependency checkpoint,planned,Learning-curve test evaluation; never use for checkpoint selection
counters-off-2082152039-stage2-policy_eval-curve_epoch_90,prospective-ten,2082152039,counters,Counters,off,RQ1/RQ2,policy_eval,stage2,curve_epoch_90,experiments_numeric.architecture_2.counters_mcts,hmrmax-astar,epoch:90:stage2:counters:off:2082152039,,,True,,,,,,,3,4g,6,20G,04:00:00,,VAL,counters-off-2082152039-stage2-train-primary,preselected dependency checkpoint,planned,Learning-curve test evaluation; never use for checkpoint selection
counters-off-2082152039-stage2-policy_eval-curve_epoch_95,prospective-ten,2082152039,counters,Counters,off,RQ1/RQ2,policy_eval,stage2,curve_epoch_95,experiments_numeric.architecture_2.counters_mcts,hmrmax-astar,epoch:95:stage2:counters:off:2082152039,,,True,,,,,,,3,4g,6,20G,04:00:00,,VAL,counters-off-2082152039-stage2-train-primary,preselected dependency checkpoint,planned,Learning-curve test evaluation; never use for checkpoint selection
counters-off-2082152039-stage2-policy_eval-curve_epoch_99,prospective-ten,2082152039,counters,Counters,off,RQ1/RQ2,policy_eval,stage2,curve_epoch_99,experiments_numeric.architecture_2.counters_mcts,hmrmax-astar,epoch:99:stage2:counters:off:2082152039,,,True,,,,,,,3,4g,6,20G,04:00:00,,VAL,counters-off-2082152039-stage2-train-primary,preselected dependency checkpoint,planned,Learning-curve test evaluation; never use for checkpoint selection
counters-off-1510771779-stage2-policy_eval-curve_epoch_00,prospective-ten,1510771779,counters,Counters,off,RQ1/RQ2,policy_eval,stage2,curve_epoch_00,experiments_numeric.architecture_2.counters_mcts,hmrmax-astar,epoch:0:stage2:counters:off:1510771779,,,True,,,,,,,3,4g,6,20G,04:00:00,,VAL,counters-off-1510771779-stage2-train-primary,preselected dependency checkpoint,planned,Learning-curve test evaluation; never use for checkpoint selection
counters-off-1510771779-stage2-policy_eval-curve_epoch_05,prospective-ten,1510771779,counters,Counters,off,RQ1/RQ2,policy_eval,stage2,curve_epoch_05,experiments_numeric.architecture_2.counters_mcts,hmrmax-astar,epoch:5:stage2:counters:off:1510771779,,,True,,,,,,,3,4g,6,20G,04:00:00,,VAL,counters-off-1510771779-stage2-train-primary,preselected dependency checkpoint,planned,Learning-curve test evaluation; never use for checkpoint selection
counters-off-1510771779-stage2-policy_eval-curve_epoch_10,prospective-ten,1510771779,counters,Counters,off,RQ1/RQ2,policy_eval,stage2,curve_epoch_10,experiments_numeric.architecture_2.counters_mcts,hmrmax-astar,epoch:10:stage2:counters:off:1510771779,,,True,,,,,,,3,4g,6,20G,04:00:00,,VAL,counters-off-1510771779-stage2-train-primary,preselected dependency checkpoint,planned,Learning-curve test evaluation; never use for checkpoint selection
counters-off-1510771779-stage2-policy_eval-curve_epoch_15,prospective-ten,1510771779,counters,Counters,off,RQ1/RQ2,policy_eval,stage2,curve_epoch_15,experiments_numeric.architecture_2.counters_mcts,hmrmax-astar,epoch:15:stage2:counters:off:1510771779,,,True,,,,,,,3,4g,6,20G,04:00:00,,VAL,counters-off-1510771779-stage2-train-primary,preselected dependency checkpoint,planned,Learning-curve test evaluation; never use for checkpoint selection
counters-off-1510771779-stage2-policy_eval-curve_epoch_20,prospective-ten,1510771779,counters,Counters,off,RQ1/RQ2,policy_eval,stage2,curve_epoch_20,experiments_numeric.architecture_2.counters_mcts,hmrmax-astar,epoch:20:stage2:counters:off:1510771779,,,True,,,,,,,3,4g,6,20G,04:00:00,,VAL,counters-off-1510771779-stage2-train-primary,preselected dependency checkpoint,planned,Learning-curve test evaluation; never use for checkpoint selection
counters-off-1510771779-stage2-policy_eval-curve_epoch_25,prospective-ten,1510771779,counters,Counters,off,RQ1/RQ2,policy_eval,stage2,curve_epoch_25,experiments_numeric.architecture_2.counters_mcts,hmrmax-astar,epoch:25:stage2:counters:off:1510771779,,,True,,,,,,,3,4g,6,20G,04:00:00,,VAL,counters-off-1510771779-stage2-train-primary,preselected dependency checkpoint,planned,Learning-curve test evaluation; never use for checkpoint selection
counters-off-1510771779-stage2-policy_eval-curve_epoch_30,prospective-ten,1510771779,counters,Counters,off,RQ1/RQ2,policy_eval,stage2,curve_epoch_30,experiments_numeric.architecture_2.counters_mcts,hmrmax-astar,epoch:30:stage2:counters:off:1510771779,,,True,,,,,,,3,4g,6,20G,04:00:00,,VAL,counters-off-1510771779-stage2-train-primary,preselected dependency checkpoint,planned,Learning-curve test evaluation; never use for checkpoint selection
counters-off-1510771779-stage2-policy_eval-curve_epoch_35,prospective-ten,1510771779,counters,Counters,off,RQ1/RQ2,policy_eval,stage2,curve_epoch_35,experiments_numeric.architecture_2.counters_mcts,hmrmax-astar,epoch:35:stage2:counters:off:1510771779,,,True,,,,,,,3,4g,6,20G,04:00:00,,VAL,counters-off-1510771779-stage2-train-primary,preselected dependency checkpoint,planned,Learning-curve test evaluation; never use for checkpoint selection
counters-off-1510771779-stage2-policy_eval-curve_epoch_40,prospective-ten,1510771779,counters,Counters,off,RQ1/RQ2,policy_eval,stage2,curve_epoch_40,experiments_numeric.architecture_2.counters_mcts,hmrmax-astar,epoch:40:stage2:counters:off:1510771779,,,True,,,,,,,3,4g,6,20G,04:00:00,,VAL,counters-off-1510771779-stage2-train-primary,preselected dependency checkpoint,planned,Learning-curve test evaluation; never use for checkpoint selection
counters-off-1510771779-stage2-policy_eval-curve_epoch_45,prospective-ten,1510771779,counters,Counters,off,RQ1/RQ2,policy_eval,stage2,curve_epoch_45,experiments_numeric.architecture_2.counters_mcts,hmrmax-astar,epoch:45:stage2:counters:off:1510771779,,,True,,,,,,,3,4g,6,20G,04:00:00,,VAL,counters-off-1510771779-stage2-train-primary,preselected dependency checkpoint,planned,Learning-curve test evaluation; never use for checkpoint selection
counters-off-1510771779-stage2-policy_eval-curve_epoch_50,prospective-ten,1510771779,counters,Counters,off,RQ1/RQ2,policy_eval,stage2,curve_epoch_50,experiments_numeric.architecture_2.counters_mcts,hmrmax-astar,epoch:50:stage2:counters:off:1510771779,,,True,,,,,,,3,4g,6,20G,04:00:00,,VAL,counters-off-1510771779-stage2-train-primary,preselected dependency checkpoint,planned,Learning-curve test evaluation; never use for checkpoint selection
counters-off-1510771779-stage2-policy_eval-curve_epoch_55,prospective-ten,1510771779,counters,Counters,off,RQ1/RQ2,policy_eval,stage2,curve_epoch_55,experiments_numeric.architecture_2.counters_mcts,hmrmax-astar,epoch:55:stage2:counters:off:1510771779,,,True,,,,,,,3,4g,6,20G,04:00:00,,VAL,counters-off-1510771779-stage2-train-primary,preselected dependency checkpoint,planned,Learning-curve test evaluation; never use for checkpoint selection
counters-off-1510771779-stage2-policy_eval-curve_epoch_60,prospective-ten,1510771779,counters,Counters,off,RQ1/RQ2,policy_eval,stage2,curve_epoch_60,experiments_numeric.architecture_2.counters_mcts,hmrmax-astar,epoch:60:stage2:counters:off:1510771779,,,True,,,,,,,3,4g,6,20G,04:00:00,,VAL,counters-off-1510771779-stage2-train-primary,preselected dependency checkpoint,planned,Learning-curve test evaluation; never use for checkpoint selection
counters-off-1510771779-stage2-policy_eval-curve_epoch_65,prospective-ten,1510771779,counters,Counters,off,RQ1/RQ2,policy_eval,stage2,curve_epoch_65,experiments_numeric.architecture_2.counters_mcts,hmrmax-astar,epoch:65:stage2:counters:off:1510771779,,,True,,,,,,,3,4g,6,20G,04:00:00,,VAL,counters-off-1510771779-stage2-train-primary,preselected dependency checkpoint,planned,Learning-curve test evaluation; never use for checkpoint selection
counters-off-1510771779-stage2-policy_eval-curve_epoch_70,prospective-ten,1510771779,counters,Counters,off,RQ1/RQ2,policy_eval,stage2,curve_epoch_70,experiments_numeric.architecture_2.counters_mcts,hmrmax-astar,epoch:70:stage2:counters:off:1510771779,,,True,,,,,,,3,4g,6,20G,04:00:00,,VAL,counters-off-1510771779-stage2-train-primary,preselected dependency checkpoint,planned,Learning-curve test evaluation; never use for checkpoint selection
counters-off-1510771779-stage2-policy_eval-curve_epoch_75,prospective-ten,1510771779,counters,Counters,off,RQ1/RQ2,policy_eval,stage2,curve_epoch_75,experiments_numeric.architecture_2.counters_mcts,hmrmax-astar,epoch:75:stage2:counters:off:1510771779,,,True,,,,,,,3,4g,6,20G,04:00:00,,VAL,counters-off-1510771779-stage2-train-primary,preselected dependency checkpoint,planned,Learning-curve test evaluation; never use for checkpoint selection
counters-off-1510771779-stage2-policy_eval-curve_epoch_80,prospective-ten,1510771779,counters,Counters,off,RQ1/RQ2,policy_eval,stage2,curve_epoch_80,experiments_numeric.architecture_2.counters_mcts,hmrmax-astar,epoch:80:stage2:counters:off:1510771779,,,True,,,,,,,3,4g,6,20G,04:00:00,,VAL,counters-off-1510771779-stage2-train-primary,preselected dependency checkpoint,planned,Learning-curve test evaluation; never use for checkpoint selection
counters-off-1510771779-stage2-policy_eval-curve_epoch_85,prospective-ten,1510771779,counters,Counters,off,RQ1/RQ2,policy_eval,stage2,curve_epoch_85,experiments_numeric.architecture_2.counters_mcts,hmrmax-astar,epoch:85:stage2:counters:off:1510771779,,,True,,,,,,,3,4g,6,20G,04:00:00,,VAL,counters-off-1510771779-stage2-train-primary,preselected dependency checkpoint,planned,Learning-curve test evaluation; never use for checkpoint selection
counters-off-1510771779-stage2-policy_eval-curve_epoch_90,prospective-ten,1510771779,counters,Counters,off,RQ1/RQ2,policy_eval,stage2,curve_epoch_90,experiments_numeric.architecture_2.counters_mcts,hmrmax-astar,epoch:90:stage2:counters:off:1510771779,,,True,,,,,,,3,4g,6,20G,04:00:00,,VAL,counters-off-1510771779-stage2-train-primary,preselected dependency checkpoint,planned,Learning-curve test evaluation; never use for checkpoint selection
counters-off-1510771779-stage2-policy_eval-curve_epoch_95,prospective-ten,1510771779,counters,Counters,off,RQ1/RQ2,policy_eval,stage2,curve_epoch_95,experiments_numeric.architecture_2.counters_mcts,hmrmax-astar,epoch:95:stage2:counters:off:1510771779,,,True,,,,,,,3,4g,6,20G,04:00:00,,VAL,counters-off-1510771779-stage2-train-primary,preselected dependency checkpoint,planned,Learning-curve test evaluation; never use for checkpoint selection
counters-off-1510771779-stage2-policy_eval-curve_epoch_99,prospective-ten,1510771779,counters,Counters,off,RQ1/RQ2,policy_eval,stage2,curve_epoch_99,experiments_numeric.architecture_2.counters_mcts,hmrmax-astar,epoch:99:stage2:counters:off:1510771779,,,True,,,,,,,3,4g,6,20G,04:00:00,,VAL,counters-off-1510771779-stage2-train-primary,preselected dependency checkpoint,planned,Learning-curve test evaluation; never use for checkpoint selection
counters-off-923500475-stage2-policy_eval-curve_epoch_00,prospective-ten,923500475,counters,Counters,off,RQ1/RQ2,policy_eval,stage2,curve_epoch_00,experiments_numeric.architecture_2.counters_mcts,hmrmax-astar,epoch:0:stage2:counters:off:923500475,,,True,,,,,,,3,4g,6,20G,04:00:00,,VAL,counters-off-923500475-stage2-train-primary,preselected dependency checkpoint,planned,Learning-curve test evaluation; never use for checkpoint selection
counters-off-923500475-stage2-policy_eval-curve_epoch_05,prospective-ten,923500475,counters,Counters,off,RQ1/RQ2,policy_eval,stage2,curve_epoch_05,experiments_numeric.architecture_2.counters_mcts,hmrmax-astar,epoch:5:stage2:counters:off:923500475,,,True,,,,,,,3,4g,6,20G,04:00:00,,VAL,counters-off-923500475-stage2-train-primary,preselected dependency checkpoint,planned,Learning-curve test evaluation; never use for checkpoint selection
counters-off-923500475-stage2-policy_eval-curve_epoch_10,prospective-ten,923500475,counters,Counters,off,RQ1/RQ2,policy_eval,stage2,curve_epoch_10,experiments_numeric.architecture_2.counters_mcts,hmrmax-astar,epoch:10:stage2:counters:off:923500475,,,True,,,,,,,3,4g,6,20G,04:00:00,,VAL,counters-off-923500475-stage2-train-primary,preselected dependency checkpoint,planned,Learning-curve test evaluation; never use for checkpoint selection
counters-off-923500475-stage2-policy_eval-curve_epoch_15,prospective-ten,923500475,counters,Counters,off,RQ1/RQ2,policy_eval,stage2,curve_epoch_15,experiments_numeric.architecture_2.counters_mcts,hmrmax-astar,epoch:15:stage2:counters:off:923500475,,,True,,,,,,,3,4g,6,20G,04:00:00,,VAL,counters-off-923500475-stage2-train-primary,preselected dependency checkpoint,planned,Learning-curve test evaluation; never use for checkpoint selection
counters-off-923500475-stage2-policy_eval-curve_epoch_20,prospective-ten,923500475,counters,Counters,off,RQ1/RQ2,policy_eval,stage2,curve_epoch_20,experiments_numeric.architecture_2.counters_mcts,hmrmax-astar,epoch:20:stage2:counters:off:923500475,,,True,,,,,,,3,4g,6,20G,04:00:00,,VAL,counters-off-923500475-stage2-train-primary,preselected dependency checkpoint,planned,Learning-curve test evaluation; never use for checkpoint selection
counters-off-923500475-stage2-policy_eval-curve_epoch_25,prospective-ten,923500475,counters,Counters,off,RQ1/RQ2,policy_eval,stage2,curve_epoch_25,experiments_numeric.architecture_2.counters_mcts,hmrmax-astar,epoch:25:stage2:counters:off:923500475,,,True,,,,,,,3,4g,6,20G,04:00:00,,VAL,counters-off-923500475-stage2-train-primary,preselected dependency checkpoint,planned,Learning-curve test evaluation; never use for checkpoint selection
counters-off-923500475-stage2-policy_eval-curve_epoch_30,prospective-ten,923500475,counters,Counters,off,RQ1/RQ2,policy_eval,stage2,curve_epoch_30,experiments_numeric.architecture_2.counters_mcts,hmrmax-astar,epoch:30:stage2:counters:off:923500475,,,True,,,,,,,3,4g,6,20G,04:00:00,,VAL,counters-off-923500475-stage2-train-primary,preselected dependency checkpoint,planned,Learning-curve test evaluation; never use for checkpoint selection
counters-off-923500475-stage2-policy_eval-curve_epoch_35,prospective-ten,923500475,counters,Counters,off,RQ1/RQ2,policy_eval,stage2,curve_epoch_35,experiments_numeric.architecture_2.counters_mcts,hmrmax-astar,epoch:35:stage2:counters:off:923500475,,,True,,,,,,,3,4g,6,20G,04:00:00,,VAL,counters-off-923500475-stage2-train-primary,preselected dependency checkpoint,planned,Learning-curve test evaluation; never use for checkpoint selection
counters-off-923500475-stage2-policy_eval-curve_epoch_40,prospective-ten,923500475,counters,Counters,off,RQ1/RQ2,policy_eval,stage2,curve_epoch_40,experiments_numeric.architecture_2.counters_mcts,hmrmax-astar,epoch:40:stage2:counters:off:923500475,,,True,,,,,,,3,4g,6,20G,04:00:00,,VAL,counters-off-923500475-stage2-train-primary,preselected dependency checkpoint,planned,Learning-curve test evaluation; never use for checkpoint selection
counters-off-923500475-stage2-policy_eval-curve_epoch_45,prospective-ten,923500475,counters,Counters,off,RQ1/RQ2,policy_eval,stage2,curve_epoch_45,experiments_numeric.architecture_2.counters_mcts,hmrmax-astar,epoch:45:stage2:counters:off:923500475,,,True,,,,,,,3,4g,6,20G,04:00:00,,VAL,counters-off-923500475-stage2-train-primary,preselected dependency checkpoint,planned,Learning-curve test evaluation; never use for checkpoint selection
counters-off-923500475-stage2-policy_eval-curve_epoch_50,prospective-ten,923500475,counters,Counters,off,RQ1/RQ2,policy_eval,stage2,curve_epoch_50,experiments_numeric.architecture_2.counters_mcts,hmrmax-astar,epoch:50:stage2:counters:off:923500475,,,True,,,,,,,3,4g,6,20G,04:00:00,,VAL,counters-off-923500475-stage2-train-primary,preselected dependency checkpoint,planned,Learning-curve test evaluation; never use for checkpoint selection
counters-off-923500475-stage2-policy_eval-curve_epoch_55,prospective-ten,923500475,counters,Counters,off,RQ1/RQ2,policy_eval,stage2,curve_epoch_55,experiments_numeric.architecture_2.counters_mcts,hmrmax-astar,epoch:55:stage2:counters:off:923500475,,,True,,,,,,,3,4g,6,20G,04:00:00,,VAL,counters-off-923500475-stage2-train-primary,preselected dependency checkpoint,planned,Learning-curve test evaluation; never use for checkpoint selection
counters-off-923500475-stage2-policy_eval-curve_epoch_60,prospective-ten,923500475,counters,Counters,off,RQ1/RQ2,policy_eval,stage2,curve_epoch_60,experiments_numeric.architecture_2.counters_mcts,hmrmax-astar,epoch:60:stage2:counters:off:923500475,,,True,,,,,,,3,4g,6,20G,04:00:00,,VAL,counters-off-923500475-stage2-train-primary,preselected dependency checkpoint,planned,Learning-curve test evaluation; never use for checkpoint selection
counters-off-923500475-stage2-policy_eval-curve_epoch_65,prospective-ten,923500475,counters,Counters,off,RQ1/RQ2,policy_eval,stage2,curve_epoch_65,experiments_numeric.architecture_2.counters_mcts,hmrmax-astar,epoch:65:stage2:counters:off:923500475,,,True,,,,,,,3,4g,6,20G,04:00:00,,VAL,counters-off-923500475-stage2-train-primary,preselected dependency checkpoint,planned,Learning-curve test evaluation; never use for checkpoint selection
counters-off-923500475-stage2-policy_eval-curve_epoch_70,prospective-ten,923500475,counters,Counters,off,RQ1/RQ2,policy_eval,stage2,curve_epoch_70,experiments_numeric.architecture_2.counters_mcts,hmrmax-astar,epoch:70:stage2:counters:off:923500475,,,True,,,,,,,3,4g,6,20G,04:00:00,,VAL,counters-off-923500475-stage2-train-primary,preselected dependency checkpoint,planned,Learning-curve test evaluation; never use for checkpoint selection
counters-off-923500475-stage2-policy_eval-curve_epoch_75,prospective-ten,923500475,counters,Counters,off,RQ1/RQ2,policy_eval,stage2,curve_epoch_75,experiments_numeric.architecture_2.counters_mcts,hmrmax-astar,epoch:75:stage2:counters:off:923500475,,,True,,,,,,,3,4g,6,20G,04:00:00,,VAL,counters-off-923500475-stage2-train-primary,preselected dependency checkpoint,planned,Learning-curve test evaluation; never use for checkpoint selection
counters-off-923500475-stage2-policy_eval-curve_epoch_80,prospective-ten,923500475,counters,Counters,off,RQ1/RQ2,policy_eval,stage2,curve_epoch_80,experiments_numeric.architecture_2.counters_mcts,hmrmax-astar,epoch:80:stage2:counters:off:923500475,,,True,,,,,,,3,4g,6,20G,04:00:00,,VAL,counters-off-923500475-stage2-train-primary,preselected dependency checkpoint,planned,Learning-curve test evaluation; never use for checkpoint selection
counters-off-923500475-stage2-policy_eval-curve_epoch_85,prospective-ten,923500475,counters,Counters,off,RQ1/RQ2,policy_eval,stage2,curve_epoch_85,experiments_numeric.architecture_2.counters_mcts,hmrmax-astar,epoch:85:stage2:counters:off:923500475,,,True,,,,,,,3,4g,6,20G,04:00:00,,VAL,counters-off-923500475-stage2-train-primary,preselected dependency checkpoint,planned,Learning-curve test evaluation; never use for checkpoint selection
counters-off-923500475-stage2-policy_eval-curve_epoch_90,prospective-ten,923500475,counters,Counters,off,RQ1/RQ2,policy_eval,stage2,curve_epoch_90,experiments_numeric.architecture_2.counters_mcts,hmrmax-astar,epoch:90:stage2:counters:off:923500475,,,True,,,,,,,3,4g,6,20G,04:00:00,,VAL,counters-off-923500475-stage2-train-primary,preselected dependency checkpoint,planned,Learning-curve test evaluation; never use for checkpoint selection
counters-off-923500475-stage2-policy_eval-curve_epoch_95,prospective-ten,923500475,counters,Counters,off,RQ1/RQ2,policy_eval,stage2,curve_epoch_95,experiments_numeric.architecture_2.counters_mcts,hmrmax-astar,epoch:95:stage2:counters:off:923500475,,,True,,,,,,,3,4g,6,20G,04:00:00,,VAL,counters-off-923500475-stage2-train-primary,preselected dependency checkpoint,planned,Learning-curve test evaluation; never use for checkpoint selection
counters-off-923500475-stage2-policy_eval-curve_epoch_99,prospective-ten,923500475,counters,Counters,off,RQ1/RQ2,policy_eval,stage2,curve_epoch_99,experiments_numeric.architecture_2.counters_mcts,hmrmax-astar,epoch:99:stage2:counters:off:923500475,,,True,,,,,,,3,4g,6,20G,04:00:00,,VAL,counters-off-923500475-stage2-train-primary,preselected dependency checkpoint,planned,Learning-curve test evaluation; never use for checkpoint selection
counters-off-1972442430-stage2-policy_eval-curve_epoch_00,prospective-ten,1972442430,counters,Counters,off,RQ1/RQ2,policy_eval,stage2,curve_epoch_00,experiments_numeric.architecture_2.counters_mcts,hmrmax-astar,epoch:0:stage2:counters:off:1972442430,,,True,,,,,,,3,4g,6,20G,04:00:00,,VAL,counters-off-1972442430-stage2-train-primary,preselected dependency checkpoint,planned,Learning-curve test evaluation; never use for checkpoint selection
counters-off-1972442430-stage2-policy_eval-curve_epoch_05,prospective-ten,1972442430,counters,Counters,off,RQ1/RQ2,policy_eval,stage2,curve_epoch_05,experiments_numeric.architecture_2.counters_mcts,hmrmax-astar,epoch:5:stage2:counters:off:1972442430,,,True,,,,,,,3,4g,6,20G,04:00:00,,VAL,counters-off-1972442430-stage2-train-primary,preselected dependency checkpoint,planned,Learning-curve test evaluation; never use for checkpoint selection
counters-off-1972442430-stage2-policy_eval-curve_epoch_10,prospective-ten,1972442430,counters,Counters,off,RQ1/RQ2,policy_eval,stage2,curve_epoch_10,experiments_numeric.architecture_2.counters_mcts,hmrmax-astar,epoch:10:stage2:counters:off:1972442430,,,True,,,,,,,3,4g,6,20G,04:00:00,,VAL,counters-off-1972442430-stage2-train-primary,preselected dependency checkpoint,planned,Learning-curve test evaluation; never use for checkpoint selection
counters-off-1972442430-stage2-policy_eval-curve_epoch_15,prospective-ten,1972442430,counters,Counters,off,RQ1/RQ2,policy_eval,stage2,curve_epoch_15,experiments_numeric.architecture_2.counters_mcts,hmrmax-astar,epoch:15:stage2:counters:off:1972442430,,,True,,,,,,,3,4g,6,20G,04:00:00,,VAL,counters-off-1972442430-stage2-train-primary,preselected dependency checkpoint,planned,Learning-curve test evaluation; never use for checkpoint selection
counters-off-1972442430-stage2-policy_eval-curve_epoch_20,prospective-ten,1972442430,counters,Counters,off,RQ1/RQ2,policy_eval,stage2,curve_epoch_20,experiments_numeric.architecture_2.counters_mcts,hmrmax-astar,epoch:20:stage2:counters:off:1972442430,,,True,,,,,,,3,4g,6,20G,04:00:00,,VAL,counters-off-1972442430-stage2-train-primary,preselected dependency checkpoint,planned,Learning-curve test evaluation; never use for checkpoint selection
counters-off-1972442430-stage2-policy_eval-curve_epoch_25,prospective-ten,1972442430,counters,Counters,off,RQ1/RQ2,policy_eval,stage2,curve_epoch_25,experiments_numeric.architecture_2.counters_mcts,hmrmax-astar,epoch:25:stage2:counters:off:1972442430,,,True,,,,,,,3,4g,6,20G,04:00:00,,VAL,counters-off-1972442430-stage2-train-primary,preselected dependency checkpoint,planned,Learning-curve test evaluation; never use for checkpoint selection
counters-off-1972442430-stage2-policy_eval-curve_epoch_30,prospective-ten,1972442430,counters,Counters,off,RQ1/RQ2,policy_eval,stage2,curve_epoch_30,experiments_numeric.architecture_2.counters_mcts,hmrmax-astar,epoch:30:stage2:counters:off:1972442430,,,True,,,,,,,3,4g,6,20G,04:00:00,,VAL,counters-off-1972442430-stage2-train-primary,preselected dependency checkpoint,planned,Learning-curve test evaluation; never use for checkpoint selection
counters-off-1972442430-stage2-policy_eval-curve_epoch_35,prospective-ten,1972442430,counters,Counters,off,RQ1/RQ2,policy_eval,stage2,curve_epoch_35,experiments_numeric.architecture_2.counters_mcts,hmrmax-astar,epoch:35:stage2:counters:off:1972442430,,,True,,,,,,,3,4g,6,20G,04:00:00,,VAL,counters-off-1972442430-stage2-train-primary,preselected dependency checkpoint,planned,Learning-curve test evaluation; never use for checkpoint selection
counters-off-1972442430-stage2-policy_eval-curve_epoch_40,prospective-ten,1972442430,counters,Counters,off,RQ1/RQ2,policy_eval,stage2,curve_epoch_40,experiments_numeric.architecture_2.counters_mcts,hmrmax-astar,epoch:40:stage2:counters:off:1972442430,,,True,,,,,,,3,4g,6,20G,04:00:00,,VAL,counters-off-1972442430-stage2-train-primary,preselected dependency checkpoint,planned,Learning-curve test evaluation; never use for checkpoint selection
counters-off-1972442430-stage2-policy_eval-curve_epoch_45,prospective-ten,1972442430,counters,Counters,off,RQ1/RQ2,policy_eval,stage2,curve_epoch_45,experiments_numeric.architecture_2.counters_mcts,hmrmax-astar,epoch:45:stage2:counters:off:1972442430,,,True,,,,,,,3,4g,6,20G,04:00:00,,VAL,counters-off-1972442430-stage2-train-primary,preselected dependency checkpoint,planned,Learning-curve test evaluation; never use for checkpoint selection
counters-off-1972442430-stage2-policy_eval-curve_epoch_50,prospective-ten,1972442430,counters,Counters,off,RQ1/RQ2,policy_eval,stage2,curve_epoch_50,experiments_numeric.architecture_2.counters_mcts,hmrmax-astar,epoch:50:stage2:counters:off:1972442430,,,True,,,,,,,3,4g,6,20G,04:00:00,,VAL,counters-off-1972442430-stage2-train-primary,preselected dependency checkpoint,planned,Learning-curve test evaluation; never use for checkpoint selection
counters-off-1972442430-stage2-policy_eval-curve_epoch_55,prospective-ten,1972442430,counters,Counters,off,RQ1/RQ2,policy_eval,stage2,curve_epoch_55,experiments_numeric.architecture_2.counters_mcts,hmrmax-astar,epoch:55:stage2:counters:off:1972442430,,,True,,,,,,,3,4g,6,20G,04:00:00,,VAL,counters-off-1972442430-stage2-train-primary,preselected dependency checkpoint,planned,Learning-curve test evaluation; never use for checkpoint selection
counters-off-1972442430-stage2-policy_eval-curve_epoch_60,prospective-ten,1972442430,counters,Counters,off,RQ1/RQ2,policy_eval,stage2,curve_epoch_60,experiments_numeric.architecture_2.counters_mcts,hmrmax-astar,epoch:60:stage2:counters:off:1972442430,,,True,,,,,,,3,4g,6,20G,04:00:00,,VAL,counters-off-1972442430-stage2-train-primary,preselected dependency checkpoint,planned,Learning-curve test evaluation; never use for checkpoint selection
counters-off-1972442430-stage2-policy_eval-curve_epoch_65,prospective-ten,1972442430,counters,Counters,off,RQ1/RQ2,policy_eval,stage2,curve_epoch_65,experiments_numeric.architecture_2.counters_mcts,hmrmax-astar,epoch:65:stage2:counters:off:1972442430,,,True,,,,,,,3,4g,6,20G,04:00:00,,VAL,counters-off-1972442430-stage2-train-primary,preselected dependency checkpoint,planned,Learning-curve test evaluation; never use for checkpoint selection
counters-off-1972442430-stage2-policy_eval-curve_epoch_70,prospective-ten,1972442430,counters,Counters,off,RQ1/RQ2,policy_eval,stage2,curve_epoch_70,experiments_numeric.architecture_2.counters_mcts,hmrmax-astar,epoch:70:stage2:counters:off:1972442430,,,True,,,,,,,3,4g,6,20G,04:00:00,,VAL,counters-off-1972442430-stage2-train-primary,preselected dependency checkpoint,planned,Learning-curve test evaluation; never use for checkpoint selection
counters-off-1972442430-stage2-policy_eval-curve_epoch_75,prospective-ten,1972442430,counters,Counters,off,RQ1/RQ2,policy_eval,stage2,curve_epoch_75,experiments_numeric.architecture_2.counters_mcts,hmrmax-astar,epoch:75:stage2:counters:off:1972442430,,,True,,,,,,,3,4g,6,20G,04:00:00,,VAL,counters-off-1972442430-stage2-train-primary,preselected dependency checkpoint,planned,Learning-curve test evaluation; never use for checkpoint selection
counters-off-1972442430-stage2-policy_eval-curve_epoch_80,prospective-ten,1972442430,counters,Counters,off,RQ1/RQ2,policy_eval,stage2,curve_epoch_80,experiments_numeric.architecture_2.counters_mcts,hmrmax-astar,epoch:80:stage2:counters:off:1972442430,,,True,,,,,,,3,4g,6,20G,04:00:00,,VAL,counters-off-1972442430-stage2-train-primary,preselected dependency checkpoint,planned,Learning-curve test evaluation; never use for checkpoint selection
counters-off-1972442430-stage2-policy_eval-curve_epoch_85,prospective-ten,1972442430,counters,Counters,off,RQ1/RQ2,policy_eval,stage2,curve_epoch_85,experiments_numeric.architecture_2.counters_mcts,hmrmax-astar,epoch:85:stage2:counters:off:1972442430,,,True,,,,,,,3,4g,6,20G,04:00:00,,VAL,counters-off-1972442430-stage2-train-primary,preselected dependency checkpoint,planned,Learning-curve test evaluation; never use for checkpoint selection
counters-off-1972442430-stage2-policy_eval-curve_epoch_90,prospective-ten,1972442430,counters,Counters,off,RQ1/RQ2,policy_eval,stage2,curve_epoch_90,experiments_numeric.architecture_2.counters_mcts,hmrmax-astar,epoch:90:stage2:counters:off:1972442430,,,True,,,,,,,3,4g,6,20G,04:00:00,,VAL,counters-off-1972442430-stage2-train-primary,preselected dependency checkpoint,planned,Learning-curve test evaluation; never use for checkpoint selection
counters-off-1972442430-stage2-policy_eval-curve_epoch_95,prospective-ten,1972442430,counters,Counters,off,RQ1/RQ2,policy_eval,stage2,curve_epoch_95,experiments_numeric.architecture_2.counters_mcts,hmrmax-astar,epoch:95:stage2:counters:off:1972442430,,,True,,,,,,,3,4g,6,20G,04:00:00,,VAL,counters-off-1972442430-stage2-train-primary,preselected dependency checkpoint,planned,Learning-curve test evaluation; never use for checkpoint selection
counters-off-1972442430-stage2-policy_eval-curve_epoch_99,prospective-ten,1972442430,counters,Counters,off,RQ1/RQ2,policy_eval,stage2,curve_epoch_99,experiments_numeric.architecture_2.counters_mcts,hmrmax-astar,epoch:99:stage2:counters:off:1972442430,,,True,,,,,,,3,4g,6,20G,04:00:00,,VAL,counters-off-1972442430-stage2-train-primary,preselected dependency checkpoint,planned,Learning-curve test evaluation; never use for checkpoint selection
counters-on-1963100312-stage2-policy_eval-curve_epoch_00,prospective-ten,1963100312,counters,Counters,on,RQ3/RQ4,policy_eval,stage2,curve_epoch_00,experiments_numeric.architecture_2.counters_mcts,hmrmax-astar,epoch:0:stage2:counters:on:1963100312,,,True,,,,,,,3,4g,6,20G,04:00:00,,VAL,counters-on-1963100312-stage2-train-primary,preselected dependency checkpoint,planned,Learning-curve test evaluation; never use for checkpoint selection
counters-on-1963100312-stage2-policy_eval-curve_epoch_05,prospective-ten,1963100312,counters,Counters,on,RQ3/RQ4,policy_eval,stage2,curve_epoch_05,experiments_numeric.architecture_2.counters_mcts,hmrmax-astar,epoch:5:stage2:counters:on:1963100312,,,True,,,,,,,3,4g,6,20G,04:00:00,,VAL,counters-on-1963100312-stage2-train-primary,preselected dependency checkpoint,planned,Learning-curve test evaluation; never use for checkpoint selection
counters-on-1963100312-stage2-policy_eval-curve_epoch_10,prospective-ten,1963100312,counters,Counters,on,RQ3/RQ4,policy_eval,stage2,curve_epoch_10,experiments_numeric.architecture_2.counters_mcts,hmrmax-astar,epoch:10:stage2:counters:on:1963100312,,,True,,,,,,,3,4g,6,20G,04:00:00,,VAL,counters-on-1963100312-stage2-train-primary,preselected dependency checkpoint,planned,Learning-curve test evaluation; never use for checkpoint selection
counters-on-1963100312-stage2-policy_eval-curve_epoch_15,prospective-ten,1963100312,counters,Counters,on,RQ3/RQ4,policy_eval,stage2,curve_epoch_15,experiments_numeric.architecture_2.counters_mcts,hmrmax-astar,epoch:15:stage2:counters:on:1963100312,,,True,,,,,,,3,4g,6,20G,04:00:00,,VAL,counters-on-1963100312-stage2-train-primary,preselected dependency checkpoint,planned,Learning-curve test evaluation; never use for checkpoint selection
counters-on-1963100312-stage2-policy_eval-curve_epoch_20,prospective-ten,1963100312,counters,Counters,on,RQ3/RQ4,policy_eval,stage2,curve_epoch_20,experiments_numeric.architecture_2.counters_mcts,hmrmax-astar,epoch:20:stage2:counters:on:1963100312,,,True,,,,,,,3,4g,6,20G,04:00:00,,VAL,counters-on-1963100312-stage2-train-primary,preselected dependency checkpoint,planned,Learning-curve test evaluation; never use for checkpoint selection
counters-on-1963100312-stage2-policy_eval-curve_epoch_25,prospective-ten,1963100312,counters,Counters,on,RQ3/RQ4,policy_eval,stage2,curve_epoch_25,experiments_numeric.architecture_2.counters_mcts,hmrmax-astar,epoch:25:stage2:counters:on:1963100312,,,True,,,,,,,3,4g,6,20G,04:00:00,,VAL,counters-on-1963100312-stage2-train-primary,preselected dependency checkpoint,planned,Learning-curve test evaluation; never use for checkpoint selection
counters-on-1963100312-stage2-policy_eval-curve_epoch_30,prospective-ten,1963100312,counters,Counters,on,RQ3/RQ4,policy_eval,stage2,curve_epoch_30,experiments_numeric.architecture_2.counters_mcts,hmrmax-astar,epoch:30:stage2:counters:on:1963100312,,,True,,,,,,,3,4g,6,20G,04:00:00,,VAL,counters-on-1963100312-stage2-train-primary,preselected dependency checkpoint,planned,Learning-curve test evaluation; never use for checkpoint selection
counters-on-1963100312-stage2-policy_eval-curve_epoch_35,prospective-ten,1963100312,counters,Counters,on,RQ3/RQ4,policy_eval,stage2,curve_epoch_35,experiments_numeric.architecture_2.counters_mcts,hmrmax-astar,epoch:35:stage2:counters:on:1963100312,,,True,,,,,,,3,4g,6,20G,04:00:00,,VAL,counters-on-1963100312-stage2-train-primary,preselected dependency checkpoint,planned,Learning-curve test evaluation; never use for checkpoint selection
counters-on-1963100312-stage2-policy_eval-curve_epoch_40,prospective-ten,1963100312,counters,Counters,on,RQ3/RQ4,policy_eval,stage2,curve_epoch_40,experiments_numeric.architecture_2.counters_mcts,hmrmax-astar,epoch:40:stage2:counters:on:1963100312,,,True,,,,,,,3,4g,6,20G,04:00:00,,VAL,counters-on-1963100312-stage2-train-primary,preselected dependency checkpoint,planned,Learning-curve test evaluation; never use for checkpoint selection
counters-on-1963100312-stage2-policy_eval-curve_epoch_45,prospective-ten,1963100312,counters,Counters,on,RQ3/RQ4,policy_eval,stage2,curve_epoch_45,experiments_numeric.architecture_2.counters_mcts,hmrmax-astar,epoch:45:stage2:counters:on:1963100312,,,True,,,,,,,3,4g,6,20G,04:00:00,,VAL,counters-on-1963100312-stage2-train-primary,preselected dependency checkpoint,planned,Learning-curve test evaluation; never use for checkpoint selection
counters-on-1963100312-stage2-policy_eval-curve_epoch_50,prospective-ten,1963100312,counters,Counters,on,RQ3/RQ4,policy_eval,stage2,curve_epoch_50,experiments_numeric.architecture_2.counters_mcts,hmrmax-astar,epoch:50:stage2:counters:on:1963100312,,,True,,,,,,,3,4g,6,20G,04:00:00,,VAL,counters-on-1963100312-stage2-train-primary,preselected dependency checkpoint,planned,Learning-curve test evaluation; never use for checkpoint selection
counters-on-1963100312-stage2-policy_eval-curve_epoch_55,prospective-ten,1963100312,counters,Counters,on,RQ3/RQ4,policy_eval,stage2,curve_epoch_55,experiments_numeric.architecture_2.counters_mcts,hmrmax-astar,epoch:55:stage2:counters:on:1963100312,,,True,,,,,,,3,4g,6,20G,04:00:00,,VAL,counters-on-1963100312-stage2-train-primary,preselected dependency checkpoint,planned,Learning-curve test evaluation; never use for checkpoint selection
counters-on-1963100312-stage2-policy_eval-curve_epoch_60,prospective-ten,1963100312,counters,Counters,on,RQ3/RQ4,policy_eval,stage2,curve_epoch_60,experiments_numeric.architecture_2.counters_mcts,hmrmax-astar,epoch:60:stage2:counters:on:1963100312,,,True,,,,,,,3,4g,6,20G,04:00:00,,VAL,counters-on-1963100312-stage2-train-primary,preselected dependency checkpoint,planned,Learning-curve test evaluation; never use for checkpoint selection
counters-on-1963100312-stage2-policy_eval-curve_epoch_65,prospective-ten,1963100312,counters,Counters,on,RQ3/RQ4,policy_eval,stage2,curve_epoch_65,experiments_numeric.architecture_2.counters_mcts,hmrmax-astar,epoch:65:stage2:counters:on:1963100312,,,True,,,,,,,3,4g,6,20G,04:00:00,,VAL,counters-on-1963100312-stage2-train-primary,preselected dependency checkpoint,planned,Learning-curve test evaluation; never use for checkpoint selection
counters-on-1963100312-stage2-policy_eval-curve_epoch_70,prospective-ten,1963100312,counters,Counters,on,RQ3/RQ4,policy_eval,stage2,curve_epoch_70,experiments_numeric.architecture_2.counters_mcts,hmrmax-astar,epoch:70:stage2:counters:on:1963100312,,,True,,,,,,,3,4g,6,20G,04:00:00,,VAL,counters-on-1963100312-stage2-train-primary,preselected dependency checkpoint,planned,Learning-curve test evaluation; never use for checkpoint selection
counters-on-1963100312-stage2-policy_eval-curve_epoch_75,prospective-ten,1963100312,counters,Counters,on,RQ3/RQ4,policy_eval,stage2,curve_epoch_75,experiments_numeric.architecture_2.counters_mcts,hmrmax-astar,epoch:75:stage2:counters:on:1963100312,,,True,,,,,,,3,4g,6,20G,04:00:00,,VAL,counters-on-1963100312-stage2-train-primary,preselected dependency checkpoint,planned,Learning-curve test evaluation; never use for checkpoint selection
counters-on-1963100312-stage2-policy_eval-curve_epoch_80,prospective-ten,1963100312,counters,Counters,on,RQ3/RQ4,policy_eval,stage2,curve_epoch_80,experiments_numeric.architecture_2.counters_mcts,hmrmax-astar,epoch:80:stage2:counters:on:1963100312,,,True,,,,,,,3,4g,6,20G,04:00:00,,VAL,counters-on-1963100312-stage2-train-primary,preselected dependency checkpoint,planned,Learning-curve test evaluation; never use for checkpoint selection
counters-on-1963100312-stage2-policy_eval-curve_epoch_85,prospective-ten,1963100312,counters,Counters,on,RQ3/RQ4,policy_eval,stage2,curve_epoch_85,experiments_numeric.architecture_2.counters_mcts,hmrmax-astar,epoch:85:stage2:counters:on:1963100312,,,True,,,,,,,3,4g,6,20G,04:00:00,,VAL,counters-on-1963100312-stage2-train-primary,preselected dependency checkpoint,planned,Learning-curve test evaluation; never use for checkpoint selection
counters-on-1963100312-stage2-policy_eval-curve_epoch_90,prospective-ten,1963100312,counters,Counters,on,RQ3/RQ4,policy_eval,stage2,curve_epoch_90,experiments_numeric.architecture_2.counters_mcts,hmrmax-astar,epoch:90:stage2:counters:on:1963100312,,,True,,,,,,,3,4g,6,20G,04:00:00,,VAL,counters-on-1963100312-stage2-train-primary,preselected dependency checkpoint,planned,Learning-curve test evaluation; never use for checkpoint selection
counters-on-1963100312-stage2-policy_eval-curve_epoch_95,prospective-ten,1963100312,counters,Counters,on,RQ3/RQ4,policy_eval,stage2,curve_epoch_95,experiments_numeric.architecture_2.counters_mcts,hmrmax-astar,epoch:95:stage2:counters:on:1963100312,,,True,,,,,,,3,4g,6,20G,04:00:00,,VAL,counters-on-1963100312-stage2-train-primary,preselected dependency checkpoint,planned,Learning-curve test evaluation; never use for checkpoint selection
counters-on-1963100312-stage2-policy_eval-curve_epoch_99,prospective-ten,1963100312,counters,Counters,on,RQ3/RQ4,policy_eval,stage2,curve_epoch_99,experiments_numeric.architecture_2.counters_mcts,hmrmax-astar,epoch:99:stage2:counters:on:1963100312,,,True,,,,,,,3,4g,6,20G,04:00:00,,VAL,counters-on-1963100312-stage2-train-primary,preselected dependency checkpoint,planned,Learning-curve test evaluation; never use for checkpoint selection
counters-on-2011206605-stage2-policy_eval-curve_epoch_00,prospective-ten,2011206605,counters,Counters,on,RQ3/RQ4,policy_eval,stage2,curve_epoch_00,experiments_numeric.architecture_2.counters_mcts,hmrmax-astar,epoch:0:stage2:counters:on:2011206605,,,True,,,,,,,3,4g,6,20G,04:00:00,,VAL,counters-on-2011206605-stage2-train-primary,preselected dependency checkpoint,planned,Learning-curve test evaluation; never use for checkpoint selection
counters-on-2011206605-stage2-policy_eval-curve_epoch_05,prospective-ten,2011206605,counters,Counters,on,RQ3/RQ4,policy_eval,stage2,curve_epoch_05,experiments_numeric.architecture_2.counters_mcts,hmrmax-astar,epoch:5:stage2:counters:on:2011206605,,,True,,,,,,,3,4g,6,20G,04:00:00,,VAL,counters-on-2011206605-stage2-train-primary,preselected dependency checkpoint,planned,Learning-curve test evaluation; never use for checkpoint selection
counters-on-2011206605-stage2-policy_eval-curve_epoch_10,prospective-ten,2011206605,counters,Counters,on,RQ3/RQ4,policy_eval,stage2,curve_epoch_10,experiments_numeric.architecture_2.counters_mcts,hmrmax-astar,epoch:10:stage2:counters:on:2011206605,,,True,,,,,,,3,4g,6,20G,04:00:00,,VAL,counters-on-2011206605-stage2-train-primary,preselected dependency checkpoint,planned,Learning-curve test evaluation; never use for checkpoint selection
counters-on-2011206605-stage2-policy_eval-curve_epoch_15,prospective-ten,2011206605,counters,Counters,on,RQ3/RQ4,policy_eval,stage2,curve_epoch_15,experiments_numeric.architecture_2.counters_mcts,hmrmax-astar,epoch:15:stage2:counters:on:2011206605,,,True,,,,,,,3,4g,6,20G,04:00:00,,VAL,counters-on-2011206605-stage2-train-primary,preselected dependency checkpoint,planned,Learning-curve test evaluation; never use for checkpoint selection
counters-on-2011206605-stage2-policy_eval-curve_epoch_20,prospective-ten,2011206605,counters,Counters,on,RQ3/RQ4,policy_eval,stage2,curve_epoch_20,experiments_numeric.architecture_2.counters_mcts,hmrmax-astar,epoch:20:stage2:counters:on:2011206605,,,True,,,,,,,3,4g,6,20G,04:00:00,,VAL,counters-on-2011206605-stage2-train-primary,preselected dependency checkpoint,planned,Learning-curve test evaluation; never use for checkpoint selection
counters-on-2011206605-stage2-policy_eval-curve_epoch_25,prospective-ten,2011206605,counters,Counters,on,RQ3/RQ4,policy_eval,stage2,curve_epoch_25,experiments_numeric.architecture_2.counters_mcts,hmrmax-astar,epoch:25:stage2:counters:on:2011206605,,,True,,,,,,,3,4g,6,20G,04:00:00,,VAL,counters-on-2011206605-stage2-train-primary,preselected dependency checkpoint,planned,Learning-curve test evaluation; never use for checkpoint selection
counters-on-2011206605-stage2-policy_eval-curve_epoch_30,prospective-ten,2011206605,counters,Counters,on,RQ3/RQ4,policy_eval,stage2,curve_epoch_30,experiments_numeric.architecture_2.counters_mcts,hmrmax-astar,epoch:30:stage2:counters:on:2011206605,,,True,,,,,,,3,4g,6,20G,04:00:00,,VAL,counters-on-2011206605-stage2-train-primary,preselected dependency checkpoint,planned,Learning-curve test evaluation; never use for checkpoint selection
counters-on-2011206605-stage2-policy_eval-curve_epoch_35,prospective-ten,2011206605,counters,Counters,on,RQ3/RQ4,policy_eval,stage2,curve_epoch_35,experiments_numeric.architecture_2.counters_mcts,hmrmax-astar,epoch:35:stage2:counters:on:2011206605,,,True,,,,,,,3,4g,6,20G,04:00:00,,VAL,counters-on-2011206605-stage2-train-primary,preselected dependency checkpoint,planned,Learning-curve test evaluation; never use for checkpoint selection
counters-on-2011206605-stage2-policy_eval-curve_epoch_40,prospective-ten,2011206605,counters,Counters,on,RQ3/RQ4,policy_eval,stage2,curve_epoch_40,experiments_numeric.architecture_2.counters_mcts,hmrmax-astar,epoch:40:stage2:counters:on:2011206605,,,True,,,,,,,3,4g,6,20G,04:00:00,,VAL,counters-on-2011206605-stage2-train-primary,preselected dependency checkpoint,planned,Learning-curve test evaluation; never use for checkpoint selection
counters-on-2011206605-stage2-policy_eval-curve_epoch_45,prospective-ten,2011206605,counters,Counters,on,RQ3/RQ4,policy_eval,stage2,curve_epoch_45,experiments_numeric.architecture_2.counters_mcts,hmrmax-astar,epoch:45:stage2:counters:on:2011206605,,,True,,,,,,,3,4g,6,20G,04:00:00,,VAL,counters-on-2011206605-stage2-train-primary,preselected dependency checkpoint,planned,Learning-curve test evaluation; never use for checkpoint selection
counters-on-2011206605-stage2-policy_eval-curve_epoch_50,prospective-ten,2011206605,counters,Counters,on,RQ3/RQ4,policy_eval,stage2,curve_epoch_50,experiments_numeric.architecture_2.counters_mcts,hmrmax-astar,epoch:50:stage2:counters:on:2011206605,,,True,,,,,,,3,4g,6,20G,04:00:00,,VAL,counters-on-2011206605-stage2-train-primary,preselected dependency checkpoint,planned,Learning-curve test evaluation; never use for checkpoint selection
counters-on-2011206605-stage2-policy_eval-curve_epoch_55,prospective-ten,2011206605,counters,Counters,on,RQ3/RQ4,policy_eval,stage2,curve_epoch_55,experiments_numeric.architecture_2.counters_mcts,hmrmax-astar,epoch:55:stage2:counters:on:2011206605,,,True,,,,,,,3,4g,6,20G,04:00:00,,VAL,counters-on-2011206605-stage2-train-primary,preselected dependency checkpoint,planned,Learning-curve test evaluation; never use for checkpoint selection
counters-on-2011206605-stage2-policy_eval-curve_epoch_60,prospective-ten,2011206605,counters,Counters,on,RQ3/RQ4,policy_eval,stage2,curve_epoch_60,experiments_numeric.architecture_2.counters_mcts,hmrmax-astar,epoch:60:stage2:counters:on:2011206605,,,True,,,,,,,3,4g,6,20G,04:00:00,,VAL,counters-on-2011206605-stage2-train-primary,preselected dependency checkpoint,planned,Learning-curve test evaluation; never use for checkpoint selection
counters-on-2011206605-stage2-policy_eval-curve_epoch_65,prospective-ten,2011206605,counters,Counters,on,RQ3/RQ4,policy_eval,stage2,curve_epoch_65,experiments_numeric.architecture_2.counters_mcts,hmrmax-astar,epoch:65:stage2:counters:on:2011206605,,,True,,,,,,,3,4g,6,20G,04:00:00,,VAL,counters-on-2011206605-stage2-train-primary,preselected dependency checkpoint,planned,Learning-curve test evaluation; never use for checkpoint selection
counters-on-2011206605-stage2-policy_eval-curve_epoch_70,prospective-ten,2011206605,counters,Counters,on,RQ3/RQ4,policy_eval,stage2,curve_epoch_70,experiments_numeric.architecture_2.counters_mcts,hmrmax-astar,epoch:70:stage2:counters:on:2011206605,,,True,,,,,,,3,4g,6,20G,04:00:00,,VAL,counters-on-2011206605-stage2-train-primary,preselected dependency checkpoint,planned,Learning-curve test evaluation; never use for checkpoint selection
counters-on-2011206605-stage2-policy_eval-curve_epoch_75,prospective-ten,2011206605,counters,Counters,on,RQ3/RQ4,policy_eval,stage2,curve_epoch_75,experiments_numeric.architecture_2.counters_mcts,hmrmax-astar,epoch:75:stage2:counters:on:2011206605,,,True,,,,,,,3,4g,6,20G,04:00:00,,VAL,counters-on-2011206605-stage2-train-primary,preselected dependency checkpoint,planned,Learning-curve test evaluation; never use for checkpoint selection
counters-on-2011206605-stage2-policy_eval-curve_epoch_80,prospective-ten,2011206605,counters,Counters,on,RQ3/RQ4,policy_eval,stage2,curve_epoch_80,experiments_numeric.architecture_2.counters_mcts,hmrmax-astar,epoch:80:stage2:counters:on:2011206605,,,True,,,,,,,3,4g,6,20G,04:00:00,,VAL,counters-on-2011206605-stage2-train-primary,preselected dependency checkpoint,planned,Learning-curve test evaluation; never use for checkpoint selection
counters-on-2011206605-stage2-policy_eval-curve_epoch_85,prospective-ten,2011206605,counters,Counters,on,RQ3/RQ4,policy_eval,stage2,curve_epoch_85,experiments_numeric.architecture_2.counters_mcts,hmrmax-astar,epoch:85:stage2:counters:on:2011206605,,,True,,,,,,,3,4g,6,20G,04:00:00,,VAL,counters-on-2011206605-stage2-train-primary,preselected dependency checkpoint,planned,Learning-curve test evaluation; never use for checkpoint selection
counters-on-2011206605-stage2-policy_eval-curve_epoch_90,prospective-ten,2011206605,counters,Counters,on,RQ3/RQ4,policy_eval,stage2,curve_epoch_90,experiments_numeric.architecture_2.counters_mcts,hmrmax-astar,epoch:90:stage2:counters:on:2011206605,,,True,,,,,,,3,4g,6,20G,04:00:00,,VAL,counters-on-2011206605-stage2-train-primary,preselected dependency checkpoint,planned,Learning-curve test evaluation; never use for checkpoint selection
counters-on-2011206605-stage2-policy_eval-curve_epoch_95,prospective-ten,2011206605,counters,Counters,on,RQ3/RQ4,policy_eval,stage2,curve_epoch_95,experiments_numeric.architecture_2.counters_mcts,hmrmax-astar,epoch:95:stage2:counters:on:2011206605,,,True,,,,,,,3,4g,6,20G,04:00:00,,VAL,counters-on-2011206605-stage2-train-primary,preselected dependency checkpoint,planned,Learning-curve test evaluation; never use for checkpoint selection
counters-on-2011206605-stage2-policy_eval-curve_epoch_99,prospective-ten,2011206605,counters,Counters,on,RQ3/RQ4,policy_eval,stage2,curve_epoch_99,experiments_numeric.architecture_2.counters_mcts,hmrmax-astar,epoch:99:stage2:counters:on:2011206605,,,True,,,,,,,3,4g,6,20G,04:00:00,,VAL,counters-on-2011206605-stage2-train-primary,preselected dependency checkpoint,planned,Learning-curve test evaluation; never use for checkpoint selection
counters-on-1073581256-stage2-policy_eval-curve_epoch_00,prospective-ten,1073581256,counters,Counters,on,RQ3/RQ4,policy_eval,stage2,curve_epoch_00,experiments_numeric.architecture_2.counters_mcts,hmrmax-astar,epoch:0:stage2:counters:on:1073581256,,,True,,,,,,,3,4g,6,20G,04:00:00,,VAL,counters-on-1073581256-stage2-train-primary,preselected dependency checkpoint,planned,Learning-curve test evaluation; never use for checkpoint selection
counters-on-1073581256-stage2-policy_eval-curve_epoch_05,prospective-ten,1073581256,counters,Counters,on,RQ3/RQ4,policy_eval,stage2,curve_epoch_05,experiments_numeric.architecture_2.counters_mcts,hmrmax-astar,epoch:5:stage2:counters:on:1073581256,,,True,,,,,,,3,4g,6,20G,04:00:00,,VAL,counters-on-1073581256-stage2-train-primary,preselected dependency checkpoint,planned,Learning-curve test evaluation; never use for checkpoint selection
counters-on-1073581256-stage2-policy_eval-curve_epoch_10,prospective-ten,1073581256,counters,Counters,on,RQ3/RQ4,policy_eval,stage2,curve_epoch_10,experiments_numeric.architecture_2.counters_mcts,hmrmax-astar,epoch:10:stage2:counters:on:1073581256,,,True,,,,,,,3,4g,6,20G,04:00:00,,VAL,counters-on-1073581256-stage2-train-primary,preselected dependency checkpoint,planned,Learning-curve test evaluation; never use for checkpoint selection
counters-on-1073581256-stage2-policy_eval-curve_epoch_15,prospective-ten,1073581256,counters,Counters,on,RQ3/RQ4,policy_eval,stage2,curve_epoch_15,experiments_numeric.architecture_2.counters_mcts,hmrmax-astar,epoch:15:stage2:counters:on:1073581256,,,True,,,,,,,3,4g,6,20G,04:00:00,,VAL,counters-on-1073581256-stage2-train-primary,preselected dependency checkpoint,planned,Learning-curve test evaluation; never use for checkpoint selection
counters-on-1073581256-stage2-policy_eval-curve_epoch_20,prospective-ten,1073581256,counters,Counters,on,RQ3/RQ4,policy_eval,stage2,curve_epoch_20,experiments_numeric.architecture_2.counters_mcts,hmrmax-astar,epoch:20:stage2:counters:on:1073581256,,,True,,,,,,,3,4g,6,20G,04:00:00,,VAL,counters-on-1073581256-stage2-train-primary,preselected dependency checkpoint,planned,Learning-curve test evaluation; never use for checkpoint selection
counters-on-1073581256-stage2-policy_eval-curve_epoch_25,prospective-ten,1073581256,counters,Counters,on,RQ3/RQ4,policy_eval,stage2,curve_epoch_25,experiments_numeric.architecture_2.counters_mcts,hmrmax-astar,epoch:25:stage2:counters:on:1073581256,,,True,,,,,,,3,4g,6,20G,04:00:00,,VAL,counters-on-1073581256-stage2-train-primary,preselected dependency checkpoint,planned,Learning-curve test evaluation; never use for checkpoint selection
counters-on-1073581256-stage2-policy_eval-curve_epoch_30,prospective-ten,1073581256,counters,Counters,on,RQ3/RQ4,policy_eval,stage2,curve_epoch_30,experiments_numeric.architecture_2.counters_mcts,hmrmax-astar,epoch:30:stage2:counters:on:1073581256,,,True,,,,,,,3,4g,6,20G,04:00:00,,VAL,counters-on-1073581256-stage2-train-primary,preselected dependency checkpoint,planned,Learning-curve test evaluation; never use for checkpoint selection
counters-on-1073581256-stage2-policy_eval-curve_epoch_35,prospective-ten,1073581256,counters,Counters,on,RQ3/RQ4,policy_eval,stage2,curve_epoch_35,experiments_numeric.architecture_2.counters_mcts,hmrmax-astar,epoch:35:stage2:counters:on:1073581256,,,True,,,,,,,3,4g,6,20G,04:00:00,,VAL,counters-on-1073581256-stage2-train-primary,preselected dependency checkpoint,planned,Learning-curve test evaluation; never use for checkpoint selection
counters-on-1073581256-stage2-policy_eval-curve_epoch_40,prospective-ten,1073581256,counters,Counters,on,RQ3/RQ4,policy_eval,stage2,curve_epoch_40,experiments_numeric.architecture_2.counters_mcts,hmrmax-astar,epoch:40:stage2:counters:on:1073581256,,,True,,,,,,,3,4g,6,20G,04:00:00,,VAL,counters-on-1073581256-stage2-train-primary,preselected dependency checkpoint,planned,Learning-curve test evaluation; never use for checkpoint selection
counters-on-1073581256-stage2-policy_eval-curve_epoch_45,prospective-ten,1073581256,counters,Counters,on,RQ3/RQ4,policy_eval,stage2,curve_epoch_45,experiments_numeric.architecture_2.counters_mcts,hmrmax-astar,epoch:45:stage2:counters:on:1073581256,,,True,,,,,,,3,4g,6,20G,04:00:00,,VAL,counters-on-1073581256-stage2-train-primary,preselected dependency checkpoint,planned,Learning-curve test evaluation; never use for checkpoint selection
counters-on-1073581256-stage2-policy_eval-curve_epoch_50,prospective-ten,1073581256,counters,Counters,on,RQ3/RQ4,policy_eval,stage2,curve_epoch_50,experiments_numeric.architecture_2.counters_mcts,hmrmax-astar,epoch:50:stage2:counters:on:1073581256,,,True,,,,,,,3,4g,6,20G,04:00:00,,VAL,counters-on-1073581256-stage2-train-primary,preselected dependency checkpoint,planned,Learning-curve test evaluation; never use for checkpoint selection
counters-on-1073581256-stage2-policy_eval-curve_epoch_55,prospective-ten,1073581256,counters,Counters,on,RQ3/RQ4,policy_eval,stage2,curve_epoch_55,experiments_numeric.architecture_2.counters_mcts,hmrmax-astar,epoch:55:stage2:counters:on:1073581256,,,True,,,,,,,3,4g,6,20G,04:00:00,,VAL,counters-on-1073581256-stage2-train-primary,preselected dependency checkpoint,planned,Learning-curve test evaluation; never use for checkpoint selection
counters-on-1073581256-stage2-policy_eval-curve_epoch_60,prospective-ten,1073581256,counters,Counters,on,RQ3/RQ4,policy_eval,stage2,curve_epoch_60,experiments_numeric.architecture_2.counters_mcts,hmrmax-astar,epoch:60:stage2:counters:on:1073581256,,,True,,,,,,,3,4g,6,20G,04:00:00,,VAL,counters-on-1073581256-stage2-train-primary,preselected dependency checkpoint,planned,Learning-curve test evaluation; never use for checkpoint selection
counters-on-1073581256-stage2-policy_eval-curve_epoch_65,prospective-ten,1073581256,counters,Counters,on,RQ3/RQ4,policy_eval,stage2,curve_epoch_65,experiments_numeric.architecture_2.counters_mcts,hmrmax-astar,epoch:65:stage2:counters:on:1073581256,,,True,,,,,,,3,4g,6,20G,04:00:00,,VAL,counters-on-1073581256-stage2-train-primary,preselected dependency checkpoint,planned,Learning-curve test evaluation; never use for checkpoint selection
counters-on-1073581256-stage2-policy_eval-curve_epoch_70,prospective-ten,1073581256,counters,Counters,on,RQ3/RQ4,policy_eval,stage2,curve_epoch_70,experiments_numeric.architecture_2.counters_mcts,hmrmax-astar,epoch:70:stage2:counters:on:1073581256,,,True,,,,,,,3,4g,6,20G,04:00:00,,VAL,counters-on-1073581256-stage2-train-primary,preselected dependency checkpoint,planned,Learning-curve test evaluation; never use for checkpoint selection
counters-on-1073581256-stage2-policy_eval-curve_epoch_75,prospective-ten,1073581256,counters,Counters,on,RQ3/RQ4,policy_eval,stage2,curve_epoch_75,experiments_numeric.architecture_2.counters_mcts,hmrmax-astar,epoch:75:stage2:counters:on:1073581256,,,True,,,,,,,3,4g,6,20G,04:00:00,,VAL,counters-on-1073581256-stage2-train-primary,preselected dependency checkpoint,planned,Learning-curve test evaluation; never use for checkpoint selection
counters-on-1073581256-stage2-policy_eval-curve_epoch_80,prospective-ten,1073581256,counters,Counters,on,RQ3/RQ4,policy_eval,stage2,curve_epoch_80,experiments_numeric.architecture_2.counters_mcts,hmrmax-astar,epoch:80:stage2:counters:on:1073581256,,,True,,,,,,,3,4g,6,20G,04:00:00,,VAL,counters-on-1073581256-stage2-train-primary,preselected dependency checkpoint,planned,Learning-curve test evaluation; never use for checkpoint selection
counters-on-1073581256-stage2-policy_eval-curve_epoch_85,prospective-ten,1073581256,counters,Counters,on,RQ3/RQ4,policy_eval,stage2,curve_epoch_85,experiments_numeric.architecture_2.counters_mcts,hmrmax-astar,epoch:85:stage2:counters:on:1073581256,,,True,,,,,,,3,4g,6,20G,04:00:00,,VAL,counters-on-1073581256-stage2-train-primary,preselected dependency checkpoint,planned,Learning-curve test evaluation; never use for checkpoint selection
counters-on-1073581256-stage2-policy_eval-curve_epoch_90,prospective-ten,1073581256,counters,Counters,on,RQ3/RQ4,policy_eval,stage2,curve_epoch_90,experiments_numeric.architecture_2.counters_mcts,hmrmax-astar,epoch:90:stage2:counters:on:1073581256,,,True,,,,,,,3,4g,6,20G,04:00:00,,VAL,counters-on-1073581256-stage2-train-primary,preselected dependency checkpoint,planned,Learning-curve test evaluation; never use for checkpoint selection
counters-on-1073581256-stage2-policy_eval-curve_epoch_95,prospective-ten,1073581256,counters,Counters,on,RQ3/RQ4,policy_eval,stage2,curve_epoch_95,experiments_numeric.architecture_2.counters_mcts,hmrmax-astar,epoch:95:stage2:counters:on:1073581256,,,True,,,,,,,3,4g,6,20G,04:00:00,,VAL,counters-on-1073581256-stage2-train-primary,preselected dependency checkpoint,planned,Learning-curve test evaluation; never use for checkpoint selection
counters-on-1073581256-stage2-policy_eval-curve_epoch_99,prospective-ten,1073581256,counters,Counters,on,RQ3/RQ4,policy_eval,stage2,curve_epoch_99,experiments_numeric.architecture_2.counters_mcts,hmrmax-astar,epoch:99:stage2:counters:on:1073581256,,,True,,,,,,,3,4g,6,20G,04:00:00,,VAL,counters-on-1073581256-stage2-train-primary,preselected dependency checkpoint,planned,Learning-curve test evaluation; never use for checkpoint selection
counters-on-1239739722-stage2-policy_eval-curve_epoch_00,prospective-ten,1239739722,counters,Counters,on,RQ3/RQ4,policy_eval,stage2,curve_epoch_00,experiments_numeric.architecture_2.counters_mcts,hmrmax-astar,epoch:0:stage2:counters:on:1239739722,,,True,,,,,,,3,4g,6,20G,04:00:00,,VAL,counters-on-1239739722-stage2-train-primary,preselected dependency checkpoint,planned,Learning-curve test evaluation; never use for checkpoint selection
counters-on-1239739722-stage2-policy_eval-curve_epoch_05,prospective-ten,1239739722,counters,Counters,on,RQ3/RQ4,policy_eval,stage2,curve_epoch_05,experiments_numeric.architecture_2.counters_mcts,hmrmax-astar,epoch:5:stage2:counters:on:1239739722,,,True,,,,,,,3,4g,6,20G,04:00:00,,VAL,counters-on-1239739722-stage2-train-primary,preselected dependency checkpoint,planned,Learning-curve test evaluation; never use for checkpoint selection
counters-on-1239739722-stage2-policy_eval-curve_epoch_10,prospective-ten,1239739722,counters,Counters,on,RQ3/RQ4,policy_eval,stage2,curve_epoch_10,experiments_numeric.architecture_2.counters_mcts,hmrmax-astar,epoch:10:stage2:counters:on:1239739722,,,True,,,,,,,3,4g,6,20G,04:00:00,,VAL,counters-on-1239739722-stage2-train-primary,preselected dependency checkpoint,planned,Learning-curve test evaluation; never use for checkpoint selection
counters-on-1239739722-stage2-policy_eval-curve_epoch_15,prospective-ten,1239739722,counters,Counters,on,RQ3/RQ4,policy_eval,stage2,curve_epoch_15,experiments_numeric.architecture_2.counters_mcts,hmrmax-astar,epoch:15:stage2:counters:on:1239739722,,,True,,,,,,,3,4g,6,20G,04:00:00,,VAL,counters-on-1239739722-stage2-train-primary,preselected dependency checkpoint,planned,Learning-curve test evaluation; never use for checkpoint selection
counters-on-1239739722-stage2-policy_eval-curve_epoch_20,prospective-ten,1239739722,counters,Counters,on,RQ3/RQ4,policy_eval,stage2,curve_epoch_20,experiments_numeric.architecture_2.counters_mcts,hmrmax-astar,epoch:20:stage2:counters:on:1239739722,,,True,,,,,,,3,4g,6,20G,04:00:00,,VAL,counters-on-1239739722-stage2-train-primary,preselected dependency checkpoint,planned,Learning-curve test evaluation; never use for checkpoint selection
counters-on-1239739722-stage2-policy_eval-curve_epoch_25,prospective-ten,1239739722,counters,Counters,on,RQ3/RQ4,policy_eval,stage2,curve_epoch_25,experiments_numeric.architecture_2.counters_mcts,hmrmax-astar,epoch:25:stage2:counters:on:1239739722,,,True,,,,,,,3,4g,6,20G,04:00:00,,VAL,counters-on-1239739722-stage2-train-primary,preselected dependency checkpoint,planned,Learning-curve test evaluation; never use for checkpoint selection
counters-on-1239739722-stage2-policy_eval-curve_epoch_30,prospective-ten,1239739722,counters,Counters,on,RQ3/RQ4,policy_eval,stage2,curve_epoch_30,experiments_numeric.architecture_2.counters_mcts,hmrmax-astar,epoch:30:stage2:counters:on:1239739722,,,True,,,,,,,3,4g,6,20G,04:00:00,,VAL,counters-on-1239739722-stage2-train-primary,preselected dependency checkpoint,planned,Learning-curve test evaluation; never use for checkpoint selection
counters-on-1239739722-stage2-policy_eval-curve_epoch_35,prospective-ten,1239739722,counters,Counters,on,RQ3/RQ4,policy_eval,stage2,curve_epoch_35,experiments_numeric.architecture_2.counters_mcts,hmrmax-astar,epoch:35:stage2:counters:on:1239739722,,,True,,,,,,,3,4g,6,20G,04:00:00,,VAL,counters-on-1239739722-stage2-train-primary,preselected dependency checkpoint,planned,Learning-curve test evaluation; never use for checkpoint selection
counters-on-1239739722-stage2-policy_eval-curve_epoch_40,prospective-ten,1239739722,counters,Counters,on,RQ3/RQ4,policy_eval,stage2,curve_epoch_40,experiments_numeric.architecture_2.counters_mcts,hmrmax-astar,epoch:40:stage2:counters:on:1239739722,,,True,,,,,,,3,4g,6,20G,04:00:00,,VAL,counters-on-1239739722-stage2-train-primary,preselected dependency checkpoint,planned,Learning-curve test evaluation; never use for checkpoint selection
counters-on-1239739722-stage2-policy_eval-curve_epoch_45,prospective-ten,1239739722,counters,Counters,on,RQ3/RQ4,policy_eval,stage2,curve_epoch_45,experiments_numeric.architecture_2.counters_mcts,hmrmax-astar,epoch:45:stage2:counters:on:1239739722,,,True,,,,,,,3,4g,6,20G,04:00:00,,VAL,counters-on-1239739722-stage2-train-primary,preselected dependency checkpoint,planned,Learning-curve test evaluation; never use for checkpoint selection
counters-on-1239739722-stage2-policy_eval-curve_epoch_50,prospective-ten,1239739722,counters,Counters,on,RQ3/RQ4,policy_eval,stage2,curve_epoch_50,experiments_numeric.architecture_2.counters_mcts,hmrmax-astar,epoch:50:stage2:counters:on:1239739722,,,True,,,,,,,3,4g,6,20G,04:00:00,,VAL,counters-on-1239739722-stage2-train-primary,preselected dependency checkpoint,planned,Learning-curve test evaluation; never use for checkpoint selection
counters-on-1239739722-stage2-policy_eval-curve_epoch_55,prospective-ten,1239739722,counters,Counters,on,RQ3/RQ4,policy_eval,stage2,curve_epoch_55,experiments_numeric.architecture_2.counters_mcts,hmrmax-astar,epoch:55:stage2:counters:on:1239739722,,,True,,,,,,,3,4g,6,20G,04:00:00,,VAL,counters-on-1239739722-stage2-train-primary,preselected dependency checkpoint,planned,Learning-curve test evaluation; never use for checkpoint selection
counters-on-1239739722-stage2-policy_eval-curve_epoch_60,prospective-ten,1239739722,counters,Counters,on,RQ3/RQ4,policy_eval,stage2,curve_epoch_60,experiments_numeric.architecture_2.counters_mcts,hmrmax-astar,epoch:60:stage2:counters:on:1239739722,,,True,,,,,,,3,4g,6,20G,04:00:00,,VAL,counters-on-1239739722-stage2-train-primary,preselected dependency checkpoint,planned,Learning-curve test evaluation; never use for checkpoint selection
counters-on-1239739722-stage2-policy_eval-curve_epoch_65,prospective-ten,1239739722,counters,Counters,on,RQ3/RQ4,policy_eval,stage2,curve_epoch_65,experiments_numeric.architecture_2.counters_mcts,hmrmax-astar,epoch:65:stage2:counters:on:1239739722,,,True,,,,,,,3,4g,6,20G,04:00:00,,VAL,counters-on-1239739722-stage2-train-primary,preselected dependency checkpoint,planned,Learning-curve test evaluation; never use for checkpoint selection
counters-on-1239739722-stage2-policy_eval-curve_epoch_70,prospective-ten,1239739722,counters,Counters,on,RQ3/RQ4,policy_eval,stage2,curve_epoch_70,experiments_numeric.architecture_2.counters_mcts,hmrmax-astar,epoch:70:stage2:counters:on:1239739722,,,True,,,,,,,3,4g,6,20G,04:00:00,,VAL,counters-on-1239739722-stage2-train-primary,preselected dependency checkpoint,planned,Learning-curve test evaluation; never use for checkpoint selection
counters-on-1239739722-stage2-policy_eval-curve_epoch_75,prospective-ten,1239739722,counters,Counters,on,RQ3/RQ4,policy_eval,stage2,curve_epoch_75,experiments_numeric.architecture_2.counters_mcts,hmrmax-astar,epoch:75:stage2:counters:on:1239739722,,,True,,,,,,,3,4g,6,20G,04:00:00,,VAL,counters-on-1239739722-stage2-train-primary,preselected dependency checkpoint,planned,Learning-curve test evaluation; never use for checkpoint selection
counters-on-1239739722-stage2-policy_eval-curve_epoch_80,prospective-ten,1239739722,counters,Counters,on,RQ3/RQ4,policy_eval,stage2,curve_epoch_80,experiments_numeric.architecture_2.counters_mcts,hmrmax-astar,epoch:80:stage2:counters:on:1239739722,,,True,,,,,,,3,4g,6,20G,04:00:00,,VAL,counters-on-1239739722-stage2-train-primary,preselected dependency checkpoint,planned,Learning-curve test evaluation; never use for checkpoint selection
counters-on-1239739722-stage2-policy_eval-curve_epoch_85,prospective-ten,1239739722,counters,Counters,on,RQ3/RQ4,policy_eval,stage2,curve_epoch_85,experiments_numeric.architecture_2.counters_mcts,hmrmax-astar,epoch:85:stage2:counters:on:1239739722,,,True,,,,,,,3,4g,6,20G,04:00:00,,VAL,counters-on-1239739722-stage2-train-primary,preselected dependency checkpoint,planned,Learning-curve test evaluation; never use for checkpoint selection
counters-on-1239739722-stage2-policy_eval-curve_epoch_90,prospective-ten,1239739722,counters,Counters,on,RQ3/RQ4,policy_eval,stage2,curve_epoch_90,experiments_numeric.architecture_2.counters_mcts,hmrmax-astar,epoch:90:stage2:counters:on:1239739722,,,True,,,,,,,3,4g,6,20G,04:00:00,,VAL,counters-on-1239739722-stage2-train-primary,preselected dependency checkpoint,planned,Learning-curve test evaluation; never use for checkpoint selection
counters-on-1239739722-stage2-policy_eval-curve_epoch_95,prospective-ten,1239739722,counters,Counters,on,RQ3/RQ4,policy_eval,stage2,curve_epoch_95,experiments_numeric.architecture_2.counters_mcts,hmrmax-astar,epoch:95:stage2:counters:on:1239739722,,,True,,,,,,,3,4g,6,20G,04:00:00,,VAL,counters-on-1239739722-stage2-train-primary,preselected dependency checkpoint,planned,Learning-curve test evaluation; never use for checkpoint selection
counters-on-1239739722-stage2-policy_eval-curve_epoch_99,prospective-ten,1239739722,counters,Counters,on,RQ3/RQ4,policy_eval,stage2,curve_epoch_99,experiments_numeric.architecture_2.counters_mcts,hmrmax-astar,epoch:99:stage2:counters:on:1239739722,,,True,,,,,,,3,4g,6,20G,04:00:00,,VAL,counters-on-1239739722-stage2-train-primary,preselected dependency checkpoint,planned,Learning-curve test evaluation; never use for checkpoint selection
counters-on-1472491096-stage2-policy_eval-curve_epoch_00,prospective-ten,1472491096,counters,Counters,on,RQ3/RQ4,policy_eval,stage2,curve_epoch_00,experiments_numeric.architecture_2.counters_mcts,hmrmax-astar,epoch:0:stage2:counters:on:1472491096,,,True,,,,,,,3,4g,6,20G,04:00:00,,VAL,counters-on-1472491096-stage2-train-primary,preselected dependency checkpoint,planned,Learning-curve test evaluation; never use for checkpoint selection
counters-on-1472491096-stage2-policy_eval-curve_epoch_05,prospective-ten,1472491096,counters,Counters,on,RQ3/RQ4,policy_eval,stage2,curve_epoch_05,experiments_numeric.architecture_2.counters_mcts,hmrmax-astar,epoch:5:stage2:counters:on:1472491096,,,True,,,,,,,3,4g,6,20G,04:00:00,,VAL,counters-on-1472491096-stage2-train-primary,preselected dependency checkpoint,planned,Learning-curve test evaluation; never use for checkpoint selection
counters-on-1472491096-stage2-policy_eval-curve_epoch_10,prospective-ten,1472491096,counters,Counters,on,RQ3/RQ4,policy_eval,stage2,curve_epoch_10,experiments_numeric.architecture_2.counters_mcts,hmrmax-astar,epoch:10:stage2:counters:on:1472491096,,,True,,,,,,,3,4g,6,20G,04:00:00,,VAL,counters-on-1472491096-stage2-train-primary,preselected dependency checkpoint,planned,Learning-curve test evaluation; never use for checkpoint selection
counters-on-1472491096-stage2-policy_eval-curve_epoch_15,prospective-ten,1472491096,counters,Counters,on,RQ3/RQ4,policy_eval,stage2,curve_epoch_15,experiments_numeric.architecture_2.counters_mcts,hmrmax-astar,epoch:15:stage2:counters:on:1472491096,,,True,,,,,,,3,4g,6,20G,04:00:00,,VAL,counters-on-1472491096-stage2-train-primary,preselected dependency checkpoint,planned,Learning-curve test evaluation; never use for checkpoint selection
counters-on-1472491096-stage2-policy_eval-curve_epoch_20,prospective-ten,1472491096,counters,Counters,on,RQ3/RQ4,policy_eval,stage2,curve_epoch_20,experiments_numeric.architecture_2.counters_mcts,hmrmax-astar,epoch:20:stage2:counters:on:1472491096,,,True,,,,,,,3,4g,6,20G,04:00:00,,VAL,counters-on-1472491096-stage2-train-primary,preselected dependency checkpoint,planned,Learning-curve test evaluation; never use for checkpoint selection
counters-on-1472491096-stage2-policy_eval-curve_epoch_25,prospective-ten,1472491096,counters,Counters,on,RQ3/RQ4,policy_eval,stage2,curve_epoch_25,experiments_numeric.architecture_2.counters_mcts,hmrmax-astar,epoch:25:stage2:counters:on:1472491096,,,True,,,,,,,3,4g,6,20G,04:00:00,,VAL,counters-on-1472491096-stage2-train-primary,preselected dependency checkpoint,planned,Learning-curve test evaluation; never use for checkpoint selection
counters-on-1472491096-stage2-policy_eval-curve_epoch_30,prospective-ten,1472491096,counters,Counters,on,RQ3/RQ4,policy_eval,stage2,curve_epoch_30,experiments_numeric.architecture_2.counters_mcts,hmrmax-astar,epoch:30:stage2:counters:on:1472491096,,,True,,,,,,,3,4g,6,20G,04:00:00,,VAL,counters-on-1472491096-stage2-train-primary,preselected dependency checkpoint,planned,Learning-curve test evaluation; never use for checkpoint selection
counters-on-1472491096-stage2-policy_eval-curve_epoch_35,prospective-ten,1472491096,counters,Counters,on,RQ3/RQ4,policy_eval,stage2,curve_epoch_35,experiments_numeric.architecture_2.counters_mcts,hmrmax-astar,epoch:35:stage2:counters:on:1472491096,,,True,,,,,,,3,4g,6,20G,04:00:00,,VAL,counters-on-1472491096-stage2-train-primary,preselected dependency checkpoint,planned,Learning-curve test evaluation; never use for checkpoint selection
counters-on-1472491096-stage2-policy_eval-curve_epoch_40,prospective-ten,1472491096,counters,Counters,on,RQ3/RQ4,policy_eval,stage2,curve_epoch_40,experiments_numeric.architecture_2.counters_mcts,hmrmax-astar,epoch:40:stage2:counters:on:1472491096,,,True,,,,,,,3,4g,6,20G,04:00:00,,VAL,counters-on-1472491096-stage2-train-primary,preselected dependency checkpoint,planned,Learning-curve test evaluation; never use for checkpoint selection
counters-on-1472491096-stage2-policy_eval-curve_epoch_45,prospective-ten,1472491096,counters,Counters,on,RQ3/RQ4,policy_eval,stage2,curve_epoch_45,experiments_numeric.architecture_2.counters_mcts,hmrmax-astar,epoch:45:stage2:counters:on:1472491096,,,True,,,,,,,3,4g,6,20G,04:00:00,,VAL,counters-on-1472491096-stage2-train-primary,preselected dependency checkpoint,planned,Learning-curve test evaluation; never use for checkpoint selection
counters-on-1472491096-stage2-policy_eval-curve_epoch_50,prospective-ten,1472491096,counters,Counters,on,RQ3/RQ4,policy_eval,stage2,curve_epoch_50,experiments_numeric.architecture_2.counters_mcts,hmrmax-astar,epoch:50:stage2:counters:on:1472491096,,,True,,,,,,,3,4g,6,20G,04:00:00,,VAL,counters-on-1472491096-stage2-train-primary,preselected dependency checkpoint,planned,Learning-curve test evaluation; never use for checkpoint selection
counters-on-1472491096-stage2-policy_eval-curve_epoch_55,prospective-ten,1472491096,counters,Counters,on,RQ3/RQ4,policy_eval,stage2,curve_epoch_55,experiments_numeric.architecture_2.counters_mcts,hmrmax-astar,epoch:55:stage2:counters:on:1472491096,,,True,,,,,,,3,4g,6,20G,04:00:00,,VAL,counters-on-1472491096-stage2-train-primary,preselected dependency checkpoint,planned,Learning-curve test evaluation; never use for checkpoint selection
counters-on-1472491096-stage2-policy_eval-curve_epoch_60,prospective-ten,1472491096,counters,Counters,on,RQ3/RQ4,policy_eval,stage2,curve_epoch_60,experiments_numeric.architecture_2.counters_mcts,hmrmax-astar,epoch:60:stage2:counters:on:1472491096,,,True,,,,,,,3,4g,6,20G,04:00:00,,VAL,counters-on-1472491096-stage2-train-primary,preselected dependency checkpoint,planned,Learning-curve test evaluation; never use for checkpoint selection
counters-on-1472491096-stage2-policy_eval-curve_epoch_65,prospective-ten,1472491096,counters,Counters,on,RQ3/RQ4,policy_eval,stage2,curve_epoch_65,experiments_numeric.architecture_2.counters_mcts,hmrmax-astar,epoch:65:stage2:counters:on:1472491096,,,True,,,,,,,3,4g,6,20G,04:00:00,,VAL,counters-on-1472491096-stage2-train-primary,preselected dependency checkpoint,planned,Learning-curve test evaluation; never use for checkpoint selection
counters-on-1472491096-stage2-policy_eval-curve_epoch_70,prospective-ten,1472491096,counters,Counters,on,RQ3/RQ4,policy_eval,stage2,curve_epoch_70,experiments_numeric.architecture_2.counters_mcts,hmrmax-astar,epoch:70:stage2:counters:on:1472491096,,,True,,,,,,,3,4g,6,20G,04:00:00,,VAL,counters-on-1472491096-stage2-train-primary,preselected dependency checkpoint,planned,Learning-curve test evaluation; never use for checkpoint selection
counters-on-1472491096-stage2-policy_eval-curve_epoch_75,prospective-ten,1472491096,counters,Counters,on,RQ3/RQ4,policy_eval,stage2,curve_epoch_75,experiments_numeric.architecture_2.counters_mcts,hmrmax-astar,epoch:75:stage2:counters:on:1472491096,,,True,,,,,,,3,4g,6,20G,04:00:00,,VAL,counters-on-1472491096-stage2-train-primary,preselected dependency checkpoint,planned,Learning-curve test evaluation; never use for checkpoint selection
counters-on-1472491096-stage2-policy_eval-curve_epoch_80,prospective-ten,1472491096,counters,Counters,on,RQ3/RQ4,policy_eval,stage2,curve_epoch_80,experiments_numeric.architecture_2.counters_mcts,hmrmax-astar,epoch:80:stage2:counters:on:1472491096,,,True,,,,,,,3,4g,6,20G,04:00:00,,VAL,counters-on-1472491096-stage2-train-primary,preselected dependency checkpoint,planned,Learning-curve test evaluation; never use for checkpoint selection
counters-on-1472491096-stage2-policy_eval-curve_epoch_85,prospective-ten,1472491096,counters,Counters,on,RQ3/RQ4,policy_eval,stage2,curve_epoch_85,experiments_numeric.architecture_2.counters_mcts,hmrmax-astar,epoch:85:stage2:counters:on:1472491096,,,True,,,,,,,3,4g,6,20G,04:00:00,,VAL,counters-on-1472491096-stage2-train-primary,preselected dependency checkpoint,planned,Learning-curve test evaluation; never use for checkpoint selection
counters-on-1472491096-stage2-policy_eval-curve_epoch_90,prospective-ten,1472491096,counters,Counters,on,RQ3/RQ4,policy_eval,stage2,curve_epoch_90,experiments_numeric.architecture_2.counters_mcts,hmrmax-astar,epoch:90:stage2:counters:on:1472491096,,,True,,,,,,,3,4g,6,20G,04:00:00,,VAL,counters-on-1472491096-stage2-train-primary,preselected dependency checkpoint,planned,Learning-curve test evaluation; never use for checkpoint selection
counters-on-1472491096-stage2-policy_eval-curve_epoch_95,prospective-ten,1472491096,counters,Counters,on,RQ3/RQ4,policy_eval,stage2,curve_epoch_95,experiments_numeric.architecture_2.counters_mcts,hmrmax-astar,epoch:95:stage2:counters:on:1472491096,,,True,,,,,,,3,4g,6,20G,04:00:00,,VAL,counters-on-1472491096-stage2-train-primary,preselected dependency checkpoint,planned,Learning-curve test evaluation; never use for checkpoint selection
counters-on-1472491096-stage2-policy_eval-curve_epoch_99,prospective-ten,1472491096,counters,Counters,on,RQ3/RQ4,policy_eval,stage2,curve_epoch_99,experiments_numeric.architecture_2.counters_mcts,hmrmax-astar,epoch:99:stage2:counters:on:1472491096,,,True,,,,,,,3,4g,6,20G,04:00:00,,VAL,counters-on-1472491096-stage2-train-primary,preselected dependency checkpoint,planned,Learning-curve test evaluation; never use for checkpoint selection
counters-on-534933607-stage2-policy_eval-curve_epoch_00,prospective-ten,534933607,counters,Counters,on,RQ3/RQ4,policy_eval,stage2,curve_epoch_00,experiments_numeric.architecture_2.counters_mcts,hmrmax-astar,epoch:0:stage2:counters:on:534933607,,,True,,,,,,,3,4g,6,20G,04:00:00,,VAL,counters-on-534933607-stage2-train-primary,preselected dependency checkpoint,planned,Learning-curve test evaluation; never use for checkpoint selection
counters-on-534933607-stage2-policy_eval-curve_epoch_05,prospective-ten,534933607,counters,Counters,on,RQ3/RQ4,policy_eval,stage2,curve_epoch_05,experiments_numeric.architecture_2.counters_mcts,hmrmax-astar,epoch:5:stage2:counters:on:534933607,,,True,,,,,,,3,4g,6,20G,04:00:00,,VAL,counters-on-534933607-stage2-train-primary,preselected dependency checkpoint,planned,Learning-curve test evaluation; never use for checkpoint selection
counters-on-534933607-stage2-policy_eval-curve_epoch_10,prospective-ten,534933607,counters,Counters,on,RQ3/RQ4,policy_eval,stage2,curve_epoch_10,experiments_numeric.architecture_2.counters_mcts,hmrmax-astar,epoch:10:stage2:counters:on:534933607,,,True,,,,,,,3,4g,6,20G,04:00:00,,VAL,counters-on-534933607-stage2-train-primary,preselected dependency checkpoint,planned,Learning-curve test evaluation; never use for checkpoint selection
counters-on-534933607-stage2-policy_eval-curve_epoch_15,prospective-ten,534933607,counters,Counters,on,RQ3/RQ4,policy_eval,stage2,curve_epoch_15,experiments_numeric.architecture_2.counters_mcts,hmrmax-astar,epoch:15:stage2:counters:on:534933607,,,True,,,,,,,3,4g,6,20G,04:00:00,,VAL,counters-on-534933607-stage2-train-primary,preselected dependency checkpoint,planned,Learning-curve test evaluation; never use for checkpoint selection
counters-on-534933607-stage2-policy_eval-curve_epoch_20,prospective-ten,534933607,counters,Counters,on,RQ3/RQ4,policy_eval,stage2,curve_epoch_20,experiments_numeric.architecture_2.counters_mcts,hmrmax-astar,epoch:20:stage2:counters:on:534933607,,,True,,,,,,,3,4g,6,20G,04:00:00,,VAL,counters-on-534933607-stage2-train-primary,preselected dependency checkpoint,planned,Learning-curve test evaluation; never use for checkpoint selection
counters-on-534933607-stage2-policy_eval-curve_epoch_25,prospective-ten,534933607,counters,Counters,on,RQ3/RQ4,policy_eval,stage2,curve_epoch_25,experiments_numeric.architecture_2.counters_mcts,hmrmax-astar,epoch:25:stage2:counters:on:534933607,,,True,,,,,,,3,4g,6,20G,04:00:00,,VAL,counters-on-534933607-stage2-train-primary,preselected dependency checkpoint,planned,Learning-curve test evaluation; never use for checkpoint selection
counters-on-534933607-stage2-policy_eval-curve_epoch_30,prospective-ten,534933607,counters,Counters,on,RQ3/RQ4,policy_eval,stage2,curve_epoch_30,experiments_numeric.architecture_2.counters_mcts,hmrmax-astar,epoch:30:stage2:counters:on:534933607,,,True,,,,,,,3,4g,6,20G,04:00:00,,VAL,counters-on-534933607-stage2-train-primary,preselected dependency checkpoint,planned,Learning-curve test evaluation; never use for checkpoint selection
counters-on-534933607-stage2-policy_eval-curve_epoch_35,prospective-ten,534933607,counters,Counters,on,RQ3/RQ4,policy_eval,stage2,curve_epoch_35,experiments_numeric.architecture_2.counters_mcts,hmrmax-astar,epoch:35:stage2:counters:on:534933607,,,True,,,,,,,3,4g,6,20G,04:00:00,,VAL,counters-on-534933607-stage2-train-primary,preselected dependency checkpoint,planned,Learning-curve test evaluation; never use for checkpoint selection
counters-on-534933607-stage2-policy_eval-curve_epoch_40,prospective-ten,534933607,counters,Counters,on,RQ3/RQ4,policy_eval,stage2,curve_epoch_40,experiments_numeric.architecture_2.counters_mcts,hmrmax-astar,epoch:40:stage2:counters:on:534933607,,,True,,,,,,,3,4g,6,20G,04:00:00,,VAL,counters-on-534933607-stage2-train-primary,preselected dependency checkpoint,planned,Learning-curve test evaluation; never use for checkpoint selection
counters-on-534933607-stage2-policy_eval-curve_epoch_45,prospective-ten,534933607,counters,Counters,on,RQ3/RQ4,policy_eval,stage2,curve_epoch_45,experiments_numeric.architecture_2.counters_mcts,hmrmax-astar,epoch:45:stage2:counters:on:534933607,,,True,,,,,,,3,4g,6,20G,04:00:00,,VAL,counters-on-534933607-stage2-train-primary,preselected dependency checkpoint,planned,Learning-curve test evaluation; never use for checkpoint selection
counters-on-534933607-stage2-policy_eval-curve_epoch_50,prospective-ten,534933607,counters,Counters,on,RQ3/RQ4,policy_eval,stage2,curve_epoch_50,experiments_numeric.architecture_2.counters_mcts,hmrmax-astar,epoch:50:stage2:counters:on:534933607,,,True,,,,,,,3,4g,6,20G,04:00:00,,VAL,counters-on-534933607-stage2-train-primary,preselected dependency checkpoint,planned,Learning-curve test evaluation; never use for checkpoint selection
counters-on-534933607-stage2-policy_eval-curve_epoch_55,prospective-ten,534933607,counters,Counters,on,RQ3/RQ4,policy_eval,stage2,curve_epoch_55,experiments_numeric.architecture_2.counters_mcts,hmrmax-astar,epoch:55:stage2:counters:on:534933607,,,True,,,,,,,3,4g,6,20G,04:00:00,,VAL,counters-on-534933607-stage2-train-primary,preselected dependency checkpoint,planned,Learning-curve test evaluation; never use for checkpoint selection
counters-on-534933607-stage2-policy_eval-curve_epoch_60,prospective-ten,534933607,counters,Counters,on,RQ3/RQ4,policy_eval,stage2,curve_epoch_60,experiments_numeric.architecture_2.counters_mcts,hmrmax-astar,epoch:60:stage2:counters:on:534933607,,,True,,,,,,,3,4g,6,20G,04:00:00,,VAL,counters-on-534933607-stage2-train-primary,preselected dependency checkpoint,planned,Learning-curve test evaluation; never use for checkpoint selection
counters-on-534933607-stage2-policy_eval-curve_epoch_65,prospective-ten,534933607,counters,Counters,on,RQ3/RQ4,policy_eval,stage2,curve_epoch_65,experiments_numeric.architecture_2.counters_mcts,hmrmax-astar,epoch:65:stage2:counters:on:534933607,,,True,,,,,,,3,4g,6,20G,04:00:00,,VAL,counters-on-534933607-stage2-train-primary,preselected dependency checkpoint,planned,Learning-curve test evaluation; never use for checkpoint selection
counters-on-534933607-stage2-policy_eval-curve_epoch_70,prospective-ten,534933607,counters,Counters,on,RQ3/RQ4,policy_eval,stage2,curve_epoch_70,experiments_numeric.architecture_2.counters_mcts,hmrmax-astar,epoch:70:stage2:counters:on:534933607,,,True,,,,,,,3,4g,6,20G,04:00:00,,VAL,counters-on-534933607-stage2-train-primary,preselected dependency checkpoint,planned,Learning-curve test evaluation; never use for checkpoint selection
counters-on-534933607-stage2-policy_eval-curve_epoch_75,prospective-ten,534933607,counters,Counters,on,RQ3/RQ4,policy_eval,stage2,curve_epoch_75,experiments_numeric.architecture_2.counters_mcts,hmrmax-astar,epoch:75:stage2:counters:on:534933607,,,True,,,,,,,3,4g,6,20G,04:00:00,,VAL,counters-on-534933607-stage2-train-primary,preselected dependency checkpoint,planned,Learning-curve test evaluation; never use for checkpoint selection
counters-on-534933607-stage2-policy_eval-curve_epoch_80,prospective-ten,534933607,counters,Counters,on,RQ3/RQ4,policy_eval,stage2,curve_epoch_80,experiments_numeric.architecture_2.counters_mcts,hmrmax-astar,epoch:80:stage2:counters:on:534933607,,,True,,,,,,,3,4g,6,20G,04:00:00,,VAL,counters-on-534933607-stage2-train-primary,preselected dependency checkpoint,planned,Learning-curve test evaluation; never use for checkpoint selection
counters-on-534933607-stage2-policy_eval-curve_epoch_85,prospective-ten,534933607,counters,Counters,on,RQ3/RQ4,policy_eval,stage2,curve_epoch_85,experiments_numeric.architecture_2.counters_mcts,hmrmax-astar,epoch:85:stage2:counters:on:534933607,,,True,,,,,,,3,4g,6,20G,04:00:00,,VAL,counters-on-534933607-stage2-train-primary,preselected dependency checkpoint,planned,Learning-curve test evaluation; never use for checkpoint selection
counters-on-534933607-stage2-policy_eval-curve_epoch_90,prospective-ten,534933607,counters,Counters,on,RQ3/RQ4,policy_eval,stage2,curve_epoch_90,experiments_numeric.architecture_2.counters_mcts,hmrmax-astar,epoch:90:stage2:counters:on:534933607,,,True,,,,,,,3,4g,6,20G,04:00:00,,VAL,counters-on-534933607-stage2-train-primary,preselected dependency checkpoint,planned,Learning-curve test evaluation; never use for checkpoint selection
counters-on-534933607-stage2-policy_eval-curve_epoch_95,prospective-ten,534933607,counters,Counters,on,RQ3/RQ4,policy_eval,stage2,curve_epoch_95,experiments_numeric.architecture_2.counters_mcts,hmrmax-astar,epoch:95:stage2:counters:on:534933607,,,True,,,,,,,3,4g,6,20G,04:00:00,,VAL,counters-on-534933607-stage2-train-primary,preselected dependency checkpoint,planned,Learning-curve test evaluation; never use for checkpoint selection
counters-on-534933607-stage2-policy_eval-curve_epoch_99,prospective-ten,534933607,counters,Counters,on,RQ3/RQ4,policy_eval,stage2,curve_epoch_99,experiments_numeric.architecture_2.counters_mcts,hmrmax-astar,epoch:99:stage2:counters:on:534933607,,,True,,,,,,,3,4g,6,20G,04:00:00,,VAL,counters-on-534933607-stage2-train-primary,preselected dependency checkpoint,planned,Learning-curve test evaluation; never use for checkpoint selection
counters-on-2082152039-stage2-policy_eval-curve_epoch_00,prospective-ten,2082152039,counters,Counters,on,RQ3/RQ4,policy_eval,stage2,curve_epoch_00,experiments_numeric.architecture_2.counters_mcts,hmrmax-astar,epoch:0:stage2:counters:on:2082152039,,,True,,,,,,,3,4g,6,20G,04:00:00,,VAL,counters-on-2082152039-stage2-train-primary,preselected dependency checkpoint,planned,Learning-curve test evaluation; never use for checkpoint selection
counters-on-2082152039-stage2-policy_eval-curve_epoch_05,prospective-ten,2082152039,counters,Counters,on,RQ3/RQ4,policy_eval,stage2,curve_epoch_05,experiments_numeric.architecture_2.counters_mcts,hmrmax-astar,epoch:5:stage2:counters:on:2082152039,,,True,,,,,,,3,4g,6,20G,04:00:00,,VAL,counters-on-2082152039-stage2-train-primary,preselected dependency checkpoint,planned,Learning-curve test evaluation; never use for checkpoint selection
counters-on-2082152039-stage2-policy_eval-curve_epoch_10,prospective-ten,2082152039,counters,Counters,on,RQ3/RQ4,policy_eval,stage2,curve_epoch_10,experiments_numeric.architecture_2.counters_mcts,hmrmax-astar,epoch:10:stage2:counters:on:2082152039,,,True,,,,,,,3,4g,6,20G,04:00:00,,VAL,counters-on-2082152039-stage2-train-primary,preselected dependency checkpoint,planned,Learning-curve test evaluation; never use for checkpoint selection
counters-on-2082152039-stage2-policy_eval-curve_epoch_15,prospective-ten,2082152039,counters,Counters,on,RQ3/RQ4,policy_eval,stage2,curve_epoch_15,experiments_numeric.architecture_2.counters_mcts,hmrmax-astar,epoch:15:stage2:counters:on:2082152039,,,True,,,,,,,3,4g,6,20G,04:00:00,,VAL,counters-on-2082152039-stage2-train-primary,preselected dependency checkpoint,planned,Learning-curve test evaluation; never use for checkpoint selection
counters-on-2082152039-stage2-policy_eval-curve_epoch_20,prospective-ten,2082152039,counters,Counters,on,RQ3/RQ4,policy_eval,stage2,curve_epoch_20,experiments_numeric.architecture_2.counters_mcts,hmrmax-astar,epoch:20:stage2:counters:on:2082152039,,,True,,,,,,,3,4g,6,20G,04:00:00,,VAL,counters-on-2082152039-stage2-train-primary,preselected dependency checkpoint,planned,Learning-curve test evaluation; never use for checkpoint selection
counters-on-2082152039-stage2-policy_eval-curve_epoch_25,prospective-ten,2082152039,counters,Counters,on,RQ3/RQ4,policy_eval,stage2,curve_epoch_25,experiments_numeric.architecture_2.counters_mcts,hmrmax-astar,epoch:25:stage2:counters:on:2082152039,,,True,,,,,,,3,4g,6,20G,04:00:00,,VAL,counters-on-2082152039-stage2-train-primary,preselected dependency checkpoint,planned,Learning-curve test evaluation; never use for checkpoint selection
counters-on-2082152039-stage2-policy_eval-curve_epoch_30,prospective-ten,2082152039,counters,Counters,on,RQ3/RQ4,policy_eval,stage2,curve_epoch_30,experiments_numeric.architecture_2.counters_mcts,hmrmax-astar,epoch:30:stage2:counters:on:2082152039,,,True,,,,,,,3,4g,6,20G,04:00:00,,VAL,counters-on-2082152039-stage2-train-primary,preselected dependency checkpoint,planned,Learning-curve test evaluation; never use for checkpoint selection
counters-on-2082152039-stage2-policy_eval-curve_epoch_35,prospective-ten,2082152039,counters,Counters,on,RQ3/RQ4,policy_eval,stage2,curve_epoch_35,experiments_numeric.architecture_2.counters_mcts,hmrmax-astar,epoch:35:stage2:counters:on:2082152039,,,True,,,,,,,3,4g,6,20G,04:00:00,,VAL,counters-on-2082152039-stage2-train-primary,preselected dependency checkpoint,planned,Learning-curve test evaluation; never use for checkpoint selection
counters-on-2082152039-stage2-policy_eval-curve_epoch_40,prospective-ten,2082152039,counters,Counters,on,RQ3/RQ4,policy_eval,stage2,curve_epoch_40,experiments_numeric.architecture_2.counters_mcts,hmrmax-astar,epoch:40:stage2:counters:on:2082152039,,,True,,,,,,,3,4g,6,20G,04:00:00,,VAL,counters-on-2082152039-stage2-train-primary,preselected dependency checkpoint,planned,Learning-curve test evaluation; never use for checkpoint selection
counters-on-2082152039-stage2-policy_eval-curve_epoch_45,prospective-ten,2082152039,counters,Counters,on,RQ3/RQ4,policy_eval,stage2,curve_epoch_45,experiments_numeric.architecture_2.counters_mcts,hmrmax-astar,epoch:45:stage2:counters:on:2082152039,,,True,,,,,,,3,4g,6,20G,04:00:00,,VAL,counters-on-2082152039-stage2-train-primary,preselected dependency checkpoint,planned,Learning-curve test evaluation; never use for checkpoint selection
counters-on-2082152039-stage2-policy_eval-curve_epoch_50,prospective-ten,2082152039,counters,Counters,on,RQ3/RQ4,policy_eval,stage2,curve_epoch_50,experiments_numeric.architecture_2.counters_mcts,hmrmax-astar,epoch:50:stage2:counters:on:2082152039,,,True,,,,,,,3,4g,6,20G,04:00:00,,VAL,counters-on-2082152039-stage2-train-primary,preselected dependency checkpoint,planned,Learning-curve test evaluation; never use for checkpoint selection
counters-on-2082152039-stage2-policy_eval-curve_epoch_55,prospective-ten,2082152039,counters,Counters,on,RQ3/RQ4,policy_eval,stage2,curve_epoch_55,experiments_numeric.architecture_2.counters_mcts,hmrmax-astar,epoch:55:stage2:counters:on:2082152039,,,True,,,,,,,3,4g,6,20G,04:00:00,,VAL,counters-on-2082152039-stage2-train-primary,preselected dependency checkpoint,planned,Learning-curve test evaluation; never use for checkpoint selection
counters-on-2082152039-stage2-policy_eval-curve_epoch_60,prospective-ten,2082152039,counters,Counters,on,RQ3/RQ4,policy_eval,stage2,curve_epoch_60,experiments_numeric.architecture_2.counters_mcts,hmrmax-astar,epoch:60:stage2:counters:on:2082152039,,,True,,,,,,,3,4g,6,20G,04:00:00,,VAL,counters-on-2082152039-stage2-train-primary,preselected dependency checkpoint,planned,Learning-curve test evaluation; never use for checkpoint selection
counters-on-2082152039-stage2-policy_eval-curve_epoch_65,prospective-ten,2082152039,counters,Counters,on,RQ3/RQ4,policy_eval,stage2,curve_epoch_65,experiments_numeric.architecture_2.counters_mcts,hmrmax-astar,epoch:65:stage2:counters:on:2082152039,,,True,,,,,,,3,4g,6,20G,04:00:00,,VAL,counters-on-2082152039-stage2-train-primary,preselected dependency checkpoint,planned,Learning-curve test evaluation; never use for checkpoint selection
counters-on-2082152039-stage2-policy_eval-curve_epoch_70,prospective-ten,2082152039,counters,Counters,on,RQ3/RQ4,policy_eval,stage2,curve_epoch_70,experiments_numeric.architecture_2.counters_mcts,hmrmax-astar,epoch:70:stage2:counters:on:2082152039,,,True,,,,,,,3,4g,6,20G,04:00:00,,VAL,counters-on-2082152039-stage2-train-primary,preselected dependency checkpoint,planned,Learning-curve test evaluation; never use for checkpoint selection
counters-on-2082152039-stage2-policy_eval-curve_epoch_75,prospective-ten,2082152039,counters,Counters,on,RQ3/RQ4,policy_eval,stage2,curve_epoch_75,experiments_numeric.architecture_2.counters_mcts,hmrmax-astar,epoch:75:stage2:counters:on:2082152039,,,True,,,,,,,3,4g,6,20G,04:00:00,,VAL,counters-on-2082152039-stage2-train-primary,preselected dependency checkpoint,planned,Learning-curve test evaluation; never use for checkpoint selection
counters-on-2082152039-stage2-policy_eval-curve_epoch_80,prospective-ten,2082152039,counters,Counters,on,RQ3/RQ4,policy_eval,stage2,curve_epoch_80,experiments_numeric.architecture_2.counters_mcts,hmrmax-astar,epoch:80:stage2:counters:on:2082152039,,,True,,,,,,,3,4g,6,20G,04:00:00,,VAL,counters-on-2082152039-stage2-train-primary,preselected dependency checkpoint,planned,Learning-curve test evaluation; never use for checkpoint selection
counters-on-2082152039-stage2-policy_eval-curve_epoch_85,prospective-ten,2082152039,counters,Counters,on,RQ3/RQ4,policy_eval,stage2,curve_epoch_85,experiments_numeric.architecture_2.counters_mcts,hmrmax-astar,epoch:85:stage2:counters:on:2082152039,,,True,,,,,,,3,4g,6,20G,04:00:00,,VAL,counters-on-2082152039-stage2-train-primary,preselected dependency checkpoint,planned,Learning-curve test evaluation; never use for checkpoint selection
counters-on-2082152039-stage2-policy_eval-curve_epoch_90,prospective-ten,2082152039,counters,Counters,on,RQ3/RQ4,policy_eval,stage2,curve_epoch_90,experiments_numeric.architecture_2.counters_mcts,hmrmax-astar,epoch:90:stage2:counters:on:2082152039,,,True,,,,,,,3,4g,6,20G,04:00:00,,VAL,counters-on-2082152039-stage2-train-primary,preselected dependency checkpoint,planned,Learning-curve test evaluation; never use for checkpoint selection
counters-on-2082152039-stage2-policy_eval-curve_epoch_95,prospective-ten,2082152039,counters,Counters,on,RQ3/RQ4,policy_eval,stage2,curve_epoch_95,experiments_numeric.architecture_2.counters_mcts,hmrmax-astar,epoch:95:stage2:counters:on:2082152039,,,True,,,,,,,3,4g,6,20G,04:00:00,,VAL,counters-on-2082152039-stage2-train-primary,preselected dependency checkpoint,planned,Learning-curve test evaluation; never use for checkpoint selection
counters-on-2082152039-stage2-policy_eval-curve_epoch_99,prospective-ten,2082152039,counters,Counters,on,RQ3/RQ4,policy_eval,stage2,curve_epoch_99,experiments_numeric.architecture_2.counters_mcts,hmrmax-astar,epoch:99:stage2:counters:on:2082152039,,,True,,,,,,,3,4g,6,20G,04:00:00,,VAL,counters-on-2082152039-stage2-train-primary,preselected dependency checkpoint,planned,Learning-curve test evaluation; never use for checkpoint selection
counters-on-1510771779-stage2-policy_eval-curve_epoch_00,prospective-ten,1510771779,counters,Counters,on,RQ3/RQ4,policy_eval,stage2,curve_epoch_00,experiments_numeric.architecture_2.counters_mcts,hmrmax-astar,epoch:0:stage2:counters:on:1510771779,,,True,,,,,,,3,4g,6,20G,04:00:00,,VAL,counters-on-1510771779-stage2-train-primary,preselected dependency checkpoint,planned,Learning-curve test evaluation; never use for checkpoint selection
counters-on-1510771779-stage2-policy_eval-curve_epoch_05,prospective-ten,1510771779,counters,Counters,on,RQ3/RQ4,policy_eval,stage2,curve_epoch_05,experiments_numeric.architecture_2.counters_mcts,hmrmax-astar,epoch:5:stage2:counters:on:1510771779,,,True,,,,,,,3,4g,6,20G,04:00:00,,VAL,counters-on-1510771779-stage2-train-primary,preselected dependency checkpoint,planned,Learning-curve test evaluation; never use for checkpoint selection
counters-on-1510771779-stage2-policy_eval-curve_epoch_10,prospective-ten,1510771779,counters,Counters,on,RQ3/RQ4,policy_eval,stage2,curve_epoch_10,experiments_numeric.architecture_2.counters_mcts,hmrmax-astar,epoch:10:stage2:counters:on:1510771779,,,True,,,,,,,3,4g,6,20G,04:00:00,,VAL,counters-on-1510771779-stage2-train-primary,preselected dependency checkpoint,planned,Learning-curve test evaluation; never use for checkpoint selection
counters-on-1510771779-stage2-policy_eval-curve_epoch_15,prospective-ten,1510771779,counters,Counters,on,RQ3/RQ4,policy_eval,stage2,curve_epoch_15,experiments_numeric.architecture_2.counters_mcts,hmrmax-astar,epoch:15:stage2:counters:on:1510771779,,,True,,,,,,,3,4g,6,20G,04:00:00,,VAL,counters-on-1510771779-stage2-train-primary,preselected dependency checkpoint,planned,Learning-curve test evaluation; never use for checkpoint selection
counters-on-1510771779-stage2-policy_eval-curve_epoch_20,prospective-ten,1510771779,counters,Counters,on,RQ3/RQ4,policy_eval,stage2,curve_epoch_20,experiments_numeric.architecture_2.counters_mcts,hmrmax-astar,epoch:20:stage2:counters:on:1510771779,,,True,,,,,,,3,4g,6,20G,04:00:00,,VAL,counters-on-1510771779-stage2-train-primary,preselected dependency checkpoint,planned,Learning-curve test evaluation; never use for checkpoint selection
counters-on-1510771779-stage2-policy_eval-curve_epoch_25,prospective-ten,1510771779,counters,Counters,on,RQ3/RQ4,policy_eval,stage2,curve_epoch_25,experiments_numeric.architecture_2.counters_mcts,hmrmax-astar,epoch:25:stage2:counters:on:1510771779,,,True,,,,,,,3,4g,6,20G,04:00:00,,VAL,counters-on-1510771779-stage2-train-primary,preselected dependency checkpoint,planned,Learning-curve test evaluation; never use for checkpoint selection
counters-on-1510771779-stage2-policy_eval-curve_epoch_30,prospective-ten,1510771779,counters,Counters,on,RQ3/RQ4,policy_eval,stage2,curve_epoch_30,experiments_numeric.architecture_2.counters_mcts,hmrmax-astar,epoch:30:stage2:counters:on:1510771779,,,True,,,,,,,3,4g,6,20G,04:00:00,,VAL,counters-on-1510771779-stage2-train-primary,preselected dependency checkpoint,planned,Learning-curve test evaluation; never use for checkpoint selection
counters-on-1510771779-stage2-policy_eval-curve_epoch_35,prospective-ten,1510771779,counters,Counters,on,RQ3/RQ4,policy_eval,stage2,curve_epoch_35,experiments_numeric.architecture_2.counters_mcts,hmrmax-astar,epoch:35:stage2:counters:on:1510771779,,,True,,,,,,,3,4g,6,20G,04:00:00,,VAL,counters-on-1510771779-stage2-train-primary,preselected dependency checkpoint,planned,Learning-curve test evaluation; never use for checkpoint selection
counters-on-1510771779-stage2-policy_eval-curve_epoch_40,prospective-ten,1510771779,counters,Counters,on,RQ3/RQ4,policy_eval,stage2,curve_epoch_40,experiments_numeric.architecture_2.counters_mcts,hmrmax-astar,epoch:40:stage2:counters:on:1510771779,,,True,,,,,,,3,4g,6,20G,04:00:00,,VAL,counters-on-1510771779-stage2-train-primary,preselected dependency checkpoint,planned,Learning-curve test evaluation; never use for checkpoint selection
counters-on-1510771779-stage2-policy_eval-curve_epoch_45,prospective-ten,1510771779,counters,Counters,on,RQ3/RQ4,policy_eval,stage2,curve_epoch_45,experiments_numeric.architecture_2.counters_mcts,hmrmax-astar,epoch:45:stage2:counters:on:1510771779,,,True,,,,,,,3,4g,6,20G,04:00:00,,VAL,counters-on-1510771779-stage2-train-primary,preselected dependency checkpoint,planned,Learning-curve test evaluation; never use for checkpoint selection
counters-on-1510771779-stage2-policy_eval-curve_epoch_50,prospective-ten,1510771779,counters,Counters,on,RQ3/RQ4,policy_eval,stage2,curve_epoch_50,experiments_numeric.architecture_2.counters_mcts,hmrmax-astar,epoch:50:stage2:counters:on:1510771779,,,True,,,,,,,3,4g,6,20G,04:00:00,,VAL,counters-on-1510771779-stage2-train-primary,preselected dependency checkpoint,planned,Learning-curve test evaluation; never use for checkpoint selection
counters-on-1510771779-stage2-policy_eval-curve_epoch_55,prospective-ten,1510771779,counters,Counters,on,RQ3/RQ4,policy_eval,stage2,curve_epoch_55,experiments_numeric.architecture_2.counters_mcts,hmrmax-astar,epoch:55:stage2:counters:on:1510771779,,,True,,,,,,,3,4g,6,20G,04:00:00,,VAL,counters-on-1510771779-stage2-train-primary,preselected dependency checkpoint,planned,Learning-curve test evaluation; never use for checkpoint selection
counters-on-1510771779-stage2-policy_eval-curve_epoch_60,prospective-ten,1510771779,counters,Counters,on,RQ3/RQ4,policy_eval,stage2,curve_epoch_60,experiments_numeric.architecture_2.counters_mcts,hmrmax-astar,epoch:60:stage2:counters:on:1510771779,,,True,,,,,,,3,4g,6,20G,04:00:00,,VAL,counters-on-1510771779-stage2-train-primary,preselected dependency checkpoint,planned,Learning-curve test evaluation; never use for checkpoint selection
counters-on-1510771779-stage2-policy_eval-curve_epoch_65,prospective-ten,1510771779,counters,Counters,on,RQ3/RQ4,policy_eval,stage2,curve_epoch_65,experiments_numeric.architecture_2.counters_mcts,hmrmax-astar,epoch:65:stage2:counters:on:1510771779,,,True,,,,,,,3,4g,6,20G,04:00:00,,VAL,counters-on-1510771779-stage2-train-primary,preselected dependency checkpoint,planned,Learning-curve test evaluation; never use for checkpoint selection
counters-on-1510771779-stage2-policy_eval-curve_epoch_70,prospective-ten,1510771779,counters,Counters,on,RQ3/RQ4,policy_eval,stage2,curve_epoch_70,experiments_numeric.architecture_2.counters_mcts,hmrmax-astar,epoch:70:stage2:counters:on:1510771779,,,True,,,,,,,3,4g,6,20G,04:00:00,,VAL,counters-on-1510771779-stage2-train-primary,preselected dependency checkpoint,planned,Learning-curve test evaluation; never use for checkpoint selection
counters-on-1510771779-stage2-policy_eval-curve_epoch_75,prospective-ten,1510771779,counters,Counters,on,RQ3/RQ4,policy_eval,stage2,curve_epoch_75,experiments_numeric.architecture_2.counters_mcts,hmrmax-astar,epoch:75:stage2:counters:on:1510771779,,,True,,,,,,,3,4g,6,20G,04:00:00,,VAL,counters-on-1510771779-stage2-train-primary,preselected dependency checkpoint,planned,Learning-curve test evaluation; never use for checkpoint selection
counters-on-1510771779-stage2-policy_eval-curve_epoch_80,prospective-ten,1510771779,counters,Counters,on,RQ3/RQ4,policy_eval,stage2,curve_epoch_80,experiments_numeric.architecture_2.counters_mcts,hmrmax-astar,epoch:80:stage2:counters:on:1510771779,,,True,,,,,,,3,4g,6,20G,04:00:00,,VAL,counters-on-1510771779-stage2-train-primary,preselected dependency checkpoint,planned,Learning-curve test evaluation; never use for checkpoint selection
counters-on-1510771779-stage2-policy_eval-curve_epoch_85,prospective-ten,1510771779,counters,Counters,on,RQ3/RQ4,policy_eval,stage2,curve_epoch_85,experiments_numeric.architecture_2.counters_mcts,hmrmax-astar,epoch:85:stage2:counters:on:1510771779,,,True,,,,,,,3,4g,6,20G,04:00:00,,VAL,counters-on-1510771779-stage2-train-primary,preselected dependency checkpoint,planned,Learning-curve test evaluation; never use for checkpoint selection
counters-on-1510771779-stage2-policy_eval-curve_epoch_90,prospective-ten,1510771779,counters,Counters,on,RQ3/RQ4,policy_eval,stage2,curve_epoch_90,experiments_numeric.architecture_2.counters_mcts,hmrmax-astar,epoch:90:stage2:counters:on:1510771779,,,True,,,,,,,3,4g,6,20G,04:00:00,,VAL,counters-on-1510771779-stage2-train-primary,preselected dependency checkpoint,planned,Learning-curve test evaluation; never use for checkpoint selection
counters-on-1510771779-stage2-policy_eval-curve_epoch_95,prospective-ten,1510771779,counters,Counters,on,RQ3/RQ4,policy_eval,stage2,curve_epoch_95,experiments_numeric.architecture_2.counters_mcts,hmrmax-astar,epoch:95:stage2:counters:on:1510771779,,,True,,,,,,,3,4g,6,20G,04:00:00,,VAL,counters-on-1510771779-stage2-train-primary,preselected dependency checkpoint,planned,Learning-curve test evaluation; never use for checkpoint selection
counters-on-1510771779-stage2-policy_eval-curve_epoch_99,prospective-ten,1510771779,counters,Counters,on,RQ3/RQ4,policy_eval,stage2,curve_epoch_99,experiments_numeric.architecture_2.counters_mcts,hmrmax-astar,epoch:99:stage2:counters:on:1510771779,,,True,,,,,,,3,4g,6,20G,04:00:00,,VAL,counters-on-1510771779-stage2-train-primary,preselected dependency checkpoint,planned,Learning-curve test evaluation; never use for checkpoint selection
counters-on-923500475-stage2-policy_eval-curve_epoch_00,prospective-ten,923500475,counters,Counters,on,RQ3/RQ4,policy_eval,stage2,curve_epoch_00,experiments_numeric.architecture_2.counters_mcts,hmrmax-astar,epoch:0:stage2:counters:on:923500475,,,True,,,,,,,3,4g,6,20G,04:00:00,,VAL,counters-on-923500475-stage2-train-primary,preselected dependency checkpoint,planned,Learning-curve test evaluation; never use for checkpoint selection
counters-on-923500475-stage2-policy_eval-curve_epoch_05,prospective-ten,923500475,counters,Counters,on,RQ3/RQ4,policy_eval,stage2,curve_epoch_05,experiments_numeric.architecture_2.counters_mcts,hmrmax-astar,epoch:5:stage2:counters:on:923500475,,,True,,,,,,,3,4g,6,20G,04:00:00,,VAL,counters-on-923500475-stage2-train-primary,preselected dependency checkpoint,planned,Learning-curve test evaluation; never use for checkpoint selection
counters-on-923500475-stage2-policy_eval-curve_epoch_10,prospective-ten,923500475,counters,Counters,on,RQ3/RQ4,policy_eval,stage2,curve_epoch_10,experiments_numeric.architecture_2.counters_mcts,hmrmax-astar,epoch:10:stage2:counters:on:923500475,,,True,,,,,,,3,4g,6,20G,04:00:00,,VAL,counters-on-923500475-stage2-train-primary,preselected dependency checkpoint,planned,Learning-curve test evaluation; never use for checkpoint selection
counters-on-923500475-stage2-policy_eval-curve_epoch_15,prospective-ten,923500475,counters,Counters,on,RQ3/RQ4,policy_eval,stage2,curve_epoch_15,experiments_numeric.architecture_2.counters_mcts,hmrmax-astar,epoch:15:stage2:counters:on:923500475,,,True,,,,,,,3,4g,6,20G,04:00:00,,VAL,counters-on-923500475-stage2-train-primary,preselected dependency checkpoint,planned,Learning-curve test evaluation; never use for checkpoint selection
counters-on-923500475-stage2-policy_eval-curve_epoch_20,prospective-ten,923500475,counters,Counters,on,RQ3/RQ4,policy_eval,stage2,curve_epoch_20,experiments_numeric.architecture_2.counters_mcts,hmrmax-astar,epoch:20:stage2:counters:on:923500475,,,True,,,,,,,3,4g,6,20G,04:00:00,,VAL,counters-on-923500475-stage2-train-primary,preselected dependency checkpoint,planned,Learning-curve test evaluation; never use for checkpoint selection
counters-on-923500475-stage2-policy_eval-curve_epoch_25,prospective-ten,923500475,counters,Counters,on,RQ3/RQ4,policy_eval,stage2,curve_epoch_25,experiments_numeric.architecture_2.counters_mcts,hmrmax-astar,epoch:25:stage2:counters:on:923500475,,,True,,,,,,,3,4g,6,20G,04:00:00,,VAL,counters-on-923500475-stage2-train-primary,preselected dependency checkpoint,planned,Learning-curve test evaluation; never use for checkpoint selection
counters-on-923500475-stage2-policy_eval-curve_epoch_30,prospective-ten,923500475,counters,Counters,on,RQ3/RQ4,policy_eval,stage2,curve_epoch_30,experiments_numeric.architecture_2.counters_mcts,hmrmax-astar,epoch:30:stage2:counters:on:923500475,,,True,,,,,,,3,4g,6,20G,04:00:00,,VAL,counters-on-923500475-stage2-train-primary,preselected dependency checkpoint,planned,Learning-curve test evaluation; never use for checkpoint selection
counters-on-923500475-stage2-policy_eval-curve_epoch_35,prospective-ten,923500475,counters,Counters,on,RQ3/RQ4,policy_eval,stage2,curve_epoch_35,experiments_numeric.architecture_2.counters_mcts,hmrmax-astar,epoch:35:stage2:counters:on:923500475,,,True,,,,,,,3,4g,6,20G,04:00:00,,VAL,counters-on-923500475-stage2-train-primary,preselected dependency checkpoint,planned,Learning-curve test evaluation; never use for checkpoint selection
counters-on-923500475-stage2-policy_eval-curve_epoch_40,prospective-ten,923500475,counters,Counters,on,RQ3/RQ4,policy_eval,stage2,curve_epoch_40,experiments_numeric.architecture_2.counters_mcts,hmrmax-astar,epoch:40:stage2:counters:on:923500475,,,True,,,,,,,3,4g,6,20G,04:00:00,,VAL,counters-on-923500475-stage2-train-primary,preselected dependency checkpoint,planned,Learning-curve test evaluation; never use for checkpoint selection
counters-on-923500475-stage2-policy_eval-curve_epoch_45,prospective-ten,923500475,counters,Counters,on,RQ3/RQ4,policy_eval,stage2,curve_epoch_45,experiments_numeric.architecture_2.counters_mcts,hmrmax-astar,epoch:45:stage2:counters:on:923500475,,,True,,,,,,,3,4g,6,20G,04:00:00,,VAL,counters-on-923500475-stage2-train-primary,preselected dependency checkpoint,planned,Learning-curve test evaluation; never use for checkpoint selection
counters-on-923500475-stage2-policy_eval-curve_epoch_50,prospective-ten,923500475,counters,Counters,on,RQ3/RQ4,policy_eval,stage2,curve_epoch_50,experiments_numeric.architecture_2.counters_mcts,hmrmax-astar,epoch:50:stage2:counters:on:923500475,,,True,,,,,,,3,4g,6,20G,04:00:00,,VAL,counters-on-923500475-stage2-train-primary,preselected dependency checkpoint,planned,Learning-curve test evaluation; never use for checkpoint selection
counters-on-923500475-stage2-policy_eval-curve_epoch_55,prospective-ten,923500475,counters,Counters,on,RQ3/RQ4,policy_eval,stage2,curve_epoch_55,experiments_numeric.architecture_2.counters_mcts,hmrmax-astar,epoch:55:stage2:counters:on:923500475,,,True,,,,,,,3,4g,6,20G,04:00:00,,VAL,counters-on-923500475-stage2-train-primary,preselected dependency checkpoint,planned,Learning-curve test evaluation; never use for checkpoint selection
counters-on-923500475-stage2-policy_eval-curve_epoch_60,prospective-ten,923500475,counters,Counters,on,RQ3/RQ4,policy_eval,stage2,curve_epoch_60,experiments_numeric.architecture_2.counters_mcts,hmrmax-astar,epoch:60:stage2:counters:on:923500475,,,True,,,,,,,3,4g,6,20G,04:00:00,,VAL,counters-on-923500475-stage2-train-primary,preselected dependency checkpoint,planned,Learning-curve test evaluation; never use for checkpoint selection
counters-on-923500475-stage2-policy_eval-curve_epoch_65,prospective-ten,923500475,counters,Counters,on,RQ3/RQ4,policy_eval,stage2,curve_epoch_65,experiments_numeric.architecture_2.counters_mcts,hmrmax-astar,epoch:65:stage2:counters:on:923500475,,,True,,,,,,,3,4g,6,20G,04:00:00,,VAL,counters-on-923500475-stage2-train-primary,preselected dependency checkpoint,planned,Learning-curve test evaluation; never use for checkpoint selection
counters-on-923500475-stage2-policy_eval-curve_epoch_70,prospective-ten,923500475,counters,Counters,on,RQ3/RQ4,policy_eval,stage2,curve_epoch_70,experiments_numeric.architecture_2.counters_mcts,hmrmax-astar,epoch:70:stage2:counters:on:923500475,,,True,,,,,,,3,4g,6,20G,04:00:00,,VAL,counters-on-923500475-stage2-train-primary,preselected dependency checkpoint,planned,Learning-curve test evaluation; never use for checkpoint selection
counters-on-923500475-stage2-policy_eval-curve_epoch_75,prospective-ten,923500475,counters,Counters,on,RQ3/RQ4,policy_eval,stage2,curve_epoch_75,experiments_numeric.architecture_2.counters_mcts,hmrmax-astar,epoch:75:stage2:counters:on:923500475,,,True,,,,,,,3,4g,6,20G,04:00:00,,VAL,counters-on-923500475-stage2-train-primary,preselected dependency checkpoint,planned,Learning-curve test evaluation; never use for checkpoint selection
counters-on-923500475-stage2-policy_eval-curve_epoch_80,prospective-ten,923500475,counters,Counters,on,RQ3/RQ4,policy_eval,stage2,curve_epoch_80,experiments_numeric.architecture_2.counters_mcts,hmrmax-astar,epoch:80:stage2:counters:on:923500475,,,True,,,,,,,3,4g,6,20G,04:00:00,,VAL,counters-on-923500475-stage2-train-primary,preselected dependency checkpoint,planned,Learning-curve test evaluation; never use for checkpoint selection
counters-on-923500475-stage2-policy_eval-curve_epoch_85,prospective-ten,923500475,counters,Counters,on,RQ3/RQ4,policy_eval,stage2,curve_epoch_85,experiments_numeric.architecture_2.counters_mcts,hmrmax-astar,epoch:85:stage2:counters:on:923500475,,,True,,,,,,,3,4g,6,20G,04:00:00,,VAL,counters-on-923500475-stage2-train-primary,preselected dependency checkpoint,planned,Learning-curve test evaluation; never use for checkpoint selection
counters-on-923500475-stage2-policy_eval-curve_epoch_90,prospective-ten,923500475,counters,Counters,on,RQ3/RQ4,policy_eval,stage2,curve_epoch_90,experiments_numeric.architecture_2.counters_mcts,hmrmax-astar,epoch:90:stage2:counters:on:923500475,,,True,,,,,,,3,4g,6,20G,04:00:00,,VAL,counters-on-923500475-stage2-train-primary,preselected dependency checkpoint,planned,Learning-curve test evaluation; never use for checkpoint selection
counters-on-923500475-stage2-policy_eval-curve_epoch_95,prospective-ten,923500475,counters,Counters,on,RQ3/RQ4,policy_eval,stage2,curve_epoch_95,experiments_numeric.architecture_2.counters_mcts,hmrmax-astar,epoch:95:stage2:counters:on:923500475,,,True,,,,,,,3,4g,6,20G,04:00:00,,VAL,counters-on-923500475-stage2-train-primary,preselected dependency checkpoint,planned,Learning-curve test evaluation; never use for checkpoint selection
counters-on-923500475-stage2-policy_eval-curve_epoch_99,prospective-ten,923500475,counters,Counters,on,RQ3/RQ4,policy_eval,stage2,curve_epoch_99,experiments_numeric.architecture_2.counters_mcts,hmrmax-astar,epoch:99:stage2:counters:on:923500475,,,True,,,,,,,3,4g,6,20G,04:00:00,,VAL,counters-on-923500475-stage2-train-primary,preselected dependency checkpoint,planned,Learning-curve test evaluation; never use for checkpoint selection
counters-on-1972442430-stage2-policy_eval-curve_epoch_00,prospective-ten,1972442430,counters,Counters,on,RQ3/RQ4,policy_eval,stage2,curve_epoch_00,experiments_numeric.architecture_2.counters_mcts,hmrmax-astar,epoch:0:stage2:counters:on:1972442430,,,True,,,,,,,3,4g,6,20G,04:00:00,,VAL,counters-on-1972442430-stage2-train-primary,preselected dependency checkpoint,planned,Learning-curve test evaluation; never use for checkpoint selection
counters-on-1972442430-stage2-policy_eval-curve_epoch_05,prospective-ten,1972442430,counters,Counters,on,RQ3/RQ4,policy_eval,stage2,curve_epoch_05,experiments_numeric.architecture_2.counters_mcts,hmrmax-astar,epoch:5:stage2:counters:on:1972442430,,,True,,,,,,,3,4g,6,20G,04:00:00,,VAL,counters-on-1972442430-stage2-train-primary,preselected dependency checkpoint,planned,Learning-curve test evaluation; never use for checkpoint selection
counters-on-1972442430-stage2-policy_eval-curve_epoch_10,prospective-ten,1972442430,counters,Counters,on,RQ3/RQ4,policy_eval,stage2,curve_epoch_10,experiments_numeric.architecture_2.counters_mcts,hmrmax-astar,epoch:10:stage2:counters:on:1972442430,,,True,,,,,,,3,4g,6,20G,04:00:00,,VAL,counters-on-1972442430-stage2-train-primary,preselected dependency checkpoint,planned,Learning-curve test evaluation; never use for checkpoint selection
counters-on-1972442430-stage2-policy_eval-curve_epoch_15,prospective-ten,1972442430,counters,Counters,on,RQ3/RQ4,policy_eval,stage2,curve_epoch_15,experiments_numeric.architecture_2.counters_mcts,hmrmax-astar,epoch:15:stage2:counters:on:1972442430,,,True,,,,,,,3,4g,6,20G,04:00:00,,VAL,counters-on-1972442430-stage2-train-primary,preselected dependency checkpoint,planned,Learning-curve test evaluation; never use for checkpoint selection
counters-on-1972442430-stage2-policy_eval-curve_epoch_20,prospective-ten,1972442430,counters,Counters,on,RQ3/RQ4,policy_eval,stage2,curve_epoch_20,experiments_numeric.architecture_2.counters_mcts,hmrmax-astar,epoch:20:stage2:counters:on:1972442430,,,True,,,,,,,3,4g,6,20G,04:00:00,,VAL,counters-on-1972442430-stage2-train-primary,preselected dependency checkpoint,planned,Learning-curve test evaluation; never use for checkpoint selection
counters-on-1972442430-stage2-policy_eval-curve_epoch_25,prospective-ten,1972442430,counters,Counters,on,RQ3/RQ4,policy_eval,stage2,curve_epoch_25,experiments_numeric.architecture_2.counters_mcts,hmrmax-astar,epoch:25:stage2:counters:on:1972442430,,,True,,,,,,,3,4g,6,20G,04:00:00,,VAL,counters-on-1972442430-stage2-train-primary,preselected dependency checkpoint,planned,Learning-curve test evaluation; never use for checkpoint selection
counters-on-1972442430-stage2-policy_eval-curve_epoch_30,prospective-ten,1972442430,counters,Counters,on,RQ3/RQ4,policy_eval,stage2,curve_epoch_30,experiments_numeric.architecture_2.counters_mcts,hmrmax-astar,epoch:30:stage2:counters:on:1972442430,,,True,,,,,,,3,4g,6,20G,04:00:00,,VAL,counters-on-1972442430-stage2-train-primary,preselected dependency checkpoint,planned,Learning-curve test evaluation; never use for checkpoint selection
counters-on-1972442430-stage2-policy_eval-curve_epoch_35,prospective-ten,1972442430,counters,Counters,on,RQ3/RQ4,policy_eval,stage2,curve_epoch_35,experiments_numeric.architecture_2.counters_mcts,hmrmax-astar,epoch:35:stage2:counters:on:1972442430,,,True,,,,,,,3,4g,6,20G,04:00:00,,VAL,counters-on-1972442430-stage2-train-primary,preselected dependency checkpoint,planned,Learning-curve test evaluation; never use for checkpoint selection
counters-on-1972442430-stage2-policy_eval-curve_epoch_40,prospective-ten,1972442430,counters,Counters,on,RQ3/RQ4,policy_eval,stage2,curve_epoch_40,experiments_numeric.architecture_2.counters_mcts,hmrmax-astar,epoch:40:stage2:counters:on:1972442430,,,True,,,,,,,3,4g,6,20G,04:00:00,,VAL,counters-on-1972442430-stage2-train-primary,preselected dependency checkpoint,planned,Learning-curve test evaluation; never use for checkpoint selection
counters-on-1972442430-stage2-policy_eval-curve_epoch_45,prospective-ten,1972442430,counters,Counters,on,RQ3/RQ4,policy_eval,stage2,curve_epoch_45,experiments_numeric.architecture_2.counters_mcts,hmrmax-astar,epoch:45:stage2:counters:on:1972442430,,,True,,,,,,,3,4g,6,20G,04:00:00,,VAL,counters-on-1972442430-stage2-train-primary,preselected dependency checkpoint,planned,Learning-curve test evaluation; never use for checkpoint selection
counters-on-1972442430-stage2-policy_eval-curve_epoch_50,prospective-ten,1972442430,counters,Counters,on,RQ3/RQ4,policy_eval,stage2,curve_epoch_50,experiments_numeric.architecture_2.counters_mcts,hmrmax-astar,epoch:50:stage2:counters:on:1972442430,,,True,,,,,,,3,4g,6,20G,04:00:00,,VAL,counters-on-1972442430-stage2-train-primary,preselected dependency checkpoint,planned,Learning-curve test evaluation; never use for checkpoint selection
counters-on-1972442430-stage2-policy_eval-curve_epoch_55,prospective-ten,1972442430,counters,Counters,on,RQ3/RQ4,policy_eval,stage2,curve_epoch_55,experiments_numeric.architecture_2.counters_mcts,hmrmax-astar,epoch:55:stage2:counters:on:1972442430,,,True,,,,,,,3,4g,6,20G,04:00:00,,VAL,counters-on-1972442430-stage2-train-primary,preselected dependency checkpoint,planned,Learning-curve test evaluation; never use for checkpoint selection
counters-on-1972442430-stage2-policy_eval-curve_epoch_60,prospective-ten,1972442430,counters,Counters,on,RQ3/RQ4,policy_eval,stage2,curve_epoch_60,experiments_numeric.architecture_2.counters_mcts,hmrmax-astar,epoch:60:stage2:counters:on:1972442430,,,True,,,,,,,3,4g,6,20G,04:00:00,,VAL,counters-on-1972442430-stage2-train-primary,preselected dependency checkpoint,planned,Learning-curve test evaluation; never use for checkpoint selection
counters-on-1972442430-stage2-policy_eval-curve_epoch_65,prospective-ten,1972442430,counters,Counters,on,RQ3/RQ4,policy_eval,stage2,curve_epoch_65,experiments_numeric.architecture_2.counters_mcts,hmrmax-astar,epoch:65:stage2:counters:on:1972442430,,,True,,,,,,,3,4g,6,20G,04:00:00,,VAL,counters-on-1972442430-stage2-train-primary,preselected dependency checkpoint,planned,Learning-curve test evaluation; never use for checkpoint selection
counters-on-1972442430-stage2-policy_eval-curve_epoch_70,prospective-ten,1972442430,counters,Counters,on,RQ3/RQ4,policy_eval,stage2,curve_epoch_70,experiments_numeric.architecture_2.counters_mcts,hmrmax-astar,epoch:70:stage2:counters:on:1972442430,,,True,,,,,,,3,4g,6,20G,04:00:00,,VAL,counters-on-1972442430-stage2-train-primary,preselected dependency checkpoint,planned,Learning-curve test evaluation; never use for checkpoint selection
counters-on-1972442430-stage2-policy_eval-curve_epoch_75,prospective-ten,1972442430,counters,Counters,on,RQ3/RQ4,policy_eval,stage2,curve_epoch_75,experiments_numeric.architecture_2.counters_mcts,hmrmax-astar,epoch:75:stage2:counters:on:1972442430,,,True,,,,,,,3,4g,6,20G,04:00:00,,VAL,counters-on-1972442430-stage2-train-primary,preselected dependency checkpoint,planned,Learning-curve test evaluation; never use for checkpoint selection
counters-on-1972442430-stage2-policy_eval-curve_epoch_80,prospective-ten,1972442430,counters,Counters,on,RQ3/RQ4,policy_eval,stage2,curve_epoch_80,experiments_numeric.architecture_2.counters_mcts,hmrmax-astar,epoch:80:stage2:counters:on:1972442430,,,True,,,,,,,3,4g,6,20G,04:00:00,,VAL,counters-on-1972442430-stage2-train-primary,preselected dependency checkpoint,planned,Learning-curve test evaluation; never use for checkpoint selection
counters-on-1972442430-stage2-policy_eval-curve_epoch_85,prospective-ten,1972442430,counters,Counters,on,RQ3/RQ4,policy_eval,stage2,curve_epoch_85,experiments_numeric.architecture_2.counters_mcts,hmrmax-astar,epoch:85:stage2:counters:on:1972442430,,,True,,,,,,,3,4g,6,20G,04:00:00,,VAL,counters-on-1972442430-stage2-train-primary,preselected dependency checkpoint,planned,Learning-curve test evaluation; never use for checkpoint selection
counters-on-1972442430-stage2-policy_eval-curve_epoch_90,prospective-ten,1972442430,counters,Counters,on,RQ3/RQ4,policy_eval,stage2,curve_epoch_90,experiments_numeric.architecture_2.counters_mcts,hmrmax-astar,epoch:90:stage2:counters:on:1972442430,,,True,,,,,,,3,4g,6,20G,04:00:00,,VAL,counters-on-1972442430-stage2-train-primary,preselected dependency checkpoint,planned,Learning-curve test evaluation; never use for checkpoint selection
counters-on-1972442430-stage2-policy_eval-curve_epoch_95,prospective-ten,1972442430,counters,Counters,on,RQ3/RQ4,policy_eval,stage2,curve_epoch_95,experiments_numeric.architecture_2.counters_mcts,hmrmax-astar,epoch:95:stage2:counters:on:1972442430,,,True,,,,,,,3,4g,6,20G,04:00:00,,VAL,counters-on-1972442430-stage2-train-primary,preselected dependency checkpoint,planned,Learning-curve test evaluation; never use for checkpoint selection
counters-on-1972442430-stage2-policy_eval-curve_epoch_99,prospective-ten,1972442430,counters,Counters,on,RQ3/RQ4,policy_eval,stage2,curve_epoch_99,experiments_numeric.architecture_2.counters_mcts,hmrmax-astar,epoch:99:stage2:counters:on:1972442430,,,True,,,,,,,3,4g,6,20G,04:00:00,,VAL,counters-on-1972442430-stage2-train-primary,preselected dependency checkpoint,planned,Learning-curve test evaluation; never use for checkpoint selection
