identity,domain,stage,vh,checkpoint_sha256,epoch,seed,original_instance_number,effective_instance_seed,leaf,teacher,width,iterations,runtime_leaf_verified,weights_and_rng_join_verified,result_path
intended-fo_counters-stage2-on-534933607-i7,fo_counters,stage2,on,7f248fc5bf1240d843b9d2a8fbfdff6ae7e3e7821a24ccb95f6894e9ea3586e3,21,534933607,7,534933613,hadd-gbfs,hmrmax-astar,20,70,True,True,/home/hersco/training_new_domains/2026-10-01/intended_leaf_remaining/results/intended-fo_counters-stage2-on-534933607-i7/attempt_22001573_child1596_000d99a7708c/result.json
intended-drone-stage1-on-2082152039-i2,drone,stage1,on,0ff2da76b7040069403b73d7a38f628e483e7117b98f72cdc31ef52808c101a9,26,2082152039,2,2082152040,hmrp-gbfs,hadd-astar,20,70,True,True,/home/hersco/training_new_domains/2026-10-01/intended_leaf_remaining/results/intended-drone-stage1-on-2082152039-i2/attempt_22047868_child971_d7fb4a254e2d/result.json
intended-counters-stage2-off-2011206605-i26,counters,stage2,off,d665fd33557ec4bc1ef7ee21aea73260fde109f3b5f5b5876dcbc6302302976c,12,2011206605,26,2011206630,hmrp-ha-ht-gbfs,hmrmax-astar,5,20,True,True,/home/hersco/training_new_domains/2026-10-01/intended_leaf_remaining/results/intended-counters-stage2-off-2011206605-i26/attempt_22116281_child497_fa0b987493ba/result.json
intended-drone-stage1-on-1963100312-i11,drone,stage1,on,a9861f654d1da7a1e82387b05a980d88adeac0e811e1ceb5f1a9b16dbe444603,1,1963100312,11,1963100322,hmrp-gbfs,hadd-astar,20,70,True,True,/home/hersco/training_new_domains/2026-10-01/intended_leaf_remaining/results/intended-drone-stage1-on-1963100312-i11/attempt_22001562_child920_0d7726f9c907/result.json
intended-drone-stage1-on-923500475-i13,drone,stage1,on,cfd7f812cf180c9fcab576710bda31980c44786973115f6036b19aad76d5758e,103,923500475,13,923500487,hmrp-gbfs,hadd-astar,20,70,True,True,/home/hersco/training_new_domains/2026-10-01/intended_leaf_remaining/results/intended-drone-stage1-on-923500475-i13/attempt_21990186_child822_ca5e3e74cea2/result.json
intended-drone-stage2-off-1972442430-i5,drone,stage2,off,706e10a11f5ea5221afd45d0181cc771f4bc96a5ef22ac402bae970dbf4683d7,92,1972442430,5,1972442434,hmrp-gbfs,hadd-astar,20,70,True,True,/home/hersco/training_new_domains/2026-10-01/intended_leaf_remaining/results/intended-drone-stage2-off-1972442430-i5/attempt_22119422_child1134_04bf09aa8218/result.json
intended-drone-stage1-on-1510771779-i16,drone,stage1,on,63048c2d248b5fd3bb55fe6a43060b9ba48538ef483d8b716049b54a72a0b442,14,1510771779,16,1510771794,hmrp-gbfs,hadd-astar,20,70,True,True,/home/hersco/training_new_domains/2026-10-01/intended_leaf_remaining/results/intended-drone-stage1-on-1510771779-i16/attempt_22001560_child905_6b4cba4a792e/result.json
intended-fo_counters-stage2-off-2011206605-i7,fo_counters,stage2,off,d63a23f369280ba428d1698f08ce10f3652504fa73fbaab09e6b397fd50fbe93,14,2011206605,7,2011206611,hadd-gbfs,hmrmax-astar,20,70,True,True,/home/hersco/training_new_domains/2026-10-01/intended_leaf_remaining/results/intended-fo_counters-stage2-off-2011206605-i7/attempt_22001569_child1556_c4f645fa5c93/result.json
intended-drone-stage1-on-1510771779-i9,drone,stage1,on,63048c2d248b5fd3bb55fe6a43060b9ba48538ef483d8b716049b54a72a0b442,14,1510771779,9,1510771787,hmrp-gbfs,hadd-astar,20,70,True,True,/home/hersco/training_new_domains/2026-10-01/intended_leaf_remaining/results/intended-drone-stage1-on-1510771779-i9/attempt_21997632_child898_92a9074c3dff/result.json
intended-drone-stage1-off-2011206605-i7,drone,stage1,off,bd243a04dfdd164e760f6c93c48a8d45cb6694ea67304c70bba70daec1fbab98,40,2011206605,7,2011206611,hmrp-gbfs,hadd-astar,20,70,True,True,/home/hersco/training_new_domains/2026-10-01/intended_leaf_remaining/results/intended-drone-stage1-off-2011206605-i7/attempt_21984042_child756_56e541132c35/result.json
intended-drone-stage1-on-923500475-i19,drone,stage1,on,cfd7f812cf180c9fcab576710bda31980c44786973115f6036b19aad76d5758e,103,923500475,19,923500493,hmrp-gbfs,hadd-astar,20,70,True,True,/home/hersco/training_new_domains/2026-10-01/intended_leaf_remaining/results/intended-drone-stage1-on-923500475-i19/attempt_21990186_child828_0e1312dab004/result.json
intended-drone-stage1-on-1510771779-i3,drone,stage1,on,63048c2d248b5fd3bb55fe6a43060b9ba48538ef483d8b716049b54a72a0b442,14,1510771779,3,1510771781,hmrp-gbfs,hadd-astar,20,70,True,True,/home/hersco/training_new_domains/2026-10-01/intended_leaf_remaining/results/intended-drone-stage1-on-1510771779-i3/attempt_21997632_child892_220c2b4d3c35/result.json
intended-drone-stage2-off-1963100312-i5,drone,stage2,off,66a14b87ef7cbd18005d1f2a85b4c2e3322cda932ecc1ea15d4dd0af4a97b735,10,1963100312,5,1963100316,hmrp-gbfs,hadd-astar,20,70,True,True,/home/hersco/training_new_domains/2026-10-01/intended_leaf_remaining/results/intended-drone-stage2-off-1963100312-i5/attempt_22119102_child1114_6100eea71853/result.json
intended-drone-stage1-on-2082152039-i8,drone,stage1,on,0ff2da76b7040069403b73d7a38f628e483e7117b98f72cdc31ef52808c101a9,26,2082152039,8,2082152046,hmrp-gbfs,hadd-astar,20,70,True,True,/home/hersco/training_new_domains/2026-10-01/intended_leaf_remaining/results/intended-drone-stage1-on-2082152039-i8/attempt_22047868_child977_5568c21f6fe3/result.json
intended-drone-stage1-on-534933607-i16,drone,stage1,on,efa1b6a7b8bad82f1ee52e5ccc49043bda2eff2d3e0c4f028133996850caecb2,161,534933607,16,534933622,hmrp-gbfs,hadd-astar,20,70,True,True,/home/hersco/training_new_domains/2026-10-01/intended_leaf_remaining/results/intended-drone-stage1-on-534933607-i16/attempt_21989978_child805_9eb1c3bddd53/result.json
intended-counters-stage2-off-1073581256-i4,counters,stage2,off,29e56cb5dcd93d6c0e1c2f61460ee6a5b3fe06d2b73a2e0a362b58e389adb6e8,0,1073581256,4,1073581259,hmrp-ha-ht-gbfs,hmrmax-astar,5,20,True,True,/home/hersco/training_new_domains/2026-10-01/intended_leaf_remaining/results/intended-counters-stage2-off-1073581256-i4/attempt_21960272_child121_f82342bbe59c/result.json
intended-drone-stage1-on-1972442430-i4,drone,stage1,on,4f8634868e328f4a5a1019f91f6c80b082945db9ddd0fc537c3eec4f4febb3d7,21,1972442430,4,1972442433,hmrp-gbfs,hadd-astar,20,70,True,True,/home/hersco/training_new_domains/2026-10-01/intended_leaf_remaining/results/intended-drone-stage1-on-1972442430-i4/attempt_22001563_child933_ca292aa57ec8/result.json
intended-drone-stage2-off-923500475-i12,drone,stage2,off,67af5f170868d7c9f29dd100cdc52b244d9e79eeb13b66358fcfe3cd5c1c695f,16,923500475,12,923500486,hmrp-gbfs,hadd-astar,20,70,True,True,/home/hersco/training_new_domains/2026-10-01/intended_leaf_remaining/results/intended-drone-stage2-off-923500475-i12/attempt_22078171_child1021_0492454c38ab/result.json
intended-drone-stage2-off-1510771779-i8,drone,stage2,off,492d8443f22a61c665a6602bad73f9ac9e972ef6bbb458faa7fc8b06632c3956,0,1510771779,8,1510771786,hmrp-gbfs,hadd-astar,20,70,True,True,/home/hersco/training_new_domains/2026-10-01/intended_leaf_remaining/results/intended-drone-stage2-off-1510771779-i8/attempt_22119100_child1097_20486bd5b7d6/result.json
intended-counters-stage2-off-1239739722-i1,counters,stage2,off,42423cffe66adec6b2852ad048f9781b486eedb21c85bf651f789dd752e430c5,5,1239739722,1,1239739722,hmrp-ha-ht-gbfs,hmrmax-astar,5,20,True,True,/home/hersco/training_new_domains/2026-10-01/intended_leaf_remaining/results/intended-counters-stage2-off-1239739722-i1/attempt_21969347_child177_0828c243c3d2/result.json
intended-drone-stage1-on-1073581256-i12,drone,stage1,on,1fdd75ab2f48fd428524b42bdb4e6bd553eb962d5ab34dd2efb45c40c7e2390e,118,1073581256,12,1073581267,hmrp-gbfs,hadd-astar,20,70,True,True,/home/hersco/training_new_domains/2026-10-01/intended_leaf_remaining/results/intended-drone-stage1-on-1073581256-i12/attempt_21990411_child841_dda60f0300db/result.json
intended-drone-stage2-off-1972442430-i11,drone,stage2,off,706e10a11f5ea5221afd45d0181cc771f4bc96a5ef22ac402bae970dbf4683d7,92,1972442430,11,1972442440,hmrp-gbfs,hadd-astar,20,70,True,True,/home/hersco/training_new_domains/2026-10-01/intended_leaf_remaining/results/intended-drone-stage2-off-1972442430-i11/attempt_22123552_child1140_0241edc86bf2/result.json
intended-drone-stage1-on-1239739722-i14,drone,stage1,on,48738b47fd14ae74b4c27d905bb84a5810aeeb124ea86f2ad2c397e11e4ddf94,23,1239739722,14,1239739735,hmrp-gbfs,hadd-astar,20,70,True,True,/home/hersco/training_new_domains/2026-10-01/intended_leaf_remaining/results/intended-drone-stage1-on-1239739722-i14/attempt_21992064_child863_d47a9a40d486/result.json
intended-drone-stage2-off-923500475-i18,drone,stage2,off,67af5f170868d7c9f29dd100cdc52b244d9e79eeb13b66358fcfe3cd5c1c695f,16,923500475,18,923500492,hmrp-gbfs,hadd-astar,20,70,True,True,/home/hersco/training_new_domains/2026-10-01/intended_leaf_remaining/results/intended-drone-stage2-off-923500475-i18/attempt_22078171_child1027_84d55985838d/result.json
intended-counters-stage2-off-1472491096-i17,counters,stage2,off,d15cb836902dcc19eb4c447373e6b2d9e3d707d507c5693b143d4ecdd46fbf01,5,1472491096,17,1472491112,hmrp-ha-ht-gbfs,hmrmax-astar,5,20,True,True,/home/hersco/training_new_domains/2026-10-01/intended_leaf_remaining/results/intended-counters-stage2-off-1472491096-i17/attempt_21974936_child252_5702463f073c/result.json
intended-drone-stage1-on-923500475-i7,drone,stage1,on,cfd7f812cf180c9fcab576710bda31980c44786973115f6036b19aad76d5758e,103,923500475,7,923500481,hmrp-gbfs,hadd-astar,20,70,True,True,/home/hersco/training_new_domains/2026-10-01/intended_leaf_remaining/results/intended-drone-stage1-on-923500475-i7/attempt_21990057_child816_bbd65e2b0779/result.json
intended-drone-stage1-on-1073581256-i18,drone,stage1,on,1fdd75ab2f48fd428524b42bdb4e6bd553eb962d5ab34dd2efb45c40c7e2390e,118,1073581256,18,1073581273,hmrp-gbfs,hadd-astar,20,70,True,True,/home/hersco/training_new_domains/2026-10-01/intended_leaf_remaining/results/intended-drone-stage1-on-1073581256-i18/attempt_21990411_child847_02b07ba2b008/result.json
intended-counters-stage2-off-1972442430-i11,counters,stage2,off,7402760195fdce0e856f247d9e36c30d33a33e1c48b9304a3bdf60fd3fc97b50,82,1972442430,11,1972442440,hmrp-ha-ht-gbfs,hmrmax-astar,5,20,True,True,/home/hersco/training_new_domains/2026-10-01/intended_leaf_remaining/results/intended-counters-stage2-off-1972442430-i11/attempt_22067238_child423_8e103a2bca3f/result.json
intended-drone-stage1-off-1510771779-i20,drone,stage1,off,26918994bc769827ef04262944a7dc4ed6f2b73baf9424a613fe8df29b4d52e4,16,1510771779,20,1510771798,hmrp-gbfs,hadd-astar,20,70,True,True,/home/hersco/training_new_domains/2026-10-01/intended_leaf_remaining/results/intended-drone-stage1-off-1510771779-i20/attempt_21977348_child709_a8fec708ba4c/result.json
intended-drone-stage2-off-1510771779-i2,drone,stage2,off,492d8443f22a61c665a6602bad73f9ac9e972ef6bbb458faa7fc8b06632c3956,0,1510771779,2,1510771780,hmrp-gbfs,hadd-astar,20,70,True,True,/home/hersco/training_new_domains/2026-10-01/intended_leaf_remaining/results/intended-drone-stage2-off-1510771779-i2/attempt_22119100_child1091_46a2a0973cdd/result.json
intended-fo_counters-stage2-off-1972442430-i11,fo_counters,stage2,off,5777ec23eb6f70cc969d1f73740f205b009e7e1d5e9f5dfbb3e498f3bd82275c,15,1972442430,11,1972442440,hadd-gbfs,hmrmax-astar,20,70,True,True,/home/hersco/training_new_domains/2026-10-01/intended_leaf_remaining/results/intended-fo_counters-stage2-off-1972442430-i11/attempt_22001568_child1540_82a349a93399/result.json
intended-fo_counters-stage2-on-1073581256-i2,fo_counters,stage2,on,b86d6355e4df207b32bcaa9ee6a3d66eaebdfd7055ea4b7aa68113fb92fd0732,39,1073581256,2,1073581257,hadd-gbfs,hmrmax-astar,20,70,True,True,/home/hersco/training_new_domains/2026-10-01/intended_leaf_remaining/results/intended-fo_counters-stage2-on-1073581256-i2/attempt_22055485_child1631_d29d123babfe/result.json
intended-drone-stage1-on-1963100312-i4,drone,stage1,on,a9861f654d1da7a1e82387b05a980d88adeac0e811e1ceb5f1a9b16dbe444603,1,1963100312,4,1963100315,hmrp-gbfs,hadd-astar,20,70,True,True,/home/hersco/training_new_domains/2026-10-01/intended_leaf_remaining/results/intended-drone-stage1-on-1963100312-i4/attempt_22001561_child913_d9082e7ed3dc/result.json
intended-drone-stage2-off-534933607-i17,drone,stage2,off,374884068aa2f599389f37f756631fcf8d92b41decf37a55bd3f387076dd9b34,63,534933607,17,534933623,hmrp-gbfs,hadd-astar,20,70,True,True,/home/hersco/training_new_domains/2026-10-01/intended_leaf_remaining/results/intended-drone-stage2-off-534933607-i17/attempt_22063342_child1006_752d7a2ef6d2/result.json
intended-drone-stage1-off-1239739722-i10,drone,stage1,off,db5b59fb3044ba4b098b792e8ed249dab6c12d8ab15a616b483935af7fc72f97,51,1239739722,10,1239739731,hmrp-gbfs,hadd-astar,20,70,True,True,/home/hersco/training_new_domains/2026-10-01/intended_leaf_remaining/results/intended-drone-stage1-off-1239739722-i10/attempt_21969927_child659_6496c4389164/result.json
intended-fo_counters-stage2-on-1472491096-i2,fo_counters,stage2,on,0faaa11252057ada7e032799f9a3e51b36914e4aef4b08a4c7c617f83095026d,90,1472491096,2,1472491097,hadd-gbfs,hmrmax-astar,20,70,True,True,/home/hersco/training_new_domains/2026-10-01/intended_leaf_remaining/results/intended-fo_counters-stage2-on-1472491096-i2/attempt_22119104_child1671_f5b85e29484e/result.json
intended-counters-stage2-off-2011206605-i14,counters,stage2,off,d665fd33557ec4bc1ef7ee21aea73260fde109f3b5f5b5876dcbc6302302976c,12,2011206605,14,2011206618,hmrp-ha-ht-gbfs,hmrmax-astar,5,20,True,True,/home/hersco/training_new_domains/2026-10-01/intended_leaf_remaining/results/intended-counters-stage2-off-2011206605-i14/attempt_22115174_child485_55bf9fd181e0/result.json
intended-counters-stage2-off-1073581256-i36,counters,stage2,off,29e56cb5dcd93d6c0e1c2f61460ee6a5b3fe06d2b73a2e0a362b58e389adb6e8,0,1073581256,36,1073581291,hmrp-ha-ht-gbfs,hmrmax-astar,5,20,True,True,/home/hersco/training_new_domains/2026-10-01/intended_leaf_remaining/results/intended-counters-stage2-off-1073581256-i36/attempt_21964974_child153_914210887507/result.json
intended-counters-stage2-off-1073581256-i41,counters,stage2,off,29e56cb5dcd93d6c0e1c2f61460ee6a5b3fe06d2b73a2e0a362b58e389adb6e8,0,1073581256,41,1073581296,hmrp-ha-ht-gbfs,hmrmax-astar,5,20,True,True,/home/hersco/training_new_domains/2026-10-01/intended_leaf_remaining/results/intended-counters-stage2-off-1073581256-i41/attempt_21967823_child158_c14f7dcf7f4e/result.json
intended-counters-stage2-off-1239739722-i47,counters,stage2,off,42423cffe66adec6b2852ad048f9781b486eedb21c85bf651f789dd752e430c5,5,1239739722,47,1239739768,hmrp-ha-ht-gbfs,hmrmax-astar,5,20,True,True,/home/hersco/training_new_domains/2026-10-01/intended_leaf_remaining/results/intended-counters-stage2-off-1239739722-i47/attempt_21970215_child223_30780b8370f5/result.json
intended-counters-stage2-off-1239739722-i30,counters,stage2,off,42423cffe66adec6b2852ad048f9781b486eedb21c85bf651f789dd752e430c5,5,1239739722,30,1239739751,hmrp-ha-ht-gbfs,hmrmax-astar,5,20,True,True,/home/hersco/training_new_domains/2026-10-01/intended_leaf_remaining/results/intended-counters-stage2-off-1239739722-i30/attempt_21969443_child206_39381ba5a2ed/result.json
intended-fo_counters-stage2-off-1239739722-i5,fo_counters,stage2,off,e8f4d9c3fad7db91db8c407bb1ca6d7da04e1d4af5473491676e65d93d0e0cd4,70,1239739722,5,1239739726,hadd-gbfs,hmrmax-astar,20,70,True,True,/home/hersco/training_new_domains/2026-10-01/intended_leaf_remaining/results/intended-fo_counters-stage2-off-1239739722-i5/attempt_21982585_child1454_4d1fd661a3d3/result.json
intended-counters-stage2-off-923500475-i6,counters,stage2,off,7cbd966d31332e7dc3e3ed274c0955b1b219ffbf7af1d885cf465a1649a71892,0,923500475,6,923500480,hmrp-ha-ht-gbfs,hmrmax-astar,5,20,True,True,/home/hersco/training_new_domains/2026-10-01/intended_leaf_remaining/results/intended-counters-stage2-off-923500475-i6/attempt_21957740_child64_6b34c918cf2a/result.json
intended-drone-stage1-off-1239739722-i5,drone,stage1,off,db5b59fb3044ba4b098b792e8ed249dab6c12d8ab15a616b483935af7fc72f97,51,1239739722,5,1239739726,hmrp-gbfs,hadd-astar,20,70,True,True,/home/hersco/training_new_domains/2026-10-01/intended_leaf_remaining/results/intended-drone-stage1-off-1239739722-i5/attempt_21969927_child654_cd846c98e4f1/result.json
intended-counters-stage2-off-1472491096-i4,counters,stage2,off,d15cb836902dcc19eb4c447373e6b2d9e3d707d507c5693b143d4ecdd46fbf01,5,1472491096,4,1472491099,hmrp-ha-ht-gbfs,hmrmax-astar,5,20,True,True,/home/hersco/training_new_domains/2026-10-01/intended_leaf_remaining/results/intended-counters-stage2-off-1472491096-i4/attempt_21974675_child239_45cd6e02443f/result.json
intended-drone-stage1-off-1073581256-i16,drone,stage1,off,633b68eeece792b1454d0f8524d24ffbb0d8fa6a89e02388ef92f54f6b7390be,90,1073581256,16,1073581271,hmrp-gbfs,hadd-astar,20,70,True,True,/home/hersco/training_new_domains/2026-10-01/intended_leaf_remaining/results/intended-drone-stage1-off-1073581256-i16/attempt_21969240_child645_6ae8c158b9ee/result.json
intended-drone-stage1-off-1510771779-i18,drone,stage1,off,26918994bc769827ef04262944a7dc4ed6f2b73baf9424a613fe8df29b4d52e4,16,1510771779,18,1510771796,hmrp-gbfs,hadd-astar,20,70,True,True,/home/hersco/training_new_domains/2026-10-01/intended_leaf_remaining/results/intended-drone-stage1-off-1510771779-i18/attempt_21977348_child707_d652f7fbeab3/result.json
intended-counters-stage2-off-534933607-i40,counters,stage2,off,8d9471820f76ecc6f1d3a74241ad63c38ace8dde0a84f3996915d433701f1f83,8,534933607,40,534933646,hmrp-ha-ht-gbfs,hmrmax-astar,5,20,True,True,/home/hersco/training_new_domains/2026-10-01/intended_leaf_remaining/results/intended-counters-stage2-off-534933607-i40/attempt_21957721_child39_5db3d2a54678/result.json
intended-drone-stage1-on-1073581256-i20,drone,stage1,on,1fdd75ab2f48fd428524b42bdb4e6bd553eb962d5ab34dd2efb45c40c7e2390e,118,1073581256,20,1073581275,hmrp-gbfs,hadd-astar,20,70,True,True,/home/hersco/training_new_domains/2026-10-01/intended_leaf_remaining/results/intended-drone-stage1-on-1073581256-i20/attempt_21990411_child849_4366ae376c73/result.json
intended-counters-stage2-off-1972442430-i29,counters,stage2,off,7402760195fdce0e856f247d9e36c30d33a33e1c48b9304a3bdf60fd3fc97b50,82,1972442430,29,1972442458,hmrp-ha-ht-gbfs,hmrmax-astar,5,20,True,True,/home/hersco/training_new_domains/2026-10-01/intended_leaf_remaining/results/intended-counters-stage2-off-1972442430-i29/attempt_22068442_child441_9191118accb9/result.json
intended-counters-stage2-off-534933607-i37,counters,stage2,off,8d9471820f76ecc6f1d3a74241ad63c38ace8dde0a84f3996915d433701f1f83,8,534933607,37,534933643,hmrp-ha-ht-gbfs,hmrmax-astar,5,20,True,True,/home/hersco/training_new_domains/2026-10-01/intended_leaf_remaining/results/intended-counters-stage2-off-534933607-i37/attempt_21957721_child36_5ee743cd497d/result.json
intended-counters-stage2-off-1963100312-i42,counters,stage2,off,2e116c01f2ad50ed26d116ce2f7ef14723783d7ca4406b6cb8d349a1ffa468ff,33,1963100312,42,1963100353,hmrp-ha-ht-gbfs,hmrmax-astar,5,20,True,True,/home/hersco/training_new_domains/2026-10-01/intended_leaf_remaining/results/intended-counters-stage2-off-1963100312-i42/attempt_22000677_child395_078e32b2fff3/result.json
intended-counters-stage2-off-1963100312-i35,counters,stage2,off,2e116c01f2ad50ed26d116ce2f7ef14723783d7ca4406b6cb8d349a1ffa468ff,33,1963100312,35,1963100346,hmrp-ha-ht-gbfs,hmrmax-astar,5,20,True,True,/home/hersco/training_new_domains/2026-10-01/intended_leaf_remaining/results/intended-counters-stage2-off-1963100312-i35/attempt_21994385_child388_dea9f5665cea/result.json
intended-counters-stage2-off-2011206605-i9,counters,stage2,off,d665fd33557ec4bc1ef7ee21aea73260fde109f3b5f5b5876dcbc6302302976c,12,2011206605,9,2011206613,hmrp-ha-ht-gbfs,hmrmax-astar,5,20,True,True,/home/hersco/training_new_domains/2026-10-01/intended_leaf_remaining/results/intended-counters-stage2-off-2011206605-i9/attempt_22114710_child480_fe2c235d0849/result.json
intended-fo_counters-stage2-off-534933607-i3,fo_counters,stage2,off,de77046fa62754c0714421bb0b299fa030fb0a99309114e71553e134fba8efea,17,534933607,3,534933609,hadd-gbfs,hmrmax-astar,20,70,True,True,/home/hersco/training_new_domains/2026-10-01/intended_leaf_remaining/results/intended-fo_counters-stage2-off-534933607-i3/attempt_21957703_child1392_8d2b9d493644/result.json
intended-counters-stage2-off-1510771779-i32,counters,stage2,off,56925811a052de71d328a314eeb4aaa3234a62e61ed161bdb9f462be7f9e76b1,37,1510771779,32,1510771810,hmrp-ha-ht-gbfs,hmrmax-astar,5,20,True,True,/home/hersco/training_new_domains/2026-10-01/intended_leaf_remaining/results/intended-counters-stage2-off-1510771779-i32/attempt_21990389_child326_7fb947c68630/result.json
intended-drone-stage1-off-923500475-i1,drone,stage1,off,9b6add4c4e8b104c3e8cad429bf203355ad01eb9d95d5080f788e92a5de88e95,1,923500475,1,923500475,hmrp-gbfs,hadd-astar,20,70,True,True,/home/hersco/training_new_domains/2026-10-01/intended_leaf_remaining/results/intended-drone-stage1-off-923500475-i1/attempt_21957633_child610_a6add361f9dd/result.json
intended-counters-stage2-off-1510771779-i45,counters,stage2,off,56925811a052de71d328a314eeb4aaa3234a62e61ed161bdb9f462be7f9e76b1,37,1510771779,45,1510771823,hmrp-ha-ht-gbfs,hmrmax-astar,5,20,True,True,/home/hersco/training_new_domains/2026-10-01/intended_leaf_remaining/results/intended-counters-stage2-off-1510771779-i45/attempt_21991054_child339_0af9826a7dfb/result.json
intended-counters-stage2-off-923500475-i38,counters,stage2,off,7cbd966d31332e7dc3e3ed274c0955b1b219ffbf7af1d885cf465a1649a71892,0,923500475,38,923500512,hmrp-ha-ht-gbfs,hmrmax-astar,5,20,True,True,/home/hersco/training_new_domains/2026-10-01/intended_leaf_remaining/results/intended-counters-stage2-off-923500475-i38/attempt_21957798_child96_c748190f9203/result.json
intended-counters-stage2-off-1510771779-i38,counters,stage2,off,56925811a052de71d328a314eeb4aaa3234a62e61ed161bdb9f462be7f9e76b1,37,1510771779,38,1510771816,hmrp-ha-ht-gbfs,hmrmax-astar,5,20,True,True,/home/hersco/training_new_domains/2026-10-01/intended_leaf_remaining/results/intended-counters-stage2-off-1510771779-i38/attempt_21990389_child332_d8a526c95a95/result.json
intended-drone-stage1-off-1963100312-i15,drone,stage1,off,a26b80b42378b986dc13250b7e818c7f295749ee2d5491930dc1d2ad0fdb3f88,157,1963100312,15,1963100326,hmrp-gbfs,hadd-astar,20,70,True,True,/home/hersco/training_new_domains/2026-10-01/intended_leaf_remaining/results/intended-drone-stage1-off-1963100312-i15/attempt_21977460_child724_7f9fdc50a7fb/result.json
intended-counters-stage2-off-923500475-i45,counters,stage2,off,7cbd966d31332e7dc3e3ed274c0955b1b219ffbf7af1d885cf465a1649a71892,0,923500475,45,923500519,hmrp-ha-ht-gbfs,hmrmax-astar,5,20,True,True,/home/hersco/training_new_domains/2026-10-01/intended_leaf_remaining/results/intended-counters-stage2-off-923500475-i45/attempt_21958003_child103_f96c0d747e10/result.json
intended-counters-stage2-off-923500475-i32,counters,stage2,off,7cbd966d31332e7dc3e3ed274c0955b1b219ffbf7af1d885cf465a1649a71892,0,923500475,32,923500506,hmrp-ha-ht-gbfs,hmrmax-astar,5,20,True,True,/home/hersco/training_new_domains/2026-10-01/intended_leaf_remaining/results/intended-counters-stage2-off-923500475-i32/attempt_21957798_child90_85a3660e10b3/result.json
intended-counters-stage2-off-1472491096-i52,counters,stage2,off,d15cb836902dcc19eb4c447373e6b2d9e3d707d507c5693b143d4ecdd46fbf01,5,1472491096,52,1472491147,hmrp-ha-ht-gbfs,hmrmax-astar,5,20,True,True,/home/hersco/training_new_domains/2026-10-01/intended_leaf_remaining/results/intended-counters-stage2-off-1472491096-i52/attempt_21988612_child287_33d1f966b785/result.json
intended-drone-stage1-off-1510771779-i12,drone,stage1,off,26918994bc769827ef04262944a7dc4ed6f2b73baf9424a613fe8df29b4d52e4,16,1510771779,12,1510771790,hmrp-gbfs,hadd-astar,20,70,True,True,/home/hersco/training_new_domains/2026-10-01/intended_leaf_remaining/results/intended-drone-stage1-off-1510771779-i12/attempt_21977348_child701_74569c742b3e/result.json
intended-counters-stage2-off-1972442430-i23,counters,stage2,off,7402760195fdce0e856f247d9e36c30d33a33e1c48b9304a3bdf60fd3fc97b50,82,1972442430,23,1972442452,hmrp-ha-ht-gbfs,hmrmax-astar,5,20,True,True,/home/hersco/training_new_domains/2026-10-01/intended_leaf_remaining/results/intended-counters-stage2-off-1972442430-i23/attempt_22068442_child435_c4da031b8396/result.json
intended-counters-stage2-off-1472491096-i25,counters,stage2,off,d15cb836902dcc19eb4c447373e6b2d9e3d707d507c5693b143d4ecdd46fbf01,5,1472491096,25,1472491120,hmrp-ha-ht-gbfs,hmrmax-astar,5,20,True,True,/home/hersco/training_new_domains/2026-10-01/intended_leaf_remaining/results/intended-counters-stage2-off-1472491096-i25/attempt_21981662_child260_aeb23ee316b6/result.json
intended-counters-stage2-off-1963100312-i48,counters,stage2,off,2e116c01f2ad50ed26d116ce2f7ef14723783d7ca4406b6cb8d349a1ffa468ff,33,1963100312,48,1963100359,hmrp-ha-ht-gbfs,hmrmax-astar,5,20,True,True,/home/hersco/training_new_domains/2026-10-01/intended_leaf_remaining/results/intended-counters-stage2-off-1963100312-i48/attempt_22000677_child401_5084700a4ac0/result.json
intended-fo_counters-stage2-off-534933607-i9,fo_counters,stage2,off,de77046fa62754c0714421bb0b299fa030fb0a99309114e71553e134fba8efea,17,534933607,9,534933615,hadd-gbfs,hmrmax-astar,20,70,True,True,/home/hersco/training_new_domains/2026-10-01/intended_leaf_remaining/results/intended-fo_counters-stage2-off-534933607-i9/attempt_21957703_child1398_4e98a8cecf48/result.json
intended-drone-stage2-off-923500475-i6,drone,stage2,off,67af5f170868d7c9f29dd100cdc52b244d9e79eeb13b66358fcfe3cd5c1c695f,16,923500475,6,923500480,hmrp-gbfs,hadd-astar,20,70,True,True,/home/hersco/training_new_domains/2026-10-01/intended_leaf_remaining/results/intended-drone-stage2-off-923500475-i6/attempt_22076202_child1015_37704a46d7da/result.json
intended-counters-stage2-off-2011206605-i3,counters,stage2,off,d665fd33557ec4bc1ef7ee21aea73260fde109f3b5f5b5876dcbc6302302976c,12,2011206605,3,2011206607,hmrp-ha-ht-gbfs,hmrmax-astar,5,20,True,True,/home/hersco/training_new_domains/2026-10-01/intended_leaf_remaining/results/intended-counters-stage2-off-2011206605-i3/attempt_22114710_child474_eec7917fd4a8/result.json
intended-drone-stage1-on-1472491096-i12,drone,stage1,on,06d9bfa280defcbbcb76bdbae4ef6e1afd6c74354377f66b8130ccb3006dc400,21,1472491096,12,1472491107,hmrp-gbfs,hadd-astar,20,70,True,True,/home/hersco/training_new_domains/2026-10-01/intended_leaf_remaining/results/intended-drone-stage1-on-1472491096-i12/attempt_21997550_child881_162ee7a7e987/result.json
intended-counters-stage2-off-1972442430-i4,counters,stage2,off,7402760195fdce0e856f247d9e36c30d33a33e1c48b9304a3bdf60fd3fc97b50,82,1972442430,4,1972442433,hmrp-ha-ht-gbfs,hmrmax-astar,5,20,True,True,/home/hersco/training_new_domains/2026-10-01/intended_leaf_remaining/results/intended-counters-stage2-off-1972442430-i4/attempt_22066582_child416_9230cb13a41b/result.json
intended-drone-stage1-on-1972442430-i14,drone,stage1,on,4f8634868e328f4a5a1019f91f6c80b082945db9ddd0fc537c3eec4f4febb3d7,21,1972442430,14,1972442443,hmrp-gbfs,hadd-astar,20,70,True,True,/home/hersco/training_new_domains/2026-10-01/intended_leaf_remaining/results/intended-drone-stage1-on-1972442430-i14/attempt_22001964_child943_a3d794647e42/result.json
intended-drone-stage2-off-1239739722-i11,drone,stage2,off,24725f6f7fe8d89640436cda0a9bedfbfd4c9e8971f68062781a14d857b9d86b,56,1239739722,11,1239739732,hmrp-gbfs,hadd-astar,20,70,True,True,/home/hersco/training_new_domains/2026-10-01/intended_leaf_remaining/results/intended-drone-stage2-off-1239739722-i11/attempt_22098445_child1060_81d25ca86c78/result.json
intended-drone-stage1-on-1239739722-i1,drone,stage1,on,48738b47fd14ae74b4c27d905bb84a5810aeeb124ea86f2ad2c397e11e4ddf94,23,1239739722,1,1239739722,hmrp-gbfs,hadd-astar,20,70,True,True,/home/hersco/training_new_domains/2026-10-01/intended_leaf_remaining/results/intended-drone-stage1-on-1239739722-i1/attempt_21991443_child850_ec2735b85be1/result.json
intended-fo_counters-stage2-off-1239739722-i11,fo_counters,stage2,off,e8f4d9c3fad7db91db8c407bb1ca6d7da04e1d4af5473491676e65d93d0e0cd4,70,1239739722,11,1239739732,hadd-gbfs,hmrmax-astar,20,70,True,True,/home/hersco/training_new_domains/2026-10-01/intended_leaf_remaining/results/intended-fo_counters-stage2-off-1239739722-i11/attempt_21983009_child1460_2eae5f8f5094/result.json
intended-counters-stage2-off-1239739722-i11,counters,stage2,off,42423cffe66adec6b2852ad048f9781b486eedb21c85bf651f789dd752e430c5,5,1239739722,11,1239739732,hmrp-ha-ht-gbfs,hmrmax-astar,5,20,True,True,/home/hersco/training_new_domains/2026-10-01/intended_leaf_remaining/results/intended-counters-stage2-off-1239739722-i11/attempt_21969350_child187_f8506de8e8fa/result.json
intended-drone-stage1-on-2082152039-i18,drone,stage1,on,0ff2da76b7040069403b73d7a38f628e483e7117b98f72cdc31ef52808c101a9,26,2082152039,18,2082152056,hmrp-gbfs,hadd-astar,20,70,True,True,/home/hersco/training_new_domains/2026-10-01/intended_leaf_remaining/results/intended-drone-stage1-on-2082152039-i18/attempt_22058389_child987_8f6aef31e078/result.json
intended-drone-stage1-off-534933607-i20,drone,stage1,off,c9434b115516e234fff8a4a5f9c2200d6959615749c8706f597464e72b43bee3,69,534933607,20,534933626,hmrp-gbfs,hadd-astar,20,70,True,True,/home/hersco/training_new_domains/2026-10-01/intended_leaf_remaining/results/intended-drone-stage1-off-534933607-i20/attempt_21957632_child609_6b363ad55179/result.json
intended-drone-stage1-on-534933607-i3,drone,stage1,on,efa1b6a7b8bad82f1ee52e5ccc49043bda2eff2d3e0c4f028133996850caecb2,161,534933607,3,534933609,hmrp-gbfs,hadd-astar,20,70,True,True,/home/hersco/training_new_domains/2026-10-01/intended_leaf_remaining/results/intended-drone-stage1-on-534933607-i3/attempt_21988929_child792_756480d1546d/result.json
intended-drone-stage1-off-2011206605-i15,drone,stage1,off,bd243a04dfdd164e760f6c93c48a8d45cb6694ea67304c70bba70daec1fbab98,40,2011206605,15,2011206619,hmrp-gbfs,hadd-astar,20,70,True,True,/home/hersco/training_new_domains/2026-10-01/intended_leaf_remaining/results/intended-drone-stage1-off-2011206605-i15/attempt_21984284_child764_da7d29a2b6f4/result.json
intended-drone-stage1-on-1073581256-i4,drone,stage1,on,1fdd75ab2f48fd428524b42bdb4e6bd553eb962d5ab34dd2efb45c40c7e2390e,118,1073581256,4,1073581259,hmrp-gbfs,hadd-astar,20,70,True,True,/home/hersco/training_new_domains/2026-10-01/intended_leaf_remaining/results/intended-drone-stage1-on-1073581256-i4/attempt_21990239_child833_aa79fba3e1f1/result.json
intended-fo_counters-stage2-off-534933607-i20,fo_counters,stage2,off,de77046fa62754c0714421bb0b299fa030fb0a99309114e71553e134fba8efea,17,534933607,20,534933626,hadd-gbfs,hmrmax-astar,20,70,True,True,/home/hersco/training_new_domains/2026-10-01/intended_leaf_remaining/results/intended-fo_counters-stage2-off-534933607-i20/attempt_21957708_child1409_fc243d64f221/result.json
intended-counters-stage2-off-1963100312-i4,counters,stage2,off,2e116c01f2ad50ed26d116ce2f7ef14723783d7ca4406b6cb8d349a1ffa468ff,33,1963100312,4,1963100315,hmrp-ha-ht-gbfs,hmrmax-astar,5,20,True,True,/home/hersco/training_new_domains/2026-10-01/intended_leaf_remaining/results/intended-counters-stage2-off-1963100312-i4/attempt_21992522_child357_3f93b378204f/result.json
intended-drone-stage1-on-2082152039-i12,drone,stage1,on,0ff2da76b7040069403b73d7a38f628e483e7117b98f72cdc31ef52808c101a9,26,2082152039,12,2082152050,hmrp-gbfs,hadd-astar,20,70,True,True,/home/hersco/training_new_domains/2026-10-01/intended_leaf_remaining/results/intended-drone-stage1-on-2082152039-i12/attempt_22058389_child981_abd39b6dbff4/result.json
intended-drone-stage1-on-534933607-i9,drone,stage1,on,efa1b6a7b8bad82f1ee52e5ccc49043bda2eff2d3e0c4f028133996850caecb2,161,534933607,9,534933615,hmrp-gbfs,hadd-astar,20,70,True,True,/home/hersco/training_new_domains/2026-10-01/intended_leaf_remaining/results/intended-drone-stage1-on-534933607-i9/attempt_21988929_child798_bbdaad69915c/result.json
intended-drone-stage1-on-1472491096-i18,drone,stage1,on,06d9bfa280defcbbcb76bdbae4ef6e1afd6c74354377f66b8130ccb3006dc400,21,1472491096,18,1472491113,hmrp-gbfs,hadd-astar,20,70,True,True,/home/hersco/training_new_domains/2026-10-01/intended_leaf_remaining/results/intended-drone-stage1-on-1472491096-i18/attempt_21997550_child887_dcf7913b8f74/result.json
intended-counters-stage2-off-1073581256-i17,counters,stage2,off,29e56cb5dcd93d6c0e1c2f61460ee6a5b3fe06d2b73a2e0a362b58e389adb6e8,0,1073581256,17,1073581272,hmrp-ha-ht-gbfs,hmrmax-astar,5,20,True,True,/home/hersco/training_new_domains/2026-10-01/intended_leaf_remaining/results/intended-counters-stage2-off-1073581256-i17/attempt_21960429_child134_37c315d4322e/result.json
intended-fo_counters-stage2-off-1073581256-i17,fo_counters,stage2,off,bf23351c34ee3fcce4bbaf23730a86ac757cb9002deccdefdbf1d91a085872ae,12,1073581256,17,1073581272,hadd-gbfs,hmrmax-astar,20,70,True,True,/home/hersco/training_new_domains/2026-10-01/intended_leaf_remaining/results/intended-fo_counters-stage2-off-1073581256-i17/attempt_21974023_child1446_ebbd6aa13978/result.json
intended-counters-stage2-off-2011206605-i35,counters,stage2,off,d665fd33557ec4bc1ef7ee21aea73260fde109f3b5f5b5876dcbc6302302976c,12,2011206605,35,2011206639,hmrp-ha-ht-gbfs,hmrmax-astar,5,20,True,True,/home/hersco/training_new_domains/2026-10-01/intended_leaf_remaining/results/intended-counters-stage2-off-2011206605-i35/attempt_22119218_child506_0121443b0300/result.json
intended-counters-stage2-off-923500475-i13,counters,stage2,off,7cbd966d31332e7dc3e3ed274c0955b1b219ffbf7af1d885cf465a1649a71892,0,923500475,13,923500487,hmrp-ha-ht-gbfs,hmrmax-astar,5,20,True,True,/home/hersco/training_new_domains/2026-10-01/intended_leaf_remaining/results/intended-counters-stage2-off-923500475-i13/attempt_21957760_child71_72ac9f7d0090/result.json
intended-counters-stage2-off-1510771779-i19,counters,stage2,off,56925811a052de71d328a314eeb4aaa3234a62e61ed161bdb9f462be7f9e76b1,37,1510771779,19,1510771797,hmrp-ha-ht-gbfs,hmrmax-astar,5,20,True,True,/home/hersco/training_new_domains/2026-10-01/intended_leaf_remaining/results/intended-counters-stage2-off-1510771779-i19/attempt_21990173_child313_5d0750e95703/result.json
intended-counters-stage2-off-1510771779-i9,counters,stage2,off,56925811a052de71d328a314eeb4aaa3234a62e61ed161bdb9f462be7f9e76b1,37,1510771779,9,1510771787,hmrp-ha-ht-gbfs,hmrmax-astar,5,20,True,True,/home/hersco/training_new_domains/2026-10-01/intended_leaf_remaining/results/intended-counters-stage2-off-1510771779-i9/attempt_21990159_child303_a4c736b30c29/result.json
intended-drone-stage2-off-1073581256-i5,drone,stage2,off,e3337ff10b90120e76eb9da697b3725011a23f7a07f0557f1acbdb6dca2a36c4,14,1073581256,5,1073581260,hmrp-gbfs,hadd-astar,20,70,True,True,/home/hersco/training_new_domains/2026-10-01/intended_leaf_remaining/results/intended-drone-stage2-off-1073581256-i5/attempt_22082936_child1034_9309343eb110/result.json
intended-counters-stage2-off-1963100312-i14,counters,stage2,off,2e116c01f2ad50ed26d116ce2f7ef14723783d7ca4406b6cb8d349a1ffa468ff,33,1963100312,14,1963100325,hmrp-ha-ht-gbfs,hmrmax-astar,5,20,True,True,/home/hersco/training_new_domains/2026-10-01/intended_leaf_remaining/results/intended-counters-stage2-off-1963100312-i14/attempt_21992576_child367_b1d16aa4156c/result.json
intended-counters-stage2-off-534933607-i16,counters,stage2,off,8d9471820f76ecc6f1d3a74241ad63c38ace8dde0a84f3996915d433701f1f83,8,534933607,16,534933622,hmrp-ha-ht-gbfs,hmrmax-astar,5,20,True,True,/home/hersco/training_new_domains/2026-10-01/intended_leaf_remaining/results/intended-counters-stage2-off-534933607-i16/attempt_21957675_child15_3885afd651e6/result.json
intended-counters-stage2-off-923500475-i19,counters,stage2,off,7cbd966d31332e7dc3e3ed274c0955b1b219ffbf7af1d885cf465a1649a71892,0,923500475,19,923500493,hmrp-ha-ht-gbfs,hmrmax-astar,5,20,True,True,/home/hersco/training_new_domains/2026-10-01/intended_leaf_remaining/results/intended-counters-stage2-off-923500475-i19/attempt_21957760_child77_d162d3bfb1ce/result.json
intended-drone-stage2-off-1510771779-i13,drone,stage2,off,492d8443f22a61c665a6602bad73f9ac9e972ef6bbb458faa7fc8b06632c3956,0,1510771779,13,1510771791,hmrp-gbfs,hadd-astar,20,70,True,True,/home/hersco/training_new_domains/2026-10-01/intended_leaf_remaining/results/intended-drone-stage2-off-1510771779-i13/attempt_22119101_child1102_874b89ae5a4a/result.json
intended-fo_counters-stage2-on-923500475-i3,fo_counters,stage2,on,647c17ec69b9ccce286e5b7931c2700e90e0239c4ea8f7ec505cb7a43ca876c7,43,923500475,3,923500477,hadd-gbfs,hmrmax-astar,20,70,True,True,/home/hersco/training_new_domains/2026-10-01/intended_leaf_remaining/results/intended-fo_counters-stage2-on-923500475-i3/attempt_22021241_child1612_b1a4c6e538d9/result.json
intended-counters-stage2-off-1510771779-i3,counters,stage2,off,56925811a052de71d328a314eeb4aaa3234a62e61ed161bdb9f462be7f9e76b1,37,1510771779,3,1510771781,hmrp-ha-ht-gbfs,hmrmax-astar,5,20,True,True,/home/hersco/training_new_domains/2026-10-01/intended_leaf_remaining/results/intended-counters-stage2-off-1510771779-i3/attempt_21990159_child297_c3e96f07d762/result.json
intended-counters-stage2-off-1510771779-i13,counters,stage2,off,56925811a052de71d328a314eeb4aaa3234a62e61ed161bdb9f462be7f9e76b1,37,1510771779,13,1510771791,hmrp-ha-ht-gbfs,hmrmax-astar,5,20,True,True,/home/hersco/training_new_domains/2026-10-01/intended_leaf_remaining/results/intended-counters-stage2-off-1510771779-i13/attempt_21990173_child307_4a4ddd3d6afa/result.json
intended-fo_counters-stage2-off-534933607-i12,fo_counters,stage2,off,de77046fa62754c0714421bb0b299fa030fb0a99309114e71553e134fba8efea,17,534933607,12,534933618,hadd-gbfs,hmrmax-astar,20,70,True,True,/home/hersco/training_new_domains/2026-10-01/intended_leaf_remaining/results/intended-fo_counters-stage2-off-534933607-i12/attempt_21957708_child1401_9f7cfd4ea775/result.json
intended-drone-stage2-off-534933607-i2,drone,stage2,off,374884068aa2f599389f37f756631fcf8d92b41decf37a55bd3f387076dd9b34,63,534933607,2,534933608,hmrp-gbfs,hadd-astar,20,70,True,True,/home/hersco/training_new_domains/2026-10-01/intended_leaf_remaining/results/intended-drone-stage2-off-534933607-i2/attempt_22063106_child991_a2aceb03be41/result.json
intended-drone-stage1-off-534933607-i12,drone,stage1,off,c9434b115516e234fff8a4a5f9c2200d6959615749c8706f597464e72b43bee3,69,534933607,12,534933618,hmrp-gbfs,hadd-astar,20,70,True,True,/home/hersco/training_new_domains/2026-10-01/intended_leaf_remaining/results/intended-drone-stage1-off-534933607-i12/attempt_21957632_child601_13b5471da973/result.json
intended-counters-stage2-off-1239739722-i54,counters,stage2,off,42423cffe66adec6b2852ad048f9781b486eedb21c85bf651f789dd752e430c5,5,1239739722,54,1239739775,hmrp-ha-ht-gbfs,hmrmax-astar,5,20,True,True,/home/hersco/training_new_domains/2026-10-01/intended_leaf_remaining/results/intended-counters-stage2-off-1239739722-i54/attempt_21970367_child230_be2e379d452f/result.json
intended-fo_counters-stage2-off-1510771779-i7,fo_counters,stage2,off,4a0fc39b5c8d696031a2c47ee3aa0e328cbd45c0da2897d446c08c0ae0f257f6,6,1510771779,7,1510771785,hadd-gbfs,hmrmax-astar,20,70,True,True,/home/hersco/training_new_domains/2026-10-01/intended_leaf_remaining/results/intended-fo_counters-stage2-off-1510771779-i7/attempt_21994334_child1496_a803ec2ef5c6/result.json
intended-counters-stage2-off-1239739722-i23,counters,stage2,off,42423cffe66adec6b2852ad048f9781b486eedb21c85bf651f789dd752e430c5,5,1239739722,23,1239739744,hmrp-ha-ht-gbfs,hmrmax-astar,5,20,True,True,/home/hersco/training_new_domains/2026-10-01/intended_leaf_remaining/results/intended-counters-stage2-off-1239739722-i23/attempt_21969443_child199_a952cce6f09f/result.json
intended-counters-stage2-off-1073581256-i58,counters,stage2,off,29e56cb5dcd93d6c0e1c2f61460ee6a5b3fe06d2b73a2e0a362b58e389adb6e8,0,1073581256,58,1073581313,hmrp-ha-ht-gbfs,hmrmax-astar,5,20,True,True,/home/hersco/training_new_domains/2026-10-01/intended_leaf_remaining/results/intended-counters-stage2-off-1073581256-i58/attempt_21969124_child175_be354095dc63/result.json
intended-drone-stage1-on-2011206605-i9,drone,stage1,on,7a0d4ae09e6084c98e49851f331af161432814fe23efa099a24a478835499d13,19,2011206605,9,2011206613,hmrp-gbfs,hadd-astar,20,70,True,True,/home/hersco/training_new_domains/2026-10-01/intended_leaf_remaining/results/intended-drone-stage1-on-2011206605-i9/attempt_22032947_child958_bbcd85a54605/result.json
intended-drone-stage1-off-1510771779-i7,drone,stage1,off,26918994bc769827ef04262944a7dc4ed6f2b73baf9424a613fe8df29b4d52e4,16,1510771779,7,1510771785,hmrp-gbfs,hadd-astar,20,70,True,True,/home/hersco/training_new_domains/2026-10-01/intended_leaf_remaining/results/intended-drone-stage1-off-1510771779-i7/attempt_21976887_child696_f7a8caefcb6a/result.json
intended-drone-stage1-off-534933607-i5,drone,stage1,off,c9434b115516e234fff8a4a5f9c2200d6959615749c8706f597464e72b43bee3,69,534933607,5,534933611,hmrp-gbfs,hadd-astar,20,70,True,True,/home/hersco/training_new_domains/2026-10-01/intended_leaf_remaining/results/intended-drone-stage1-off-534933607-i5/attempt_21957570_child594_c6e6c3c20f3c/result.json
intended-drone-stage1-off-923500475-i17,drone,stage1,off,9b6add4c4e8b104c3e8cad429bf203355ad01eb9d95d5080f788e92a5de88e95,1,923500475,17,923500491,hmrp-gbfs,hadd-astar,20,70,True,True,/home/hersco/training_new_domains/2026-10-01/intended_leaf_remaining/results/intended-drone-stage1-off-923500475-i17/attempt_21957648_child626_64ef3419cbff/result.json
intended-counters-stage2-off-1239739722-i29,counters,stage2,off,42423cffe66adec6b2852ad048f9781b486eedb21c85bf651f789dd752e430c5,5,1239739722,29,1239739750,hmrp-ha-ht-gbfs,hmrmax-astar,5,20,True,True,/home/hersco/training_new_domains/2026-10-01/intended_leaf_remaining/results/intended-counters-stage2-off-1239739722-i29/attempt_21969443_child205_06f3278e2453/result.json
intended-counters-stage2-off-1073581256-i25,counters,stage2,off,29e56cb5dcd93d6c0e1c2f61460ee6a5b3fe06d2b73a2e0a362b58e389adb6e8,0,1073581256,25,1073581280,hmrp-ha-ht-gbfs,hmrmax-astar,5,20,True,True,/home/hersco/training_new_domains/2026-10-01/intended_leaf_remaining/results/intended-counters-stage2-off-1073581256-i25/attempt_21964233_child142_8a90c7117a94/result.json
intended-drone-stage2-off-1472491096-i5,drone,stage2,off,0b6483e03d00fe1d395fa287c780468527111843b8e698bfda584a551b674083,14,1472491096,5,1472491100,hmrp-gbfs,hadd-astar,20,70,True,True,/home/hersco/training_new_domains/2026-10-01/intended_leaf_remaining/results/intended-drone-stage2-off-1472491096-i5/attempt_22119098_child1074_36a691031022/result.json
intended-fo_counters-stage2-off-923500475-i17,fo_counters,stage2,off,a600921fa8f15820f0a4fbcf1c6e614bf3be9a18cd4ceb699d4731b250e92a14,9,923500475,17,923500491,hadd-gbfs,hmrmax-astar,20,70,True,True,/home/hersco/training_new_domains/2026-10-01/intended_leaf_remaining/results/intended-fo_counters-stage2-off-923500475-i17/attempt_21957716_child1426_70208220598e/result.json
intended-counters-stage2-off-1073581256-i52,counters,stage2,off,29e56cb5dcd93d6c0e1c2f61460ee6a5b3fe06d2b73a2e0a362b58e389adb6e8,0,1073581256,52,1073581307,hmrp-ha-ht-gbfs,hmrmax-astar,5,20,True,True,/home/hersco/training_new_domains/2026-10-01/intended_leaf_remaining/results/intended-counters-stage2-off-1073581256-i52/attempt_21969124_child169_726255642aec/result.json
intended-drone-stage1-on-2011206605-i3,drone,stage1,on,7a0d4ae09e6084c98e49851f331af161432814fe23efa099a24a478835499d13,19,2011206605,3,2011206607,hmrp-gbfs,hadd-astar,20,70,True,True,/home/hersco/training_new_domains/2026-10-01/intended_leaf_remaining/results/intended-drone-stage1-on-2011206605-i3/attempt_22032947_child952_fb590b011e2b/result.json
intended-fo_counters-stage2-off-2082152039-i6,fo_counters,stage2,off,ccf2d2bd019ea198331b200029e2656e64c53abad6a5638f0e72766f3247fd72,17,2082152039,6,2082152044,hadd-gbfs,hmrmax-astar,20,70,True,True,/home/hersco/training_new_domains/2026-10-01/intended_leaf_remaining/results/intended-fo_counters-stage2-off-2082152039-i6/attempt_22001571_child1575_7a6cd18addad/result.json
intended-fo_counters-stage2-off-534933607-i18,fo_counters,stage2,off,de77046fa62754c0714421bb0b299fa030fb0a99309114e71553e134fba8efea,17,534933607,18,534933624,hadd-gbfs,hmrmax-astar,20,70,True,True,/home/hersco/training_new_domains/2026-10-01/intended_leaf_remaining/results/intended-fo_counters-stage2-off-534933607-i18/attempt_21957708_child1407_17c076c3f17e/result.json
intended-drone-stage1-off-2082152039-i6,drone,stage1,off,6c233736346bfd8c342574662b0b1d3ebaf47b711be0f8244281a27de1ea8ab9,38,2082152039,6,2082152044,hmrp-gbfs,hadd-astar,20,70,True,True,/home/hersco/training_new_domains/2026-10-01/intended_leaf_remaining/results/intended-drone-stage1-off-2082152039-i6/attempt_21988558_child775_0bd48ffd02bf/result.json
intended-drone-stage2-off-534933607-i8,drone,stage2,off,374884068aa2f599389f37f756631fcf8d92b41decf37a55bd3f387076dd9b34,63,534933607,8,534933614,hmrp-gbfs,hadd-astar,20,70,True,True,/home/hersco/training_new_domains/2026-10-01/intended_leaf_remaining/results/intended-drone-stage2-off-534933607-i8/attempt_22063106_child997_9421bca16040/result.json
intended-fo_counters-stage2-off-923500475-i7,fo_counters,stage2,off,a600921fa8f15820f0a4fbcf1c6e614bf3be9a18cd4ceb699d4731b250e92a14,9,923500475,7,923500481,hadd-gbfs,hmrmax-astar,20,70,True,True,/home/hersco/training_new_domains/2026-10-01/intended_leaf_remaining/results/intended-fo_counters-stage2-off-923500475-i7/attempt_21957710_child1416_7972c7a13df3/result.json
intended-drone-stage1-off-534933607-i18,drone,stage1,off,c9434b115516e234fff8a4a5f9c2200d6959615749c8706f597464e72b43bee3,69,534933607,18,534933624,hmrp-gbfs,hadd-astar,20,70,True,True,/home/hersco/training_new_domains/2026-10-01/intended_leaf_remaining/results/intended-drone-stage1-off-534933607-i18/attempt_21957632_child607_503fd82aeede/result.json
intended-counters-stage2-off-1472491096-i41,counters,stage2,off,d15cb836902dcc19eb4c447373e6b2d9e3d707d507c5693b143d4ecdd46fbf01,5,1472491096,41,1472491136,hmrp-ha-ht-gbfs,hmrmax-astar,5,20,True,True,/home/hersco/training_new_domains/2026-10-01/intended_leaf_remaining/results/intended-counters-stage2-off-1472491096-i41/attempt_21986890_child276_4c142774015f/result.json
intended-counters-stage2-off-534933607-i2,counters,stage2,off,8d9471820f76ecc6f1d3a74241ad63c38ace8dde0a84f3996915d433701f1f83,8,534933607,2,534933608,hmrp-ha-ht-gbfs,hmrmax-astar,5,20,True,True,/home/hersco/training_new_domains/2026-10-01/intended_leaf_remaining/results/intended-counters-stage2-off-534933607-i2/attempt_21957674_child1_0d1f517c0c12/result.json
intended-counters-stage2-off-534933607-i59,counters,stage2,off,8d9471820f76ecc6f1d3a74241ad63c38ace8dde0a84f3996915d433701f1f83,8,534933607,59,534933665,hmrp-ha-ht-gbfs,hmrmax-astar,5,20,True,True,/home/hersco/training_new_domains/2026-10-01/intended_leaf_remaining/results/intended-counters-stage2-off-534933607-i59/attempt_21957730_child58_2b1c93a072c2/result.json
intended-drone-stage1-off-2082152039-i16,drone,stage1,off,6c233736346bfd8c342574662b0b1d3ebaf47b711be0f8244281a27de1ea8ab9,38,2082152039,16,2082152054,hmrp-gbfs,hadd-astar,20,70,True,True,/home/hersco/training_new_domains/2026-10-01/intended_leaf_remaining/results/intended-drone-stage1-off-2082152039-i16/attempt_21988777_child785_0dae1ddd5727/result.json
intended-counters-stage2-off-1972442430-i30,counters,stage2,off,7402760195fdce0e856f247d9e36c30d33a33e1c48b9304a3bdf60fd3fc97b50,82,1972442430,30,1972442459,hmrp-ha-ht-gbfs,hmrmax-astar,5,20,True,True,/home/hersco/training_new_domains/2026-10-01/intended_leaf_remaining/results/intended-counters-stage2-off-1972442430-i30/attempt_22068442_child442_d3cc6ea5c189/result.json
intended-counters-stage2-off-1472491096-i36,counters,stage2,off,d15cb836902dcc19eb4c447373e6b2d9e3d707d507c5693b143d4ecdd46fbf01,5,1472491096,36,1472491131,hmrp-ha-ht-gbfs,hmrmax-astar,5,20,True,True,/home/hersco/training_new_domains/2026-10-01/intended_leaf_remaining/results/intended-counters-stage2-off-1472491096-i36/attempt_21982316_child271_93372224830a/result.json
intended-counters-stage2-off-923500475-i56,counters,stage2,off,7cbd966d31332e7dc3e3ed274c0955b1b219ffbf7af1d885cf465a1649a71892,0,923500475,56,923500530,hmrp-ha-ht-gbfs,hmrmax-astar,5,20,True,True,/home/hersco/training_new_domains/2026-10-01/intended_leaf_remaining/results/intended-counters-stage2-off-923500475-i56/attempt_21958349_child114_bcb9b79fd8d5/result.json
intended-counters-stage2-off-923500475-i21,counters,stage2,off,7cbd966d31332e7dc3e3ed274c0955b1b219ffbf7af1d885cf465a1649a71892,0,923500475,21,923500495,hmrp-ha-ht-gbfs,hmrmax-astar,5,20,True,True,/home/hersco/training_new_domains/2026-10-01/intended_leaf_remaining/results/intended-counters-stage2-off-923500475-i21/attempt_21957797_child79_8166a14ad21c/result.json
intended-drone-stage1-off-1472491096-i16,drone,stage1,off,c1c2ec8215c07ebc33db4e919d404e3d7230878b06f4086b52e8a38f11493124,92,1472491096,16,1472491111,hmrp-gbfs,hadd-astar,20,70,True,True,/home/hersco/training_new_domains/2026-10-01/intended_leaf_remaining/results/intended-drone-stage1-off-1472491096-i16/attempt_21974018_child685_351ebde0d5bc/result.json
intended-counters-stage2-off-1510771779-i21,counters,stage2,off,56925811a052de71d328a314eeb4aaa3234a62e61ed161bdb9f462be7f9e76b1,37,1510771779,21,1510771799,hmrp-ha-ht-gbfs,hmrmax-astar,5,20,True,True,/home/hersco/training_new_domains/2026-10-01/intended_leaf_remaining/results/intended-counters-stage2-off-1510771779-i21/attempt_21990177_child315_479f0b48ecec/result.json
intended-drone-stage1-off-1972442430-i10,drone,stage1,off,d4231bbb4257cc35153cf80bf35986f2e446c5f157d36130f76d7f23fc98bd5a,67,1972442430,10,1972442439,hmrp-gbfs,hadd-astar,20,70,True,True,/home/hersco/training_new_domains/2026-10-01/intended_leaf_remaining/results/intended-drone-stage1-off-1972442430-i10/attempt_21982890_child739_2d79dddb4002/result.json
intended-drone-stage1-on-1472491096-i4,drone,stage1,on,06d9bfa280defcbbcb76bdbae4ef6e1afd6c74354377f66b8130ccb3006dc400,21,1472491096,4,1472491099,hmrp-gbfs,hadd-astar,20,70,True,True,/home/hersco/training_new_domains/2026-10-01/intended_leaf_remaining/results/intended-drone-stage1-on-1472491096-i4/attempt_21997492_child873_7f53ef56dc2d/result.json
intended-counters-stage2-off-534933607-i53,counters,stage2,off,8d9471820f76ecc6f1d3a74241ad63c38ace8dde0a84f3996915d433701f1f83,8,534933607,53,534933659,hmrp-ha-ht-gbfs,hmrmax-astar,5,20,True,True,/home/hersco/training_new_domains/2026-10-01/intended_leaf_remaining/results/intended-counters-stage2-off-534933607-i53/attempt_21957730_child52_0df84f98ebee/result.json
intended-counters-stage2-off-534933607-i24,counters,stage2,off,8d9471820f76ecc6f1d3a74241ad63c38ace8dde0a84f3996915d433701f1f83,8,534933607,24,534933630,hmrp-ha-ht-gbfs,hmrmax-astar,5,20,True,True,/home/hersco/training_new_domains/2026-10-01/intended_leaf_remaining/results/intended-counters-stage2-off-534933607-i24/attempt_21957717_child23_4c222047824a/result.json
intended-counters-stage2-off-534933607-i8,counters,stage2,off,8d9471820f76ecc6f1d3a74241ad63c38ace8dde0a84f3996915d433701f1f83,8,534933607,8,534933614,hmrp-ha-ht-gbfs,hmrmax-astar,5,20,True,True,/home/hersco/training_new_domains/2026-10-01/intended_leaf_remaining/results/intended-counters-stage2-off-534933607-i8/attempt_21957674_child7_75207400bab5/result.json
intended-drone-stage1-on-2011206605-i11,drone,stage1,on,7a0d4ae09e6084c98e49851f331af161432814fe23efa099a24a478835499d13,19,2011206605,11,2011206615,hmrp-gbfs,hadd-astar,20,70,True,True,/home/hersco/training_new_domains/2026-10-01/intended_leaf_remaining/results/intended-drone-stage1-on-2011206605-i11/attempt_22047674_child960_1af790fdd108/result.json
intended-counters-stage2-off-1963100312-i51,counters,stage2,off,2e116c01f2ad50ed26d116ce2f7ef14723783d7ca4406b6cb8d349a1ffa468ff,33,1963100312,51,1963100362,hmrp-ha-ht-gbfs,hmrmax-astar,5,20,True,True,/home/hersco/training_new_domains/2026-10-01/intended_leaf_remaining/results/intended-counters-stage2-off-1963100312-i51/attempt_22025195_child404_feef397a0f06/result.json
intended-counters-stage2-off-1963100312-i26,counters,stage2,off,2e116c01f2ad50ed26d116ce2f7ef14723783d7ca4406b6cb8d349a1ffa468ff,33,1963100312,26,1963100337,hmrp-ha-ht-gbfs,hmrmax-astar,5,20,True,True,/home/hersco/training_new_domains/2026-10-01/intended_leaf_remaining/results/intended-counters-stage2-off-1963100312-i26/attempt_21992652_child379_7c198eadb008/result.json
intended-counters-stage2-off-1472491096-i31,counters,stage2,off,d15cb836902dcc19eb4c447373e6b2d9e3d707d507c5693b143d4ecdd46fbf01,5,1472491096,31,1472491126,hmrp-ha-ht-gbfs,hmrmax-astar,5,20,True,True,/home/hersco/training_new_domains/2026-10-01/intended_leaf_remaining/results/intended-counters-stage2-off-1472491096-i31/attempt_21982316_child266_00c69d0a4f97/result.json
intended-counters-stage2-off-1972442430-i37,counters,stage2,off,7402760195fdce0e856f247d9e36c30d33a33e1c48b9304a3bdf60fd3fc97b50,82,1972442430,37,1972442466,hmrp-ha-ht-gbfs,hmrmax-astar,5,20,True,True,/home/hersco/training_new_domains/2026-10-01/intended_leaf_remaining/results/intended-counters-stage2-off-1972442430-i37/attempt_22068992_child449_7a2cdb738967/result.json
intended-drone-stage1-off-2082152039-i11,drone,stage1,off,6c233736346bfd8c342574662b0b1d3ebaf47b711be0f8244281a27de1ea8ab9,38,2082152039,11,2082152049,hmrp-gbfs,hadd-astar,20,70,True,True,/home/hersco/training_new_domains/2026-10-01/intended_leaf_remaining/results/intended-drone-stage1-off-2082152039-i11/attempt_21988777_child780_e0e9bfe5d44c/result.json
intended-counters-stage2-off-534933607-i5,counters,stage2,off,8d9471820f76ecc6f1d3a74241ad63c38ace8dde0a84f3996915d433701f1f83,8,534933607,5,534933611,hmrp-ha-ht-gbfs,hmrmax-astar,5,20,True,True,/home/hersco/training_new_domains/2026-10-01/intended_leaf_remaining/results/intended-counters-stage2-off-534933607-i5/attempt_21957674_child4_03395cf1631f/result.json
intended-counters-stage2-off-534933607-i29,counters,stage2,off,8d9471820f76ecc6f1d3a74241ad63c38ace8dde0a84f3996915d433701f1f83,8,534933607,29,534933635,hmrp-ha-ht-gbfs,hmrmax-astar,5,20,True,True,/home/hersco/training_new_domains/2026-10-01/intended_leaf_remaining/results/intended-counters-stage2-off-534933607-i29/attempt_21957717_child28_ccea41448292/result.json
intended-counters-stage2-off-1472491096-i46,counters,stage2,off,d15cb836902dcc19eb4c447373e6b2d9e3d707d507c5693b143d4ecdd46fbf01,5,1472491096,46,1472491141,hmrp-ha-ht-gbfs,hmrmax-astar,5,20,True,True,/home/hersco/training_new_domains/2026-10-01/intended_leaf_remaining/results/intended-counters-stage2-off-1472491096-i46/attempt_21986890_child281_3d9a6618dc94/result.json
intended-drone-stage1-off-1963100312-i7,drone,stage1,off,a26b80b42378b986dc13250b7e818c7f295749ee2d5491930dc1d2ad0fdb3f88,157,1963100312,7,1963100318,hmrp-gbfs,hadd-astar,20,70,True,True,/home/hersco/training_new_domains/2026-10-01/intended_leaf_remaining/results/intended-drone-stage1-off-1963100312-i7/attempt_21977349_child716_004ac1b3aeb2/result.json
intended-drone-stage1-on-1472491096-i9,drone,stage1,on,06d9bfa280defcbbcb76bdbae4ef6e1afd6c74354377f66b8130ccb3006dc400,21,1472491096,9,1472491104,hmrp-gbfs,hadd-astar,20,70,True,True,/home/hersco/training_new_domains/2026-10-01/intended_leaf_remaining/results/intended-drone-stage1-on-1472491096-i9/attempt_21997492_child878_72cf1d8587bb/result.json
intended-counters-stage2-off-923500475-i26,counters,stage2,off,7cbd966d31332e7dc3e3ed274c0955b1b219ffbf7af1d885cf465a1649a71892,0,923500475,26,923500500,hmrp-ha-ht-gbfs,hmrmax-astar,5,20,True,True,/home/hersco/training_new_domains/2026-10-01/intended_leaf_remaining/results/intended-counters-stage2-off-923500475-i26/attempt_21957797_child84_5770faa96531/result.json
intended-counters-stage2-off-923500475-i51,counters,stage2,off,7cbd966d31332e7dc3e3ed274c0955b1b219ffbf7af1d885cf465a1649a71892,0,923500475,51,923500525,hmrp-ha-ht-gbfs,hmrmax-astar,5,20,True,True,/home/hersco/training_new_domains/2026-10-01/intended_leaf_remaining/results/intended-counters-stage2-off-923500475-i51/attempt_21958349_child109_8309b2dbd33a/result.json
intended-counters-stage2-off-1510771779-i51,counters,stage2,off,56925811a052de71d328a314eeb4aaa3234a62e61ed161bdb9f462be7f9e76b1,37,1510771779,51,1510771829,hmrp-ha-ht-gbfs,hmrmax-astar,5,20,True,True,/home/hersco/training_new_domains/2026-10-01/intended_leaf_remaining/results/intended-counters-stage2-off-1510771779-i51/attempt_21991442_child345_9e56438a88b2/result.json
intended-drone-stage1-off-1972442430-i17,drone,stage1,off,d4231bbb4257cc35153cf80bf35986f2e446c5f157d36130f76d7f23fc98bd5a,67,1972442430,17,1972442446,hmrp-gbfs,hadd-astar,20,70,True,True,/home/hersco/training_new_domains/2026-10-01/intended_leaf_remaining/results/intended-drone-stage1-off-1972442430-i17/attempt_21982993_child746_fbce2a0eb3ac/result.json
intended-counters-stage2-off-1510771779-i26,counters,stage2,off,56925811a052de71d328a314eeb4aaa3234a62e61ed161bdb9f462be7f9e76b1,37,1510771779,26,1510771804,hmrp-ha-ht-gbfs,hmrmax-astar,5,20,True,True,/home/hersco/training_new_domains/2026-10-01/intended_leaf_remaining/results/intended-counters-stage2-off-1510771779-i26/attempt_21990177_child320_70ec257e4531/result.json
intended-drone-stage1-off-1472491096-i11,drone,stage1,off,c1c2ec8215c07ebc33db4e919d404e3d7230878b06f4086b52e8a38f11493124,92,1472491096,11,1472491106,hmrp-gbfs,hadd-astar,20,70,True,True,/home/hersco/training_new_domains/2026-10-01/intended_leaf_remaining/results/intended-drone-stage1-off-1472491096-i11/attempt_21974018_child680_73ad9a057466/result.json
intended-drone-stage1-off-1972442430-i7,drone,stage1,off,d4231bbb4257cc35153cf80bf35986f2e446c5f157d36130f76d7f23fc98bd5a,67,1972442430,7,1972442436,hmrp-gbfs,hadd-astar,20,70,True,True,/home/hersco/training_new_domains/2026-10-01/intended_leaf_remaining/results/intended-drone-stage1-off-1972442430-i7/attempt_21982890_child736_032ea48bb5e2/result.json
intended-drone-stage1-on-1472491096-i3,drone,stage1,on,06d9bfa280defcbbcb76bdbae4ef6e1afd6c74354377f66b8130ccb3006dc400,21,1472491096,3,1472491098,hmrp-gbfs,hadd-astar,20,70,True,True,/home/hersco/training_new_domains/2026-10-01/intended_leaf_remaining/results/intended-drone-stage1-on-1472491096-i3/attempt_21997492_child872_f759c8f84d53/result.json
intended-fo_counters-stage2-off-1972442430-i7,fo_counters,stage2,off,5777ec23eb6f70cc969d1f73740f205b009e7e1d5e9f5dfbb3e498f3bd82275c,15,1972442430,7,1972442436,hadd-gbfs,hmrmax-astar,20,70,True,True,/home/hersco/training_new_domains/2026-10-01/intended_leaf_remaining/results/intended-fo_counters-stage2-off-1972442430-i7/attempt_22001567_child1536_35d7f439bf2d/result.json
intended-counters-stage2-off-534933607-i23,counters,stage2,off,8d9471820f76ecc6f1d3a74241ad63c38ace8dde0a84f3996915d433701f1f83,8,534933607,23,534933629,hmrp-ha-ht-gbfs,hmrmax-astar,5,20,True,True,/home/hersco/training_new_domains/2026-10-01/intended_leaf_remaining/results/intended-counters-stage2-off-534933607-i23/attempt_21957717_child22_8dd3328ae71d/result.json
intended-counters-stage2-off-534933607-i54,counters,stage2,off,8d9471820f76ecc6f1d3a74241ad63c38ace8dde0a84f3996915d433701f1f83,8,534933607,54,534933660,hmrp-ha-ht-gbfs,hmrmax-astar,5,20,True,True,/home/hersco/training_new_domains/2026-10-01/intended_leaf_remaining/results/intended-counters-stage2-off-534933607-i54/attempt_21957730_child53_eeeabc3115e4/result.json
intended-counters-stage2-off-1963100312-i21,counters,stage2,off,2e116c01f2ad50ed26d116ce2f7ef14723783d7ca4406b6cb8d349a1ffa468ff,33,1963100312,21,1963100332,hmrp-ha-ht-gbfs,hmrmax-astar,5,20,True,True,/home/hersco/training_new_domains/2026-10-01/intended_leaf_remaining/results/intended-counters-stage2-off-1963100312-i21/attempt_21992652_child374_07cc50ec5973/result.json
intended-drone-stage1-on-2011206605-i16,drone,stage1,on,7a0d4ae09e6084c98e49851f331af161432814fe23efa099a24a478835499d13,19,2011206605,16,2011206620,hmrp-gbfs,hadd-astar,20,70,True,True,/home/hersco/training_new_domains/2026-10-01/intended_leaf_remaining/results/intended-drone-stage1-on-2011206605-i16/attempt_22047674_child965_5e141ff00b43/result.json
intended-drone-stage1-off-2011206605-i20,drone,stage1,off,bd243a04dfdd164e760f6c93c48a8d45cb6694ea67304c70bba70daec1fbab98,40,2011206605,20,2011206624,hmrp-gbfs,hadd-astar,20,70,True,True,/home/hersco/training_new_domains/2026-10-01/intended_leaf_remaining/results/intended-drone-stage1-off-2011206605-i20/attempt_21984284_child769_78299907c3c5/result.json
intended-fo_counters-stage2-off-534933607-i15,fo_counters,stage2,off,de77046fa62754c0714421bb0b299fa030fb0a99309114e71553e134fba8efea,17,534933607,15,534933621,hadd-gbfs,hmrmax-astar,20,70,True,True,/home/hersco/training_new_domains/2026-10-01/intended_leaf_remaining/results/intended-fo_counters-stage2-off-534933607-i15/attempt_21957708_child1404_f0a07c7aa8c9/result.json
intended-drone-stage1-off-534933607-i15,drone,stage1,off,c9434b115516e234fff8a4a5f9c2200d6959615749c8706f597464e72b43bee3,69,534933607,15,534933621,hmrp-gbfs,hadd-astar,20,70,True,True,/home/hersco/training_new_domains/2026-10-01/intended_leaf_remaining/results/intended-drone-stage1-off-534933607-i15/attempt_21957632_child604_8998f54e451a/result.json
intended-drone-stage2-off-534933607-i5,drone,stage2,off,374884068aa2f599389f37f756631fcf8d92b41decf37a55bd3f387076dd9b34,63,534933607,5,534933611,hmrp-gbfs,hadd-astar,20,70,True,True,/home/hersco/training_new_domains/2026-10-01/intended_leaf_remaining/results/intended-drone-stage2-off-534933607-i5/attempt_22063106_child994_ba1bba984a60/result.json
intended-counters-stage2-off-1239739722-i24,counters,stage2,off,42423cffe66adec6b2852ad048f9781b486eedb21c85bf651f789dd752e430c5,5,1239739722,24,1239739745,hmrp-ha-ht-gbfs,hmrmax-astar,5,20,True,True,/home/hersco/training_new_domains/2026-10-01/intended_leaf_remaining/results/intended-counters-stage2-off-1239739722-i24/attempt_21969443_child200_dac66696c6a9/result.json
intended-counters-stage2-off-1239739722-i53,counters,stage2,off,42423cffe66adec6b2852ad048f9781b486eedb21c85bf651f789dd752e430c5,5,1239739722,53,1239739774,hmrp-ha-ht-gbfs,hmrmax-astar,5,20,True,True,/home/hersco/training_new_domains/2026-10-01/intended_leaf_remaining/results/intended-counters-stage2-off-1239739722-i53/attempt_21970367_child229_726ac3f82b25/result.json
intended-drone-stage1-off-534933607-i8,drone,stage1,off,c9434b115516e234fff8a4a5f9c2200d6959615749c8706f597464e72b43bee3,69,534933607,8,534933614,hmrp-gbfs,hadd-astar,20,70,True,True,/home/hersco/training_new_domains/2026-10-01/intended_leaf_remaining/results/intended-drone-stage1-off-534933607-i8/attempt_21957570_child597_ab101ab3970f/result.json
intended-drone-stage2-off-1472491096-i8,drone,stage2,off,0b6483e03d00fe1d395fa287c780468527111843b8e698bfda584a551b674083,14,1472491096,8,1472491103,hmrp-gbfs,hadd-astar,20,70,True,True,/home/hersco/training_new_domains/2026-10-01/intended_leaf_remaining/results/intended-drone-stage2-off-1472491096-i8/attempt_22119098_child1077_6b9e07b5cc4e/result.json
intended-counters-stage2-off-1073581256-i28,counters,stage2,off,29e56cb5dcd93d6c0e1c2f61460ee6a5b3fe06d2b73a2e0a362b58e389adb6e8,0,1073581256,28,1073581283,hmrp-ha-ht-gbfs,hmrmax-astar,5,20,True,True,/home/hersco/training_new_domains/2026-10-01/intended_leaf_remaining/results/intended-counters-stage2-off-1073581256-i28/attempt_21964233_child145_696f0cc656a5/result.json
intended-counters-stage2-off-1239739722-i59,counters,stage2,off,42423cffe66adec6b2852ad048f9781b486eedb21c85bf651f789dd752e430c5,5,1239739722,59,1239739780,hmrp-ha-ht-gbfs,hmrmax-astar,5,20,True,True,/home/hersco/training_new_domains/2026-10-01/intended_leaf_remaining/results/intended-counters-stage2-off-1239739722-i59/attempt_21970367_child235_b642641c6c53/result.json
intended-drone-stage1-off-534933607-i2,drone,stage1,off,c9434b115516e234fff8a4a5f9c2200d6959615749c8706f597464e72b43bee3,69,534933607,2,534933608,hmrp-gbfs,hadd-astar,20,70,True,True,/home/hersco/training_new_domains/2026-10-01/intended_leaf_remaining/results/intended-drone-stage1-off-534933607-i2/attempt_21957570_child591_189519302407/result.json
intended-drone-stage1-off-923500475-i10,drone,stage1,off,9b6add4c4e8b104c3e8cad429bf203355ad01eb9d95d5080f788e92a5de88e95,1,923500475,10,923500484,hmrp-gbfs,hadd-astar,20,70,True,True,/home/hersco/training_new_domains/2026-10-01/intended_leaf_remaining/results/intended-drone-stage1-off-923500475-i10/attempt_21957633_child619_4c47e8853c8a/result.json
intended-drone-stage1-on-2011206605-i4,drone,stage1,on,7a0d4ae09e6084c98e49851f331af161432814fe23efa099a24a478835499d13,19,2011206605,4,2011206608,hmrp-gbfs,hadd-astar,20,70,True,True,/home/hersco/training_new_domains/2026-10-01/intended_leaf_remaining/results/intended-drone-stage1-on-2011206605-i4/attempt_22032947_child953_e90f51976f10/result.json
intended-counters-stage2-off-1073581256-i55,counters,stage2,off,29e56cb5dcd93d6c0e1c2f61460ee6a5b3fe06d2b73a2e0a362b58e389adb6e8,0,1073581256,55,1073581310,hmrp-ha-ht-gbfs,hmrmax-astar,5,20,True,True,/home/hersco/training_new_domains/2026-10-01/intended_leaf_remaining/results/intended-counters-stage2-off-1073581256-i55/attempt_21969124_child172_be3741d59e0a/result.json
intended-fo_counters-stage2-off-923500475-i10,fo_counters,stage2,off,a600921fa8f15820f0a4fbcf1c6e614bf3be9a18cd4ceb699d4731b250e92a14,9,923500475,10,923500484,hadd-gbfs,hmrmax-astar,20,70,True,True,/home/hersco/training_new_domains/2026-10-01/intended_leaf_remaining/results/intended-fo_counters-stage2-off-923500475-i10/attempt_21957710_child1419_044ed29df5f9/result.json
intended-drone-stage2-off-1472491096-i2,drone,stage2,off,0b6483e03d00fe1d395fa287c780468527111843b8e698bfda584a551b674083,14,1472491096,2,1472491097,hmrp-gbfs,hadd-astar,20,70,True,True,/home/hersco/training_new_domains/2026-10-01/intended_leaf_remaining/results/intended-drone-stage2-off-1472491096-i2/attempt_22119098_child1071_d2354897c09d/result.json
intended-counters-stage2-off-1073581256-i22,counters,stage2,off,29e56cb5dcd93d6c0e1c2f61460ee6a5b3fe06d2b73a2e0a362b58e389adb6e8,0,1073581256,22,1073581277,hmrp-ha-ht-gbfs,hmrmax-astar,5,20,True,True,/home/hersco/training_new_domains/2026-10-01/intended_leaf_remaining/results/intended-counters-stage2-off-1073581256-i22/attempt_21964233_child139_f7fcb9078bd5/result.json
intended-fo_counters-stage2-off-2082152039-i1,fo_counters,stage2,off,ccf2d2bd019ea198331b200029e2656e64c53abad6a5638f0e72766f3247fd72,17,2082152039,1,2082152039,hadd-gbfs,hmrmax-astar,20,70,True,True,/home/hersco/training_new_domains/2026-10-01/intended_leaf_remaining/results/intended-fo_counters-stage2-off-2082152039-i1/attempt_22001571_child1570_5a6856d15017/result.json
intended-drone-stage1-off-2082152039-i1,drone,stage1,off,6c233736346bfd8c342574662b0b1d3ebaf47b711be0f8244281a27de1ea8ab9,38,2082152039,1,2082152039,hmrp-gbfs,hadd-astar,20,70,True,True,/home/hersco/training_new_domains/2026-10-01/intended_leaf_remaining/results/intended-drone-stage1-off-2082152039-i1/attempt_21988558_child770_06d6abc75ddd/result.json
intended-counters-stage2-off-923500475-i14,counters,stage2,off,7cbd966d31332e7dc3e3ed274c0955b1b219ffbf7af1d885cf465a1649a71892,0,923500475,14,923500488,hmrp-ha-ht-gbfs,hmrmax-astar,5,20,True,True,/home/hersco/training_new_domains/2026-10-01/intended_leaf_remaining/results/intended-counters-stage2-off-923500475-i14/attempt_21957760_child72_9101293e5afb/result.json
intended-drone-stage2-off-1239739722-i7,drone,stage2,off,24725f6f7fe8d89640436cda0a9bedfbfd4c9e8971f68062781a14d857b9d86b,56,1239739722,7,1239739728,hmrp-gbfs,hadd-astar,20,70,True,True,/home/hersco/training_new_domains/2026-10-01/intended_leaf_remaining/results/intended-drone-stage2-off-1239739722-i7/attempt_22097829_child1056_f7be82f10cec/result.json
intended-counters-stage2-off-1963100312-i19,counters,stage2,off,2e116c01f2ad50ed26d116ce2f7ef14723783d7ca4406b6cb8d349a1ffa468ff,33,1963100312,19,1963100330,hmrp-ha-ht-gbfs,hmrmax-astar,5,20,True,True,/home/hersco/training_new_domains/2026-10-01/intended_leaf_remaining/results/intended-counters-stage2-off-1963100312-i19/attempt_21992576_child372_2b5620b8d805/result.json
intended-drone-stage2-off-1073581256-i2,drone,stage2,off,e3337ff10b90120e76eb9da697b3725011a23f7a07f0557f1acbdb6dca2a36c4,14,1073581256,2,1073581257,hmrp-gbfs,hadd-astar,20,70,True,True,/home/hersco/training_new_domains/2026-10-01/intended_leaf_remaining/results/intended-drone-stage2-off-1073581256-i2/attempt_22082936_child1031_b7518de63e94/result.json
intended-counters-stage2-off-1963100312-i13,counters,stage2,off,2e116c01f2ad50ed26d116ce2f7ef14723783d7ca4406b6cb8d349a1ffa468ff,33,1963100312,13,1963100324,hmrp-ha-ht-gbfs,hmrmax-astar,5,20,True,True,/home/hersco/training_new_domains/2026-10-01/intended_leaf_remaining/results/intended-counters-stage2-off-1963100312-i13/attempt_21992576_child366_ba48263df3b2/result.json
intended-drone-stage2-off-1963100312-i13,drone,stage2,off,66a14b87ef7cbd18005d1f2a85b4c2e3322cda932ecc1ea15d4dd0af4a97b735,10,1963100312,13,1963100324,hmrp-gbfs,hadd-astar,20,70,True,True,/home/hersco/training_new_domains/2026-10-01/intended_leaf_remaining/results/intended-drone-stage2-off-1963100312-i13/attempt_22119103_child1122_1688f3962ca1/result.json
intended-counters-stage2-off-534933607-i11,counters,stage2,off,8d9471820f76ecc6f1d3a74241ad63c38ace8dde0a84f3996915d433701f1f83,8,534933607,11,534933617,hmrp-ha-ht-gbfs,hmrmax-astar,5,20,True,True,/home/hersco/training_new_domains/2026-10-01/intended_leaf_remaining/results/intended-counters-stage2-off-534933607-i11/attempt_21957675_child10_e857f6fbae0a/result.json
intended-drone-stage2-off-1073581256-i8,drone,stage2,off,e3337ff10b90120e76eb9da697b3725011a23f7a07f0557f1acbdb6dca2a36c4,14,1073581256,8,1073581263,hmrp-gbfs,hadd-astar,20,70,True,True,/home/hersco/training_new_domains/2026-10-01/intended_leaf_remaining/results/intended-drone-stage2-off-1073581256-i8/attempt_22082936_child1037_50d77c696c4f/result.json
intended-fo_counters-stage2-on-923500475-i4,fo_counters,stage2,on,647c17ec69b9ccce286e5b7931c2700e90e0239c4ea8f7ec505cb7a43ca876c7,43,923500475,4,923500478,hadd-gbfs,hmrmax-astar,20,70,True,True,/home/hersco/training_new_domains/2026-10-01/intended_leaf_remaining/results/intended-fo_counters-stage2-on-923500475-i4/attempt_22021241_child1613_2b02a938beb3/result.json
intended-counters-stage2-off-1510771779-i4,counters,stage2,off,56925811a052de71d328a314eeb4aaa3234a62e61ed161bdb9f462be7f9e76b1,37,1510771779,4,1510771782,hmrp-ha-ht-gbfs,hmrmax-astar,5,20,True,True,/home/hersco/training_new_domains/2026-10-01/intended_leaf_remaining/results/intended-counters-stage2-off-1510771779-i4/attempt_21990159_child298_ee5d0e1e34c9/result.json
intended-fo_counters-stage2-on-923500475-i12,fo_counters,stage2,on,647c17ec69b9ccce286e5b7931c2700e90e0239c4ea8f7ec505cb7a43ca876c7,43,923500475,12,923500486,hadd-gbfs,hmrmax-astar,20,70,True,True,/home/hersco/training_new_domains/2026-10-01/intended_leaf_remaining/results/intended-fo_counters-stage2-on-923500475-i12/attempt_22036108_child1621_e079049e3423/result.json
intended-counters-stage2-off-1510771779-i14,counters,stage2,off,56925811a052de71d328a314eeb4aaa3234a62e61ed161bdb9f462be7f9e76b1,37,1510771779,14,1510771792,hmrp-ha-ht-gbfs,hmrmax-astar,5,20,True,True,/home/hersco/training_new_domains/2026-10-01/intended_leaf_remaining/results/intended-counters-stage2-off-1510771779-i14/attempt_21990173_child308_af5d83aaee01/result.json
intended-drone-stage1-on-1972442430-i13,drone,stage1,on,4f8634868e328f4a5a1019f91f6c80b082945db9ddd0fc537c3eec4f4febb3d7,21,1972442430,13,1972442442,hmrp-gbfs,hadd-astar,20,70,True,True,/home/hersco/training_new_domains/2026-10-01/intended_leaf_remaining/results/intended-drone-stage1-on-1972442430-i13/attempt_22001964_child942_e8abc3fffff4/result.json
intended-counters-stage2-off-1972442430-i3,counters,stage2,off,7402760195fdce0e856f247d9e36c30d33a33e1c48b9304a3bdf60fd3fc97b50,82,1972442430,3,1972442432,hmrp-ha-ht-gbfs,hmrmax-astar,5,20,True,True,/home/hersco/training_new_domains/2026-10-01/intended_leaf_remaining/results/intended-counters-stage2-off-1972442430-i3/attempt_22066582_child415_01f7e640f32b/result.json
intended-drone-stage1-on-1472491096-i15,drone,stage1,on,06d9bfa280defcbbcb76bdbae4ef6e1afd6c74354377f66b8130ccb3006dc400,21,1472491096,15,1472491110,hmrp-gbfs,hadd-astar,20,70,True,True,/home/hersco/training_new_domains/2026-10-01/intended_leaf_remaining/results/intended-drone-stage1-on-1472491096-i15/attempt_21997550_child884_27ac22f0ed56/result.json
intended-counters-stage2-off-2011206605-i38,counters,stage2,off,d665fd33557ec4bc1ef7ee21aea73260fde109f3b5f5b5876dcbc6302302976c,12,2011206605,38,2011206642,hmrp-ha-ht-gbfs,hmrmax-astar,5,20,True,True,/home/hersco/training_new_domains/2026-10-01/intended_leaf_remaining/results/intended-counters-stage2-off-2011206605-i38/attempt_22119218_child509_93bb9a2563ce/result.json
intended-counters-stage2-off-1239739722-i16,counters,stage2,off,42423cffe66adec6b2852ad048f9781b486eedb21c85bf651f789dd752e430c5,5,1239739722,16,1239739737,hmrp-ha-ht-gbfs,hmrmax-astar,5,20,True,True,/home/hersco/training_new_domains/2026-10-01/intended_leaf_remaining/results/intended-counters-stage2-off-1239739722-i16/attempt_21969350_child192_056e9fa03b14/result.json
intended-fo_counters-stage2-off-1239739722-i16,fo_counters,stage2,off,e8f4d9c3fad7db91db8c407bb1ca6d7da04e1d4af5473491676e65d93d0e0cd4,70,1239739722,16,1239739737,hadd-gbfs,hmrmax-astar,20,70,True,True,/home/hersco/training_new_domains/2026-10-01/intended_leaf_remaining/results/intended-fo_counters-stage2-off-1239739722-i16/attempt_21983009_child1465_d1927503d943/result.json
intended-drone-stage1-on-1239739722-i6,drone,stage1,on,48738b47fd14ae74b4c27d905bb84a5810aeeb124ea86f2ad2c397e11e4ddf94,23,1239739722,6,1239739727,hmrp-gbfs,hadd-astar,20,70,True,True,/home/hersco/training_new_domains/2026-10-01/intended_leaf_remaining/results/intended-drone-stage1-on-1239739722-i6/attempt_21991443_child855_bce16632c5f6/result.json
intended-counters-stage2-off-1963100312-i9,counters,stage2,off,2e116c01f2ad50ed26d116ce2f7ef14723783d7ca4406b6cb8d349a1ffa468ff,33,1963100312,9,1963100320,hmrp-ha-ht-gbfs,hmrmax-astar,5,20,True,True,/home/hersco/training_new_domains/2026-10-01/intended_leaf_remaining/results/intended-counters-stage2-off-1963100312-i9/attempt_21992522_child362_182a125ad6f7/result.json
intended-drone-stage1-on-1073581256-i3,drone,stage1,on,1fdd75ab2f48fd428524b42bdb4e6bd553eb962d5ab34dd2efb45c40c7e2390e,118,1073581256,3,1073581258,hmrp-gbfs,hadd-astar,20,70,True,True,/home/hersco/training_new_domains/2026-10-01/intended_leaf_remaining/results/intended-drone-stage1-on-1073581256-i3/attempt_21990239_child832_26785dfe27fc/result.json
intended-drone-stage1-off-2011206605-i12,drone,stage1,off,bd243a04dfdd164e760f6c93c48a8d45cb6694ea67304c70bba70daec1fbab98,40,2011206605,12,2011206616,hmrp-gbfs,hadd-astar,20,70,True,True,/home/hersco/training_new_domains/2026-10-01/intended_leaf_remaining/results/intended-drone-stage1-off-2011206605-i12/attempt_21984284_child761_4277485693a5/result.json
intended-drone-stage1-on-534933607-i4,drone,stage1,on,efa1b6a7b8bad82f1ee52e5ccc49043bda2eff2d3e0c4f028133996850caecb2,161,534933607,4,534933610,hmrp-gbfs,hadd-astar,20,70,True,True,/home/hersco/training_new_domains/2026-10-01/intended_leaf_remaining/results/intended-drone-stage1-on-534933607-i4/attempt_21988929_child793_26958634f5d7/result.json
intended-drone-stage1-on-2082152039-i15,drone,stage1,on,0ff2da76b7040069403b73d7a38f628e483e7117b98f72cdc31ef52808c101a9,26,2082152039,15,2082152053,hmrp-gbfs,hadd-astar,20,70,True,True,/home/hersco/training_new_domains/2026-10-01/intended_leaf_remaining/results/intended-drone-stage1-on-2082152039-i15/attempt_22058389_child984_fb56fd2c8e6f/result.json
intended-counters-stage2-off-1963100312-i3,counters,stage2,off,2e116c01f2ad50ed26d116ce2f7ef14723783d7ca4406b6cb8d349a1ffa468ff,33,1963100312,3,1963100314,hmrp-ha-ht-gbfs,hmrmax-astar,5,20,True,True,/home/hersco/training_new_domains/2026-10-01/intended_leaf_remaining/results/intended-counters-stage2-off-1963100312-i3/attempt_21992522_child356_3cb9e0c3b51c/result.json
intended-drone-stage1-off-2011206605-i18,drone,stage1,off,bd243a04dfdd164e760f6c93c48a8d45cb6694ea67304c70bba70daec1fbab98,40,2011206605,18,2011206622,hmrp-gbfs,hadd-astar,20,70,True,True,/home/hersco/training_new_domains/2026-10-01/intended_leaf_remaining/results/intended-drone-stage1-off-2011206605-i18/attempt_21984284_child767_4afd3f7f4e2d/result.json
intended-drone-stage1-on-1073581256-i9,drone,stage1,on,1fdd75ab2f48fd428524b42bdb4e6bd553eb962d5ab34dd2efb45c40c7e2390e,118,1073581256,9,1073581264,hmrp-gbfs,hadd-astar,20,70,True,True,/home/hersco/training_new_domains/2026-10-01/intended_leaf_remaining/results/intended-drone-stage1-on-1073581256-i9/attempt_21990239_child838_37374eec2a44/result.json
intended-fo_counters-stage2-off-1073581256-i10,fo_counters,stage2,off,bf23351c34ee3fcce4bbaf23730a86ac757cb9002deccdefdbf1d91a085872ae,12,1073581256,10,1073581265,hadd-gbfs,hmrmax-astar,20,70,True,True,/home/hersco/training_new_domains/2026-10-01/intended_leaf_remaining/results/intended-fo_counters-stage2-off-1073581256-i10/attempt_21970050_child1439_88524feec974/result.json
intended-counters-stage2-off-1073581256-i10,counters,stage2,off,29e56cb5dcd93d6c0e1c2f61460ee6a5b3fe06d2b73a2e0a362b58e389adb6e8,0,1073581256,10,1073581265,hmrp-ha-ht-gbfs,hmrmax-astar,5,20,True,True,/home/hersco/training_new_domains/2026-10-01/intended_leaf_remaining/results/intended-counters-stage2-off-1073581256-i10/attempt_21960272_child127_cfeef31eeb78/result.json
intended-drone-stage1-on-1972442430-i19,drone,stage1,on,4f8634868e328f4a5a1019f91f6c80b082945db9ddd0fc537c3eec4f4febb3d7,21,1972442430,19,1972442448,hmrp-gbfs,hadd-astar,20,70,True,True,/home/hersco/training_new_domains/2026-10-01/intended_leaf_remaining/results/intended-drone-stage1-on-1972442430-i19/attempt_22001964_child948_ea1491108c6e/result.json
intended-counters-stage2-off-1972442430-i9,counters,stage2,off,7402760195fdce0e856f247d9e36c30d33a33e1c48b9304a3bdf60fd3fc97b50,82,1972442430,9,1972442438,hmrp-ha-ht-gbfs,hmrmax-astar,5,20,True,True,/home/hersco/training_new_domains/2026-10-01/intended_leaf_remaining/results/intended-counters-stage2-off-1972442430-i9/attempt_22066582_child421_d7a028e3da75/result.json
intended-counters-stage2-off-2011206605-i32,counters,stage2,off,d665fd33557ec4bc1ef7ee21aea73260fde109f3b5f5b5876dcbc6302302976c,12,2011206605,32,2011206636,hmrp-ha-ht-gbfs,hmrmax-astar,5,20,True,True,/home/hersco/training_new_domains/2026-10-01/intended_leaf_remaining/results/intended-counters-stage2-off-2011206605-i32/attempt_22119218_child503_52b88874a0d3/result.json
intended-drone-stage2-off-1073581256-i10,drone,stage2,off,e3337ff10b90120e76eb9da697b3725011a23f7a07f0557f1acbdb6dca2a36c4,14,1073581256,10,1073581265,hmrp-gbfs,hadd-astar,20,70,True,True,/home/hersco/training_new_domains/2026-10-01/intended_leaf_remaining/results/intended-drone-stage2-off-1073581256-i10/attempt_22082936_child1039_c12379c26620/result.json
intended-counters-stage2-off-534933607-i30,counters,stage2,off,8d9471820f76ecc6f1d3a74241ad63c38ace8dde0a84f3996915d433701f1f83,8,534933607,30,534933636,hmrp-ha-ht-gbfs,hmrmax-astar,5,20,True,True,/home/hersco/training_new_domains/2026-10-01/intended_leaf_remaining/results/intended-counters-stage2-off-534933607-i30/attempt_21957717_child29_7dd9f0ccfff1/result.json
intended-counters-stage2-off-1472491096-i28,counters,stage2,off,d15cb836902dcc19eb4c447373e6b2d9e3d707d507c5693b143d4ecdd46fbf01,5,1472491096,28,1472491123,hmrp-ha-ht-gbfs,hmrmax-astar,5,20,True,True,/home/hersco/training_new_domains/2026-10-01/intended_leaf_remaining/results/intended-counters-stage2-off-1472491096-i28/attempt_21981662_child263_4fe44aedfdf2/result.json
intended-counters-stage2-off-534933607-i47,counters,stage2,off,8d9471820f76ecc6f1d3a74241ad63c38ace8dde0a84f3996915d433701f1f83,8,534933607,47,534933653,hmrp-ha-ht-gbfs,hmrmax-astar,5,20,True,True,/home/hersco/training_new_domains/2026-10-01/intended_leaf_remaining/results/intended-counters-stage2-off-534933607-i47/attempt_21957729_child46_ea4e572c23bf/result.json
intended-fo_counters-stage2-off-534933607-i4,fo_counters,stage2,off,de77046fa62754c0714421bb0b299fa030fb0a99309114e71553e134fba8efea,17,534933607,4,534933610,hadd-gbfs,hmrmax-astar,20,70,True,True,/home/hersco/training_new_domains/2026-10-01/intended_leaf_remaining/results/intended-fo_counters-stage2-off-534933607-i4/attempt_21957703_child1393_d3ea82cc0c27/result.json
intended-counters-stage2-off-1963100312-i32,counters,stage2,off,2e116c01f2ad50ed26d116ce2f7ef14723783d7ca4406b6cb8d349a1ffa468ff,33,1963100312,32,1963100343,hmrp-ha-ht-gbfs,hmrmax-astar,5,20,True,True,/home/hersco/training_new_domains/2026-10-01/intended_leaf_remaining/results/intended-counters-stage2-off-1963100312-i32/attempt_21994385_child385_0188c9bff6d9/result.json
intended-counters-stage2-off-1963100312-i45,counters,stage2,off,2e116c01f2ad50ed26d116ce2f7ef14723783d7ca4406b6cb8d349a1ffa468ff,33,1963100312,45,1963100356,hmrp-ha-ht-gbfs,hmrmax-astar,5,20,True,True,/home/hersco/training_new_domains/2026-10-01/intended_leaf_remaining/results/intended-counters-stage2-off-1963100312-i45/attempt_22000677_child398_127ced946304/result.json
intended-counters-stage2-off-1510771779-i42,counters,stage2,off,56925811a052de71d328a314eeb4aaa3234a62e61ed161bdb9f462be7f9e76b1,37,1510771779,42,1510771820,hmrp-ha-ht-gbfs,hmrmax-astar,5,20,True,True,/home/hersco/training_new_domains/2026-10-01/intended_leaf_remaining/results/intended-counters-stage2-off-1510771779-i42/attempt_21991054_child336_8c562d37a486/result.json
intended-drone-stage1-off-923500475-i6,drone,stage1,off,9b6add4c4e8b104c3e8cad429bf203355ad01eb9d95d5080f788e92a5de88e95,1,923500475,6,923500480,hmrp-gbfs,hadd-astar,20,70,True,True,/home/hersco/training_new_domains/2026-10-01/intended_leaf_remaining/results/intended-drone-stage1-off-923500475-i6/attempt_21957633_child615_2d8ed5de6a3d/result.json
intended-counters-stage2-off-1510771779-i35,counters,stage2,off,56925811a052de71d328a314eeb4aaa3234a62e61ed161bdb9f462be7f9e76b1,37,1510771779,35,1510771813,hmrp-ha-ht-gbfs,hmrmax-astar,5,20,True,True,/home/hersco/training_new_domains/2026-10-01/intended_leaf_remaining/results/intended-counters-stage2-off-1510771779-i35/attempt_21990389_child329_65ad7b714191/result.json
intended-counters-stage2-off-923500475-i48,counters,stage2,off,7cbd966d31332e7dc3e3ed274c0955b1b219ffbf7af1d885cf465a1649a71892,0,923500475,48,923500522,hmrp-ha-ht-gbfs,hmrmax-astar,5,20,True,True,/home/hersco/training_new_domains/2026-10-01/intended_leaf_remaining/results/intended-counters-stage2-off-923500475-i48/attempt_21958003_child106_d5c9a2be45ad/result.json
intended-drone-stage1-off-1963100312-i18,drone,stage1,off,a26b80b42378b986dc13250b7e818c7f295749ee2d5491930dc1d2ad0fdb3f88,157,1963100312,18,1963100329,hmrp-gbfs,hadd-astar,20,70,True,True,/home/hersco/training_new_domains/2026-10-01/intended_leaf_remaining/results/intended-drone-stage1-off-1963100312-i18/attempt_21977460_child727_65b0a48ebe01/result.json
intended-counters-stage2-off-1510771779-i48,counters,stage2,off,56925811a052de71d328a314eeb4aaa3234a62e61ed161bdb9f462be7f9e76b1,37,1510771779,48,1510771826,hmrp-ha-ht-gbfs,hmrmax-astar,5,20,True,True,/home/hersco/training_new_domains/2026-10-01/intended_leaf_remaining/results/intended-counters-stage2-off-1510771779-i48/attempt_21991054_child342_80ca899604a4/result.json
intended-counters-stage2-off-923500475-i35,counters,stage2,off,7cbd966d31332e7dc3e3ed274c0955b1b219ffbf7af1d885cf465a1649a71892,0,923500475,35,923500509,hmrp-ha-ht-gbfs,hmrmax-astar,5,20,True,True,/home/hersco/training_new_domains/2026-10-01/intended_leaf_remaining/results/intended-counters-stage2-off-923500475-i35/attempt_21957798_child93_05681fc7ea83/result.json
intended-counters-stage2-off-923500475-i42,counters,stage2,off,7cbd966d31332e7dc3e3ed274c0955b1b219ffbf7af1d885cf465a1649a71892,0,923500475,42,923500516,hmrp-ha-ht-gbfs,hmrmax-astar,5,20,True,True,/home/hersco/training_new_domains/2026-10-01/intended_leaf_remaining/results/intended-counters-stage2-off-923500475-i42/attempt_21958003_child100_1130dd8ac042/result.json
intended-drone-stage1-off-1963100312-i12,drone,stage1,off,a26b80b42378b986dc13250b7e818c7f295749ee2d5491930dc1d2ad0fdb3f88,157,1963100312,12,1963100323,hmrp-gbfs,hadd-astar,20,70,True,True,/home/hersco/training_new_domains/2026-10-01/intended_leaf_remaining/results/intended-drone-stage1-off-1963100312-i12/attempt_21977460_child721_84b24d1d3f8f/result.json
intended-counters-stage2-off-1472491096-i22,counters,stage2,off,d15cb836902dcc19eb4c447373e6b2d9e3d707d507c5693b143d4ecdd46fbf01,5,1472491096,22,1472491117,hmrp-ha-ht-gbfs,hmrmax-astar,5,20,True,True,/home/hersco/training_new_domains/2026-10-01/intended_leaf_remaining/results/intended-counters-stage2-off-1472491096-i22/attempt_21981662_child257_84f3daf0dbf1/result.json
intended-counters-stage2-off-1972442430-i24,counters,stage2,off,7402760195fdce0e856f247d9e36c30d33a33e1c48b9304a3bdf60fd3fc97b50,82,1972442430,24,1972442453,hmrp-ha-ht-gbfs,hmrmax-astar,5,20,True,True,/home/hersco/training_new_domains/2026-10-01/intended_leaf_remaining/results/intended-counters-stage2-off-1972442430-i24/attempt_22068442_child436_a3a61d4be3e8/result.json
intended-drone-stage1-off-1510771779-i15,drone,stage1,off,26918994bc769827ef04262944a7dc4ed6f2b73baf9424a613fe8df29b4d52e4,16,1510771779,15,1510771793,hmrp-gbfs,hadd-astar,20,70,True,True,/home/hersco/training_new_domains/2026-10-01/intended_leaf_remaining/results/intended-drone-stage1-off-1510771779-i15/attempt_21977348_child704_b6fabf39f2c1/result.json
intended-counters-stage2-off-1472491096-i55,counters,stage2,off,d15cb836902dcc19eb4c447373e6b2d9e3d707d507c5693b143d4ecdd46fbf01,5,1472491096,55,1472491150,hmrp-ha-ht-gbfs,hmrmax-astar,5,20,True,True,/home/hersco/training_new_domains/2026-10-01/intended_leaf_remaining/results/intended-counters-stage2-off-1472491096-i55/attempt_21988612_child290_4296bb96c136/result.json
intended-counters-stage2-off-2011206605-i4,counters,stage2,off,d665fd33557ec4bc1ef7ee21aea73260fde109f3b5f5b5876dcbc6302302976c,12,2011206605,4,2011206608,hmrp-ha-ht-gbfs,hmrmax-astar,5,20,True,True,/home/hersco/training_new_domains/2026-10-01/intended_leaf_remaining/results/intended-counters-stage2-off-2011206605-i4/attempt_22114710_child475_ec1916ae7a87/result.json
intended-drone-stage2-off-923500475-i1,drone,stage2,off,67af5f170868d7c9f29dd100cdc52b244d9e79eeb13b66358fcfe3cd5c1c695f,16,923500475,1,923500475,hmrp-gbfs,hadd-astar,20,70,True,True,/home/hersco/training_new_domains/2026-10-01/intended_leaf_remaining/results/intended-drone-stage2-off-923500475-i1/attempt_22076202_child1010_c5c922baaeb5/result.json
intended-counters-stage2-off-1963100312-i38,counters,stage2,off,2e116c01f2ad50ed26d116ce2f7ef14723783d7ca4406b6cb8d349a1ffa468ff,33,1963100312,38,1963100349,hmrp-ha-ht-gbfs,hmrmax-astar,5,20,True,True,/home/hersco/training_new_domains/2026-10-01/intended_leaf_remaining/results/intended-counters-stage2-off-1963100312-i38/attempt_21994385_child391_46b51f07d529/result.json
intended-fo_counters-stage2-off-1239739722-i8,fo_counters,stage2,off,e8f4d9c3fad7db91db8c407bb1ca6d7da04e1d4af5473491676e65d93d0e0cd4,70,1239739722,8,1239739729,hadd-gbfs,hmrmax-astar,20,70,True,True,/home/hersco/training_new_domains/2026-10-01/intended_leaf_remaining/results/intended-fo_counters-stage2-off-1239739722-i8/attempt_21982585_child1457_2185ba350460/result.json
intended-fo_counters-stage2-on-1472491096-i5,fo_counters,stage2,on,0faaa11252057ada7e032799f9a3e51b36914e4aef4b08a4c7c617f83095026d,90,1472491096,5,1472491100,hadd-gbfs,hmrmax-astar,20,70,True,True,/home/hersco/training_new_domains/2026-10-01/intended_leaf_remaining/results/intended-fo_counters-stage2-on-1472491096-i5/attempt_22119104_child1674_551546baf8e9/result.json
intended-drone-stage1-off-1239739722-i17,drone,stage1,off,db5b59fb3044ba4b098b792e8ed249dab6c12d8ab15a616b483935af7fc72f97,51,1239739722,17,1239739738,hmrp-gbfs,hadd-astar,20,70,True,True,/home/hersco/training_new_domains/2026-10-01/intended_leaf_remaining/results/intended-drone-stage1-off-1239739722-i17/attempt_21973293_child666_f2b73e1e5836/result.json
intended-counters-stage2-off-1472491096-i9,counters,stage2,off,d15cb836902dcc19eb4c447373e6b2d9e3d707d507c5693b143d4ecdd46fbf01,5,1472491096,9,1472491104,hmrp-ha-ht-gbfs,hmrmax-astar,5,20,True,True,/home/hersco/training_new_domains/2026-10-01/intended_leaf_remaining/results/intended-counters-stage2-off-1472491096-i9/attempt_21974675_child244_fa555b57e629/result.json
intended-drone-stage1-off-1239739722-i8,drone,stage1,off,db5b59fb3044ba4b098b792e8ed249dab6c12d8ab15a616b483935af7fc72f97,51,1239739722,8,1239739729,hmrp-gbfs,hadd-astar,20,70,True,True,/home/hersco/training_new_domains/2026-10-01/intended_leaf_remaining/results/intended-drone-stage1-off-1239739722-i8/attempt_21969927_child657_25b7ce49c425/result.json
intended-fo_counters-stage2-off-2011206605-i13,fo_counters,stage2,off,d63a23f369280ba428d1698f08ce10f3652504fa73fbaab09e6b397fd50fbe93,14,2011206605,13,2011206617,hadd-gbfs,hmrmax-astar,20,70,True,True,/home/hersco/training_new_domains/2026-10-01/intended_leaf_remaining/results/intended-fo_counters-stage2-off-2011206605-i13/attempt_22001570_child1562_62942e953926/result.json
intended-counters-stage2-off-2011206605-i13,counters,stage2,off,d665fd33557ec4bc1ef7ee21aea73260fde109f3b5f5b5876dcbc6302302976c,12,2011206605,13,2011206617,hmrp-ha-ht-gbfs,hmrmax-astar,5,20,True,True,/home/hersco/training_new_domains/2026-10-01/intended_leaf_remaining/results/intended-counters-stage2-off-2011206605-i13/attempt_22115174_child484_8b9843893086/result.json
intended-counters-stage2-off-1073581256-i46,counters,stage2,off,29e56cb5dcd93d6c0e1c2f61460ee6a5b3fe06d2b73a2e0a362b58e389adb6e8,0,1073581256,46,1073581301,hmrp-ha-ht-gbfs,hmrmax-astar,5,20,True,True,/home/hersco/training_new_domains/2026-10-01/intended_leaf_remaining/results/intended-counters-stage2-off-1073581256-i46/attempt_21967823_child163_a3b4ec59c273/result.json
intended-counters-stage2-off-1073581256-i31,counters,stage2,off,29e56cb5dcd93d6c0e1c2f61460ee6a5b3fe06d2b73a2e0a362b58e389adb6e8,0,1073581256,31,1073581286,hmrp-ha-ht-gbfs,hmrmax-astar,5,20,True,True,/home/hersco/training_new_domains/2026-10-01/intended_leaf_remaining/results/intended-counters-stage2-off-1073581256-i31/attempt_21964974_child148_ee402844e21a/result.json
intended-fo_counters-stage2-off-1073581256-i7,fo_counters,stage2,off,bf23351c34ee3fcce4bbaf23730a86ac757cb9002deccdefdbf1d91a085872ae,12,1073581256,7,1073581262,hadd-gbfs,hmrmax-astar,20,70,True,True,/home/hersco/training_new_domains/2026-10-01/intended_leaf_remaining/results/intended-fo_counters-stage2-off-1073581256-i7/attempt_21970050_child1436_6319540f2061/result.json
intended-counters-stage2-off-1239739722-i37,counters,stage2,off,42423cffe66adec6b2852ad048f9781b486eedb21c85bf651f789dd752e430c5,5,1239739722,37,1239739758,hmrp-ha-ht-gbfs,hmrmax-astar,5,20,True,True,/home/hersco/training_new_domains/2026-10-01/intended_leaf_remaining/results/intended-counters-stage2-off-1239739722-i37/attempt_21969623_child213_0d0782cacbd2/result.json
intended-counters-stage2-off-2011206605-i19,counters,stage2,off,d665fd33557ec4bc1ef7ee21aea73260fde109f3b5f5b5876dcbc6302302976c,12,2011206605,19,2011206623,hmrp-ha-ht-gbfs,hmrmax-astar,5,20,True,True,/home/hersco/training_new_domains/2026-10-01/intended_leaf_remaining/results/intended-counters-stage2-off-2011206605-i19/attempt_22115174_child490_342733b1bf40/result.json
intended-counters-stage2-off-1239739722-i40,counters,stage2,off,42423cffe66adec6b2852ad048f9781b486eedb21c85bf651f789dd752e430c5,5,1239739722,40,1239739761,hmrp-ha-ht-gbfs,hmrmax-astar,5,20,True,True,/home/hersco/training_new_domains/2026-10-01/intended_leaf_remaining/results/intended-counters-stage2-off-1239739722-i40/attempt_21969623_child216_f61b2c1286c4/result.json
intended-drone-stage1-off-1073581256-i7,drone,stage1,off,633b68eeece792b1454d0f8524d24ffbb0d8fa6a89e02388ef92f54f6b7390be,90,1073581256,7,1073581262,hmrp-gbfs,hadd-astar,20,70,True,True,/home/hersco/training_new_domains/2026-10-01/intended_leaf_remaining/results/intended-drone-stage1-off-1073581256-i7/attempt_21969116_child636_8b83f29c9d97/result.json
intended-counters-stage2-off-923500475-i1,counters,stage2,off,7cbd966d31332e7dc3e3ed274c0955b1b219ffbf7af1d885cf465a1649a71892,0,923500475,1,923500475,hmrp-ha-ht-gbfs,hmrmax-astar,5,20,True,True,/home/hersco/training_new_domains/2026-10-01/intended_leaf_remaining/results/intended-counters-stage2-off-923500475-i1/attempt_21957740_child59_2cabca718971/result.json
intended-fo_counters-stage2-off-1239739722-i2,fo_counters,stage2,off,e8f4d9c3fad7db91db8c407bb1ca6d7da04e1d4af5473491676e65d93d0e0cd4,70,1239739722,2,1239739723,hadd-gbfs,hmrmax-astar,20,70,True,True,/home/hersco/training_new_domains/2026-10-01/intended_leaf_remaining/results/intended-fo_counters-stage2-off-1239739722-i2/attempt_21982585_child1451_d85b4e740a08/result.json
intended-drone-stage1-off-1073581256-i11,drone,stage1,off,633b68eeece792b1454d0f8524d24ffbb0d8fa6a89e02388ef92f54f6b7390be,90,1073581256,11,1073581266,hmrp-gbfs,hadd-astar,20,70,True,True,/home/hersco/training_new_domains/2026-10-01/intended_leaf_remaining/results/intended-drone-stage1-off-1073581256-i11/attempt_21969240_child640_e1eae554a4d7/result.json
intended-counters-stage2-off-1472491096-i3,counters,stage2,off,d15cb836902dcc19eb4c447373e6b2d9e3d707d507c5693b143d4ecdd46fbf01,5,1472491096,3,1472491098,hmrp-ha-ht-gbfs,hmrmax-astar,5,20,True,True,/home/hersco/training_new_domains/2026-10-01/intended_leaf_remaining/results/intended-counters-stage2-off-1472491096-i3/attempt_21974675_child238_743ca3cbca97/result.json
intended-drone-stage1-off-1239739722-i2,drone,stage1,off,db5b59fb3044ba4b098b792e8ed249dab6c12d8ab15a616b483935af7fc72f97,51,1239739722,2,1239739723,hmrp-gbfs,hadd-astar,20,70,True,True,/home/hersco/training_new_domains/2026-10-01/intended_leaf_remaining/results/intended-drone-stage1-off-1239739722-i2/attempt_21969927_child651_c60b8d90717f/result.json
intended-drone-stage1-on-1963100312-i9,drone,stage1,on,a9861f654d1da7a1e82387b05a980d88adeac0e811e1ceb5f1a9b16dbe444603,1,1963100312,9,1963100320,hmrp-gbfs,hadd-astar,20,70,True,True,/home/hersco/training_new_domains/2026-10-01/intended_leaf_remaining/results/intended-drone-stage1-on-1963100312-i9/attempt_22001561_child918_9534e3ea79a7/result.json
intended-counters-stage2-off-1073581256-i3,counters,stage2,off,29e56cb5dcd93d6c0e1c2f61460ee6a5b3fe06d2b73a2e0a362b58e389adb6e8,0,1073581256,3,1073581258,hmrp-ha-ht-gbfs,hmrmax-astar,5,20,True,True,/home/hersco/training_new_domains/2026-10-01/intended_leaf_remaining/results/intended-counters-stage2-off-1073581256-i3/attempt_21960272_child120_0d956e0c4566/result.json
intended-drone-stage1-on-1239739722-i19,drone,stage1,on,48738b47fd14ae74b4c27d905bb84a5810aeeb124ea86f2ad2c397e11e4ddf94,23,1239739722,19,1239739740,hmrp-gbfs,hadd-astar,20,70,True,True,/home/hersco/training_new_domains/2026-10-01/intended_leaf_remaining/results/intended-drone-stage1-on-1239739722-i19/attempt_21992064_child868_f18194ea7af4/result.json
intended-drone-stage2-off-923500475-i15,drone,stage2,off,67af5f170868d7c9f29dd100cdc52b244d9e79eeb13b66358fcfe3cd5c1c695f,16,923500475,15,923500489,hmrp-gbfs,hadd-astar,20,70,True,True,/home/hersco/training_new_domains/2026-10-01/intended_leaf_remaining/results/intended-drone-stage2-off-923500475-i15/attempt_22078171_child1024_3cf1cc9b34cf/result.json
intended-fo_counters-stage2-off-1472491096-i7,fo_counters,stage2,off,20ea2c4bad9242582002571faf9fe8ab9e44df8a749a50afb530c9eff82f5b8d,52,1472491096,7,1472491102,hadd-gbfs,hmrmax-astar,20,70,True,True,/home/hersco/training_new_domains/2026-10-01/intended_leaf_remaining/results/intended-fo_counters-stage2-off-1472491096-i7/attempt_21984074_child1476_95296859e441/result.json
intended-drone-stage1-on-1972442430-i3,drone,stage1,on,4f8634868e328f4a5a1019f91f6c80b082945db9ddd0fc537c3eec4f4febb3d7,21,1972442430,3,1972442432,hmrp-gbfs,hadd-astar,20,70,True,True,/home/hersco/training_new_domains/2026-10-01/intended_leaf_remaining/results/intended-drone-stage1-on-1972442430-i3/attempt_22001563_child932_a5fde9257955/result.json
intended-drone-stage1-off-1472491096-i7,drone,stage1,off,c1c2ec8215c07ebc33db4e919d404e3d7230878b06f4086b52e8a38f11493124,92,1472491096,7,1472491102,hmrp-gbfs,hadd-astar,20,70,True,True,/home/hersco/training_new_domains/2026-10-01/intended_leaf_remaining/results/intended-drone-stage1-off-1472491096-i7/attempt_21973467_child676_e793ec76341e/result.json
intended-drone-stage1-on-1073581256-i15,drone,stage1,on,1fdd75ab2f48fd428524b42bdb4e6bd553eb962d5ab34dd2efb45c40c7e2390e,118,1073581256,15,1073581270,hmrp-gbfs,hadd-astar,20,70,True,True,/home/hersco/training_new_domains/2026-10-01/intended_leaf_remaining/results/intended-drone-stage1-on-1073581256-i15/attempt_21990411_child844_e580b17d7922/result.json
intended-counters-stage2-off-1239739722-i6,counters,stage2,off,42423cffe66adec6b2852ad048f9781b486eedb21c85bf651f789dd752e430c5,5,1239739722,6,1239739727,hmrp-ha-ht-gbfs,hmrmax-astar,5,20,True,True,/home/hersco/training_new_domains/2026-10-01/intended_leaf_remaining/results/intended-counters-stage2-off-1239739722-i6/attempt_21969347_child182_4ecf27fa6691/result.json
intended-drone-stage1-on-1239739722-i13,drone,stage1,on,48738b47fd14ae74b4c27d905bb84a5810aeeb124ea86f2ad2c397e11e4ddf94,23,1239739722,13,1239739734,hmrp-gbfs,hadd-astar,20,70,True,True,/home/hersco/training_new_domains/2026-10-01/intended_leaf_remaining/results/intended-drone-stage1-on-1239739722-i13/attempt_21992064_child862_296265e937ed/result.json
intended-drone-stage1-on-1972442430-i9,drone,stage1,on,4f8634868e328f4a5a1019f91f6c80b082945db9ddd0fc537c3eec4f4febb3d7,21,1972442430,9,1972442438,hmrp-gbfs,hadd-astar,20,70,True,True,/home/hersco/training_new_domains/2026-10-01/intended_leaf_remaining/results/intended-drone-stage1-on-1972442430-i9/attempt_22001563_child938_c61e26be780f/result.json
intended-fo_counters-stage2-off-1472491096-i10,fo_counters,stage2,off,20ea2c4bad9242582002571faf9fe8ab9e44df8a749a50afb530c9eff82f5b8d,52,1472491096,10,1472491105,hadd-gbfs,hmrmax-astar,20,70,True,True,/home/hersco/training_new_domains/2026-10-01/intended_leaf_remaining/results/intended-fo_counters-stage2-off-1472491096-i10/attempt_21984074_child1479_23f133f650ab/result.json
intended-drone-stage2-off-1510771779-i5,drone,stage2,off,492d8443f22a61c665a6602bad73f9ac9e972ef6bbb458faa7fc8b06632c3956,0,1510771779,5,1510771783,hmrp-gbfs,hadd-astar,20,70,True,True,/home/hersco/training_new_domains/2026-10-01/intended_leaf_remaining/results/intended-drone-stage2-off-1510771779-i5/attempt_22119100_child1094_39567b746efc/result.json
intended-counters-stage2-off-1972442430-i16,counters,stage2,off,7402760195fdce0e856f247d9e36c30d33a33e1c48b9304a3bdf60fd3fc97b50,82,1972442430,16,1972442445,hmrp-ha-ht-gbfs,hmrmax-astar,5,20,True,True,/home/hersco/training_new_domains/2026-10-01/intended_leaf_remaining/results/intended-counters-stage2-off-1972442430-i16/attempt_22067238_child428_cda5de9b6f67/result.json
intended-counters-stage2-off-1472491096-i10,counters,stage2,off,d15cb836902dcc19eb4c447373e6b2d9e3d707d507c5693b143d4ecdd46fbf01,5,1472491096,10,1472491105,hmrp-ha-ht-gbfs,hmrmax-astar,5,20,True,True,/home/hersco/training_new_domains/2026-10-01/intended_leaf_remaining/results/intended-counters-stage2-off-1472491096-i10/attempt_21974675_child245_76b5919ebf58/result.json
intended-drone-stage1-off-1963100312-i20,drone,stage1,off,a26b80b42378b986dc13250b7e818c7f295749ee2d5491930dc1d2ad0fdb3f88,157,1963100312,20,1963100331,hmrp-gbfs,hadd-astar,20,70,True,True,/home/hersco/training_new_domains/2026-10-01/intended_leaf_remaining/results/intended-drone-stage1-off-1963100312-i20/attempt_21977460_child729_6d4ec1716323/result.json
intended-fo_counters-stage2-on-1073581256-i5,fo_counters,stage2,on,b86d6355e4df207b32bcaa9ee6a3d66eaebdfd7055ea4b7aa68113fb92fd0732,39,1073581256,5,1073581260,hadd-gbfs,hmrmax-astar,20,70,True,True,/home/hersco/training_new_domains/2026-10-01/intended_leaf_remaining/results/intended-fo_counters-stage2-on-1073581256-i5/attempt_22055485_child1634_ae7002ed12d3/result.json
intended-drone-stage1-on-1963100312-i3,drone,stage1,on,a9861f654d1da7a1e82387b05a980d88adeac0e811e1ceb5f1a9b16dbe444603,1,1963100312,3,1963100314,hmrp-gbfs,hadd-astar,20,70,True,True,/home/hersco/training_new_domains/2026-10-01/intended_leaf_remaining/results/intended-drone-stage1-on-1963100312-i3/attempt_22001561_child912_88e22f004bbd/result.json
intended-counters-stage2-off-1073581256-i9,counters,stage2,off,29e56cb5dcd93d6c0e1c2f61460ee6a5b3fe06d2b73a2e0a362b58e389adb6e8,0,1073581256,9,1073581264,hmrp-ha-ht-gbfs,hmrmax-astar,5,20,True,True,/home/hersco/training_new_domains/2026-10-01/intended_leaf_remaining/results/intended-counters-stage2-off-1073581256-i9/attempt_21960272_child126_5b762cd8d487/result.json
intended-drone-stage2-off-534933607-i10,drone,stage2,off,374884068aa2f599389f37f756631fcf8d92b41decf37a55bd3f387076dd9b34,63,534933607,10,534933616,hmrp-gbfs,hadd-astar,20,70,True,True,/home/hersco/training_new_domains/2026-10-01/intended_leaf_remaining/results/intended-drone-stage2-off-534933607-i10/attempt_22063106_child999_d2804f2af314/result.json
intended-drone-stage2-off-1963100312-i8,drone,stage2,off,66a14b87ef7cbd18005d1f2a85b4c2e3322cda932ecc1ea15d4dd0af4a97b735,10,1963100312,8,1963100319,hmrp-gbfs,hadd-astar,20,70,True,True,/home/hersco/training_new_domains/2026-10-01/intended_leaf_remaining/results/intended-drone-stage2-off-1963100312-i8/attempt_22119102_child1117_6d59f89ef5a3/result.json
intended-drone-stage1-on-1963100312-i16,drone,stage1,on,a9861f654d1da7a1e82387b05a980d88adeac0e811e1ceb5f1a9b16dbe444603,1,1963100312,16,1963100327,hmrp-gbfs,hadd-astar,20,70,True,True,/home/hersco/training_new_domains/2026-10-01/intended_leaf_remaining/results/intended-drone-stage1-on-1963100312-i16/attempt_22001562_child925_bdca939459ed/result.json
intended-counters-stage2-off-2011206605-i21,counters,stage2,off,d665fd33557ec4bc1ef7ee21aea73260fde109f3b5f5b5876dcbc6302302976c,12,2011206605,21,2011206625,hmrp-ha-ht-gbfs,hmrmax-astar,5,20,True,True,/home/hersco/training_new_domains/2026-10-01/intended_leaf_remaining/results/intended-counters-stage2-off-2011206605-i21/attempt_22116281_child492_bd52b2a8a864/result.json
intended-drone-stage1-on-2082152039-i5,drone,stage1,on,0ff2da76b7040069403b73d7a38f628e483e7117b98f72cdc31ef52808c101a9,26,2082152039,5,2082152043,hmrp-gbfs,hadd-astar,20,70,True,True,/home/hersco/training_new_domains/2026-10-01/intended_leaf_remaining/results/intended-drone-stage1-on-2082152039-i5/attempt_22047868_child974_71b38baef1e2/result.json
intended-drone-stage1-on-1510771779-i11,drone,stage1,on,63048c2d248b5fd3bb55fe6a43060b9ba48538ef483d8b716049b54a72a0b442,14,1510771779,11,1510771789,hmrp-gbfs,hadd-astar,20,70,True,True,/home/hersco/training_new_domains/2026-10-01/intended_leaf_remaining/results/intended-drone-stage1-on-1510771779-i11/attempt_22001560_child900_45de86d87980/result.json
intended-drone-stage2-off-1972442430-i2,drone,stage2,off,706e10a11f5ea5221afd45d0181cc771f4bc96a5ef22ac402bae970dbf4683d7,92,1972442430,2,1972442431,hmrp-gbfs,hadd-astar,20,70,True,True,/home/hersco/training_new_domains/2026-10-01/intended_leaf_remaining/results/intended-drone-stage2-off-1972442430-i2/attempt_22119422_child1131_e2e1f2e89758/result.json
intended-drone-stage1-on-923500475-i14,drone,stage1,on,cfd7f812cf180c9fcab576710bda31980c44786973115f6036b19aad76d5758e,103,923500475,14,923500488,hmrp-gbfs,hadd-astar,20,70,True,True,/home/hersco/training_new_domains/2026-10-01/intended_leaf_remaining/results/intended-drone-stage1-on-923500475-i14/attempt_21990186_child823_cfeebf1b42fd/result.json
intended-drone-stage2-off-1972442430-i8,drone,stage2,off,706e10a11f5ea5221afd45d0181cc771f4bc96a5ef22ac402bae970dbf4683d7,92,1972442430,8,1972442437,hmrp-gbfs,hadd-astar,20,70,True,True,/home/hersco/training_new_domains/2026-10-01/intended_leaf_remaining/results/intended-drone-stage2-off-1972442430-i8/attempt_22119422_child1137_3f8ce12d0866/result.json
intended-drone-stage1-on-1510771779-i4,drone,stage1,on,63048c2d248b5fd3bb55fe6a43060b9ba48538ef483d8b716049b54a72a0b442,14,1510771779,4,1510771782,hmrp-gbfs,hadd-astar,20,70,True,True,/home/hersco/training_new_domains/2026-10-01/intended_leaf_remaining/results/intended-drone-stage1-on-1510771779-i4/attempt_21997632_child893_32c0a73ceb7b/result.json
intended-drone-stage2-off-1963100312-i2,drone,stage2,off,66a14b87ef7cbd18005d1f2a85b4c2e3322cda932ecc1ea15d4dd0af4a97b735,10,1963100312,2,1963100313,hmrp-gbfs,hadd-astar,20,70,True,True,/home/hersco/training_new_domains/2026-10-01/intended_leaf_remaining/results/intended-drone-stage2-off-1963100312-i2/attempt_22119102_child1111_cc1ba92fc41d/result.json
intended-drone-stage1-on-534933607-i11,drone,stage1,on,efa1b6a7b8bad82f1ee52e5ccc49043bda2eff2d3e0c4f028133996850caecb2,161,534933607,11,534933617,hmrp-gbfs,hadd-astar,20,70,True,True,/home/hersco/training_new_domains/2026-10-01/intended_leaf_remaining/results/intended-drone-stage1-on-534933607-i11/attempt_21989978_child800_1de684d3e87c/result.json
intended-drone-stage2-off-534933607-i14,drone,stage2,off,374884068aa2f599389f37f756631fcf8d92b41decf37a55bd3f387076dd9b34,63,534933607,14,534933620,hmrp-gbfs,hadd-astar,20,70,True,True,/home/hersco/training_new_domains/2026-10-01/intended_leaf_remaining/results/intended-drone-stage2-off-534933607-i14/attempt_22063342_child1003_d0715fea4c0b/result.json
intended-fo_counters-stage2-on-1073581256-i1,fo_counters,stage2,on,b86d6355e4df207b32bcaa9ee6a3d66eaebdfd7055ea4b7aa68113fb92fd0732,39,1073581256,1,1073581256,hadd-gbfs,hmrmax-astar,20,70,True,True,/home/hersco/training_new_domains/2026-10-01/intended_leaf_remaining/results/intended-fo_counters-stage2-on-1073581256-i1/attempt_22055485_child1630_56fa351c976a/result.json
intended-drone-stage1-on-1963100312-i7,drone,stage1,on,a9861f654d1da7a1e82387b05a980d88adeac0e811e1ceb5f1a9b16dbe444603,1,1963100312,7,1963100318,hmrp-gbfs,hadd-astar,20,70,True,True,/home/hersco/training_new_domains/2026-10-01/intended_leaf_remaining/results/intended-drone-stage1-on-1963100312-i7/attempt_22001561_child916_18f334a14d7a/result.json
intended-drone-stage2-off-1510771779-i1,drone,stage2,off,492d8443f22a61c665a6602bad73f9ac9e972ef6bbb458faa7fc8b06632c3956,0,1510771779,1,1510771779,hmrp-gbfs,hadd-astar,20,70,True,True,/home/hersco/training_new_domains/2026-10-01/intended_leaf_remaining/results/intended-drone-stage2-off-1510771779-i1/attempt_22119100_child1090_f84422ec8fb5/result.json
intended-counters-stage2-off-1239739722-i8,counters,stage2,off,42423cffe66adec6b2852ad048f9781b486eedb21c85bf651f789dd752e430c5,5,1239739722,8,1239739729,hmrp-ha-ht-gbfs,hmrmax-astar,5,20,True,True,/home/hersco/training_new_domains/2026-10-01/intended_leaf_remaining/results/intended-counters-stage2-off-1239739722-i8/attempt_21969347_child184_485287034b70/result.json
intended-counters-stage2-off-1472491096-i14,counters,stage2,off,d15cb836902dcc19eb4c447373e6b2d9e3d707d507c5693b143d4ecdd46fbf01,5,1472491096,14,1472491109,hmrp-ha-ht-gbfs,hmrmax-astar,5,20,True,True,/home/hersco/training_new_domains/2026-10-01/intended_leaf_remaining/results/intended-counters-stage2-off-1472491096-i14/attempt_21974936_child249_44c060c9dbc2/result.json
intended-drone-stage1-on-923500475-i4,drone,stage1,on,cfd7f812cf180c9fcab576710bda31980c44786973115f6036b19aad76d5758e,103,923500475,4,923500478,hmrp-gbfs,hadd-astar,20,70,True,True,/home/hersco/training_new_domains/2026-10-01/intended_leaf_remaining/results/intended-drone-stage1-on-923500475-i4/attempt_21990057_child813_6154c73f9329/result.json
intended-counters-stage2-off-1972442430-i12,counters,stage2,off,7402760195fdce0e856f247d9e36c30d33a33e1c48b9304a3bdf60fd3fc97b50,82,1972442430,12,1972442441,hmrp-ha-ht-gbfs,hmrmax-astar,5,20,True,True,/home/hersco/training_new_domains/2026-10-01/intended_leaf_remaining/results/intended-counters-stage2-off-1972442430-i12/attempt_22067238_child424_fbdb87e374d4/result.json
intended-drone-stage1-off-1472491096-i9,drone,stage1,off,c1c2ec8215c07ebc33db4e919d404e3d7230878b06f4086b52e8a38f11493124,92,1472491096,9,1472491104,hmrp-gbfs,hadd-astar,20,70,True,True,/home/hersco/training_new_domains/2026-10-01/intended_leaf_remaining/results/intended-drone-stage1-off-1472491096-i9/attempt_21973467_child678_d77a09d00c2f/result.json
intended-fo_counters-stage2-off-1972442430-i12,fo_counters,stage2,off,5777ec23eb6f70cc969d1f73740f205b009e7e1d5e9f5dfbb3e498f3bd82275c,15,1972442430,12,1972442441,hadd-gbfs,hmrmax-astar,20,70,True,True,/home/hersco/training_new_domains/2026-10-01/intended_leaf_remaining/results/intended-fo_counters-stage2-off-1972442430-i12/attempt_22001568_child1541_d071a8434654/result.json
intended-fo_counters-stage2-off-1472491096-i14,fo_counters,stage2,off,20ea2c4bad9242582002571faf9fe8ab9e44df8a749a50afb530c9eff82f5b8d,52,1472491096,14,1472491109,hadd-gbfs,hmrmax-astar,20,70,True,True,/home/hersco/training_new_domains/2026-10-01/intended_leaf_remaining/results/intended-fo_counters-stage2-off-1472491096-i14/attempt_21986707_child1483_9e9148c32120/result.json
intended-drone-stage2-off-1972442430-i12,drone,stage2,off,706e10a11f5ea5221afd45d0181cc771f4bc96a5ef22ac402bae970dbf4683d7,92,1972442430,12,1972442441,hmrp-gbfs,hadd-astar,20,70,True,True,/home/hersco/training_new_domains/2026-10-01/intended_leaf_remaining/results/intended-drone-stage2-off-1972442430-i12/attempt_22123552_child1141_cee96bb16347/result.json
intended-fo_counters-stage2-on-1239739722-i4,fo_counters,stage2,on,b1f15df4365a80d9ff22422a14e4a2ce1b43dcf7700ddeae7feeffad0d851050,8,1239739722,4,1239739725,hadd-gbfs,hmrmax-astar,20,70,True,True,/home/hersco/training_new_domains/2026-10-01/intended_leaf_remaining/results/intended-fo_counters-stage2-on-1239739722-i4/attempt_22111656_child1653_9035c1237c9a/result.json
intended-fo_counters-stage2-off-1472491096-i9,fo_counters,stage2,off,20ea2c4bad9242582002571faf9fe8ab9e44df8a749a50afb530c9eff82f5b8d,52,1472491096,9,1472491104,hadd-gbfs,hmrmax-astar,20,70,True,True,/home/hersco/training_new_domains/2026-10-01/intended_leaf_remaining/results/intended-fo_counters-stage2-off-1472491096-i9/attempt_21984074_child1478_b9686e4e9740/result.json
intended-drone-stage1-on-1239739722-i17,drone,stage1,on,48738b47fd14ae74b4c27d905bb84a5810aeeb124ea86f2ad2c397e11e4ddf94,23,1239739722,17,1239739738,hmrp-gbfs,hadd-astar,20,70,True,True,/home/hersco/training_new_domains/2026-10-01/intended_leaf_remaining/results/intended-drone-stage1-on-1239739722-i17/attempt_21992064_child866_59c3668a66b6/result.json
intended-counters-stage2-off-1972442430-i18,counters,stage2,off,7402760195fdce0e856f247d9e36c30d33a33e1c48b9304a3bdf60fd3fc97b50,82,1972442430,18,1972442447,hmrp-ha-ht-gbfs,hmrmax-astar,5,20,True,True,/home/hersco/training_new_domains/2026-10-01/intended_leaf_remaining/results/intended-counters-stage2-off-1972442430-i18/attempt_22067238_child430_6fa78cbd7921/result.json
intended-drone-stage1-on-1073581256-i11,drone,stage1,on,1fdd75ab2f48fd428524b42bdb4e6bd553eb962d5ab34dd2efb45c40c7e2390e,118,1073581256,11,1073581266,hmrp-gbfs,hadd-astar,20,70,True,True,/home/hersco/training_new_domains/2026-10-01/intended_leaf_remaining/results/intended-drone-stage1-on-1073581256-i11/attempt_21990411_child840_33608f06a1e9/result.json
intended-counters-stage2-off-1239739722-i2,counters,stage2,off,42423cffe66adec6b2852ad048f9781b486eedb21c85bf651f789dd752e430c5,5,1239739722,2,1239739723,hmrp-ha-ht-gbfs,hmrmax-astar,5,20,True,True,/home/hersco/training_new_domains/2026-10-01/intended_leaf_remaining/results/intended-counters-stage2-off-1239739722-i2/attempt_21969347_child178_a73c09c80381/result.json
intended-drone-stage1-off-1472491096-i3,drone,stage1,off,c1c2ec8215c07ebc33db4e919d404e3d7230878b06f4086b52e8a38f11493124,92,1472491096,3,1472491098,hmrp-gbfs,hadd-astar,20,70,True,True,/home/hersco/training_new_domains/2026-10-01/intended_leaf_remaining/results/intended-drone-stage1-off-1472491096-i3/attempt_21973467_child672_0bc0ea0406a0/result.json
intended-drone-stage1-on-1972442430-i7,drone,stage1,on,4f8634868e328f4a5a1019f91f6c80b082945db9ddd0fc537c3eec4f4febb3d7,21,1972442430,7,1972442436,hmrp-gbfs,hadd-astar,20,70,True,True,/home/hersco/training_new_domains/2026-10-01/intended_leaf_remaining/results/intended-drone-stage1-on-1972442430-i7/attempt_22001563_child936_7491245cabd7/result.json
intended-drone-stage2-off-923500475-i11,drone,stage2,off,67af5f170868d7c9f29dd100cdc52b244d9e79eeb13b66358fcfe3cd5c1c695f,16,923500475,11,923500485,hmrp-gbfs,hadd-astar,20,70,True,True,/home/hersco/training_new_domains/2026-10-01/intended_leaf_remaining/results/intended-drone-stage2-off-923500475-i11/attempt_22078171_child1020_153298c71b83/result.json
intended-fo_counters-stage2-off-1472491096-i3,fo_counters,stage2,off,20ea2c4bad9242582002571faf9fe8ab9e44df8a749a50afb530c9eff82f5b8d,52,1472491096,3,1472491098,hadd-gbfs,hmrmax-astar,20,70,True,True,/home/hersco/training_new_domains/2026-10-01/intended_leaf_remaining/results/intended-fo_counters-stage2-off-1472491096-i3/attempt_21984074_child1472_86a3dd4059dd/result.json
intended-counters-stage2-off-1073581256-i7,counters,stage2,off,29e56cb5dcd93d6c0e1c2f61460ee6a5b3fe06d2b73a2e0a362b58e389adb6e8,0,1073581256,7,1073581262,hmrp-ha-ht-gbfs,hmrmax-astar,5,20,True,True,/home/hersco/training_new_domains/2026-10-01/intended_leaf_remaining/results/intended-counters-stage2-off-1073581256-i7/attempt_21960272_child124_6b8437878dbc/result.json
intended-drone-stage1-on-1963100312-i18,drone,stage1,on,a9861f654d1da7a1e82387b05a980d88adeac0e811e1ceb5f1a9b16dbe444603,1,1963100312,18,1963100329,hmrp-gbfs,hadd-astar,20,70,True,True,/home/hersco/training_new_domains/2026-10-01/intended_leaf_remaining/results/intended-drone-stage1-on-1963100312-i18/attempt_22001562_child927_117b2f39e898/result.json
intended-drone-stage1-on-534933607-i15,drone,stage1,on,efa1b6a7b8bad82f1ee52e5ccc49043bda2eff2d3e0c4f028133996850caecb2,161,534933607,15,534933621,hmrp-gbfs,hadd-astar,20,70,True,True,/home/hersco/training_new_domains/2026-10-01/intended_leaf_remaining/results/intended-drone-stage1-on-534933607-i15/attempt_21989978_child804_11c2661c8ab7/result.json
intended-drone-stage2-off-1963100312-i6,drone,stage2,off,66a14b87ef7cbd18005d1f2a85b4c2e3322cda932ecc1ea15d4dd0af4a97b735,10,1963100312,6,1963100317,hmrp-gbfs,hadd-astar,20,70,True,True,/home/hersco/training_new_domains/2026-10-01/intended_leaf_remaining/results/intended-drone-stage2-off-1963100312-i6/attempt_22119102_child1115_9f5c80b7cdd6/result.json
intended-drone-stage1-off-2011206605-i4,drone,stage1,off,bd243a04dfdd164e760f6c93c48a8d45cb6694ea67304c70bba70daec1fbab98,40,2011206605,4,2011206608,hmrp-gbfs,hadd-astar,20,70,True,True,/home/hersco/training_new_domains/2026-10-01/intended_leaf_remaining/results/intended-drone-stage1-off-2011206605-i4/attempt_21984042_child753_d9625ec6dd50/result.json
intended-drone-stage1-on-923500475-i10,drone,stage1,on,cfd7f812cf180c9fcab576710bda31980c44786973115f6036b19aad76d5758e,103,923500475,10,923500484,hmrp-gbfs,hadd-astar,20,70,True,True,/home/hersco/training_new_domains/2026-10-01/intended_leaf_remaining/results/intended-drone-stage1-on-923500475-i10/attempt_21990057_child819_b66c1df14928/result.json
intended-fo_counters-stage2-off-2011206605-i4,fo_counters,stage2,off,d63a23f369280ba428d1698f08ce10f3652504fa73fbaab09e6b397fd50fbe93,14,2011206605,4,2011206608,hadd-gbfs,hmrmax-astar,20,70,True,True,/home/hersco/training_new_domains/2026-10-01/intended_leaf_remaining/results/intended-fo_counters-stage2-off-2011206605-i4/attempt_22001569_child1553_26b0164e28ae/result.json
intended-drone-stage1-on-1510771779-i15,drone,stage1,on,63048c2d248b5fd3bb55fe6a43060b9ba48538ef483d8b716049b54a72a0b442,14,1510771779,15,1510771793,hmrp-gbfs,hadd-astar,20,70,True,True,/home/hersco/training_new_domains/2026-10-01/intended_leaf_remaining/results/intended-drone-stage1-on-1510771779-i15/attempt_22001560_child904_e162a06c308c/result.json
intended-drone-stage2-off-1972442430-i6,drone,stage2,off,706e10a11f5ea5221afd45d0181cc771f4bc96a5ef22ac402bae970dbf4683d7,92,1972442430,6,1972442435,hmrp-gbfs,hadd-astar,20,70,True,True,/home/hersco/training_new_domains/2026-10-01/intended_leaf_remaining/results/intended-drone-stage2-off-1972442430-i6/attempt_22119422_child1135_87aa3ad49698/result.json
intended-counters-stage2-off-2011206605-i25,counters,stage2,off,d665fd33557ec4bc1ef7ee21aea73260fde109f3b5f5b5876dcbc6302302976c,12,2011206605,25,2011206629,hmrp-ha-ht-gbfs,hmrmax-astar,5,20,True,True,/home/hersco/training_new_domains/2026-10-01/intended_leaf_remaining/results/intended-counters-stage2-off-2011206605-i25/attempt_22116281_child496_b8399964790b/result.json
intended-drone-stage1-on-2082152039-i1,drone,stage1,on,0ff2da76b7040069403b73d7a38f628e483e7117b98f72cdc31ef52808c101a9,26,2082152039,1,2082152039,hmrp-gbfs,hadd-astar,20,70,True,True,/home/hersco/training_new_domains/2026-10-01/intended_leaf_remaining/results/intended-drone-stage1-on-2082152039-i1/attempt_22047868_child970_b71990f259b5/result.json
intended-drone-stage1-on-1963100312-i12,drone,stage1,on,a9861f654d1da7a1e82387b05a980d88adeac0e811e1ceb5f1a9b16dbe444603,1,1963100312,12,1963100323,hmrp-gbfs,hadd-astar,20,70,True,True,/home/hersco/training_new_domains/2026-10-01/intended_leaf_remaining/results/intended-drone-stage1-on-1963100312-i12/attempt_22001562_child921_c9851471634b/result.json
intended-fo_counters-stage2-on-534933607-i4,fo_counters,stage2,on,7f248fc5bf1240d843b9d2a8fbfdff6ae7e3e7821a24ccb95f6894e9ea3586e3,21,534933607,4,534933610,hadd-gbfs,hmrmax-astar,20,70,True,True,/home/hersco/training_new_domains/2026-10-01/intended_leaf_remaining/results/intended-fo_counters-stage2-on-534933607-i4/attempt_22001573_child1593_b4604a733806/result.json
intended-drone-stage2-off-923500475-i5,drone,stage2,off,67af5f170868d7c9f29dd100cdc52b244d9e79eeb13b66358fcfe3cd5c1c695f,16,923500475,5,923500479,hmrp-gbfs,hadd-astar,20,70,True,True,/home/hersco/training_new_domains/2026-10-01/intended_leaf_remaining/results/intended-drone-stage2-off-923500475-i5/attempt_22076202_child1014_6b0945604d9e/result.json
intended-counters-stage2-off-1972442430-i20,counters,stage2,off,7402760195fdce0e856f247d9e36c30d33a33e1c48b9304a3bdf60fd3fc97b50,82,1972442430,20,1972442449,hmrp-ha-ht-gbfs,hmrmax-astar,5,20,True,True,/home/hersco/training_new_domains/2026-10-01/intended_leaf_remaining/results/intended-counters-stage2-off-1972442430-i20/attempt_22067238_child432_8e554bc17e72/result.json
intended-counters-stage2-off-534933607-i49,counters,stage2,off,8d9471820f76ecc6f1d3a74241ad63c38ace8dde0a84f3996915d433701f1f83,8,534933607,49,534933655,hmrp-ha-ht-gbfs,hmrmax-astar,5,20,True,True,/home/hersco/training_new_domains/2026-10-01/intended_leaf_remaining/results/intended-counters-stage2-off-534933607-i49/attempt_21957729_child48_7590436c16ca/result.json
intended-drone-stage1-off-1510771779-i11,drone,stage1,off,26918994bc769827ef04262944a7dc4ed6f2b73baf9424a613fe8df29b4d52e4,16,1510771779,11,1510771789,hmrp-gbfs,hadd-astar,20,70,True,True,/home/hersco/training_new_domains/2026-10-01/intended_leaf_remaining/results/intended-drone-stage1-off-1510771779-i11/attempt_21977348_child700_7d395df6e1c9/result.json
intended-counters-stage2-off-1472491096-i26,counters,stage2,off,d15cb836902dcc19eb4c447373e6b2d9e3d707d507c5693b143d4ecdd46fbf01,5,1472491096,26,1472491121,hmrp-ha-ht-gbfs,hmrmax-astar,5,20,True,True,/home/hersco/training_new_domains/2026-10-01/intended_leaf_remaining/results/intended-counters-stage2-off-1472491096-i26/attempt_21981662_child261_c7b0c23a3ab2/result.json
intended-counters-stage2-off-1472491096-i51,counters,stage2,off,d15cb836902dcc19eb4c447373e6b2d9e3d707d507c5693b143d4ecdd46fbf01,5,1472491096,51,1472491146,hmrp-ha-ht-gbfs,hmrmax-astar,5,20,True,True,/home/hersco/training_new_domains/2026-10-01/intended_leaf_remaining/results/intended-counters-stage2-off-1472491096-i51/attempt_21988612_child286_56c31681580f/result.json
intended-drone-stage1-off-1963100312-i16,drone,stage1,off,a26b80b42378b986dc13250b7e818c7f295749ee2d5491930dc1d2ad0fdb3f88,157,1963100312,16,1963100327,hmrp-gbfs,hadd-astar,20,70,True,True,/home/hersco/training_new_domains/2026-10-01/intended_leaf_remaining/results/intended-drone-stage1-off-1963100312-i16/attempt_21977460_child725_0f4287da7215/result.json
intended-counters-stage2-off-923500475-i31,counters,stage2,off,7cbd966d31332e7dc3e3ed274c0955b1b219ffbf7af1d885cf465a1649a71892,0,923500475,31,923500505,hmrp-ha-ht-gbfs,hmrmax-astar,5,20,True,True,/home/hersco/training_new_domains/2026-10-01/intended_leaf_remaining/results/intended-counters-stage2-off-923500475-i31/attempt_21957798_child89_48d88c0d12f6/result.json
intended-counters-stage2-off-923500475-i46,counters,stage2,off,7cbd966d31332e7dc3e3ed274c0955b1b219ffbf7af1d885cf465a1649a71892,0,923500475,46,923500520,hmrp-ha-ht-gbfs,hmrmax-astar,5,20,True,True,/home/hersco/training_new_domains/2026-10-01/intended_leaf_remaining/results/intended-counters-stage2-off-923500475-i46/attempt_21958003_child104_064fc2987157/result.json
intended-drone-stage1-off-923500475-i8,drone,stage1,off,9b6add4c4e8b104c3e8cad429bf203355ad01eb9d95d5080f788e92a5de88e95,1,923500475,8,923500482,hmrp-gbfs,hadd-astar,20,70,True,True,/home/hersco/training_new_domains/2026-10-01/intended_leaf_remaining/results/intended-drone-stage1-off-923500475-i8/attempt_21957633_child617_1cff9bac3f66/result.json
intended-counters-stage2-off-1510771779-i46,counters,stage2,off,56925811a052de71d328a314eeb4aaa3234a62e61ed161bdb9f462be7f9e76b1,37,1510771779,46,1510771824,hmrp-ha-ht-gbfs,hmrmax-astar,5,20,True,True,/home/hersco/training_new_domains/2026-10-01/intended_leaf_remaining/results/intended-counters-stage2-off-1510771779-i46/attempt_21991054_child340_bb3ee840b93b/result.json
intended-drone-stage1-off-923500475-i2,drone,stage1,off,9b6add4c4e8b104c3e8cad429bf203355ad01eb9d95d5080f788e92a5de88e95,1,923500475,2,923500476,hmrp-gbfs,hadd-astar,20,70,True,True,/home/hersco/training_new_domains/2026-10-01/intended_leaf_remaining/results/intended-drone-stage1-off-923500475-i2/attempt_21957633_child611_2cb208f6614f/result.json
intended-counters-stage2-off-1510771779-i31,counters,stage2,off,56925811a052de71d328a314eeb4aaa3234a62e61ed161bdb9f462be7f9e76b1,37,1510771779,31,1510771809,hmrp-ha-ht-gbfs,hmrmax-astar,5,20,True,True,/home/hersco/training_new_domains/2026-10-01/intended_leaf_remaining/results/intended-counters-stage2-off-1510771779-i31/attempt_21990389_child325_472378b9d6b6/result.json
intended-counters-stage2-off-1963100312-i36,counters,stage2,off,2e116c01f2ad50ed26d116ce2f7ef14723783d7ca4406b6cb8d349a1ffa468ff,33,1963100312,36,1963100347,hmrp-ha-ht-gbfs,hmrmax-astar,5,20,True,True,/home/hersco/training_new_domains/2026-10-01/intended_leaf_remaining/results/intended-counters-stage2-off-1963100312-i36/attempt_21994385_child389_63837d3c4c5f/result.json
intended-counters-stage2-off-1963100312-i41,counters,stage2,off,2e116c01f2ad50ed26d116ce2f7ef14723783d7ca4406b6cb8d349a1ffa468ff,33,1963100312,41,1963100352,hmrp-ha-ht-gbfs,hmrmax-astar,5,20,True,True,/home/hersco/training_new_domains/2026-10-01/intended_leaf_remaining/results/intended-counters-stage2-off-1963100312-i41/attempt_22000677_child394_33368cbbeb5c/result.json
intended-counters-stage2-off-534933607-i34,counters,stage2,off,8d9471820f76ecc6f1d3a74241ad63c38ace8dde0a84f3996915d433701f1f83,8,534933607,34,534933640,hmrp-ha-ht-gbfs,hmrmax-astar,5,20,True,True,/home/hersco/training_new_domains/2026-10-01/intended_leaf_remaining/results/intended-counters-stage2-off-534933607-i34/attempt_21957721_child33_e4a7a87ed8d1/result.json
intended-counters-stage2-off-534933607-i43,counters,stage2,off,8d9471820f76ecc6f1d3a74241ad63c38ace8dde0a84f3996915d433701f1f83,8,534933607,43,534933649,hmrp-ha-ht-gbfs,hmrmax-astar,5,20,True,True,/home/hersco/training_new_domains/2026-10-01/intended_leaf_remaining/results/intended-counters-stage2-off-534933607-i43/attempt_21957729_child42_3262b5b9d6eb/result.json
intended-drone-stage1-off-1239739722-i6,drone,stage1,off,db5b59fb3044ba4b098b792e8ed249dab6c12d8ab15a616b483935af7fc72f97,51,1239739722,6,1239739727,hmrp-gbfs,hadd-astar,20,70,True,True,/home/hersco/training_new_domains/2026-10-01/intended_leaf_remaining/results/intended-drone-stage1-off-1239739722-i6/attempt_21969927_child655_20a71b4cfa98/result.json
intended-drone-stage1-off-1073581256-i15,drone,stage1,off,633b68eeece792b1454d0f8524d24ffbb0d8fa6a89e02388ef92f54f6b7390be,90,1073581256,15,1073581270,hmrp-gbfs,hadd-astar,20,70,True,True,/home/hersco/training_new_domains/2026-10-01/intended_leaf_remaining/results/intended-drone-stage1-off-1073581256-i15/attempt_21969240_child644_8309cf6ef35d/result.json
intended-counters-stage2-off-1472491096-i7,counters,stage2,off,d15cb836902dcc19eb4c447373e6b2d9e3d707d507c5693b143d4ecdd46fbf01,5,1472491096,7,1472491102,hmrp-ha-ht-gbfs,hmrmax-astar,5,20,True,True,/home/hersco/training_new_domains/2026-10-01/intended_leaf_remaining/results/intended-counters-stage2-off-1472491096-i7/attempt_21974675_child242_a4d211334905/result.json
intended-drone-stage1-off-1239739722-i19,drone,stage1,off,db5b59fb3044ba4b098b792e8ed249dab6c12d8ab15a616b483935af7fc72f97,51,1239739722,19,1239739740,hmrp-gbfs,hadd-astar,20,70,True,True,/home/hersco/training_new_domains/2026-10-01/intended_leaf_remaining/results/intended-drone-stage1-off-1239739722-i19/attempt_21973293_child668_eba378f2d52c/result.json
intended-fo_counters-stage2-off-1239739722-i6,fo_counters,stage2,off,e8f4d9c3fad7db91db8c407bb1ca6d7da04e1d4af5473491676e65d93d0e0cd4,70,1239739722,6,1239739727,hadd-gbfs,hmrmax-astar,20,70,True,True,/home/hersco/training_new_domains/2026-10-01/intended_leaf_remaining/results/intended-fo_counters-stage2-off-1239739722-i6/attempt_21982585_child1455_7eb520600c64/result.json
intended-counters-stage2-off-923500475-i5,counters,stage2,off,7cbd966d31332e7dc3e3ed274c0955b1b219ffbf7af1d885cf465a1649a71892,0,923500475,5,923500479,hmrp-ha-ht-gbfs,hmrmax-astar,5,20,True,True,/home/hersco/training_new_domains/2026-10-01/intended_leaf_remaining/results/intended-counters-stage2-off-923500475-i5/attempt_21957740_child63_ee95f28d1b3c/result.json
intended-drone-stage1-off-1073581256-i3,drone,stage1,off,633b68eeece792b1454d0f8524d24ffbb0d8fa6a89e02388ef92f54f6b7390be,90,1073581256,3,1073581258,hmrp-gbfs,hadd-astar,20,70,True,True,/home/hersco/training_new_domains/2026-10-01/intended_leaf_remaining/results/intended-drone-stage1-off-1073581256-i3/attempt_21969116_child632_57883c264b06/result.json
intended-counters-stage2-off-1073581256-i48,counters,stage2,off,29e56cb5dcd93d6c0e1c2f61460ee6a5b3fe06d2b73a2e0a362b58e389adb6e8,0,1073581256,48,1073581303,hmrp-ha-ht-gbfs,hmrmax-astar,5,20,True,True,/home/hersco/training_new_domains/2026-10-01/intended_leaf_remaining/results/intended-counters-stage2-off-1073581256-i48/attempt_21967823_child165_cbfa04d8813e/result.json
intended-counters-stage2-off-1239739722-i33,counters,stage2,off,42423cffe66adec6b2852ad048f9781b486eedb21c85bf651f789dd752e430c5,5,1239739722,33,1239739754,hmrp-ha-ht-gbfs,hmrmax-astar,5,20,True,True,/home/hersco/training_new_domains/2026-10-01/intended_leaf_remaining/results/intended-counters-stage2-off-1239739722-i33/attempt_21969623_child209_3996e6467fef/result.json
intended-counters-stage2-off-1239739722-i44,counters,stage2,off,42423cffe66adec6b2852ad048f9781b486eedb21c85bf651f789dd752e430c5,5,1239739722,44,1239739765,hmrp-ha-ht-gbfs,hmrmax-astar,5,20,True,True,/home/hersco/training_new_domains/2026-10-01/intended_leaf_remaining/results/intended-counters-stage2-off-1239739722-i44/attempt_21970215_child220_0e562d148b1e/result.json
intended-fo_counters-stage2-off-1073581256-i3,fo_counters,stage2,off,bf23351c34ee3fcce4bbaf23730a86ac757cb9002deccdefdbf1d91a085872ae,12,1073581256,3,1073581258,hadd-gbfs,hmrmax-astar,20,70,True,True,/home/hersco/training_new_domains/2026-10-01/intended_leaf_remaining/results/intended-fo_counters-stage2-off-1073581256-i3/attempt_21970050_child1432_b6633a4cb82b/result.json
intended-counters-stage2-off-1073581256-i42,counters,stage2,off,29e56cb5dcd93d6c0e1c2f61460ee6a5b3fe06d2b73a2e0a362b58e389adb6e8,0,1073581256,42,1073581297,hmrp-ha-ht-gbfs,hmrmax-astar,5,20,True,True,/home/hersco/training_new_domains/2026-10-01/intended_leaf_remaining/results/intended-counters-stage2-off-1073581256-i42/attempt_21967823_child159_f1bd5370df8e/result.json
intended-drone-stage1-off-1073581256-i9,drone,stage1,off,633b68eeece792b1454d0f8524d24ffbb0d8fa6a89e02388ef92f54f6b7390be,90,1073581256,9,1073581264,hmrp-gbfs,hadd-astar,20,70,True,True,/home/hersco/training_new_domains/2026-10-01/intended_leaf_remaining/results/intended-drone-stage1-off-1073581256-i9/attempt_21969116_child638_52b66350fcd4/result.json
intended-counters-stage2-off-1073581256-i35,counters,stage2,off,29e56cb5dcd93d6c0e1c2f61460ee6a5b3fe06d2b73a2e0a362b58e389adb6e8,0,1073581256,35,1073581290,hmrp-ha-ht-gbfs,hmrmax-astar,5,20,True,True,/home/hersco/training_new_domains/2026-10-01/intended_leaf_remaining/results/intended-counters-stage2-off-1073581256-i35/attempt_21964974_child152_3c7c906677e1/result.json
intended-counters-stage2-off-1239739722-i39,counters,stage2,off,42423cffe66adec6b2852ad048f9781b486eedb21c85bf651f789dd752e430c5,5,1239739722,39,1239739760,hmrp-ha-ht-gbfs,hmrmax-astar,5,20,True,True,/home/hersco/training_new_domains/2026-10-01/intended_leaf_remaining/results/intended-counters-stage2-off-1239739722-i39/attempt_21969623_child215_603c719593ef/result.json
intended-counters-stage2-off-2011206605-i17,counters,stage2,off,d665fd33557ec4bc1ef7ee21aea73260fde109f3b5f5b5876dcbc6302302976c,12,2011206605,17,2011206621,hmrp-ha-ht-gbfs,hmrmax-astar,5,20,True,True,/home/hersco/training_new_domains/2026-10-01/intended_leaf_remaining/results/intended-counters-stage2-off-2011206605-i17/attempt_22115174_child488_4217ac071a3f/result.json
intended-drone-stage1-on-1963100312-i20,drone,stage1,on,a9861f654d1da7a1e82387b05a980d88adeac0e811e1ceb5f1a9b16dbe444603,1,1963100312,20,1963100331,hmrp-gbfs,hadd-astar,20,70,True,True,/home/hersco/training_new_domains/2026-10-01/intended_leaf_remaining/results/intended-drone-stage1-on-1963100312-i20/attempt_22001562_child929_766d0d318280/result.json
intended-fo_counters-stage2-off-1073581256-i9,fo_counters,stage2,off,bf23351c34ee3fcce4bbaf23730a86ac757cb9002deccdefdbf1d91a085872ae,12,1073581256,9,1073581264,hadd-gbfs,hmrmax-astar,20,70,True,True,/home/hersco/training_new_domains/2026-10-01/intended_leaf_remaining/results/intended-fo_counters-stage2-off-1073581256-i9/attempt_21970050_child1438_6c651db47ba3/result.json
intended-fo_counters-stage2-on-1472491096-i1,fo_counters,stage2,on,0faaa11252057ada7e032799f9a3e51b36914e4aef4b08a4c7c617f83095026d,90,1472491096,1,1472491096,hadd-gbfs,hmrmax-astar,20,70,True,True,/home/hersco/training_new_domains/2026-10-01/intended_leaf_remaining/results/intended-fo_counters-stage2-on-1472491096-i1/attempt_22119104_child1670_d511aec60bc3/result.json
intended-drone-stage1-off-1239739722-i13,drone,stage1,off,db5b59fb3044ba4b098b792e8ed249dab6c12d8ab15a616b483935af7fc72f97,51,1239739722,13,1239739734,hmrp-gbfs,hadd-astar,20,70,True,True,/home/hersco/training_new_domains/2026-10-01/intended_leaf_remaining/results/intended-drone-stage1-off-1239739722-i13/attempt_21973293_child662_1dee3c2ee0ab/result.json
intended-counters-stage2-off-1510771779-i10,counters,stage2,off,56925811a052de71d328a314eeb4aaa3234a62e61ed161bdb9f462be7f9e76b1,37,1510771779,10,1510771788,hmrp-ha-ht-gbfs,hmrmax-astar,5,20,True,True,/home/hersco/training_new_domains/2026-10-01/intended_leaf_remaining/results/intended-counters-stage2-off-1510771779-i10/attempt_21990159_child304_144b6764b1f0/result.json
intended-drone-stage2-off-1239739722-i9,drone,stage2,off,24725f6f7fe8d89640436cda0a9bedfbfd4c9e8971f68062781a14d857b9d86b,56,1239739722,9,1239739730,hmrp-gbfs,hadd-astar,20,70,True,True,/home/hersco/training_new_domains/2026-10-01/intended_leaf_remaining/results/intended-drone-stage2-off-1239739722-i9/attempt_22097829_child1058_66038393f03a/result.json
intended-counters-stage2-off-534933607-i15,counters,stage2,off,8d9471820f76ecc6f1d3a74241ad63c38ace8dde0a84f3996915d433701f1f83,8,534933607,15,534933621,hmrp-ha-ht-gbfs,hmrmax-astar,5,20,True,True,/home/hersco/training_new_domains/2026-10-01/intended_leaf_remaining/results/intended-counters-stage2-off-534933607-i15/attempt_21957675_child14_aae48e14806c/result.json
intended-counters-stage2-off-1963100312-i17,counters,stage2,off,2e116c01f2ad50ed26d116ce2f7ef14723783d7ca4406b6cb8d349a1ffa468ff,33,1963100312,17,1963100328,hmrp-ha-ht-gbfs,hmrmax-astar,5,20,True,True,/home/hersco/training_new_domains/2026-10-01/intended_leaf_remaining/results/intended-counters-stage2-off-1963100312-i17/attempt_21992576_child370_e5fb2b79ce02/result.json
intended-drone-stage2-off-1073581256-i6,drone,stage2,off,e3337ff10b90120e76eb9da697b3725011a23f7a07f0557f1acbdb6dca2a36c4,14,1073581256,6,1073581261,hmrp-gbfs,hadd-astar,20,70,True,True,/home/hersco/training_new_domains/2026-10-01/intended_leaf_remaining/results/intended-drone-stage2-off-1073581256-i6/attempt_22082936_child1035_69aebcbb4aaa/result.json
intended-drone-stage2-off-1239739722-i3,drone,stage2,off,24725f6f7fe8d89640436cda0a9bedfbfd4c9e8971f68062781a14d857b9d86b,56,1239739722,3,1239739724,hmrp-gbfs,hadd-astar,20,70,True,True,/home/hersco/training_new_domains/2026-10-01/intended_leaf_remaining/results/intended-drone-stage2-off-1239739722-i3/attempt_22097829_child1052_97e023bd6de4/result.json
intended-counters-stage2-off-923500475-i10,counters,stage2,off,7cbd966d31332e7dc3e3ed274c0955b1b219ffbf7af1d885cf465a1649a71892,0,923500475,10,923500484,hmrp-ha-ht-gbfs,hmrmax-astar,5,20,True,True,/home/hersco/training_new_domains/2026-10-01/intended_leaf_remaining/results/intended-counters-stage2-off-923500475-i10/attempt_21957740_child68_7124b4c3de3e/result.json
intended-drone-stage1-on-1239739722-i8,drone,stage1,on,48738b47fd14ae74b4c27d905bb84a5810aeeb124ea86f2ad2c397e11e4ddf94,23,1239739722,8,1239739729,hmrp-gbfs,hadd-astar,20,70,True,True,/home/hersco/training_new_domains/2026-10-01/intended_leaf_remaining/results/intended-drone-stage1-on-1239739722-i8/attempt_21991443_child857_7b1222bd50d6/result.json
intended-counters-stage2-off-2011206605-i36,counters,stage2,off,d665fd33557ec4bc1ef7ee21aea73260fde109f3b5f5b5876dcbc6302302976c,12,2011206605,36,2011206640,hmrp-ha-ht-gbfs,hmrmax-astar,5,20,True,True,/home/hersco/training_new_domains/2026-10-01/intended_leaf_remaining/results/intended-counters-stage2-off-2011206605-i36/attempt_22119218_child507_f52c6ffcb14d/result.json
intended-counters-stage2-off-1239739722-i18,counters,stage2,off,42423cffe66adec6b2852ad048f9781b486eedb21c85bf651f789dd752e430c5,5,1239739722,18,1239739739,hmrp-ha-ht-gbfs,hmrmax-astar,5,20,True,True,/home/hersco/training_new_domains/2026-10-01/intended_leaf_remaining/results/intended-counters-stage2-off-1239739722-i18/attempt_21969350_child194_1b51696494e4/result.json
intended-counters-stage2-off-1073581256-i14,counters,stage2,off,29e56cb5dcd93d6c0e1c2f61460ee6a5b3fe06d2b73a2e0a362b58e389adb6e8,0,1073581256,14,1073581269,hmrp-ha-ht-gbfs,hmrmax-astar,5,20,True,True,/home/hersco/training_new_domains/2026-10-01/intended_leaf_remaining/results/intended-counters-stage2-off-1073581256-i14/attempt_21960429_child131_7f8b26ec0cb5/result.json
intended-fo_counters-stage2-off-1073581256-i14,fo_counters,stage2,off,bf23351c34ee3fcce4bbaf23730a86ac757cb9002deccdefdbf1d91a085872ae,12,1073581256,14,1073581269,hadd-gbfs,hmrmax-astar,20,70,True,True,/home/hersco/training_new_domains/2026-10-01/intended_leaf_remaining/results/intended-fo_counters-stage2-off-1073581256-i14/attempt_21974023_child1443_56bba2f80262/result.json
intended-drone-stage1-on-2082152039-i11,drone,stage1,on,0ff2da76b7040069403b73d7a38f628e483e7117b98f72cdc31ef52808c101a9,26,2082152039,11,2082152049,hmrp-gbfs,hadd-astar,20,70,True,True,/home/hersco/training_new_domains/2026-10-01/intended_leaf_remaining/results/intended-drone-stage1-on-2082152039-i11/attempt_22058389_child980_2b896ce6957c/result.json
intended-counters-stage2-off-1963100312-i7,counters,stage2,off,2e116c01f2ad50ed26d116ce2f7ef14723783d7ca4406b6cb8d349a1ffa468ff,33,1963100312,7,1963100318,hmrp-ha-ht-gbfs,hmrmax-astar,5,20,True,True,/home/hersco/training_new_domains/2026-10-01/intended_leaf_remaining/results/intended-counters-stage2-off-1963100312-i7/attempt_21992522_child360_783b939d05d4/result.json
intended-drone-stage1-on-1073581256-i7,drone,stage1,on,1fdd75ab2f48fd428524b42bdb4e6bd553eb962d5ab34dd2efb45c40c7e2390e,118,1073581256,7,1073581262,hmrp-gbfs,hadd-astar,20,70,True,True,/home/hersco/training_new_domains/2026-10-01/intended_leaf_remaining/results/intended-drone-stage1-on-1073581256-i7/attempt_21990239_child836_22421c854582/result.json
intended-drone-stage1-off-2011206605-i16,drone,stage1,off,bd243a04dfdd164e760f6c93c48a8d45cb6694ea67304c70bba70daec1fbab98,40,2011206605,16,2011206620,hmrp-gbfs,hadd-astar,20,70,True,True,/home/hersco/training_new_domains/2026-10-01/intended_leaf_remaining/results/intended-drone-stage1-off-2011206605-i16/attempt_21984284_child765_74c1a85574de/result.json
intended-fo_counters-stage2-off-1239739722-i12,fo_counters,stage2,off,e8f4d9c3fad7db91db8c407bb1ca6d7da04e1d4af5473491676e65d93d0e0cd4,70,1239739722,12,1239739733,hadd-gbfs,hmrmax-astar,20,70,True,True,/home/hersco/training_new_domains/2026-10-01/intended_leaf_remaining/results/intended-fo_counters-stage2-off-1239739722-i12/attempt_21983009_child1461_54a752e441bf/result.json
intended-drone-stage1-on-1239739722-i2,drone,stage1,on,48738b47fd14ae74b4c27d905bb84a5810aeeb124ea86f2ad2c397e11e4ddf94,23,1239739722,2,1239739723,hmrp-gbfs,hadd-astar,20,70,True,True,/home/hersco/training_new_domains/2026-10-01/intended_leaf_remaining/results/intended-drone-stage1-on-1239739722-i2/attempt_21991443_child851_4d81dbf52ab4/result.json
intended-counters-stage2-off-1239739722-i12,counters,stage2,off,42423cffe66adec6b2852ad048f9781b486eedb21c85bf651f789dd752e430c5,5,1239739722,12,1239739733,hmrp-ha-ht-gbfs,hmrmax-astar,5,20,True,True,/home/hersco/training_new_domains/2026-10-01/intended_leaf_remaining/results/intended-counters-stage2-off-1239739722-i12/attempt_21969350_child188_50cb49ed57c4/result.json
intended-drone-stage1-on-1472491096-i11,drone,stage1,on,06d9bfa280defcbbcb76bdbae4ef6e1afd6c74354377f66b8130ccb3006dc400,21,1472491096,11,1472491106,hmrp-gbfs,hadd-astar,20,70,True,True,/home/hersco/training_new_domains/2026-10-01/intended_leaf_remaining/results/intended-drone-stage1-on-1472491096-i11/attempt_21997550_child880_36468d040393/result.json
intended-drone-stage1-on-1972442430-i17,drone,stage1,on,4f8634868e328f4a5a1019f91f6c80b082945db9ddd0fc537c3eec4f4febb3d7,21,1972442430,17,1972442446,hmrp-gbfs,hadd-astar,20,70,True,True,/home/hersco/training_new_domains/2026-10-01/intended_leaf_remaining/results/intended-drone-stage1-on-1972442430-i17/attempt_22001964_child946_2543e956522d/result.json
intended-counters-stage2-off-1972442430-i7,counters,stage2,off,7402760195fdce0e856f247d9e36c30d33a33e1c48b9304a3bdf60fd3fc97b50,82,1972442430,7,1972442436,hmrp-ha-ht-gbfs,hmrmax-astar,5,20,True,True,/home/hersco/training_new_domains/2026-10-01/intended_leaf_remaining/results/intended-counters-stage2-off-1972442430-i7/attempt_22066582_child419_5f62eb2e57b9/result.json
intended-drone-stage2-off-1239739722-i12,drone,stage2,off,24725f6f7fe8d89640436cda0a9bedfbfd4c9e8971f68062781a14d857b9d86b,56,1239739722,12,1239739733,hmrp-gbfs,hadd-astar,20,70,True,True,/home/hersco/training_new_domains/2026-10-01/intended_leaf_remaining/results/intended-drone-stage2-off-1239739722-i12/attempt_22098445_child1061_eb745bbc5254/result.json
intended-drone-stage1-on-2011206605-i12,drone,stage1,on,7a0d4ae09e6084c98e49851f331af161432814fe23efa099a24a478835499d13,19,2011206605,12,2011206616,hmrp-gbfs,hadd-astar,20,70,True,True,/home/hersco/training_new_domains/2026-10-01/intended_leaf_remaining/results/intended-drone-stage1-on-2011206605-i12/attempt_22047674_child961_f76c69c3906d/result.json
intended-counters-stage2-off-1963100312-i25,counters,stage2,off,2e116c01f2ad50ed26d116ce2f7ef14723783d7ca4406b6cb8d349a1ffa468ff,33,1963100312,25,1963100336,hmrp-ha-ht-gbfs,hmrmax-astar,5,20,True,True,/home/hersco/training_new_domains/2026-10-01/intended_leaf_remaining/results/intended-counters-stage2-off-1963100312-i25/attempt_21992652_child378_506f64dc7f00/result.json
intended-counters-stage2-off-1963100312-i52,counters,stage2,off,2e116c01f2ad50ed26d116ce2f7ef14723783d7ca4406b6cb8d349a1ffa468ff,33,1963100312,52,1963100363,hmrp-ha-ht-gbfs,hmrmax-astar,5,20,True,True,/home/hersco/training_new_domains/2026-10-01/intended_leaf_remaining/results/intended-counters-stage2-off-1963100312-i52/attempt_22025195_child405_fbbfa9c087df/result.json
intended-drone-stage1-off-1963100312-i9,drone,stage1,off,a26b80b42378b986dc13250b7e818c7f295749ee2d5491930dc1d2ad0fdb3f88,157,1963100312,9,1963100320,hmrp-gbfs,hadd-astar,20,70,True,True,/home/hersco/training_new_domains/2026-10-01/intended_leaf_remaining/results/intended-drone-stage1-off-1963100312-i9/attempt_21977349_child718_9ec0f381c9f8/result.json
intended-counters-stage2-off-1472491096-i48,counters,stage2,off,d15cb836902dcc19eb4c447373e6b2d9e3d707d507c5693b143d4ecdd46fbf01,5,1472491096,48,1472491143,hmrp-ha-ht-gbfs,hmrmax-astar,5,20,True,True,/home/hersco/training_new_domains/2026-10-01/intended_leaf_remaining/results/intended-counters-stage2-off-1472491096-i48/attempt_21986890_child283_4088974dc65e/result.json
intended-counters-stage2-off-534933607-i27,counters,stage2,off,8d9471820f76ecc6f1d3a74241ad63c38ace8dde0a84f3996915d433701f1f83,8,534933607,27,534933633,hmrp-ha-ht-gbfs,hmrmax-astar,5,20,True,True,/home/hersco/training_new_domains/2026-10-01/intended_leaf_remaining/results/intended-counters-stage2-off-534933607-i27/attempt_21957717_child26_f1948e6c33e1/result.json
intended-counters-stage2-off-1972442430-i39,counters,stage2,off,7402760195fdce0e856f247d9e36c30d33a33e1c48b9304a3bdf60fd3fc97b50,82,1972442430,39,1972442468,hmrp-ha-ht-gbfs,hmrmax-astar,5,20,True,True,/home/hersco/training_new_domains/2026-10-01/intended_leaf_remaining/results/intended-counters-stage2-off-1972442430-i39/attempt_22068992_child451_551afdc2a0c3/result.json
intended-counters-stage2-off-534933607-i50,counters,stage2,off,8d9471820f76ecc6f1d3a74241ad63c38ace8dde0a84f3996915d433701f1f83,8,534933607,50,534933656,hmrp-ha-ht-gbfs,hmrmax-astar,5,20,True,True,/home/hersco/training_new_domains/2026-10-01/intended_leaf_remaining/results/intended-counters-stage2-off-534933607-i50/attempt_21957729_child49_beef1011957e/result.json
intended-counters-stage2-off-923500475-i28,counters,stage2,off,7cbd966d31332e7dc3e3ed274c0955b1b219ffbf7af1d885cf465a1649a71892,0,923500475,28,923500502,hmrp-ha-ht-gbfs,hmrmax-astar,5,20,True,True,/home/hersco/training_new_domains/2026-10-01/intended_leaf_remaining/results/intended-counters-stage2-off-923500475-i28/attempt_21957797_child86_327f0858b8e5/result.json
intended-fo_counters-stage2-off-1972442430-i3,fo_counters,stage2,off,5777ec23eb6f70cc969d1f73740f205b009e7e1d5e9f5dfbb3e498f3bd82275c,15,1972442430,3,1972442432,hadd-gbfs,hmrmax-astar,20,70,True,True,/home/hersco/training_new_domains/2026-10-01/intended_leaf_remaining/results/intended-fo_counters-stage2-off-1972442430-i3/attempt_22001567_child1532_f38995e9b5ae/result.json
intended-drone-stage1-on-1472491096-i7,drone,stage1,on,06d9bfa280defcbbcb76bdbae4ef6e1afd6c74354377f66b8130ccb3006dc400,21,1472491096,7,1472491102,hmrp-gbfs,hadd-astar,20,70,True,True,/home/hersco/training_new_domains/2026-10-01/intended_leaf_remaining/results/intended-drone-stage1-on-1472491096-i7/attempt_21997492_child876_2df8b001c215/result.json
intended-drone-stage1-off-1972442430-i3,drone,stage1,off,d4231bbb4257cc35153cf80bf35986f2e446c5f157d36130f76d7f23fc98bd5a,67,1972442430,3,1972442432,hmrp-gbfs,hadd-astar,20,70,True,True,/home/hersco/training_new_domains/2026-10-01/intended_leaf_remaining/results/intended-drone-stage1-off-1972442430-i3/attempt_21982890_child732_96c02dc2890f/result.json
intended-drone-stage1-off-1472491096-i15,drone,stage1,off,c1c2ec8215c07ebc33db4e919d404e3d7230878b06f4086b52e8a38f11493124,92,1472491096,15,1472491110,hmrp-gbfs,hadd-astar,20,70,True,True,/home/hersco/training_new_domains/2026-10-01/intended_leaf_remaining/results/intended-drone-stage1-off-1472491096-i15/attempt_21974018_child684_bdaf8df61f8b/result.json
intended-drone-stage1-off-1972442430-i13,drone,stage1,off,d4231bbb4257cc35153cf80bf35986f2e446c5f157d36130f76d7f23fc98bd5a,67,1972442430,13,1972442442,hmrp-gbfs,hadd-astar,20,70,True,True,/home/hersco/training_new_domains/2026-10-01/intended_leaf_remaining/results/intended-drone-stage1-off-1972442430-i13/attempt_21982993_child742_58ca6a3fb89b/result.json
intended-counters-stage2-off-1510771779-i22,counters,stage2,off,56925811a052de71d328a314eeb4aaa3234a62e61ed161bdb9f462be7f9e76b1,37,1510771779,22,1510771800,hmrp-ha-ht-gbfs,hmrmax-astar,5,20,True,True,/home/hersco/training_new_domains/2026-10-01/intended_leaf_remaining/results/intended-counters-stage2-off-1510771779-i22/attempt_21990177_child316_7d6389ac229b/result.json
intended-counters-stage2-off-923500475-i22,counters,stage2,off,7cbd966d31332e7dc3e3ed274c0955b1b219ffbf7af1d885cf465a1649a71892,0,923500475,22,923500496,hmrp-ha-ht-gbfs,hmrmax-astar,5,20,True,True,/home/hersco/training_new_domains/2026-10-01/intended_leaf_remaining/results/intended-counters-stage2-off-923500475-i22/attempt_21957797_child80_8e1df5ee4416/result.json
intended-fo_counters-stage2-off-1972442430-i9,fo_counters,stage2,off,5777ec23eb6f70cc969d1f73740f205b009e7e1d5e9f5dfbb3e498f3bd82275c,15,1972442430,9,1972442438,hadd-gbfs,hmrmax-astar,20,70,True,True,/home/hersco/training_new_domains/2026-10-01/intended_leaf_remaining/results/intended-fo_counters-stage2-off-1972442430-i9/attempt_22001567_child1538_9ce4bcd24f79/result.json
intended-counters-stage2-off-923500475-i55,counters,stage2,off,7cbd966d31332e7dc3e3ed274c0955b1b219ffbf7af1d885cf465a1649a71892,0,923500475,55,923500529,hmrp-ha-ht-gbfs,hmrmax-astar,5,20,True,True,/home/hersco/training_new_domains/2026-10-01/intended_leaf_remaining/results/intended-counters-stage2-off-923500475-i55/attempt_21958349_child113_858158556087/result.json
intended-drone-stage1-off-1972442430-i9,drone,stage1,off,d4231bbb4257cc35153cf80bf35986f2e446c5f157d36130f76d7f23fc98bd5a,67,1972442430,9,1972442438,hmrp-gbfs,hadd-astar,20,70,True,True,/home/hersco/training_new_domains/2026-10-01/intended_leaf_remaining/results/intended-drone-stage1-off-1972442430-i9/attempt_21982890_child738_1863624b49a4/result.json
intended-drone-stage1-off-1972442430-i19,drone,stage1,off,d4231bbb4257cc35153cf80bf35986f2e446c5f157d36130f76d7f23fc98bd5a,67,1972442430,19,1972442448,hmrp-gbfs,hadd-astar,20,70,True,True,/home/hersco/training_new_domains/2026-10-01/intended_leaf_remaining/results/intended-drone-stage1-off-1972442430-i19/attempt_21982993_child748_860f663c3bc4/result.json
intended-counters-stage2-off-1510771779-i28,counters,stage2,off,56925811a052de71d328a314eeb4aaa3234a62e61ed161bdb9f462be7f9e76b1,37,1510771779,28,1510771806,hmrp-ha-ht-gbfs,hmrmax-astar,5,20,True,True,/home/hersco/training_new_domains/2026-10-01/intended_leaf_remaining/results/intended-counters-stage2-off-1510771779-i28/attempt_21990177_child322_500775beb03d/result.json
intended-drone-stage1-on-2011206605-i18,drone,stage1,on,7a0d4ae09e6084c98e49851f331af161432814fe23efa099a24a478835499d13,19,2011206605,18,2011206622,hmrp-gbfs,hadd-astar,20,70,True,True,/home/hersco/training_new_domains/2026-10-01/intended_leaf_remaining/results/intended-drone-stage1-on-2011206605-i18/attempt_22047674_child967_fce5baef2da0/result.json
intended-fo_counters-stage2-off-1963100312-i3,fo_counters,stage2,off,adae4aeb8dbb21f6ea28ce92b90df0bfb56bf4bf9aafb26479f1d2b7887ae80a,27,1963100312,3,1963100314,hadd-gbfs,hmrmax-astar,20,70,True,True,/home/hersco/training_new_domains/2026-10-01/intended_leaf_remaining/results/intended-fo_counters-stage2-off-1963100312-i3/attempt_22001565_child1512_db77f9f3b8e2/result.json
intended-drone-stage1-off-1963100312-i3,drone,stage1,off,a26b80b42378b986dc13250b7e818c7f295749ee2d5491930dc1d2ad0fdb3f88,157,1963100312,3,1963100314,hmrp-gbfs,hadd-astar,20,70,True,True,/home/hersco/training_new_domains/2026-10-01/intended_leaf_remaining/results/intended-drone-stage1-off-1963100312-i3/attempt_21977349_child712_50f70b698167/result.json
intended-counters-stage2-off-1972442430-i33,counters,stage2,off,7402760195fdce0e856f247d9e36c30d33a33e1c48b9304a3bdf60fd3fc97b50,82,1972442430,33,1972442462,hmrp-ha-ht-gbfs,hmrmax-astar,5,20,True,True,/home/hersco/training_new_domains/2026-10-01/intended_leaf_remaining/results/intended-counters-stage2-off-1972442430-i33/attempt_22068992_child445_d2889ce27317/result.json
intended-drone-stage1-off-2082152039-i15,drone,stage1,off,6c233736346bfd8c342574662b0b1d3ebaf47b711be0f8244281a27de1ea8ab9,38,2082152039,15,2082152053,hmrp-gbfs,hadd-astar,20,70,True,True,/home/hersco/training_new_domains/2026-10-01/intended_leaf_remaining/results/intended-drone-stage1-off-2082152039-i15/attempt_21988777_child784_ea8294011e28/result.json
intended-counters-stage2-off-1472491096-i35,counters,stage2,off,d15cb836902dcc19eb4c447373e6b2d9e3d707d507c5693b143d4ecdd46fbf01,5,1472491096,35,1472491130,hmrp-ha-ht-gbfs,hmrmax-astar,5,20,True,True,/home/hersco/training_new_domains/2026-10-01/intended_leaf_remaining/results/intended-counters-stage2-off-1472491096-i35/attempt_21982316_child270_c99aed4998e4/result.json
intended-counters-stage2-off-1472491096-i42,counters,stage2,off,d15cb836902dcc19eb4c447373e6b2d9e3d707d507c5693b143d4ecdd46fbf01,5,1472491096,42,1472491137,hmrp-ha-ht-gbfs,hmrmax-astar,5,20,True,True,/home/hersco/training_new_domains/2026-10-01/intended_leaf_remaining/results/intended-counters-stage2-off-1472491096-i42/attempt_21986890_child277_505d73365eac/result.json
intended-counters-stage2-off-534933607-i1,counters,stage2,off,8d9471820f76ecc6f1d3a74241ad63c38ace8dde0a84f3996915d433701f1f83,8,534933607,1,534933607,hmrp-ha-ht-gbfs,hmrmax-astar,5,20,True,True,/home/hersco/training_new_domains/2026-10-01/intended_leaf_remaining/results/intended-counters-stage2-off-534933607-i1/attempt_21957674_child0_983cb4cdeb49/result.json
intended-drone-stage1-off-2082152039-i5,drone,stage1,off,6c233736346bfd8c342574662b0b1d3ebaf47b711be0f8244281a27de1ea8ab9,38,2082152039,5,2082152043,hmrp-gbfs,hadd-astar,20,70,True,True,/home/hersco/training_new_domains/2026-10-01/intended_leaf_remaining/results/intended-drone-stage1-off-2082152039-i5/attempt_21988558_child774_f32d4046c006/result.json
intended-fo_counters-stage2-off-923500475-i4,fo_counters,stage2,off,a600921fa8f15820f0a4fbcf1c6e614bf3be9a18cd4ceb699d4731b250e92a14,9,923500475,4,923500478,hadd-gbfs,hmrmax-astar,20,70,True,True,/home/hersco/training_new_domains/2026-10-01/intended_leaf_remaining/results/intended-fo_counters-stage2-off-923500475-i4/attempt_21957710_child1413_634498420fae/result.json
intended-fo_counters-stage2-off-2082152039-i5,fo_counters,stage2,off,ccf2d2bd019ea198331b200029e2656e64c53abad6a5638f0e72766f3247fd72,17,2082152039,5,2082152043,hadd-gbfs,hmrmax-astar,20,70,True,True,/home/hersco/training_new_domains/2026-10-01/intended_leaf_remaining/results/intended-fo_counters-stage2-off-2082152039-i5/attempt_22001571_child1574_09e92ce0f25a/result.json
intended-counters-stage2-off-1073581256-i51,counters,stage2,off,29e56cb5dcd93d6c0e1c2f61460ee6a5b3fe06d2b73a2e0a362b58e389adb6e8,0,1073581256,51,1073581306,hmrp-ha-ht-gbfs,hmrmax-astar,5,20,True,True,/home/hersco/training_new_domains/2026-10-01/intended_leaf_remaining/results/intended-counters-stage2-off-1073581256-i51/attempt_21969124_child168_c7d9c44a95ee/result.json
intended-counters-stage2-off-1073581256-i26,counters,stage2,off,29e56cb5dcd93d6c0e1c2f61460ee6a5b3fe06d2b73a2e0a362b58e389adb6e8,0,1073581256,26,1073581281,hmrp-ha-ht-gbfs,hmrmax-astar,5,20,True,True,/home/hersco/training_new_domains/2026-10-01/intended_leaf_remaining/results/intended-counters-stage2-off-1073581256-i26/attempt_21964233_child143_438d178a0519/result.json
intended-fo_counters-stage2-off-923500475-i14,fo_counters,stage2,off,a600921fa8f15820f0a4fbcf1c6e614bf3be9a18cd4ceb699d4731b250e92a14,9,923500475,14,923500488,hadd-gbfs,hmrmax-astar,20,70,True,True,/home/hersco/training_new_domains/2026-10-01/intended_leaf_remaining/results/intended-fo_counters-stage2-off-923500475-i14/attempt_21957716_child1423_70925b2c38e4/result.json
intended-drone-stage2-off-1472491096-i6,drone,stage2,off,0b6483e03d00fe1d395fa287c780468527111843b8e698bfda584a551b674083,14,1472491096,6,1472491101,hmrp-gbfs,hadd-astar,20,70,True,True,/home/hersco/training_new_domains/2026-10-01/intended_leaf_remaining/results/intended-drone-stage2-off-1472491096-i6/attempt_22119098_child1075_3194318003e6/result.json
intended-drone-stage1-off-534933607-i6,drone,stage1,off,c9434b115516e234fff8a4a5f9c2200d6959615749c8706f597464e72b43bee3,69,534933607,6,534933612,hmrp-gbfs,hadd-astar,20,70,True,True,/home/hersco/training_new_domains/2026-10-01/intended_leaf_remaining/results/intended-drone-stage1-off-534933607-i6/attempt_21957570_child595_dda2bde88c16/result.json
intended-drone-stage1-off-923500475-i14,drone,stage1,off,9b6add4c4e8b104c3e8cad429bf203355ad01eb9d95d5080f788e92a5de88e95,1,923500475,14,923500488,hmrp-gbfs,hadd-astar,20,70,True,True,/home/hersco/training_new_domains/2026-10-01/intended_leaf_remaining/results/intended-drone-stage1-off-923500475-i14/attempt_21957648_child623_00fb83ecd10d/result.json
intended-drone-stage1-off-1510771779-i4,drone,stage1,off,26918994bc769827ef04262944a7dc4ed6f2b73baf9424a613fe8df29b4d52e4,16,1510771779,4,1510771782,hmrp-gbfs,hadd-astar,20,70,True,True,/home/hersco/training_new_domains/2026-10-01/intended_leaf_remaining/results/intended-drone-stage1-off-1510771779-i4/attempt_21976887_child693_90cf39d8567e/result.json
intended-fo_counters-stage2-off-1510771779-i4,fo_counters,stage2,off,4a0fc39b5c8d696031a2c47ee3aa0e328cbd45c0da2897d446c08c0ae0f257f6,6,1510771779,4,1510771782,hadd-gbfs,hmrmax-astar,20,70,True,True,/home/hersco/training_new_domains/2026-10-01/intended_leaf_remaining/results/intended-fo_counters-stage2-off-1510771779-i4/attempt_21994334_child1493_b6e1c5e4b05a/result.json
intended-counters-stage2-off-1239739722-i20,counters,stage2,off,42423cffe66adec6b2852ad048f9781b486eedb21c85bf651f789dd752e430c5,5,1239739722,20,1239739741,hmrp-ha-ht-gbfs,hmrmax-astar,5,20,True,True,/home/hersco/training_new_domains/2026-10-01/intended_leaf_remaining/results/intended-counters-stage2-off-1239739722-i20/attempt_21969350_child196_7d2679e5442f/result.json
intended-counters-stage2-off-1239739722-i57,counters,stage2,off,42423cffe66adec6b2852ad048f9781b486eedb21c85bf651f789dd752e430c5,5,1239739722,57,1239739778,hmrp-ha-ht-gbfs,hmrmax-astar,5,20,True,True,/home/hersco/training_new_domains/2026-10-01/intended_leaf_remaining/results/intended-counters-stage2-off-1239739722-i57/attempt_21970367_child233_b1baa0aa9163/result.json
intended-drone-stage2-off-534933607-i1,drone,stage2,off,374884068aa2f599389f37f756631fcf8d92b41decf37a55bd3f387076dd9b34,63,534933607,1,534933607,hmrp-gbfs,hadd-astar,20,70,True,True,/home/hersco/training_new_domains/2026-10-01/intended_leaf_remaining/results/intended-drone-stage2-off-534933607-i1/attempt_22063106_child990_b371dba1d6ba/result.json
intended-drone-stage1-off-534933607-i11,drone,stage1,off,c9434b115516e234fff8a4a5f9c2200d6959615749c8706f597464e72b43bee3,69,534933607,11,534933617,hmrp-gbfs,hadd-astar,20,70,True,True,/home/hersco/training_new_domains/2026-10-01/intended_leaf_remaining/results/intended-drone-stage1-off-534933607-i11/attempt_21957632_child600_034417708e09/result.json
intended-fo_counters-stage2-off-534933607-i11,fo_counters,stage2,off,de77046fa62754c0714421bb0b299fa030fb0a99309114e71553e134fba8efea,17,534933607,11,534933617,hadd-gbfs,hmrmax-astar,20,70,True,True,/home/hersco/training_new_domains/2026-10-01/intended_leaf_remaining/results/intended-fo_counters-stage2-off-534933607-i11/attempt_21957708_child1400_ef2b12eed534/result.json
intended-fo_counters-stage2-off-923500475-i3,fo_counters,stage2,off,a600921fa8f15820f0a4fbcf1c6e614bf3be9a18cd4ceb699d4731b250e92a14,9,923500475,3,923500477,hadd-gbfs,hmrmax-astar,20,70,True,True,/home/hersco/training_new_domains/2026-10-01/intended_leaf_remaining/results/intended-fo_counters-stage2-off-923500475-i3/attempt_21957710_child1412_dc9517365bd5/result.json
intended-drone-stage1-off-2082152039-i2,drone,stage1,off,6c233736346bfd8c342574662b0b1d3ebaf47b711be0f8244281a27de1ea8ab9,38,2082152039,2,2082152040,hmrp-gbfs,hadd-astar,20,70,True,True,/home/hersco/training_new_domains/2026-10-01/intended_leaf_remaining/results/intended-drone-stage1-off-2082152039-i2/attempt_21988558_child771_f75d5479dd47/result.json
intended-fo_counters-stage2-off-2082152039-i2,fo_counters,stage2,off,ccf2d2bd019ea198331b200029e2656e64c53abad6a5638f0e72766f3247fd72,17,2082152039,2,2082152040,hadd-gbfs,hmrmax-astar,20,70,True,True,/home/hersco/training_new_domains/2026-10-01/intended_leaf_remaining/results/intended-fo_counters-stage2-off-2082152039-i2/attempt_22001571_child1571_7fea748584bd/result.json
intended-drone-stage1-off-1510771779-i9,drone,stage1,off,26918994bc769827ef04262944a7dc4ed6f2b73baf9424a613fe8df29b4d52e4,16,1510771779,9,1510771787,hmrp-gbfs,hadd-astar,20,70,True,True,/home/hersco/training_new_domains/2026-10-01/intended_leaf_remaining/results/intended-drone-stage1-off-1510771779-i9/attempt_21976887_child698_893ea2d32764/result.json
intended-drone-stage1-on-2011206605-i7,drone,stage1,on,7a0d4ae09e6084c98e49851f331af161432814fe23efa099a24a478835499d13,19,2011206605,7,2011206611,hmrp-gbfs,hadd-astar,20,70,True,True,/home/hersco/training_new_domains/2026-10-01/intended_leaf_remaining/results/intended-drone-stage1-on-2011206605-i7/attempt_22032947_child956_38b92ccf9b6f/result.json
intended-drone-stage2-off-1472491096-i1,drone,stage2,off,0b6483e03d00fe1d395fa287c780468527111843b8e698bfda584a551b674083,14,1472491096,1,1472491096,hmrp-gbfs,hadd-astar,20,70,True,True,/home/hersco/training_new_domains/2026-10-01/intended_leaf_remaining/results/intended-drone-stage2-off-1472491096-i1/attempt_22119098_child1070_f17e18e62d01/result.json
intended-fo_counters-stage2-off-923500475-i13,fo_counters,stage2,off,a600921fa8f15820f0a4fbcf1c6e614bf3be9a18cd4ceb699d4731b250e92a14,9,923500475,13,923500487,hadd-gbfs,hmrmax-astar,20,70,True,True,/home/hersco/training_new_domains/2026-10-01/intended_leaf_remaining/results/intended-fo_counters-stage2-off-923500475-i13/attempt_21957716_child1422_4e6844a6c6a9/result.json
intended-counters-stage2-off-1073581256-i21,counters,stage2,off,29e56cb5dcd93d6c0e1c2f61460ee6a5b3fe06d2b73a2e0a362b58e389adb6e8,0,1073581256,21,1073581276,hmrp-ha-ht-gbfs,hmrmax-astar,5,20,True,True,/home/hersco/training_new_domains/2026-10-01/intended_leaf_remaining/results/intended-counters-stage2-off-1073581256-i21/attempt_21964233_child138_f09c64a0dbc5/result.json
intended-counters-stage2-off-1073581256-i56,counters,stage2,off,29e56cb5dcd93d6c0e1c2f61460ee6a5b3fe06d2b73a2e0a362b58e389adb6e8,0,1073581256,56,1073581311,hmrp-ha-ht-gbfs,hmrmax-astar,5,20,True,True,/home/hersco/training_new_domains/2026-10-01/intended_leaf_remaining/results/intended-counters-stage2-off-1073581256-i56/attempt_21969124_child173_8af8da4b5dbe/result.json
intended-fo_counters-stage2-off-1510771779-i9,fo_counters,stage2,off,4a0fc39b5c8d696031a2c47ee3aa0e328cbd45c0da2897d446c08c0ae0f257f6,6,1510771779,9,1510771787,hadd-gbfs,hmrmax-astar,20,70,True,True,/home/hersco/training_new_domains/2026-10-01/intended_leaf_remaining/results/intended-fo_counters-stage2-off-1510771779-i9/attempt_21994334_child1498_713711514907/result.json
intended-drone-stage1-off-534933607-i1,drone,stage1,off,c9434b115516e234fff8a4a5f9c2200d6959615749c8706f597464e72b43bee3,69,534933607,1,534933607,hmrp-gbfs,hadd-astar,20,70,True,True,/home/hersco/training_new_domains/2026-10-01/intended_leaf_remaining/results/intended-drone-stage1-off-534933607-i1/attempt_21957570_child590_b5a8c88f787c/result.json
intended-drone-stage1-off-923500475-i13,drone,stage1,off,9b6add4c4e8b104c3e8cad429bf203355ad01eb9d95d5080f788e92a5de88e95,1,923500475,13,923500487,hmrp-gbfs,hadd-astar,20,70,True,True,/home/hersco/training_new_domains/2026-10-01/intended_leaf_remaining/results/intended-drone-stage1-off-923500475-i13/attempt_21957648_child622_909fe4e8dfa7/result.json
intended-drone-stage1-off-1510771779-i3,drone,stage1,off,26918994bc769827ef04262944a7dc4ed6f2b73baf9424a613fe8df29b4d52e4,16,1510771779,3,1510771781,hmrp-gbfs,hadd-astar,20,70,True,True,/home/hersco/training_new_domains/2026-10-01/intended_leaf_remaining/results/intended-drone-stage1-off-1510771779-i3/attempt_21976887_child692_074b82a298a0/result.json
intended-fo_counters-stage2-off-923500475-i19,fo_counters,stage2,off,a600921fa8f15820f0a4fbcf1c6e614bf3be9a18cd4ceb699d4731b250e92a14,9,923500475,19,923500493,hadd-gbfs,hmrmax-astar,20,70,True,True,/home/hersco/training_new_domains/2026-10-01/intended_leaf_remaining/results/intended-fo_counters-stage2-off-923500475-i19/attempt_21957716_child1428_054970c59e0b/result.json
intended-counters-stage2-off-1239739722-i50,counters,stage2,off,42423cffe66adec6b2852ad048f9781b486eedb21c85bf651f789dd752e430c5,5,1239739722,50,1239739771,hmrp-ha-ht-gbfs,hmrmax-astar,5,20,True,True,/home/hersco/training_new_domains/2026-10-01/intended_leaf_remaining/results/intended-counters-stage2-off-1239739722-i50/attempt_21970215_child226_c02ca48605b8/result.json
intended-fo_counters-stage2-off-1510771779-i3,fo_counters,stage2,off,4a0fc39b5c8d696031a2c47ee3aa0e328cbd45c0da2897d446c08c0ae0f257f6,6,1510771779,3,1510771781,hadd-gbfs,hmrmax-astar,20,70,True,True,/home/hersco/training_new_domains/2026-10-01/intended_leaf_remaining/results/intended-fo_counters-stage2-off-1510771779-i3/attempt_21994334_child1492_dce4d917ace0/result.json
intended-counters-stage2-off-1239739722-i27,counters,stage2,off,42423cffe66adec6b2852ad048f9781b486eedb21c85bf651f789dd752e430c5,5,1239739722,27,1239739748,hmrp-ha-ht-gbfs,hmrmax-astar,5,20,True,True,/home/hersco/training_new_domains/2026-10-01/intended_leaf_remaining/results/intended-counters-stage2-off-1239739722-i27/attempt_21969443_child203_f9d5df2d97f9/result.json
intended-drone-stage1-off-923500475-i19,drone,stage1,off,9b6add4c4e8b104c3e8cad429bf203355ad01eb9d95d5080f788e92a5de88e95,1,923500475,19,923500493,hmrp-gbfs,hadd-astar,20,70,True,True,/home/hersco/training_new_domains/2026-10-01/intended_leaf_remaining/results/intended-drone-stage1-off-923500475-i19/attempt_21957648_child628_eb60421f9534/result.json
intended-drone-stage1-off-534933607-i16,drone,stage1,off,c9434b115516e234fff8a4a5f9c2200d6959615749c8706f597464e72b43bee3,69,534933607,16,534933622,hmrp-gbfs,hadd-astar,20,70,True,True,/home/hersco/training_new_domains/2026-10-01/intended_leaf_remaining/results/intended-drone-stage1-off-534933607-i16/attempt_21957632_child605_0ecc491c2e1c/result.json
intended-drone-stage2-off-534933607-i6,drone,stage2,off,374884068aa2f599389f37f756631fcf8d92b41decf37a55bd3f387076dd9b34,63,534933607,6,534933612,hmrp-gbfs,hadd-astar,20,70,True,True,/home/hersco/training_new_domains/2026-10-01/intended_leaf_remaining/results/intended-drone-stage2-off-534933607-i6/attempt_22063106_child995_5628c1b5054a/result.json
intended-fo_counters-stage2-off-923500475-i9,fo_counters,stage2,off,a600921fa8f15820f0a4fbcf1c6e614bf3be9a18cd4ceb699d4731b250e92a14,9,923500475,9,923500483,hadd-gbfs,hmrmax-astar,20,70,True,True,/home/hersco/training_new_domains/2026-10-01/intended_leaf_remaining/results/intended-fo_counters-stage2-off-923500475-i9/attempt_21957710_child1418_51cc84ee8229/result.json
intended-drone-stage1-off-2082152039-i8,drone,stage1,off,6c233736346bfd8c342574662b0b1d3ebaf47b711be0f8244281a27de1ea8ab9,38,2082152039,8,2082152046,hmrp-gbfs,hadd-astar,20,70,True,True,/home/hersco/training_new_domains/2026-10-01/intended_leaf_remaining/results/intended-drone-stage1-off-2082152039-i8/attempt_21988558_child777_65eeb3bfe4c3/result.json
intended-fo_counters-stage2-off-534933607-i16,fo_counters,stage2,off,de77046fa62754c0714421bb0b299fa030fb0a99309114e71553e134fba8efea,17,534933607,16,534933622,hadd-gbfs,hmrmax-astar,20,70,True,True,/home/hersco/training_new_domains/2026-10-01/intended_leaf_remaining/results/intended-fo_counters-stage2-off-534933607-i16/attempt_21957708_child1405_7f0aa9742d5c/result.json
intended-counters-stage2-off-1963100312-i22,counters,stage2,off,2e116c01f2ad50ed26d116ce2f7ef14723783d7ca4406b6cb8d349a1ffa468ff,33,1963100312,22,1963100333,hmrp-ha-ht-gbfs,hmrmax-astar,5,20,True,True,/home/hersco/training_new_domains/2026-10-01/intended_leaf_remaining/results/intended-counters-stage2-off-1963100312-i22/attempt_21992652_child375_c4a0e362074e/result.json
intended-drone-stage1-on-2011206605-i15,drone,stage1,on,7a0d4ae09e6084c98e49851f331af161432814fe23efa099a24a478835499d13,19,2011206605,15,2011206619,hmrp-gbfs,hadd-astar,20,70,True,True,/home/hersco/training_new_domains/2026-10-01/intended_leaf_remaining/results/intended-drone-stage1-on-2011206605-i15/attempt_22047674_child964_b5e888e20a4c/result.json
intended-counters-stage2-off-1472491096-i38,counters,stage2,off,d15cb836902dcc19eb4c447373e6b2d9e3d707d507c5693b143d4ecdd46fbf01,5,1472491096,38,1472491133,hmrp-ha-ht-gbfs,hmrmax-astar,5,20,True,True,/home/hersco/training_new_domains/2026-10-01/intended_leaf_remaining/results/intended-counters-stage2-off-1472491096-i38/attempt_21982316_child273_0e5993ada8d3/result.json
intended-drone-stage1-off-2082152039-i18,drone,stage1,off,6c233736346bfd8c342574662b0b1d3ebaf47b711be0f8244281a27de1ea8ab9,38,2082152039,18,2082152056,hmrp-gbfs,hadd-astar,20,70,True,True,/home/hersco/training_new_domains/2026-10-01/intended_leaf_remaining/results/intended-drone-stage1-off-2082152039-i18/attempt_21988777_child787_c4be34c67377/result.json
intended-counters-stage2-off-534933607-i57,counters,stage2,off,8d9471820f76ecc6f1d3a74241ad63c38ace8dde0a84f3996915d433701f1f83,8,534933607,57,534933663,hmrp-ha-ht-gbfs,hmrmax-astar,5,20,True,True,/home/hersco/training_new_domains/2026-10-01/intended_leaf_remaining/results/intended-counters-stage2-off-534933607-i57/attempt_21957730_child56_d4be0494a92a/result.json
intended-counters-stage2-off-534933607-i20,counters,stage2,off,8d9471820f76ecc6f1d3a74241ad63c38ace8dde0a84f3996915d433701f1f83,8,534933607,20,534933626,hmrp-ha-ht-gbfs,hmrmax-astar,5,20,True,True,/home/hersco/training_new_domains/2026-10-01/intended_leaf_remaining/results/intended-counters-stage2-off-534933607-i20/attempt_21957675_child19_5e3dc3ed2b90/result.json
intended-fo_counters-stage2-off-1972442430-i4,fo_counters,stage2,off,5777ec23eb6f70cc969d1f73740f205b009e7e1d5e9f5dfbb3e498f3bd82275c,15,1972442430,4,1972442433,hadd-gbfs,hmrmax-astar,20,70,True,True,/home/hersco/training_new_domains/2026-10-01/intended_leaf_remaining/results/intended-fo_counters-stage2-off-1972442430-i4/attempt_22001567_child1533_91c8e171a0e8/result.json
intended-counters-stage2-off-923500475-i58,counters,stage2,off,7cbd966d31332e7dc3e3ed274c0955b1b219ffbf7af1d885cf465a1649a71892,0,923500475,58,923500532,hmrp-ha-ht-gbfs,hmrmax-astar,5,20,True,True,/home/hersco/training_new_domains/2026-10-01/intended_leaf_remaining/results/intended-counters-stage2-off-923500475-i58/attempt_21958349_child116_9b29a659f3b6/result.json
intended-counters-stage2-off-1510771779-i25,counters,stage2,off,56925811a052de71d328a314eeb4aaa3234a62e61ed161bdb9f462be7f9e76b1,37,1510771779,25,1510771803,hmrp-ha-ht-gbfs,hmrmax-astar,5,20,True,True,/home/hersco/training_new_domains/2026-10-01/intended_leaf_remaining/results/intended-counters-stage2-off-1510771779-i25/attempt_21990177_child319_689a70db6c6b/result.json
intended-drone-stage1-off-1972442430-i14,drone,stage1,off,d4231bbb4257cc35153cf80bf35986f2e446c5f157d36130f76d7f23fc98bd5a,67,1972442430,14,1972442443,hmrp-gbfs,hadd-astar,20,70,True,True,/home/hersco/training_new_domains/2026-10-01/intended_leaf_remaining/results/intended-drone-stage1-off-1972442430-i14/attempt_21982993_child743_4b13b256bf1a/result.json
intended-drone-stage1-off-1472491096-i12,drone,stage1,off,c1c2ec8215c07ebc33db4e919d404e3d7230878b06f4086b52e8a38f11493124,92,1472491096,12,1472491107,hmrp-gbfs,hadd-astar,20,70,True,True,/home/hersco/training_new_domains/2026-10-01/intended_leaf_remaining/results/intended-drone-stage1-off-1472491096-i12/attempt_21974018_child681_116e68e2219c/result.json
intended-counters-stage2-off-1510771779-i52,counters,stage2,off,56925811a052de71d328a314eeb4aaa3234a62e61ed161bdb9f462be7f9e76b1,37,1510771779,52,1510771830,hmrp-ha-ht-gbfs,hmrmax-astar,5,20,True,True,/home/hersco/training_new_domains/2026-10-01/intended_leaf_remaining/results/intended-counters-stage2-off-1510771779-i52/attempt_21991442_child346_f93f57b5eaae/result.json
intended-drone-stage1-off-1972442430-i4,drone,stage1,off,d4231bbb4257cc35153cf80bf35986f2e446c5f157d36130f76d7f23fc98bd5a,67,1972442430,4,1972442433,hmrp-gbfs,hadd-astar,20,70,True,True,/home/hersco/training_new_domains/2026-10-01/intended_leaf_remaining/results/intended-drone-stage1-off-1972442430-i4/attempt_21982890_child733_f0710adc5b2f/result.json
intended-counters-stage2-off-923500475-i52,counters,stage2,off,7cbd966d31332e7dc3e3ed274c0955b1b219ffbf7af1d885cf465a1649a71892,0,923500475,52,923500526,hmrp-ha-ht-gbfs,hmrmax-astar,5,20,True,True,/home/hersco/training_new_domains/2026-10-01/intended_leaf_remaining/results/intended-counters-stage2-off-923500475-i52/attempt_21958349_child110_d48e9354a26e/result.json
intended-counters-stage2-off-923500475-i25,counters,stage2,off,7cbd966d31332e7dc3e3ed274c0955b1b219ffbf7af1d885cf465a1649a71892,0,923500475,25,923500499,hmrp-ha-ht-gbfs,hmrmax-astar,5,20,True,True,/home/hersco/training_new_domains/2026-10-01/intended_leaf_remaining/results/intended-counters-stage2-off-923500475-i25/attempt_21957797_child83_b41830f3a0d2/result.json
intended-drone-stage1-off-1472491096-i18,drone,stage1,off,c1c2ec8215c07ebc33db4e919d404e3d7230878b06f4086b52e8a38f11493124,92,1472491096,18,1472491113,hmrp-gbfs,hadd-astar,20,70,True,True,/home/hersco/training_new_domains/2026-10-01/intended_leaf_remaining/results/intended-drone-stage1-off-1472491096-i18/attempt_21974018_child687_3b1b05875ed3/result.json
intended-counters-stage2-off-1963100312-i28,counters,stage2,off,2e116c01f2ad50ed26d116ce2f7ef14723783d7ca4406b6cb8d349a1ffa468ff,33,1963100312,28,1963100339,hmrp-ha-ht-gbfs,hmrmax-astar,5,20,True,True,/home/hersco/training_new_domains/2026-10-01/intended_leaf_remaining/results/intended-counters-stage2-off-1963100312-i28/attempt_21992652_child381_62a20d8c1165/result.json
intended-fo_counters-stage2-off-1963100312-i4,fo_counters,stage2,off,adae4aeb8dbb21f6ea28ce92b90df0bfb56bf4bf9aafb26479f1d2b7887ae80a,27,1963100312,4,1963100315,hadd-gbfs,hmrmax-astar,20,70,True,True,/home/hersco/training_new_domains/2026-10-01/intended_leaf_remaining/results/intended-fo_counters-stage2-off-1963100312-i4/attempt_22001565_child1513_736bc8c21c78/result.json
intended-counters-stage2-off-534933607-i6,counters,stage2,off,8d9471820f76ecc6f1d3a74241ad63c38ace8dde0a84f3996915d433701f1f83,8,534933607,6,534933612,hmrp-ha-ht-gbfs,hmrmax-astar,5,20,True,True,/home/hersco/training_new_domains/2026-10-01/intended_leaf_remaining/results/intended-counters-stage2-off-534933607-i6/attempt_21957674_child5_df6b35f9664d/result.json
intended-counters-stage2-off-1472491096-i45,counters,stage2,off,d15cb836902dcc19eb4c447373e6b2d9e3d707d507c5693b143d4ecdd46fbf01,5,1472491096,45,1472491140,hmrp-ha-ht-gbfs,hmrmax-astar,5,20,True,True,/home/hersco/training_new_domains/2026-10-01/intended_leaf_remaining/results/intended-counters-stage2-off-1472491096-i45/attempt_21986890_child280_eac2d18d311f/result.json
intended-counters-stage2-off-1472491096-i32,counters,stage2,off,d15cb836902dcc19eb4c447373e6b2d9e3d707d507c5693b143d4ecdd46fbf01,5,1472491096,32,1472491127,hmrp-ha-ht-gbfs,hmrmax-astar,5,20,True,True,/home/hersco/training_new_domains/2026-10-01/intended_leaf_remaining/results/intended-counters-stage2-off-1472491096-i32/attempt_21982316_child267_bb77b3b1dcd9/result.json
intended-drone-stage1-off-2082152039-i12,drone,stage1,off,6c233736346bfd8c342574662b0b1d3ebaf47b711be0f8244281a27de1ea8ab9,38,2082152039,12,2082152050,hmrp-gbfs,hadd-astar,20,70,True,True,/home/hersco/training_new_domains/2026-10-01/intended_leaf_remaining/results/intended-drone-stage1-off-2082152039-i12/attempt_21988777_child781_afd91180bf6f/result.json
intended-counters-stage2-off-1972442430-i34,counters,stage2,off,7402760195fdce0e856f247d9e36c30d33a33e1c48b9304a3bdf60fd3fc97b50,82,1972442430,34,1972442463,hmrp-ha-ht-gbfs,hmrmax-astar,5,20,True,True,/home/hersco/training_new_domains/2026-10-01/intended_leaf_remaining/results/intended-counters-stage2-off-1972442430-i34/attempt_22068992_child446_4593f282b6a8/result.json
intended-drone-stage1-off-1963100312-i4,drone,stage1,off,a26b80b42378b986dc13250b7e818c7f295749ee2d5491930dc1d2ad0fdb3f88,157,1963100312,4,1963100315,hmrp-gbfs,hadd-astar,20,70,True,True,/home/hersco/training_new_domains/2026-10-01/intended_leaf_remaining/results/intended-drone-stage1-off-1963100312-i4/attempt_21977349_child713_51e19010d5a2/result.json
intended-counters-stage2-off-2011206605-i31,counters,stage2,off,d665fd33557ec4bc1ef7ee21aea73260fde109f3b5f5b5876dcbc6302302976c,12,2011206605,31,2011206635,hmrp-ha-ht-gbfs,hmrmax-astar,5,20,True,True,/home/hersco/training_new_domains/2026-10-01/intended_leaf_remaining/results/intended-counters-stage2-off-2011206605-i31/attempt_22119218_child502_873e065970d1/result.json
intended-drone-stage2-off-1073581256-i13,drone,stage2,off,e3337ff10b90120e76eb9da697b3725011a23f7a07f0557f1acbdb6dca2a36c4,14,1073581256,13,1073581268,hmrp-gbfs,hadd-astar,20,70,True,True,/home/hersco/training_new_domains/2026-10-01/intended_leaf_remaining/results/intended-drone-stage2-off-1073581256-i13/attempt_22084515_child1042_64b26a6af380/result.json
intended-fo_counters-stage2-off-1073581256-i13,fo_counters,stage2,off,bf23351c34ee3fcce4bbaf23730a86ac757cb9002deccdefdbf1d91a085872ae,12,1073581256,13,1073581268,hadd-gbfs,hmrmax-astar,20,70,True,True,/home/hersco/training_new_domains/2026-10-01/intended_leaf_remaining/results/intended-fo_counters-stage2-off-1073581256-i13/attempt_21974023_child1442_a7388ce00364/result.json
intended-counters-stage2-off-1073581256-i13,counters,stage2,off,29e56cb5dcd93d6c0e1c2f61460ee6a5b3fe06d2b73a2e0a362b58e389adb6e8,0,1073581256,13,1073581268,hmrp-ha-ht-gbfs,hmrmax-astar,5,20,True,True,/home/hersco/training_new_domains/2026-10-01/intended_leaf_remaining/results/intended-counters-stage2-off-1073581256-i13/attempt_21960429_child130_42c68fb55b82/result.json
intended-drone-stage1-on-2082152039-i16,drone,stage1,on,0ff2da76b7040069403b73d7a38f628e483e7117b98f72cdc31ef52808c101a9,26,2082152039,16,2082152054,hmrp-gbfs,hadd-astar,20,70,True,True,/home/hersco/training_new_domains/2026-10-01/intended_leaf_remaining/results/intended-drone-stage1-on-2082152039-i16/attempt_22058389_child985_a8d6baaa680d/result.json
intended-drone-stage1-off-2011206605-i11,drone,stage1,off,bd243a04dfdd164e760f6c93c48a8d45cb6694ea67304c70bba70daec1fbab98,40,2011206605,11,2011206615,hmrp-gbfs,hadd-astar,20,70,True,True,/home/hersco/training_new_domains/2026-10-01/intended_leaf_remaining/results/intended-drone-stage1-off-2011206605-i11/attempt_21984284_child760_0091c7defc9d/result.json
intended-drone-stage1-on-534933607-i7,drone,stage1,on,efa1b6a7b8bad82f1ee52e5ccc49043bda2eff2d3e0c4f028133996850caecb2,161,534933607,7,534933613,hmrp-gbfs,hadd-astar,20,70,True,True,/home/hersco/training_new_domains/2026-10-01/intended_leaf_remaining/results/intended-drone-stage1-on-534933607-i7/attempt_21988929_child796_df847d95e4f1/result.json
intended-counters-stage2-off-1239739722-i15,counters,stage2,off,42423cffe66adec6b2852ad048f9781b486eedb21c85bf651f789dd752e430c5,5,1239739722,15,1239739736,hmrp-ha-ht-gbfs,hmrmax-astar,5,20,True,True,/home/hersco/training_new_domains/2026-10-01/intended_leaf_remaining/results/intended-counters-stage2-off-1239739722-i15/attempt_21969350_child191_f3b691748d23/result.json
intended-drone-stage1-on-1239739722-i5,drone,stage1,on,48738b47fd14ae74b4c27d905bb84a5810aeeb124ea86f2ad2c397e11e4ddf94,23,1239739722,5,1239739726,hmrp-gbfs,hadd-astar,20,70,True,True,/home/hersco/training_new_domains/2026-10-01/intended_leaf_remaining/results/intended-drone-stage1-on-1239739722-i5/attempt_21991443_child854_caf48322edfc/result.json
intended-fo_counters-stage2-off-1239739722-i15,fo_counters,stage2,off,e8f4d9c3fad7db91db8c407bb1ca6d7da04e1d4af5473491676e65d93d0e0cd4,70,1239739722,15,1239739736,hadd-gbfs,hmrmax-astar,20,70,True,True,/home/hersco/training_new_domains/2026-10-01/intended_leaf_remaining/results/intended-fo_counters-stage2-off-1239739722-i15/attempt_21983009_child1464_23e742176aa5/result.json
intended-drone-stage1-on-1972442430-i10,drone,stage1,on,4f8634868e328f4a5a1019f91f6c80b082945db9ddd0fc537c3eec4f4febb3d7,21,1972442430,10,1972442439,hmrp-gbfs,hadd-astar,20,70,True,True,/home/hersco/training_new_domains/2026-10-01/intended_leaf_remaining/results/intended-drone-stage1-on-1972442430-i10/attempt_22001563_child939_31e4d4544c14/result.json
intended-counters-stage2-off-1073581256-i19,counters,stage2,off,29e56cb5dcd93d6c0e1c2f61460ee6a5b3fe06d2b73a2e0a362b58e389adb6e8,0,1073581256,19,1073581274,hmrp-ha-ht-gbfs,hmrmax-astar,5,20,True,True,/home/hersco/training_new_domains/2026-10-01/intended_leaf_remaining/results/intended-counters-stage2-off-1073581256-i19/attempt_21960429_child136_e4441c7eb161/result.json
intended-drone-stage1-on-1472491096-i16,drone,stage1,on,06d9bfa280defcbbcb76bdbae4ef6e1afd6c74354377f66b8130ccb3006dc400,21,1472491096,16,1472491111,hmrp-gbfs,hadd-astar,20,70,True,True,/home/hersco/training_new_domains/2026-10-01/intended_leaf_remaining/results/intended-drone-stage1-on-1472491096-i16/attempt_21997550_child885_537473054438/result.json
intended-drone-stage1-off-1472491096-i20,drone,stage1,off,c1c2ec8215c07ebc33db4e919d404e3d7230878b06f4086b52e8a38f11493124,92,1472491096,20,1472491115,hmrp-gbfs,hadd-astar,20,70,True,True,/home/hersco/training_new_domains/2026-10-01/intended_leaf_remaining/results/intended-drone-stage1-off-1472491096-i20/attempt_21974018_child689_3c1ff766564e/result.json
intended-counters-stage2-off-1510771779-i7,counters,stage2,off,56925811a052de71d328a314eeb4aaa3234a62e61ed161bdb9f462be7f9e76b1,37,1510771779,7,1510771785,hmrp-ha-ht-gbfs,hmrmax-astar,5,20,True,True,/home/hersco/training_new_domains/2026-10-01/intended_leaf_remaining/results/intended-counters-stage2-off-1510771779-i7/attempt_21990159_child301_224b60ffe15d/result.json
intended-fo_counters-stage2-on-923500475-i11,fo_counters,stage2,on,647c17ec69b9ccce286e5b7931c2700e90e0239c4ea8f7ec505cb7a43ca876c7,43,923500475,11,923500485,hadd-gbfs,hmrmax-astar,20,70,True,True,/home/hersco/training_new_domains/2026-10-01/intended_leaf_remaining/results/intended-fo_counters-stage2-on-923500475-i11/attempt_22036108_child1620_2a97fb7adbb9/result.json
intended-counters-stage2-off-1510771779-i17,counters,stage2,off,56925811a052de71d328a314eeb4aaa3234a62e61ed161bdb9f462be7f9e76b1,37,1510771779,17,1510771795,hmrp-ha-ht-gbfs,hmrmax-astar,5,20,True,True,/home/hersco/training_new_domains/2026-10-01/intended_leaf_remaining/results/intended-counters-stage2-off-1510771779-i17/attempt_21990173_child311_6155aa0486ba/result.json
intended-fo_counters-stage2-on-923500475-i7,fo_counters,stage2,on,647c17ec69b9ccce286e5b7931c2700e90e0239c4ea8f7ec505cb7a43ca876c7,43,923500475,7,923500481,hadd-gbfs,hmrmax-astar,20,70,True,True,/home/hersco/training_new_domains/2026-10-01/intended_leaf_remaining/results/intended-fo_counters-stage2-on-923500475-i7/attempt_22021241_child1616_1db37bc7dcd7/result.json
intended-counters-stage2-off-534933607-i12,counters,stage2,off,8d9471820f76ecc6f1d3a74241ad63c38ace8dde0a84f3996915d433701f1f83,8,534933607,12,534933618,hmrp-ha-ht-gbfs,hmrmax-astar,5,20,True,True,/home/hersco/training_new_domains/2026-10-01/intended_leaf_remaining/results/intended-counters-stage2-off-534933607-i12/attempt_21957675_child11_2bf9a9ad2825/result.json
intended-counters-stage2-off-1963100312-i10,counters,stage2,off,2e116c01f2ad50ed26d116ce2f7ef14723783d7ca4406b6cb8d349a1ffa468ff,33,1963100312,10,1963100321,hmrp-ha-ht-gbfs,hmrmax-astar,5,20,True,True,/home/hersco/training_new_domains/2026-10-01/intended_leaf_remaining/results/intended-counters-stage2-off-1963100312-i10/attempt_21992522_child363_d22406bec588/result.json
intended-drone-stage1-off-2082152039-i20,drone,stage1,off,6c233736346bfd8c342574662b0b1d3ebaf47b711be0f8244281a27de1ea8ab9,38,2082152039,20,2082152058,hmrp-gbfs,hadd-astar,20,70,True,True,/home/hersco/training_new_domains/2026-10-01/intended_leaf_remaining/results/intended-drone-stage1-off-2082152039-i20/attempt_21988777_child789_e270f50d645c/result.json
intended-counters-stage2-off-534933607-i18,counters,stage2,off,8d9471820f76ecc6f1d3a74241ad63c38ace8dde0a84f3996915d433701f1f83,8,534933607,18,534933624,hmrp-ha-ht-gbfs,hmrmax-astar,5,20,True,True,/home/hersco/training_new_domains/2026-10-01/intended_leaf_remaining/results/intended-counters-stage2-off-534933607-i18/attempt_21957675_child17_443faa6b257b/result.json
intended-drone-stage2-off-1073581256-i1,drone,stage2,off,e3337ff10b90120e76eb9da697b3725011a23f7a07f0557f1acbdb6dca2a36c4,14,1073581256,1,1073581256,hmrp-gbfs,hadd-astar,20,70,True,True,/home/hersco/training_new_domains/2026-10-01/intended_leaf_remaining/results/intended-drone-stage2-off-1073581256-i1/attempt_22082936_child1030_c07bbb9cce93/result.json
intended-drone-stage2-off-1239739722-i4,drone,stage2,off,24725f6f7fe8d89640436cda0a9bedfbfd4c9e8971f68062781a14d857b9d86b,56,1239739722,4,1239739725,hmrp-gbfs,hadd-astar,20,70,True,True,/home/hersco/training_new_domains/2026-10-01/intended_leaf_remaining/results/intended-drone-stage2-off-1239739722-i4/attempt_22097829_child1053_e877f3829d5d/result.json
intended-counters-stage2-off-923500475-i17,counters,stage2,off,7cbd966d31332e7dc3e3ed274c0955b1b219ffbf7af1d885cf465a1649a71892,0,923500475,17,923500491,hmrp-ha-ht-gbfs,hmrmax-astar,5,20,True,True,/home/hersco/training_new_domains/2026-10-01/intended_leaf_remaining/results/intended-counters-stage2-off-923500475-i17/attempt_21957760_child75_e2bc36f98ce1/result.json
intended-drone-stage1-off-1073581256-i12,drone,stage1,off,633b68eeece792b1454d0f8524d24ffbb0d8fa6a89e02388ef92f54f6b7390be,90,1073581256,12,1073581267,hmrp-gbfs,hadd-astar,20,70,True,True,/home/hersco/training_new_domains/2026-10-01/intended_leaf_remaining/results/intended-drone-stage1-off-1073581256-i12/attempt_21969240_child641_25e1dd6c7fed/result.json
intended-drone-stage1-off-1239739722-i1,drone,stage1,off,db5b59fb3044ba4b098b792e8ed249dab6c12d8ab15a616b483935af7fc72f97,51,1239739722,1,1239739722,hmrp-gbfs,hadd-astar,20,70,True,True,/home/hersco/training_new_domains/2026-10-01/intended_leaf_remaining/results/intended-drone-stage1-off-1239739722-i1/attempt_21969927_child650_3d3a2e0d790e/result.json
intended-counters-stage2-off-923500475-i2,counters,stage2,off,7cbd966d31332e7dc3e3ed274c0955b1b219ffbf7af1d885cf465a1649a71892,0,923500475,2,923500476,hmrp-ha-ht-gbfs,hmrmax-astar,5,20,True,True,/home/hersco/training_new_domains/2026-10-01/intended_leaf_remaining/results/intended-counters-stage2-off-923500475-i2/attempt_21957740_child60_d05614a56854/result.json
intended-fo_counters-stage2-off-1239739722-i1,fo_counters,stage2,off,e8f4d9c3fad7db91db8c407bb1ca6d7da04e1d4af5473491676e65d93d0e0cd4,70,1239739722,1,1239739722,hadd-gbfs,hmrmax-astar,20,70,True,True,/home/hersco/training_new_domains/2026-10-01/intended_leaf_remaining/results/intended-fo_counters-stage2-off-1239739722-i1/attempt_21982585_child1450_e8c1b8d6a948/result.json
intended-counters-stage2-off-1073581256-i38,counters,stage2,off,29e56cb5dcd93d6c0e1c2f61460ee6a5b3fe06d2b73a2e0a362b58e389adb6e8,0,1073581256,38,1073581293,hmrp-ha-ht-gbfs,hmrmax-astar,5,20,True,True,/home/hersco/training_new_domains/2026-10-01/intended_leaf_remaining/results/intended-counters-stage2-off-1073581256-i38/attempt_21964974_child155_1659e3395a92/result.json
intended-drone-stage1-off-1073581256-i4,drone,stage1,off,633b68eeece792b1454d0f8524d24ffbb0d8fa6a89e02388ef92f54f6b7390be,90,1073581256,4,1073581259,hmrp-gbfs,hadd-astar,20,70,True,True,/home/hersco/training_new_domains/2026-10-01/intended_leaf_remaining/results/intended-drone-stage1-off-1073581256-i4/attempt_21969116_child633_6ca3eeb120f9/result.json
intended-fo_counters-stage2-off-1073581256-i4,fo_counters,stage2,off,bf23351c34ee3fcce4bbaf23730a86ac757cb9002deccdefdbf1d91a085872ae,12,1073581256,4,1073581259,hadd-gbfs,hmrmax-astar,20,70,True,True,/home/hersco/training_new_domains/2026-10-01/intended_leaf_remaining/results/intended-fo_counters-stage2-off-1073581256-i4/attempt_21970050_child1433_d8a605244ba4/result.json
intended-drone-stage1-on-534933607-i20,drone,stage1,on,efa1b6a7b8bad82f1ee52e5ccc49043bda2eff2d3e0c4f028133996850caecb2,161,534933607,20,534933626,hmrp-gbfs,hadd-astar,20,70,True,True,/home/hersco/training_new_domains/2026-10-01/intended_leaf_remaining/results/intended-drone-stage1-on-534933607-i20/attempt_21989978_child809_9cd4e79f6cf5/result.json
intended-counters-stage2-off-1239739722-i43,counters,stage2,off,42423cffe66adec6b2852ad048f9781b486eedb21c85bf651f789dd752e430c5,5,1239739722,43,1239739764,hmrp-ha-ht-gbfs,hmrmax-astar,5,20,True,True,/home/hersco/training_new_domains/2026-10-01/intended_leaf_remaining/results/intended-counters-stage2-off-1239739722-i43/attempt_21970215_child219_d5570da0b78f/result.json
intended-counters-stage2-off-1239739722-i34,counters,stage2,off,42423cffe66adec6b2852ad048f9781b486eedb21c85bf651f789dd752e430c5,5,1239739722,34,1239739755,hmrp-ha-ht-gbfs,hmrmax-astar,5,20,True,True,/home/hersco/training_new_domains/2026-10-01/intended_leaf_remaining/results/intended-counters-stage2-off-1239739722-i34/attempt_21969623_child210_6e6908577710/result.json
intended-counters-stage2-off-1073581256-i32,counters,stage2,off,29e56cb5dcd93d6c0e1c2f61460ee6a5b3fe06d2b73a2e0a362b58e389adb6e8,0,1073581256,32,1073581287,hmrp-ha-ht-gbfs,hmrmax-astar,5,20,True,True,/home/hersco/training_new_domains/2026-10-01/intended_leaf_remaining/results/intended-counters-stage2-off-1073581256-i32/attempt_21964974_child149_e4cf12999c7b/result.json
intended-counters-stage2-off-1073581256-i45,counters,stage2,off,29e56cb5dcd93d6c0e1c2f61460ee6a5b3fe06d2b73a2e0a362b58e389adb6e8,0,1073581256,45,1073581300,hmrp-ha-ht-gbfs,hmrmax-astar,5,20,True,True,/home/hersco/training_new_domains/2026-10-01/intended_leaf_remaining/results/intended-counters-stage2-off-1073581256-i45/attempt_21967823_child162_c8a314b03d09/result.json
intended-fo_counters-stage2-off-2011206605-i10,fo_counters,stage2,off,d63a23f369280ba428d1698f08ce10f3652504fa73fbaab09e6b397fd50fbe93,14,2011206605,10,2011206614,hadd-gbfs,hmrmax-astar,20,70,True,True,/home/hersco/training_new_domains/2026-10-01/intended_leaf_remaining/results/intended-fo_counters-stage2-off-2011206605-i10/attempt_22001569_child1559_bbaae87b283d/result.json
intended-counters-stage2-off-2011206605-i10,counters,stage2,off,d665fd33557ec4bc1ef7ee21aea73260fde109f3b5f5b5876dcbc6302302976c,12,2011206605,10,2011206614,hmrp-ha-ht-gbfs,hmrmax-astar,5,20,True,True,/home/hersco/training_new_domains/2026-10-01/intended_leaf_remaining/results/intended-counters-stage2-off-2011206605-i10/attempt_22114710_child481_6eccfb56fb0b/result.json
intended-counters-stage2-off-1239739722-i49,counters,stage2,off,42423cffe66adec6b2852ad048f9781b486eedb21c85bf651f789dd752e430c5,5,1239739722,49,1239739770,hmrp-ha-ht-gbfs,hmrmax-astar,5,20,True,True,/home/hersco/training_new_domains/2026-10-01/intended_leaf_remaining/results/intended-counters-stage2-off-1239739722-i49/attempt_21970215_child225_01d7e93afa5b/result.json
intended-drone-stage1-off-1073581256-i18,drone,stage1,off,633b68eeece792b1454d0f8524d24ffbb0d8fa6a89e02388ef92f54f6b7390be,90,1073581256,18,1073581273,hmrp-gbfs,hadd-astar,20,70,True,True,/home/hersco/training_new_domains/2026-10-01/intended_leaf_remaining/results/intended-drone-stage1-off-1073581256-i18/attempt_21969240_child647_8aba99887dfa/result.json
intended-counters-stage2-off-923500475-i8,counters,stage2,off,7cbd966d31332e7dc3e3ed274c0955b1b219ffbf7af1d885cf465a1649a71892,0,923500475,8,923500482,hmrp-ha-ht-gbfs,hmrmax-astar,5,20,True,True,/home/hersco/training_new_domains/2026-10-01/intended_leaf_remaining/results/intended-counters-stage2-off-923500475-i8/attempt_21957740_child66_10b6cd19377a/result.json
intended-drone-stage1-off-1239739722-i14,drone,stage1,off,db5b59fb3044ba4b098b792e8ed249dab6c12d8ab15a616b483935af7fc72f97,51,1239739722,14,1239739735,hmrp-gbfs,hadd-astar,20,70,True,True,/home/hersco/training_new_domains/2026-10-01/intended_leaf_remaining/results/intended-drone-stage1-off-1239739722-i14/attempt_21973293_child663_d735cce2a356/result.json
intended-drone-stage2-off-923500475-i2,drone,stage2,off,67af5f170868d7c9f29dd100cdc52b244d9e79eeb13b66358fcfe3cd5c1c695f,16,923500475,2,923500476,hmrp-gbfs,hadd-astar,20,70,True,True,/home/hersco/training_new_domains/2026-10-01/intended_leaf_remaining/results/intended-drone-stage2-off-923500475-i2/attempt_22076202_child1011_6d26f69f6bc2/result.json
intended-counters-stage2-off-2011206605-i7,counters,stage2,off,d665fd33557ec4bc1ef7ee21aea73260fde109f3b5f5b5876dcbc6302302976c,12,2011206605,7,2011206611,hmrp-ha-ht-gbfs,hmrmax-astar,5,20,True,True,/home/hersco/training_new_domains/2026-10-01/intended_leaf_remaining/results/intended-counters-stage2-off-2011206605-i7/attempt_22114710_child478_aaee5a5ecf50/result.json
intended-counters-stage2-off-534933607-i39,counters,stage2,off,8d9471820f76ecc6f1d3a74241ad63c38ace8dde0a84f3996915d433701f1f83,8,534933607,39,534933645,hmrp-ha-ht-gbfs,hmrmax-astar,5,20,True,True,/home/hersco/training_new_domains/2026-10-01/intended_leaf_remaining/results/intended-counters-stage2-off-534933607-i39/attempt_21957721_child38_ac279e92fdf8/result.json
intended-counters-stage2-off-1472491096-i21,counters,stage2,off,d15cb836902dcc19eb4c447373e6b2d9e3d707d507c5693b143d4ecdd46fbf01,5,1472491096,21,1472491116,hmrp-ha-ht-gbfs,hmrmax-astar,5,20,True,True,/home/hersco/training_new_domains/2026-10-01/intended_leaf_remaining/results/intended-counters-stage2-off-1472491096-i21/attempt_21981662_child256_e11fefec86fd/result.json
intended-drone-stage1-off-1510771779-i16,drone,stage1,off,26918994bc769827ef04262944a7dc4ed6f2b73baf9424a613fe8df29b4d52e4,16,1510771779,16,1510771794,hmrp-gbfs,hadd-astar,20,70,True,True,/home/hersco/training_new_domains/2026-10-01/intended_leaf_remaining/results/intended-drone-stage1-off-1510771779-i16/attempt_21977348_child705_a0ac98676ddf/result.json
intended-counters-stage2-off-1972442430-i27,counters,stage2,off,7402760195fdce0e856f247d9e36c30d33a33e1c48b9304a3bdf60fd3fc97b50,82,1972442430,27,1972442456,hmrp-ha-ht-gbfs,hmrmax-astar,5,20,True,True,/home/hersco/training_new_domains/2026-10-01/intended_leaf_remaining/results/intended-counters-stage2-off-1972442430-i27/attempt_22068442_child439_f5d642e92d82/result.json
intended-counters-stage2-off-923500475-i41,counters,stage2,off,7cbd966d31332e7dc3e3ed274c0955b1b219ffbf7af1d885cf465a1649a71892,0,923500475,41,923500515,hmrp-ha-ht-gbfs,hmrmax-astar,5,20,True,True,/home/hersco/training_new_domains/2026-10-01/intended_leaf_remaining/results/intended-counters-stage2-off-923500475-i41/attempt_21958003_child99_c799d22a699d/result.json
intended-counters-stage2-off-923500475-i36,counters,stage2,off,7cbd966d31332e7dc3e3ed274c0955b1b219ffbf7af1d885cf465a1649a71892,0,923500475,36,923500510,hmrp-ha-ht-gbfs,hmrmax-astar,5,20,True,True,/home/hersco/training_new_domains/2026-10-01/intended_leaf_remaining/results/intended-counters-stage2-off-923500475-i36/attempt_21957798_child94_df6b310bbaa2/result.json
intended-drone-stage1-off-1963100312-i11,drone,stage1,off,a26b80b42378b986dc13250b7e818c7f295749ee2d5491930dc1d2ad0fdb3f88,157,1963100312,11,1963100322,hmrp-gbfs,hadd-astar,20,70,True,True,/home/hersco/training_new_domains/2026-10-01/intended_leaf_remaining/results/intended-drone-stage1-off-1963100312-i11/attempt_21977460_child720_b9d79e97e4e6/result.json
intended-counters-stage2-off-1510771779-i36,counters,stage2,off,56925811a052de71d328a314eeb4aaa3234a62e61ed161bdb9f462be7f9e76b1,37,1510771779,36,1510771814,hmrp-ha-ht-gbfs,hmrmax-astar,5,20,True,True,/home/hersco/training_new_domains/2026-10-01/intended_leaf_remaining/results/intended-counters-stage2-off-1510771779-i36/attempt_21990389_child330_75b4d8b5bcf0/result.json
intended-drone-stage1-off-923500475-i5,drone,stage1,off,9b6add4c4e8b104c3e8cad429bf203355ad01eb9d95d5080f788e92a5de88e95,1,923500475,5,923500479,hmrp-gbfs,hadd-astar,20,70,True,True,/home/hersco/training_new_domains/2026-10-01/intended_leaf_remaining/results/intended-drone-stage1-off-923500475-i5/attempt_21957633_child614_e4fd8b986306/result.json
intended-counters-stage2-off-1510771779-i41,counters,stage2,off,56925811a052de71d328a314eeb4aaa3234a62e61ed161bdb9f462be7f9e76b1,37,1510771779,41,1510771819,hmrp-ha-ht-gbfs,hmrmax-astar,5,20,True,True,/home/hersco/training_new_domains/2026-10-01/intended_leaf_remaining/results/intended-counters-stage2-off-1510771779-i41/attempt_21991054_child335_29e3e7995d44/result.json
intended-fo_counters-stage2-off-534933607-i7,fo_counters,stage2,off,de77046fa62754c0714421bb0b299fa030fb0a99309114e71553e134fba8efea,17,534933607,7,534933613,hadd-gbfs,hmrmax-astar,20,70,True,True,/home/hersco/training_new_domains/2026-10-01/intended_leaf_remaining/results/intended-fo_counters-stage2-off-534933607-i7/attempt_21957703_child1396_65f0af977b61/result.json
intended-drone-stage2-off-923500475-i8,drone,stage2,off,67af5f170868d7c9f29dd100cdc52b244d9e79eeb13b66358fcfe3cd5c1c695f,16,923500475,8,923500482,hmrp-gbfs,hadd-astar,20,70,True,True,/home/hersco/training_new_domains/2026-10-01/intended_leaf_remaining/results/intended-drone-stage2-off-923500475-i8/attempt_22076202_child1017_8ddcdcf3aa3c/result.json
intended-counters-stage2-off-1963100312-i46,counters,stage2,off,2e116c01f2ad50ed26d116ce2f7ef14723783d7ca4406b6cb8d349a1ffa468ff,33,1963100312,46,1963100357,hmrp-ha-ht-gbfs,hmrmax-astar,5,20,True,True,/home/hersco/training_new_domains/2026-10-01/intended_leaf_remaining/results/intended-counters-stage2-off-1963100312-i46/attempt_22000677_child399_642a35baec19/result.json
intended-counters-stage2-off-1963100312-i31,counters,stage2,off,2e116c01f2ad50ed26d116ce2f7ef14723783d7ca4406b6cb8d349a1ffa468ff,33,1963100312,31,1963100342,hmrp-ha-ht-gbfs,hmrmax-astar,5,20,True,True,/home/hersco/training_new_domains/2026-10-01/intended_leaf_remaining/results/intended-counters-stage2-off-1963100312-i31/attempt_21994385_child384_3ed85d547014/result.json
intended-counters-stage2-off-534933607-i44,counters,stage2,off,8d9471820f76ecc6f1d3a74241ad63c38ace8dde0a84f3996915d433701f1f83,8,534933607,44,534933650,hmrp-ha-ht-gbfs,hmrmax-astar,5,20,True,True,/home/hersco/training_new_domains/2026-10-01/intended_leaf_remaining/results/intended-counters-stage2-off-534933607-i44/attempt_21957729_child43_dbfc8f349519/result.json
intended-counters-stage2-off-534933607-i33,counters,stage2,off,8d9471820f76ecc6f1d3a74241ad63c38ace8dde0a84f3996915d433701f1f83,8,534933607,33,534933639,hmrp-ha-ht-gbfs,hmrmax-astar,5,20,True,True,/home/hersco/training_new_domains/2026-10-01/intended_leaf_remaining/results/intended-counters-stage2-off-534933607-i33/attempt_21957721_child32_78c2a72af2a8/result.json
intended-drone-stage1-on-534933607-i12,drone,stage1,on,efa1b6a7b8bad82f1ee52e5ccc49043bda2eff2d3e0c4f028133996850caecb2,161,534933607,12,534933618,hmrp-gbfs,hadd-astar,20,70,True,True,/home/hersco/training_new_domains/2026-10-01/intended_leaf_remaining/results/intended-drone-stage1-on-534933607-i12/attempt_21989978_child801_7145d6ff2072/result.json
intended-counters-stage2-off-2011206605-i28,counters,stage2,off,d665fd33557ec4bc1ef7ee21aea73260fde109f3b5f5b5876dcbc6302302976c,12,2011206605,28,2011206632,hmrp-ha-ht-gbfs,hmrmax-astar,5,20,True,True,/home/hersco/training_new_domains/2026-10-01/intended_leaf_remaining/results/intended-counters-stage2-off-2011206605-i28/attempt_22116281_child499_4bc1a36999f8/result.json
intended-drone-stage2-off-1963100312-i1,drone,stage2,off,66a14b87ef7cbd18005d1f2a85b4c2e3322cda932ecc1ea15d4dd0af4a97b735,10,1963100312,1,1963100312,hmrp-gbfs,hadd-astar,20,70,True,True,/home/hersco/training_new_domains/2026-10-01/intended_leaf_remaining/results/intended-drone-stage2-off-1963100312-i1/attempt_22119102_child1110_2d0d6be3d264/result.json
intended-drone-stage1-off-2011206605-i9,drone,stage1,off,bd243a04dfdd164e760f6c93c48a8d45cb6694ea67304c70bba70daec1fbab98,40,2011206605,9,2011206613,hmrp-gbfs,hadd-astar,20,70,True,True,/home/hersco/training_new_domains/2026-10-01/intended_leaf_remaining/results/intended-drone-stage1-off-2011206605-i9/attempt_21984042_child758_9e81d42504cb/result.json
intended-drone-stage1-on-1510771779-i7,drone,stage1,on,63048c2d248b5fd3bb55fe6a43060b9ba48538ef483d8b716049b54a72a0b442,14,1510771779,7,1510771785,hmrp-gbfs,hadd-astar,20,70,True,True,/home/hersco/training_new_domains/2026-10-01/intended_leaf_remaining/results/intended-drone-stage1-on-1510771779-i7/attempt_21997632_child896_4b909af16c0d/result.json
intended-drone-stage1-on-1510771779-i18,drone,stage1,on,63048c2d248b5fd3bb55fe6a43060b9ba48538ef483d8b716049b54a72a0b442,14,1510771779,18,1510771796,hmrp-gbfs,hadd-astar,20,70,True,True,/home/hersco/training_new_domains/2026-10-01/intended_leaf_remaining/results/intended-drone-stage1-on-1510771779-i18/attempt_22001560_child907_f9f17a38be14/result.json
intended-drone-stage1-off-1073581256-i20,drone,stage1,off,633b68eeece792b1454d0f8524d24ffbb0d8fa6a89e02388ef92f54f6b7390be,90,1073581256,20,1073581275,hmrp-gbfs,hadd-astar,20,70,True,True,/home/hersco/training_new_domains/2026-10-01/intended_leaf_remaining/results/intended-drone-stage1-off-1073581256-i20/attempt_21969240_child649_ef3b346caf1c/result.json
intended-fo_counters-stage2-off-2011206605-i9,fo_counters,stage2,off,d63a23f369280ba428d1698f08ce10f3652504fa73fbaab09e6b397fd50fbe93,14,2011206605,9,2011206613,hadd-gbfs,hmrmax-astar,20,70,True,True,/home/hersco/training_new_domains/2026-10-01/intended_leaf_remaining/results/intended-fo_counters-stage2-off-2011206605-i9/attempt_22001569_child1558_83c4eda8ad17/result.json
intended-drone-stage1-off-2011206605-i3,drone,stage1,off,bd243a04dfdd164e760f6c93c48a8d45cb6694ea67304c70bba70daec1fbab98,40,2011206605,3,2011206607,hmrp-gbfs,hadd-astar,20,70,True,True,/home/hersco/training_new_domains/2026-10-01/intended_leaf_remaining/results/intended-drone-stage1-off-2011206605-i3/attempt_21984042_child752_c3789f45c7d1/result.json
intended-drone-stage2-off-1972442430-i1,drone,stage2,off,706e10a11f5ea5221afd45d0181cc771f4bc96a5ef22ac402bae970dbf4683d7,92,1972442430,1,1972442430,hmrp-gbfs,hadd-astar,20,70,True,True,/home/hersco/training_new_domains/2026-10-01/intended_leaf_remaining/results/intended-drone-stage2-off-1972442430-i1/attempt_22119422_child1130_c10d104a9900/result.json
intended-drone-stage1-on-1510771779-i12,drone,stage1,on,63048c2d248b5fd3bb55fe6a43060b9ba48538ef483d8b716049b54a72a0b442,14,1510771779,12,1510771790,hmrp-gbfs,hadd-astar,20,70,True,True,/home/hersco/training_new_domains/2026-10-01/intended_leaf_remaining/results/intended-drone-stage1-on-1510771779-i12/attempt_22001560_child901_19d00652b587/result.json
intended-fo_counters-stage2-off-2011206605-i3,fo_counters,stage2,off,d63a23f369280ba428d1698f08ce10f3652504fa73fbaab09e6b397fd50fbe93,14,2011206605,3,2011206607,hadd-gbfs,hmrmax-astar,20,70,True,True,/home/hersco/training_new_domains/2026-10-01/intended_leaf_remaining/results/intended-fo_counters-stage2-off-2011206605-i3/attempt_22001569_child1552_14faa62fa190/result.json
intended-drone-stage1-on-923500475-i17,drone,stage1,on,cfd7f812cf180c9fcab576710bda31980c44786973115f6036b19aad76d5758e,103,923500475,17,923500491,hmrp-gbfs,hadd-astar,20,70,True,True,/home/hersco/training_new_domains/2026-10-01/intended_leaf_remaining/results/intended-drone-stage1-on-923500475-i17/attempt_21990186_child826_687e9bab6184/result.json
intended-drone-stage1-on-1963100312-i15,drone,stage1,on,a9861f654d1da7a1e82387b05a980d88adeac0e811e1ceb5f1a9b16dbe444603,1,1963100312,15,1963100326,hmrp-gbfs,hadd-astar,20,70,True,True,/home/hersco/training_new_domains/2026-10-01/intended_leaf_remaining/results/intended-drone-stage1-on-1963100312-i15/attempt_22001562_child924_a373fb161bc8/result.json
intended-drone-stage1-on-534933607-i18,drone,stage1,on,efa1b6a7b8bad82f1ee52e5ccc49043bda2eff2d3e0c4f028133996850caecb2,161,534933607,18,534933624,hmrp-gbfs,hadd-astar,20,70,True,True,/home/hersco/training_new_domains/2026-10-01/intended_leaf_remaining/results/intended-drone-stage1-on-534933607-i18/attempt_21989978_child807_92c789a5d71d/result.json
intended-drone-stage1-on-2082152039-i6,drone,stage1,on,0ff2da76b7040069403b73d7a38f628e483e7117b98f72cdc31ef52808c101a9,26,2082152039,6,2082152044,hmrp-gbfs,hadd-astar,20,70,True,True,/home/hersco/training_new_domains/2026-10-01/intended_leaf_remaining/results/intended-drone-stage1-on-2082152039-i6/attempt_22047868_child975_780ce60e3d82/result.json
intended-counters-stage2-off-2011206605-i22,counters,stage2,off,d665fd33557ec4bc1ef7ee21aea73260fde109f3b5f5b5876dcbc6302302976c,12,2011206605,22,2011206626,hmrp-ha-ht-gbfs,hmrmax-astar,5,20,True,True,/home/hersco/training_new_domains/2026-10-01/intended_leaf_remaining/results/intended-counters-stage2-off-2011206605-i22/attempt_22116281_child493_0f665c3af6b8/result.json
intended-fo_counters-stage2-on-534933607-i3,fo_counters,stage2,on,7f248fc5bf1240d843b9d2a8fbfdff6ae7e3e7821a24ccb95f6894e9ea3586e3,21,534933607,3,534933609,hadd-gbfs,hmrmax-astar,20,70,True,True,/home/hersco/training_new_domains/2026-10-01/intended_leaf_remaining/results/intended-fo_counters-stage2-on-534933607-i3/attempt_22001573_child1592_635ef0e4e255/result.json
intended-drone-stage2-off-534933607-i13,drone,stage2,off,374884068aa2f599389f37f756631fcf8d92b41decf37a55bd3f387076dd9b34,63,534933607,13,534933619,hmrp-gbfs,hadd-astar,20,70,True,True,/home/hersco/training_new_domains/2026-10-01/intended_leaf_remaining/results/intended-drone-stage2-off-534933607-i13/attempt_22063342_child1002_908593d26cea/result.json
intended-fo_counters-stage2-on-1073581256-i6,fo_counters,stage2,on,b86d6355e4df207b32bcaa9ee6a3d66eaebdfd7055ea4b7aa68113fb92fd0732,39,1073581256,6,1073581261,hadd-gbfs,hmrmax-astar,20,70,True,True,/home/hersco/training_new_domains/2026-10-01/intended_leaf_remaining/results/intended-fo_counters-stage2-on-1073581256-i6/attempt_22055485_child1635_a7ce4c7c69c8/result.json
intended-fo_counters-stage2-off-1472491096-i13,fo_counters,stage2,off,20ea2c4bad9242582002571faf9fe8ab9e44df8a749a50afb530c9eff82f5b8d,52,1472491096,13,1472491108,hadd-gbfs,hmrmax-astar,20,70,True,True,/home/hersco/training_new_domains/2026-10-01/intended_leaf_remaining/results/intended-fo_counters-stage2-off-1472491096-i13/attempt_21986707_child1482_e42aa07f8b15/result.json
intended-counters-stage2-off-1972442430-i15,counters,stage2,off,7402760195fdce0e856f247d9e36c30d33a33e1c48b9304a3bdf60fd3fc97b50,82,1972442430,15,1972442444,hmrp-ha-ht-gbfs,hmrmax-astar,5,20,True,True,/home/hersco/training_new_domains/2026-10-01/intended_leaf_remaining/results/intended-counters-stage2-off-1972442430-i15/attempt_22067238_child427_86eef7825135/result.json
intended-counters-stage2-off-1472491096-i13,counters,stage2,off,d15cb836902dcc19eb4c447373e6b2d9e3d707d507c5693b143d4ecdd46fbf01,5,1472491096,13,1472491108,hmrp-ha-ht-gbfs,hmrmax-astar,5,20,True,True,/home/hersco/training_new_domains/2026-10-01/intended_leaf_remaining/results/intended-counters-stage2-off-1472491096-i13/attempt_21974936_child248_8c3b2ff58184/result.json
intended-drone-stage1-on-923500475-i3,drone,stage1,on,cfd7f812cf180c9fcab576710bda31980c44786973115f6036b19aad76d5758e,103,923500475,3,923500477,hmrp-gbfs,hadd-astar,20,70,True,True,/home/hersco/training_new_domains/2026-10-01/intended_leaf_remaining/results/intended-drone-stage1-on-923500475-i3/attempt_21990057_child812_e150d791cd84/result.json
intended-drone-stage2-off-1510771779-i6,drone,stage2,off,492d8443f22a61c665a6602bad73f9ac9e972ef6bbb458faa7fc8b06632c3956,0,1510771779,6,1510771784,hmrp-gbfs,hadd-astar,20,70,True,True,/home/hersco/training_new_domains/2026-10-01/intended_leaf_remaining/results/intended-drone-stage2-off-1510771779-i6/attempt_22119100_child1095_1f4a0cb00cab/result.json
intended-drone-stage1-on-1239739722-i10,drone,stage1,on,48738b47fd14ae74b4c27d905bb84a5810aeeb124ea86f2ad2c397e11e4ddf94,23,1239739722,10,1239739731,hmrp-gbfs,hadd-astar,20,70,True,True,/home/hersco/training_new_domains/2026-10-01/intended_leaf_remaining/results/intended-drone-stage1-on-1239739722-i10/attempt_21991443_child859_178e78aedce9/result.json
intended-fo_counters-stage2-on-1239739722-i3,fo_counters,stage2,on,b1f15df4365a80d9ff22422a14e4a2ce1b43dcf7700ddeae7feeffad0d851050,8,1239739722,3,1239739724,hadd-gbfs,hmrmax-astar,20,70,True,True,/home/hersco/training_new_domains/2026-10-01/intended_leaf_remaining/results/intended-fo_counters-stage2-on-1239739722-i3/attempt_22111656_child1652_2e8d16481613/result.json
intended-drone-stage2-off-1472491096-i13,drone,stage2,off,0b6483e03d00fe1d395fa287c780468527111843b8e698bfda584a551b674083,14,1472491096,13,1472491108,hmrp-gbfs,hadd-astar,20,70,True,True,/home/hersco/training_new_domains/2026-10-01/intended_leaf_remaining/results/intended-drone-stage2-off-1472491096-i13/attempt_22119099_child1082_d7981842d796/result.json
intended-drone-stage1-off-1472491096-i4,drone,stage1,off,c1c2ec8215c07ebc33db4e919d404e3d7230878b06f4086b52e8a38f11493124,92,1472491096,4,1472491099,hmrp-gbfs,hadd-astar,20,70,True,True,/home/hersco/training_new_domains/2026-10-01/intended_leaf_remaining/results/intended-drone-stage1-off-1472491096-i4/attempt_21973467_child673_162f51dfa7c1/result.json
intended-counters-stage2-off-1239739722-i5,counters,stage2,off,42423cffe66adec6b2852ad048f9781b486eedb21c85bf651f789dd752e430c5,5,1239739722,5,1239739726,hmrp-ha-ht-gbfs,hmrmax-astar,5,20,True,True,/home/hersco/training_new_domains/2026-10-01/intended_leaf_remaining/results/intended-counters-stage2-off-1239739722-i5/attempt_21969347_child181_4a1df6bc8805/result.json
intended-drone-stage1-on-1073581256-i16,drone,stage1,on,1fdd75ab2f48fd428524b42bdb4e6bd553eb962d5ab34dd2efb45c40c7e2390e,118,1073581256,16,1073581271,hmrp-gbfs,hadd-astar,20,70,True,True,/home/hersco/training_new_domains/2026-10-01/intended_leaf_remaining/results/intended-drone-stage1-on-1073581256-i16/attempt_21990411_child845_dc5afc7f6e76/result.json
intended-drone-stage1-on-923500475-i9,drone,stage1,on,cfd7f812cf180c9fcab576710bda31980c44786973115f6036b19aad76d5758e,103,923500475,9,923500483,hmrp-gbfs,hadd-astar,20,70,True,True,/home/hersco/training_new_domains/2026-10-01/intended_leaf_remaining/results/intended-drone-stage1-on-923500475-i9/attempt_21990057_child818_11172e9bb2f7/result.json
intended-counters-stage2-off-1472491096-i19,counters,stage2,off,d15cb836902dcc19eb4c447373e6b2d9e3d707d507c5693b143d4ecdd46fbf01,5,1472491096,19,1472491114,hmrp-ha-ht-gbfs,hmrmax-astar,5,20,True,True,/home/hersco/training_new_domains/2026-10-01/intended_leaf_remaining/results/intended-counters-stage2-off-1472491096-i19/attempt_21974936_child254_8e932ab82881/result.json
intended-fo_counters-stage2-off-1472491096-i4,fo_counters,stage2,off,20ea2c4bad9242582002571faf9fe8ab9e44df8a749a50afb530c9eff82f5b8d,52,1472491096,4,1472491099,hadd-gbfs,hmrmax-astar,20,70,True,True,/home/hersco/training_new_domains/2026-10-01/intended_leaf_remaining/results/intended-fo_counters-stage2-off-1472491096-i4/attempt_21984074_child1473_fd17e5b54b2e/result.json
intended-drone-stage2-off-923500475-i16,drone,stage2,off,67af5f170868d7c9f29dd100cdc52b244d9e79eeb13b66358fcfe3cd5c1c695f,16,923500475,16,923500490,hmrp-gbfs,hadd-astar,20,70,True,True,/home/hersco/training_new_domains/2026-10-01/intended_leaf_remaining/results/intended-drone-stage2-off-923500475-i16/attempt_22078171_child1025_3bd7609792c5/result.json
intended-counters-stage2-off-1472491096-i54,counters,stage2,off,d15cb836902dcc19eb4c447373e6b2d9e3d707d507c5693b143d4ecdd46fbf01,5,1472491096,54,1472491149,hmrp-ha-ht-gbfs,hmrmax-astar,5,20,True,True,/home/hersco/training_new_domains/2026-10-01/intended_leaf_remaining/results/intended-counters-stage2-off-1472491096-i54/attempt_21988612_child289_18df16290c2f/result.json
intended-counters-stage2-off-1472491096-i23,counters,stage2,off,d15cb836902dcc19eb4c447373e6b2d9e3d707d507c5693b143d4ecdd46fbf01,5,1472491096,23,1472491118,hmrp-ha-ht-gbfs,hmrmax-astar,5,20,True,True,/home/hersco/training_new_domains/2026-10-01/intended_leaf_remaining/results/intended-counters-stage2-off-1472491096-i23/attempt_21981662_child258_069d6530a226/result.json
intended-drone-stage1-off-1510771779-i14,drone,stage1,off,26918994bc769827ef04262944a7dc4ed6f2b73baf9424a613fe8df29b4d52e4,16,1510771779,14,1510771792,hmrp-gbfs,hadd-astar,20,70,True,True,/home/hersco/training_new_domains/2026-10-01/intended_leaf_remaining/results/intended-drone-stage1-off-1510771779-i14/attempt_21977348_child703_c66beb5bf4b1/result.json
intended-counters-stage2-off-1972442430-i25,counters,stage2,off,7402760195fdce0e856f247d9e36c30d33a33e1c48b9304a3bdf60fd3fc97b50,82,1972442430,25,1972442454,hmrp-ha-ht-gbfs,hmrmax-astar,5,20,True,True,/home/hersco/training_new_domains/2026-10-01/intended_leaf_remaining/results/intended-counters-stage2-off-1972442430-i25/attempt_22068442_child437_98769d2e79e6/result.json
intended-drone-stage1-on-1239739722-i20,drone,stage1,on,48738b47fd14ae74b4c27d905bb84a5810aeeb124ea86f2ad2c397e11e4ddf94,23,1239739722,20,1239739741,hmrp-gbfs,hadd-astar,20,70,True,True,/home/hersco/training_new_domains/2026-10-01/intended_leaf_remaining/results/intended-drone-stage1-on-1239739722-i20/attempt_21992064_child869_2991844c95e1/result.json
intended-counters-stage2-off-2011206605-i5,counters,stage2,off,d665fd33557ec4bc1ef7ee21aea73260fde109f3b5f5b5876dcbc6302302976c,12,2011206605,5,2011206609,hmrp-ha-ht-gbfs,hmrmax-astar,5,20,True,True,/home/hersco/training_new_domains/2026-10-01/intended_leaf_remaining/results/intended-counters-stage2-off-2011206605-i5/attempt_22114710_child476_cfcb9443ac41/result.json
intended-counters-stage2-off-1963100312-i39,counters,stage2,off,2e116c01f2ad50ed26d116ce2f7ef14723783d7ca4406b6cb8d349a1ffa468ff,33,1963100312,39,1963100350,hmrp-ha-ht-gbfs,hmrmax-astar,5,20,True,True,/home/hersco/training_new_domains/2026-10-01/intended_leaf_remaining/results/intended-counters-stage2-off-1963100312-i39/attempt_21994385_child392_041554c9b8db/result.json
intended-counters-stage2-off-1510771779-i49,counters,stage2,off,56925811a052de71d328a314eeb4aaa3234a62e61ed161bdb9f462be7f9e76b1,37,1510771779,49,1510771827,hmrp-ha-ht-gbfs,hmrmax-astar,5,20,True,True,/home/hersco/training_new_domains/2026-10-01/intended_leaf_remaining/results/intended-counters-stage2-off-1510771779-i49/attempt_21991054_child343_9becabc25aa8/result.json
intended-counters-stage2-off-923500475-i43,counters,stage2,off,7cbd966d31332e7dc3e3ed274c0955b1b219ffbf7af1d885cf465a1649a71892,0,923500475,43,923500517,hmrp-ha-ht-gbfs,hmrmax-astar,5,20,True,True,/home/hersco/training_new_domains/2026-10-01/intended_leaf_remaining/results/intended-counters-stage2-off-923500475-i43/attempt_21958003_child101_8bf2985effe1/result.json
intended-counters-stage2-off-923500475-i34,counters,stage2,off,7cbd966d31332e7dc3e3ed274c0955b1b219ffbf7af1d885cf465a1649a71892,0,923500475,34,923500508,hmrp-ha-ht-gbfs,hmrmax-astar,5,20,True,True,/home/hersco/training_new_domains/2026-10-01/intended_leaf_remaining/results/intended-counters-stage2-off-923500475-i34/attempt_21957798_child92_1e56d69bb79b/result.json
intended-drone-stage1-off-1963100312-i13,drone,stage1,off,a26b80b42378b986dc13250b7e818c7f295749ee2d5491930dc1d2ad0fdb3f88,157,1963100312,13,1963100324,hmrp-gbfs,hadd-astar,20,70,True,True,/home/hersco/training_new_domains/2026-10-01/intended_leaf_remaining/results/intended-drone-stage1-off-1963100312-i13/attempt_21977460_child722_d678d98e2157/result.json
intended-counters-stage2-off-1510771779-i34,counters,stage2,off,56925811a052de71d328a314eeb4aaa3234a62e61ed161bdb9f462be7f9e76b1,37,1510771779,34,1510771812,hmrp-ha-ht-gbfs,hmrmax-astar,5,20,True,True,/home/hersco/training_new_domains/2026-10-01/intended_leaf_remaining/results/intended-counters-stage2-off-1510771779-i34/attempt_21990389_child328_f5d05e1e7465/result.json
intended-drone-stage1-off-923500475-i7,drone,stage1,off,9b6add4c4e8b104c3e8cad429bf203355ad01eb9d95d5080f788e92a5de88e95,1,923500475,7,923500481,hmrp-gbfs,hadd-astar,20,70,True,True,/home/hersco/training_new_domains/2026-10-01/intended_leaf_remaining/results/intended-drone-stage1-off-923500475-i7/attempt_21957633_child616_82d565d893ac/result.json
intended-counters-stage2-off-1510771779-i43,counters,stage2,off,56925811a052de71d328a314eeb4aaa3234a62e61ed161bdb9f462be7f9e76b1,37,1510771779,43,1510771821,hmrp-ha-ht-gbfs,hmrmax-astar,5,20,True,True,/home/hersco/training_new_domains/2026-10-01/intended_leaf_remaining/results/intended-counters-stage2-off-1510771779-i43/attempt_21991054_child337_340daa91ea99/result.json
intended-counters-stage2-off-923500475-i49,counters,stage2,off,7cbd966d31332e7dc3e3ed274c0955b1b219ffbf7af1d885cf465a1649a71892,0,923500475,49,923500523,hmrp-ha-ht-gbfs,hmrmax-astar,5,20,True,True,/home/hersco/training_new_domains/2026-10-01/intended_leaf_remaining/results/intended-counters-stage2-off-923500475-i49/attempt_21958003_child107_f5ce03b7ae23/result.json
intended-drone-stage1-off-1963100312-i19,drone,stage1,off,a26b80b42378b986dc13250b7e818c7f295749ee2d5491930dc1d2ad0fdb3f88,157,1963100312,19,1963100330,hmrp-gbfs,hadd-astar,20,70,True,True,/home/hersco/training_new_domains/2026-10-01/intended_leaf_remaining/results/intended-drone-stage1-off-1963100312-i19/attempt_21977460_child728_d3a39360d688/result.json
intended-counters-stage2-off-1472491096-i29,counters,stage2,off,d15cb836902dcc19eb4c447373e6b2d9e3d707d507c5693b143d4ecdd46fbf01,5,1472491096,29,1472491124,hmrp-ha-ht-gbfs,hmrmax-astar,5,20,True,True,/home/hersco/training_new_domains/2026-10-01/intended_leaf_remaining/results/intended-counters-stage2-off-1472491096-i29/attempt_21981662_child264_e0fe53338ea8/result.json
intended-counters-stage2-off-534933607-i46,counters,stage2,off,8d9471820f76ecc6f1d3a74241ad63c38ace8dde0a84f3996915d433701f1f83,8,534933607,46,534933652,hmrp-ha-ht-gbfs,hmrmax-astar,5,20,True,True,/home/hersco/training_new_domains/2026-10-01/intended_leaf_remaining/results/intended-counters-stage2-off-534933607-i46/attempt_21957729_child45_2d0c674b23d2/result.json
intended-counters-stage2-off-534933607-i31,counters,stage2,off,8d9471820f76ecc6f1d3a74241ad63c38ace8dde0a84f3996915d433701f1f83,8,534933607,31,534933637,hmrp-ha-ht-gbfs,hmrmax-astar,5,20,True,True,/home/hersco/training_new_domains/2026-10-01/intended_leaf_remaining/results/intended-counters-stage2-off-534933607-i31/attempt_21957721_child30_1a1effa3db2b/result.json
intended-fo_counters-stage2-off-534933607-i5,fo_counters,stage2,off,de77046fa62754c0714421bb0b299fa030fb0a99309114e71553e134fba8efea,17,534933607,5,534933611,hadd-gbfs,hmrmax-astar,20,70,True,True,/home/hersco/training_new_domains/2026-10-01/intended_leaf_remaining/results/intended-fo_counters-stage2-off-534933607-i5/attempt_21957703_child1394_a4a7ce5568fb/result.json
intended-counters-stage2-off-1963100312-i44,counters,stage2,off,2e116c01f2ad50ed26d116ce2f7ef14723783d7ca4406b6cb8d349a1ffa468ff,33,1963100312,44,1963100355,hmrp-ha-ht-gbfs,hmrmax-astar,5,20,True,True,/home/hersco/training_new_domains/2026-10-01/intended_leaf_remaining/results/intended-counters-stage2-off-1963100312-i44/attempt_22000677_child397_ee8bbdfb0424/result.json
intended-counters-stage2-off-1963100312-i33,counters,stage2,off,2e116c01f2ad50ed26d116ce2f7ef14723783d7ca4406b6cb8d349a1ffa468ff,33,1963100312,33,1963100344,hmrp-ha-ht-gbfs,hmrmax-astar,5,20,True,True,/home/hersco/training_new_domains/2026-10-01/intended_leaf_remaining/results/intended-counters-stage2-off-1963100312-i33/attempt_21994385_child386_9db9540b41e4/result.json
intended-fo_counters-stage2-off-1239739722-i3,fo_counters,stage2,off,e8f4d9c3fad7db91db8c407bb1ca6d7da04e1d4af5473491676e65d93d0e0cd4,70,1239739722,3,1239739724,hadd-gbfs,hmrmax-astar,20,70,True,True,/home/hersco/training_new_domains/2026-10-01/intended_leaf_remaining/results/intended-fo_counters-stage2-off-1239739722-i3/attempt_21982585_child1452_ecfee8a111b7/result.json
intended-counters-stage2-off-1472491096-i2,counters,stage2,off,d15cb836902dcc19eb4c447373e6b2d9e3d707d507c5693b143d4ecdd46fbf01,5,1472491096,2,1472491097,hmrp-ha-ht-gbfs,hmrmax-astar,5,20,True,True,/home/hersco/training_new_domains/2026-10-01/intended_leaf_remaining/results/intended-counters-stage2-off-1472491096-i2/attempt_21974675_child237_9e882a96f49e/result.json
intended-drone-stage1-off-1073581256-i10,drone,stage1,off,633b68eeece792b1454d0f8524d24ffbb0d8fa6a89e02388ef92f54f6b7390be,90,1073581256,10,1073581265,hmrp-gbfs,hadd-astar,20,70,True,True,/home/hersco/training_new_domains/2026-10-01/intended_leaf_remaining/results/intended-drone-stage1-off-1073581256-i10/attempt_21969116_child639_b3ff30979ffc/result.json
intended-drone-stage1-off-1239739722-i3,drone,stage1,off,db5b59fb3044ba4b098b792e8ed249dab6c12d8ab15a616b483935af7fc72f97,51,1239739722,3,1239739724,hmrp-gbfs,hadd-astar,20,70,True,True,/home/hersco/training_new_domains/2026-10-01/intended_leaf_remaining/results/intended-drone-stage1-off-1239739722-i3/attempt_21969927_child652_0146ecd39efc/result.json
intended-fo_counters-stage2-off-1073581256-i6,fo_counters,stage2,off,bf23351c34ee3fcce4bbaf23730a86ac757cb9002deccdefdbf1d91a085872ae,12,1073581256,6,1073581261,hadd-gbfs,hmrmax-astar,20,70,True,True,/home/hersco/training_new_domains/2026-10-01/intended_leaf_remaining/results/intended-fo_counters-stage2-off-1073581256-i6/attempt_21970050_child1435_c7792c133e2c/result.json
intended-counters-stage2-off-1239739722-i41,counters,stage2,off,42423cffe66adec6b2852ad048f9781b486eedb21c85bf651f789dd752e430c5,5,1239739722,41,1239739762,hmrp-ha-ht-gbfs,hmrmax-astar,5,20,True,True,/home/hersco/training_new_domains/2026-10-01/intended_leaf_remaining/results/intended-counters-stage2-off-1239739722-i41/attempt_21970215_child217_3c74bf70c1b5/result.json
intended-counters-stage2-off-2011206605-i18,counters,stage2,off,d665fd33557ec4bc1ef7ee21aea73260fde109f3b5f5b5876dcbc6302302976c,12,2011206605,18,2011206622,hmrp-ha-ht-gbfs,hmrmax-astar,5,20,True,True,/home/hersco/training_new_domains/2026-10-01/intended_leaf_remaining/results/intended-counters-stage2-off-2011206605-i18/attempt_22115174_child489_3542ca44e4e3/result.json
intended-counters-stage2-off-1239739722-i36,counters,stage2,off,42423cffe66adec6b2852ad048f9781b486eedb21c85bf651f789dd752e430c5,5,1239739722,36,1239739757,hmrp-ha-ht-gbfs,hmrmax-astar,5,20,True,True,/home/hersco/training_new_domains/2026-10-01/intended_leaf_remaining/results/intended-counters-stage2-off-1239739722-i36/attempt_21969623_child212_a88c01c004e6/result.json
intended-drone-stage1-off-1073581256-i6,drone,stage1,off,633b68eeece792b1454d0f8524d24ffbb0d8fa6a89e02388ef92f54f6b7390be,90,1073581256,6,1073581261,hmrp-gbfs,hadd-astar,20,70,True,True,/home/hersco/training_new_domains/2026-10-01/intended_leaf_remaining/results/intended-drone-stage1-off-1073581256-i6/attempt_21969116_child635_70f18320ba2d/result.json
intended-fo_counters-stage2-off-2011206605-i12,fo_counters,stage2,off,d63a23f369280ba428d1698f08ce10f3652504fa73fbaab09e6b397fd50fbe93,14,2011206605,12,2011206616,hadd-gbfs,hmrmax-astar,20,70,True,True,/home/hersco/training_new_domains/2026-10-01/intended_leaf_remaining/results/intended-fo_counters-stage2-off-2011206605-i12/attempt_22001570_child1561_2485245123ba/result.json
intended-counters-stage2-off-2011206605-i12,counters,stage2,off,d665fd33557ec4bc1ef7ee21aea73260fde109f3b5f5b5876dcbc6302302976c,12,2011206605,12,2011206616,hmrp-ha-ht-gbfs,hmrmax-astar,5,20,True,True,/home/hersco/training_new_domains/2026-10-01/intended_leaf_remaining/results/intended-counters-stage2-off-2011206605-i12/attempt_22115174_child483_e4dca6076179/result.json
intended-counters-stage2-off-1073581256-i30,counters,stage2,off,29e56cb5dcd93d6c0e1c2f61460ee6a5b3fe06d2b73a2e0a362b58e389adb6e8,0,1073581256,30,1073581285,hmrp-ha-ht-gbfs,hmrmax-astar,5,20,True,True,/home/hersco/training_new_domains/2026-10-01/intended_leaf_remaining/results/intended-counters-stage2-off-1073581256-i30/attempt_21964233_child147_b61630ea90e9/result.json
intended-counters-stage2-off-1073581256-i47,counters,stage2,off,29e56cb5dcd93d6c0e1c2f61460ee6a5b3fe06d2b73a2e0a362b58e389adb6e8,0,1073581256,47,1073581302,hmrp-ha-ht-gbfs,hmrmax-astar,5,20,True,True,/home/hersco/training_new_domains/2026-10-01/intended_leaf_remaining/results/intended-counters-stage2-off-1073581256-i47/attempt_21967823_child164_bede62d58180/result.json
intended-drone-stage1-off-1239739722-i16,drone,stage1,off,db5b59fb3044ba4b098b792e8ed249dab6c12d8ab15a616b483935af7fc72f97,51,1239739722,16,1239739737,hmrp-gbfs,hadd-astar,20,70,True,True,/home/hersco/training_new_domains/2026-10-01/intended_leaf_remaining/results/intended-drone-stage1-off-1239739722-i16/attempt_21973293_child665_4d15c128a06e/result.json
intended-fo_counters-stage2-off-1239739722-i9,fo_counters,stage2,off,e8f4d9c3fad7db91db8c407bb1ca6d7da04e1d4af5473491676e65d93d0e0cd4,70,1239739722,9,1239739730,hadd-gbfs,hmrmax-astar,20,70,True,True,/home/hersco/training_new_domains/2026-10-01/intended_leaf_remaining/results/intended-fo_counters-stage2-off-1239739722-i9/attempt_21982585_child1458_7fb48952a96d/result.json
intended-fo_counters-stage2-on-1472491096-i4,fo_counters,stage2,on,0faaa11252057ada7e032799f9a3e51b36914e4aef4b08a4c7c617f83095026d,90,1472491096,4,1472491099,hadd-gbfs,hmrmax-astar,20,70,True,True,/home/hersco/training_new_domains/2026-10-01/intended_leaf_remaining/results/intended-fo_counters-stage2-on-1472491096-i4/attempt_22119104_child1673_d85cfe482a12/result.json
intended-counters-stage2-off-1472491096-i8,counters,stage2,off,d15cb836902dcc19eb4c447373e6b2d9e3d707d507c5693b143d4ecdd46fbf01,5,1472491096,8,1472491103,hmrp-ha-ht-gbfs,hmrmax-astar,5,20,True,True,/home/hersco/training_new_domains/2026-10-01/intended_leaf_remaining/results/intended-counters-stage2-off-1472491096-i8/attempt_21974675_child243_3ca163888774/result.json
intended-drone-stage1-off-1239739722-i9,drone,stage1,off,db5b59fb3044ba4b098b792e8ed249dab6c12d8ab15a616b483935af7fc72f97,51,1239739722,9,1239739730,hmrp-gbfs,hadd-astar,20,70,True,True,/home/hersco/training_new_domains/2026-10-01/intended_leaf_remaining/results/intended-drone-stage1-off-1239739722-i9/attempt_21969927_child658_51cc63e49dbf/result.json
intended-fo_counters-stage2-on-1073581256-i4,fo_counters,stage2,on,b86d6355e4df207b32bcaa9ee6a3d66eaebdfd7055ea4b7aa68113fb92fd0732,39,1073581256,4,1073581259,hadd-gbfs,hmrmax-astar,20,70,True,True,/home/hersco/training_new_domains/2026-10-01/intended_leaf_remaining/results/intended-fo_counters-stage2-on-1073581256-i4/attempt_22055485_child1633_55b4a9e73c83/result.json
intended-drone-stage1-on-1963100312-i2,drone,stage1,on,a9861f654d1da7a1e82387b05a980d88adeac0e811e1ceb5f1a9b16dbe444603,1,1963100312,2,1963100313,hmrp-gbfs,hadd-astar,20,70,True,True,/home/hersco/training_new_domains/2026-10-01/intended_leaf_remaining/results/intended-drone-stage1-on-1963100312-i2/attempt_22001561_child911_205eada07228/result.json
intended-counters-stage2-off-1073581256-i8,counters,stage2,off,29e56cb5dcd93d6c0e1c2f61460ee6a5b3fe06d2b73a2e0a362b58e389adb6e8,0,1073581256,8,1073581263,hmrp-ha-ht-gbfs,hmrmax-astar,5,20,True,True,/home/hersco/training_new_domains/2026-10-01/intended_leaf_remaining/results/intended-counters-stage2-off-1073581256-i8/attempt_21960272_child125_c61adfa59491/result.json
intended-drone-stage2-off-534933607-i11,drone,stage2,off,374884068aa2f599389f37f756631fcf8d92b41decf37a55bd3f387076dd9b34,63,534933607,11,534933617,hmrp-gbfs,hadd-astar,20,70,True,True,/home/hersco/training_new_domains/2026-10-01/intended_leaf_remaining/results/intended-drone-stage2-off-534933607-i11/attempt_22063342_child1000_7119c4556259/result.json
intended-drone-stage1-on-1239739722-i12,drone,stage1,on,48738b47fd14ae74b4c27d905bb84a5810aeeb124ea86f2ad2c397e11e4ddf94,23,1239739722,12,1239739733,hmrp-gbfs,hadd-astar,20,70,True,True,/home/hersco/training_new_domains/2026-10-01/intended_leaf_remaining/results/intended-drone-stage1-on-1239739722-i12/attempt_21992064_child861_766bceb6e11f/result.json
intended-fo_counters-stage2-on-1239739722-i1,fo_counters,stage2,on,b1f15df4365a80d9ff22422a14e4a2ce1b43dcf7700ddeae7feeffad0d851050,8,1239739722,1,1239739722,hadd-gbfs,hmrmax-astar,20,70,True,True,/home/hersco/training_new_domains/2026-10-01/intended_leaf_remaining/results/intended-fo_counters-stage2-on-1239739722-i1/attempt_22111656_child1650_f8b571f6d11b/result.json
intended-drone-stage1-on-1972442430-i8,drone,stage1,on,4f8634868e328f4a5a1019f91f6c80b082945db9ddd0fc537c3eec4f4febb3d7,21,1972442430,8,1972442437,hmrp-gbfs,hadd-astar,20,70,True,True,/home/hersco/training_new_domains/2026-10-01/intended_leaf_remaining/results/intended-drone-stage1-on-1972442430-i8/attempt_22001563_child937_f60f53bb2661/result.json
intended-drone-stage2-off-1472491096-i11,drone,stage2,off,0b6483e03d00fe1d395fa287c780468527111843b8e698bfda584a551b674083,14,1472491096,11,1472491106,hmrp-gbfs,hadd-astar,20,70,True,True,/home/hersco/training_new_domains/2026-10-01/intended_leaf_remaining/results/intended-drone-stage2-off-1472491096-i11/attempt_22119099_child1080_9204c7b3282b/result.json
intended-fo_counters-stage2-off-1472491096-i11,fo_counters,stage2,off,20ea2c4bad9242582002571faf9fe8ab9e44df8a749a50afb530c9eff82f5b8d,52,1472491096,11,1472491106,hadd-gbfs,hmrmax-astar,20,70,True,True,/home/hersco/training_new_domains/2026-10-01/intended_leaf_remaining/results/intended-fo_counters-stage2-off-1472491096-i11/attempt_21986707_child1480_8c0932145f4a/result.json
intended-counters-stage2-off-1972442430-i17,counters,stage2,off,7402760195fdce0e856f247d9e36c30d33a33e1c48b9304a3bdf60fd3fc97b50,82,1972442430,17,1972442446,hmrp-ha-ht-gbfs,hmrmax-astar,5,20,True,True,/home/hersco/training_new_domains/2026-10-01/intended_leaf_remaining/results/intended-counters-stage2-off-1972442430-i17/attempt_22067238_child429_8e17750543f6/result.json
intended-drone-stage1-on-923500475-i1,drone,stage1,on,cfd7f812cf180c9fcab576710bda31980c44786973115f6036b19aad76d5758e,103,923500475,1,923500475,hmrp-gbfs,hadd-astar,20,70,True,True,/home/hersco/training_new_domains/2026-10-01/intended_leaf_remaining/results/intended-drone-stage1-on-923500475-i1/attempt_21990057_child810_ac6e0b0c2c63/result.json
intended-counters-stage2-off-1472491096-i11,counters,stage2,off,d15cb836902dcc19eb4c447373e6b2d9e3d707d507c5693b143d4ecdd46fbf01,5,1472491096,11,1472491106,hmrp-ha-ht-gbfs,hmrmax-astar,5,20,True,True,/home/hersco/training_new_domains/2026-10-01/intended_leaf_remaining/results/intended-counters-stage2-off-1472491096-i11/attempt_21974936_child246_bdc695839da4/result.json
intended-drone-stage2-off-1510771779-i4,drone,stage2,off,492d8443f22a61c665a6602bad73f9ac9e972ef6bbb458faa7fc8b06632c3956,0,1510771779,4,1510771782,hmrp-gbfs,hadd-astar,20,70,True,True,/home/hersco/training_new_domains/2026-10-01/intended_leaf_remaining/results/intended-drone-stage2-off-1510771779-i4/attempt_22119100_child1093_40e5c9b61c7d/result.json
intended-fo_counters-stage2-off-1472491096-i6,fo_counters,stage2,off,20ea2c4bad9242582002571faf9fe8ab9e44df8a749a50afb530c9eff82f5b8d,52,1472491096,6,1472491101,hadd-gbfs,hmrmax-astar,20,70,True,True,/home/hersco/training_new_domains/2026-10-01/intended_leaf_remaining/results/intended-fo_counters-stage2-off-1472491096-i6/attempt_21984074_child1475_e9709c00d833/result.json
intended-drone-stage2-off-923500475-i14,drone,stage2,off,67af5f170868d7c9f29dd100cdc52b244d9e79eeb13b66358fcfe3cd5c1c695f,16,923500475,14,923500488,hmrp-gbfs,hadd-astar,20,70,True,True,/home/hersco/training_new_domains/2026-10-01/intended_leaf_remaining/results/intended-drone-stage2-off-923500475-i14/attempt_22078171_child1023_dba20ac85fd8/result.json
intended-drone-stage1-on-1239739722-i18,drone,stage1,on,48738b47fd14ae74b4c27d905bb84a5810aeeb124ea86f2ad2c397e11e4ddf94,23,1239739722,18,1239739739,hmrp-gbfs,hadd-astar,20,70,True,True,/home/hersco/training_new_domains/2026-10-01/intended_leaf_remaining/results/intended-drone-stage1-on-1239739722-i18/attempt_21992064_child867_b5c5cfd96042/result.json
intended-drone-stage1-on-1972442430-i2,drone,stage1,on,4f8634868e328f4a5a1019f91f6c80b082945db9ddd0fc537c3eec4f4febb3d7,21,1972442430,2,1972442431,hmrp-gbfs,hadd-astar,20,70,True,True,/home/hersco/training_new_domains/2026-10-01/intended_leaf_remaining/results/intended-drone-stage1-on-1972442430-i2/attempt_22001563_child931_3208c4396d7c/result.json
intended-drone-stage1-off-1472491096-i6,drone,stage1,off,c1c2ec8215c07ebc33db4e919d404e3d7230878b06f4086b52e8a38f11493124,92,1472491096,6,1472491101,hmrp-gbfs,hadd-astar,20,70,True,True,/home/hersco/training_new_domains/2026-10-01/intended_leaf_remaining/results/intended-drone-stage1-off-1472491096-i6/attempt_21973467_child675_8a5fe386c41d/result.json
intended-counters-stage2-off-1239739722-i7,counters,stage2,off,42423cffe66adec6b2852ad048f9781b486eedb21c85bf651f789dd752e430c5,5,1239739722,7,1239739728,hmrp-ha-ht-gbfs,hmrmax-astar,5,20,True,True,/home/hersco/training_new_domains/2026-10-01/intended_leaf_remaining/results/intended-counters-stage2-off-1239739722-i7/attempt_21969347_child183_e591d9d3ff2a/result.json
intended-drone-stage1-on-1073581256-i14,drone,stage1,on,1fdd75ab2f48fd428524b42bdb4e6bd553eb962d5ab34dd2efb45c40c7e2390e,118,1073581256,14,1073581269,hmrp-gbfs,hadd-astar,20,70,True,True,/home/hersco/training_new_domains/2026-10-01/intended_leaf_remaining/results/intended-drone-stage1-on-1073581256-i14/attempt_21990411_child843_dae45d37d2d9/result.json
intended-drone-stage1-on-1963100312-i8,drone,stage1,on,a9861f654d1da7a1e82387b05a980d88adeac0e811e1ceb5f1a9b16dbe444603,1,1963100312,8,1963100319,hmrp-gbfs,hadd-astar,20,70,True,True,/home/hersco/training_new_domains/2026-10-01/intended_leaf_remaining/results/intended-drone-stage1-on-1963100312-i8/attempt_22001561_child917_ccc6ea78f5e3/result.json
intended-fo_counters-stage2-off-2082152039-i11,fo_counters,stage2,off,ccf2d2bd019ea198331b200029e2656e64c53abad6a5638f0e72766f3247fd72,17,2082152039,11,2082152049,hadd-gbfs,hmrmax-astar,20,70,True,True,/home/hersco/training_new_domains/2026-10-01/intended_leaf_remaining/results/intended-fo_counters-stage2-off-2082152039-i11/attempt_22001572_child1580_a26625e0558c/result.json
intended-counters-stage2-off-1073581256-i2,counters,stage2,off,29e56cb5dcd93d6c0e1c2f61460ee6a5b3fe06d2b73a2e0a362b58e389adb6e8,0,1073581256,2,1073581257,hmrp-ha-ht-gbfs,hmrmax-astar,5,20,True,True,/home/hersco/training_new_domains/2026-10-01/intended_leaf_remaining/results/intended-counters-stage2-off-1073581256-i2/attempt_21960272_child119_0bca2ead0515/result.json
intended-drone-stage2-off-1963100312-i3,drone,stage2,off,66a14b87ef7cbd18005d1f2a85b4c2e3322cda932ecc1ea15d4dd0af4a97b735,10,1963100312,3,1963100314,hmrp-gbfs,hadd-astar,20,70,True,True,/home/hersco/training_new_domains/2026-10-01/intended_leaf_remaining/results/intended-drone-stage2-off-1963100312-i3/attempt_22119102_child1112_e132018ab155/result.json
intended-drone-stage1-on-534933607-i10,drone,stage1,on,efa1b6a7b8bad82f1ee52e5ccc49043bda2eff2d3e0c4f028133996850caecb2,161,534933607,10,534933616,hmrp-gbfs,hadd-astar,20,70,True,True,/home/hersco/training_new_domains/2026-10-01/intended_leaf_remaining/results/intended-drone-stage1-on-534933607-i10/attempt_21988929_child799_2b622a94bd72/result.json
intended-drone-stage2-off-1972442430-i9,drone,stage2,off,706e10a11f5ea5221afd45d0181cc771f4bc96a5ef22ac402bae970dbf4683d7,92,1972442430,9,1972442438,hmrp-gbfs,hadd-astar,20,70,True,True,/home/hersco/training_new_domains/2026-10-01/intended_leaf_remaining/results/intended-drone-stage2-off-1972442430-i9/attempt_22119422_child1138_7380b80f52e0/result.json
intended-drone-stage1-on-1510771779-i5,drone,stage1,on,63048c2d248b5fd3bb55fe6a43060b9ba48538ef483d8b716049b54a72a0b442,14,1510771779,5,1510771783,hmrp-gbfs,hadd-astar,20,70,True,True,/home/hersco/training_new_domains/2026-10-01/intended_leaf_remaining/results/intended-drone-stage1-on-1510771779-i5/attempt_21997632_child894_dd8f28cd1125/result.json
intended-drone-stage2-off-1972442430-i3,drone,stage2,off,706e10a11f5ea5221afd45d0181cc771f4bc96a5ef22ac402bae970dbf4683d7,92,1972442430,3,1972442432,hmrp-gbfs,hadd-astar,20,70,True,True,/home/hersco/training_new_domains/2026-10-01/intended_leaf_remaining/results/intended-drone-stage2-off-1972442430-i3/attempt_22119422_child1132_d37ebea3e9ea/result.json
intended-drone-stage1-on-1510771779-i10,drone,stage1,on,63048c2d248b5fd3bb55fe6a43060b9ba48538ef483d8b716049b54a72a0b442,14,1510771779,10,1510771788,hmrp-gbfs,hadd-astar,20,70,True,True,/home/hersco/training_new_domains/2026-10-01/intended_leaf_remaining/results/intended-drone-stage1-on-1510771779-i10/attempt_21997632_child899_76ec41f354e5/result.json
intended-fo_counters-stage2-off-2011206605-i1,fo_counters,stage2,off,d63a23f369280ba428d1698f08ce10f3652504fa73fbaab09e6b397fd50fbe93,14,2011206605,1,2011206605,hadd-gbfs,hmrmax-astar,20,70,True,True,/home/hersco/training_new_domains/2026-10-01/intended_leaf_remaining/results/intended-fo_counters-stage2-off-2011206605-i1/attempt_22001569_child1550_7f320e371342/result.json
intended-drone-stage1-on-923500475-i15,drone,stage1,on,cfd7f812cf180c9fcab576710bda31980c44786973115f6036b19aad76d5758e,103,923500475,15,923500489,hmrp-gbfs,hadd-astar,20,70,True,True,/home/hersco/training_new_domains/2026-10-01/intended_leaf_remaining/results/intended-drone-stage1-on-923500475-i15/attempt_21990186_child824_973f36516649/result.json
intended-drone-stage1-off-2011206605-i1,drone,stage1,off,bd243a04dfdd164e760f6c93c48a8d45cb6694ea67304c70bba70daec1fbab98,40,2011206605,1,2011206605,hmrp-gbfs,hadd-astar,20,70,True,True,/home/hersco/training_new_domains/2026-10-01/intended_leaf_remaining/results/intended-drone-stage1-off-2011206605-i1/attempt_21984042_child750_6eeb45ce2c15/result.json
intended-fo_counters-stage2-on-534933607-i1,fo_counters,stage2,on,7f248fc5bf1240d843b9d2a8fbfdff6ae7e3e7821a24ccb95f6894e9ea3586e3,21,534933607,1,534933607,hadd-gbfs,hmrmax-astar,20,70,True,True,/home/hersco/training_new_domains/2026-10-01/intended_leaf_remaining/results/intended-fo_counters-stage2-on-534933607-i1/attempt_22001573_child1590_2f2b6facfa8e/result.json
intended-drone-stage2-off-1963100312-i9,drone,stage2,off,66a14b87ef7cbd18005d1f2a85b4c2e3322cda932ecc1ea15d4dd0af4a97b735,10,1963100312,9,1963100320,hmrp-gbfs,hadd-astar,20,70,True,True,/home/hersco/training_new_domains/2026-10-01/intended_leaf_remaining/results/intended-drone-stage2-off-1963100312-i9/attempt_22119102_child1118_fa7641a97fc5/result.json
intended-drone-stage1-on-1963100312-i17,drone,stage1,on,a9861f654d1da7a1e82387b05a980d88adeac0e811e1ceb5f1a9b16dbe444603,1,1963100312,17,1963100328,hmrp-gbfs,hadd-astar,20,70,True,True,/home/hersco/training_new_domains/2026-10-01/intended_leaf_remaining/results/intended-drone-stage1-on-1963100312-i17/attempt_22001562_child926_9d1d8efbe658/result.json
intended-drone-stage1-on-2082152039-i4,drone,stage1,on,0ff2da76b7040069403b73d7a38f628e483e7117b98f72cdc31ef52808c101a9,26,2082152039,4,2082152042,hmrp-gbfs,hadd-astar,20,70,True,True,/home/hersco/training_new_domains/2026-10-01/intended_leaf_remaining/results/intended-drone-stage1-on-2082152039-i4/attempt_22047868_child973_5259d1d3cbd4/result.json
intended-counters-stage2-off-2011206605-i20,counters,stage2,off,d665fd33557ec4bc1ef7ee21aea73260fde109f3b5f5b5876dcbc6302302976c,12,2011206605,20,2011206624,hmrp-ha-ht-gbfs,hmrmax-astar,5,20,True,True,/home/hersco/training_new_domains/2026-10-01/intended_leaf_remaining/results/intended-counters-stage2-off-2011206605-i20/attempt_22115174_child491_13d1ae6e3d2c/result.json
intended-counters-stage2-off-534933607-i55,counters,stage2,off,8d9471820f76ecc6f1d3a74241ad63c38ace8dde0a84f3996915d433701f1f83,8,534933607,55,534933661,hmrp-ha-ht-gbfs,hmrmax-astar,5,20,True,True,/home/hersco/training_new_domains/2026-10-01/intended_leaf_remaining/results/intended-counters-stage2-off-534933607-i55/attempt_21957730_child54_111648128bf3/result.json
intended-counters-stage2-off-534933607-i22,counters,stage2,off,8d9471820f76ecc6f1d3a74241ad63c38ace8dde0a84f3996915d433701f1f83,8,534933607,22,534933628,hmrp-ha-ht-gbfs,hmrmax-astar,5,20,True,True,/home/hersco/training_new_domains/2026-10-01/intended_leaf_remaining/results/intended-counters-stage2-off-534933607-i22/attempt_21957717_child21_5712865b93d2/result.json
intended-counters-stage2-off-1963100312-i20,counters,stage2,off,2e116c01f2ad50ed26d116ce2f7ef14723783d7ca4406b6cb8d349a1ffa468ff,33,1963100312,20,1963100331,hmrp-ha-ht-gbfs,hmrmax-astar,5,20,True,True,/home/hersco/training_new_domains/2026-10-01/intended_leaf_remaining/results/intended-counters-stage2-off-1963100312-i20/attempt_21992576_child373_1fb9ec6aa06f/result.json
intended-drone-stage1-on-2011206605-i17,drone,stage1,on,7a0d4ae09e6084c98e49851f331af161432814fe23efa099a24a478835499d13,19,2011206605,17,2011206621,hmrp-gbfs,hadd-astar,20,70,True,True,/home/hersco/training_new_domains/2026-10-01/intended_leaf_remaining/results/intended-drone-stage1-on-2011206605-i17/attempt_22047674_child966_9f7e2c7df553/result.json
intended-counters-stage2-off-1510771779-i27,counters,stage2,off,56925811a052de71d328a314eeb4aaa3234a62e61ed161bdb9f462be7f9e76b1,37,1510771779,27,1510771805,hmrp-ha-ht-gbfs,hmrmax-astar,5,20,True,True,/home/hersco/training_new_domains/2026-10-01/intended_leaf_remaining/results/intended-counters-stage2-off-1510771779-i27/attempt_21990177_child321_a926377b46a1/result.json
intended-drone-stage1-off-1972442430-i16,drone,stage1,off,d4231bbb4257cc35153cf80bf35986f2e446c5f157d36130f76d7f23fc98bd5a,67,1972442430,16,1972442445,hmrp-gbfs,hadd-astar,20,70,True,True,/home/hersco/training_new_domains/2026-10-01/intended_leaf_remaining/results/intended-drone-stage1-off-1972442430-i16/attempt_21982993_child745_acf4f386c9f7/result.json
intended-drone-stage1-off-1472491096-i10,drone,stage1,off,c1c2ec8215c07ebc33db4e919d404e3d7230878b06f4086b52e8a38f11493124,92,1472491096,10,1472491105,hmrp-gbfs,hadd-astar,20,70,True,True,/home/hersco/training_new_domains/2026-10-01/intended_leaf_remaining/results/intended-drone-stage1-off-1472491096-i10/attempt_21973467_child679_917e30ca9ca8/result.json
intended-counters-stage2-off-1510771779-i50,counters,stage2,off,56925811a052de71d328a314eeb4aaa3234a62e61ed161bdb9f462be7f9e76b1,37,1510771779,50,1510771828,hmrp-ha-ht-gbfs,hmrmax-astar,5,20,True,True,/home/hersco/training_new_domains/2026-10-01/intended_leaf_remaining/results/intended-counters-stage2-off-1510771779-i50/attempt_21991054_child344_1452376d7c1f/result.json
intended-drone-stage1-off-1972442430-i6,drone,stage1,off,d4231bbb4257cc35153cf80bf35986f2e446c5f157d36130f76d7f23fc98bd5a,67,1972442430,6,1972442435,hmrp-gbfs,hadd-astar,20,70,True,True,/home/hersco/training_new_domains/2026-10-01/intended_leaf_remaining/results/intended-drone-stage1-off-1972442430-i6/attempt_21982890_child735_5d43d4fbed2c/result.json
intended-drone-stage1-on-1472491096-i2,drone,stage1,on,06d9bfa280defcbbcb76bdbae4ef6e1afd6c74354377f66b8130ccb3006dc400,21,1472491096,2,1472491097,hmrp-gbfs,hadd-astar,20,70,True,True,/home/hersco/training_new_domains/2026-10-01/intended_leaf_remaining/results/intended-drone-stage1-on-1472491096-i2/attempt_21997492_child871_457d57416548/result.json
intended-fo_counters-stage2-off-1972442430-i6,fo_counters,stage2,off,5777ec23eb6f70cc969d1f73740f205b009e7e1d5e9f5dfbb3e498f3bd82275c,15,1972442430,6,1972442435,hadd-gbfs,hmrmax-astar,20,70,True,True,/home/hersco/training_new_domains/2026-10-01/intended_leaf_remaining/results/intended-fo_counters-stage2-off-1972442430-i6/attempt_22001567_child1535_b3dec29661de/result.json
intended-drone-stage1-on-1472491096-i8,drone,stage1,on,06d9bfa280defcbbcb76bdbae4ef6e1afd6c74354377f66b8130ccb3006dc400,21,1472491096,8,1472491103,hmrp-gbfs,hadd-astar,20,70,True,True,/home/hersco/training_new_domains/2026-10-01/intended_leaf_remaining/results/intended-drone-stage1-on-1472491096-i8/attempt_21997492_child877_fb8ce2f3a556/result.json
intended-counters-stage2-off-923500475-i50,counters,stage2,off,7cbd966d31332e7dc3e3ed274c0955b1b219ffbf7af1d885cf465a1649a71892,0,923500475,50,923500524,hmrp-ha-ht-gbfs,hmrmax-astar,5,20,True,True,/home/hersco/training_new_domains/2026-10-01/intended_leaf_remaining/results/intended-counters-stage2-off-923500475-i50/attempt_21958003_child108_37ec901e0059/result.json
intended-counters-stage2-off-923500475-i27,counters,stage2,off,7cbd966d31332e7dc3e3ed274c0955b1b219ffbf7af1d885cf465a1649a71892,0,923500475,27,923500501,hmrp-ha-ht-gbfs,hmrmax-astar,5,20,True,True,/home/hersco/training_new_domains/2026-10-01/intended_leaf_remaining/results/intended-counters-stage2-off-923500475-i27/attempt_21957797_child85_d99e1d1f2ab1/result.json
intended-counters-stage2-off-1972442430-i41,counters,stage2,off,7402760195fdce0e856f247d9e36c30d33a33e1c48b9304a3bdf60fd3fc97b50,82,1972442430,41,1972442470,hmrp-ha-ht-gbfs,hmrmax-astar,5,20,True,True,/home/hersco/training_new_domains/2026-10-01/intended_leaf_remaining/results/intended-counters-stage2-off-1972442430-i41/attempt_22071430_child453_7d8e3b7fc434/result.json
intended-counters-stage2-off-534933607-i28,counters,stage2,off,8d9471820f76ecc6f1d3a74241ad63c38ace8dde0a84f3996915d433701f1f83,8,534933607,28,534933634,hmrp-ha-ht-gbfs,hmrmax-astar,5,20,True,True,/home/hersco/training_new_domains/2026-10-01/intended_leaf_remaining/results/intended-counters-stage2-off-534933607-i28/attempt_21957717_child27_ce1f30b9dfd9/result.json
intended-counters-stage2-off-534933607-i4,counters,stage2,off,8d9471820f76ecc6f1d3a74241ad63c38ace8dde0a84f3996915d433701f1f83,8,534933607,4,534933610,hmrp-ha-ht-gbfs,hmrmax-astar,5,20,True,True,/home/hersco/training_new_domains/2026-10-01/intended_leaf_remaining/results/intended-counters-stage2-off-534933607-i4/attempt_21957674_child3_f969510d0a67/result.json
intended-counters-stage2-off-1472491096-i47,counters,stage2,off,d15cb836902dcc19eb4c447373e6b2d9e3d707d507c5693b143d4ecdd46fbf01,5,1472491096,47,1472491142,hmrp-ha-ht-gbfs,hmrmax-astar,5,20,True,True,/home/hersco/training_new_domains/2026-10-01/intended_leaf_remaining/results/intended-counters-stage2-off-1472491096-i47/attempt_21986890_child282_86342bd89051/result.json
intended-counters-stage2-off-1472491096-i30,counters,stage2,off,d15cb836902dcc19eb4c447373e6b2d9e3d707d507c5693b143d4ecdd46fbf01,5,1472491096,30,1472491125,hmrp-ha-ht-gbfs,hmrmax-astar,5,20,True,True,/home/hersco/training_new_domains/2026-10-01/intended_leaf_remaining/results/intended-counters-stage2-off-1472491096-i30/attempt_21981662_child265_337ea4ff174d/result.json
intended-drone-stage1-off-2082152039-i10,drone,stage1,off,6c233736346bfd8c342574662b0b1d3ebaf47b711be0f8244281a27de1ea8ab9,38,2082152039,10,2082152048,hmrp-gbfs,hadd-astar,20,70,True,True,/home/hersco/training_new_domains/2026-10-01/intended_leaf_remaining/results/intended-drone-stage1-off-2082152039-i10/attempt_21988558_child779_4cf3684840aa/result.json
intended-counters-stage2-off-1972442430-i36,counters,stage2,off,7402760195fdce0e856f247d9e36c30d33a33e1c48b9304a3bdf60fd3fc97b50,82,1972442430,36,1972442465,hmrp-ha-ht-gbfs,hmrmax-astar,5,20,True,True,/home/hersco/training_new_domains/2026-10-01/intended_leaf_remaining/results/intended-counters-stage2-off-1972442430-i36/attempt_22068992_child448_e8224fa9ef2c/result.json
intended-drone-stage1-off-1963100312-i6,drone,stage1,off,a26b80b42378b986dc13250b7e818c7f295749ee2d5491930dc1d2ad0fdb3f88,157,1963100312,6,1963100317,hmrp-gbfs,hadd-astar,20,70,True,True,/home/hersco/training_new_domains/2026-10-01/intended_leaf_remaining/results/intended-drone-stage1-off-1963100312-i6/attempt_21977349_child715_9bb854132e1f/result.json
intended-fo_counters-stage2-off-1963100312-i6,fo_counters,stage2,off,adae4aeb8dbb21f6ea28ce92b90df0bfb56bf4bf9aafb26479f1d2b7887ae80a,27,1963100312,6,1963100317,hadd-gbfs,hmrmax-astar,20,70,True,True,/home/hersco/training_new_domains/2026-10-01/intended_leaf_remaining/results/intended-fo_counters-stage2-off-1963100312-i6/attempt_22001565_child1515_ab21a6d51ab1/result.json
intended-fo_counters-stage2-off-923500475-i1,fo_counters,stage2,off,a600921fa8f15820f0a4fbcf1c6e614bf3be9a18cd4ceb699d4731b250e92a14,9,923500475,1,923500475,hadd-gbfs,hmrmax-astar,20,70,True,True,/home/hersco/training_new_domains/2026-10-01/intended_leaf_remaining/results/intended-fo_counters-stage2-off-923500475-i1/attempt_21957710_child1410_c14196d69589/result.json
intended-counters-stage2-off-1239739722-i58,counters,stage2,off,42423cffe66adec6b2852ad048f9781b486eedb21c85bf651f789dd752e430c5,5,1239739722,58,1239739779,hmrp-ha-ht-gbfs,hmrmax-astar,5,20,True,True,/home/hersco/training_new_domains/2026-10-01/intended_leaf_remaining/results/intended-counters-stage2-off-1239739722-i58/attempt_21970367_child234_af50e0b18647/result.json
intended-drone-stage1-off-923500475-i11,drone,stage1,off,9b6add4c4e8b104c3e8cad429bf203355ad01eb9d95d5080f788e92a5de88e95,1,923500475,11,923500485,hmrp-gbfs,hadd-astar,20,70,True,True,/home/hersco/training_new_domains/2026-10-01/intended_leaf_remaining/results/intended-drone-stage1-off-923500475-i11/attempt_21957648_child620_ffef267f91b4/result.json
intended-drone-stage1-off-534933607-i3,drone,stage1,off,c9434b115516e234fff8a4a5f9c2200d6959615749c8706f597464e72b43bee3,69,534933607,3,534933609,hmrp-gbfs,hadd-astar,20,70,True,True,/home/hersco/training_new_domains/2026-10-01/intended_leaf_remaining/results/intended-drone-stage1-off-534933607-i3/attempt_21957570_child592_ab7aab0edbe6/result.json
intended-drone-stage1-on-2011206605-i5,drone,stage1,on,7a0d4ae09e6084c98e49851f331af161432814fe23efa099a24a478835499d13,19,2011206605,5,2011206609,hmrp-gbfs,hadd-astar,20,70,True,True,/home/hersco/training_new_domains/2026-10-01/intended_leaf_remaining/results/intended-drone-stage1-on-2011206605-i5/attempt_22032947_child954_d83dd1360d0a/result.json
intended-drone-stage2-off-1472491096-i3,drone,stage2,off,0b6483e03d00fe1d395fa287c780468527111843b8e698bfda584a551b674083,14,1472491096,3,1472491098,hmrp-gbfs,hadd-astar,20,70,True,True,/home/hersco/training_new_domains/2026-10-01/intended_leaf_remaining/results/intended-drone-stage2-off-1472491096-i3/attempt_22119098_child1072_ef8014056bf8/result.json
intended-fo_counters-stage2-off-923500475-i11,fo_counters,stage2,off,a600921fa8f15820f0a4fbcf1c6e614bf3be9a18cd4ceb699d4731b250e92a14,9,923500475,11,923500485,hadd-gbfs,hmrmax-astar,20,70,True,True,/home/hersco/training_new_domains/2026-10-01/intended_leaf_remaining/results/intended-fo_counters-stage2-off-923500475-i11/attempt_21957716_child1420_f8c20e8767da/result.json
intended-counters-stage2-off-1073581256-i23,counters,stage2,off,29e56cb5dcd93d6c0e1c2f61460ee6a5b3fe06d2b73a2e0a362b58e389adb6e8,0,1073581256,23,1073581278,hmrp-ha-ht-gbfs,hmrmax-astar,5,20,True,True,/home/hersco/training_new_domains/2026-10-01/intended_leaf_remaining/results/intended-counters-stage2-off-1073581256-i23/attempt_21964233_child140_27e067676487/result.json
intended-counters-stage2-off-1073581256-i54,counters,stage2,off,29e56cb5dcd93d6c0e1c2f61460ee6a5b3fe06d2b73a2e0a362b58e389adb6e8,0,1073581256,54,1073581309,hmrp-ha-ht-gbfs,hmrmax-astar,5,20,True,True,/home/hersco/training_new_domains/2026-10-01/intended_leaf_remaining/results/intended-counters-stage2-off-1073581256-i54/attempt_21969124_child171_b7fbe3d18507/result.json
intended-counters-stage2-off-1239739722-i52,counters,stage2,off,42423cffe66adec6b2852ad048f9781b486eedb21c85bf651f789dd752e430c5,5,1239739722,52,1239739773,hmrp-ha-ht-gbfs,hmrmax-astar,5,20,True,True,/home/hersco/training_new_domains/2026-10-01/intended_leaf_remaining/results/intended-counters-stage2-off-1239739722-i52/attempt_21970367_child228_dc1a9ef105b8/result.json
intended-counters-stage2-off-1239739722-i25,counters,stage2,off,42423cffe66adec6b2852ad048f9781b486eedb21c85bf651f789dd752e430c5,5,1239739722,25,1239739746,hmrp-ha-ht-gbfs,hmrmax-astar,5,20,True,True,/home/hersco/training_new_domains/2026-10-01/intended_leaf_remaining/results/intended-counters-stage2-off-1239739722-i25/attempt_21969443_child201_a0e7564ff5cc/result.json
intended-fo_counters-stage2-off-1510771779-i1,fo_counters,stage2,off,4a0fc39b5c8d696031a2c47ee3aa0e328cbd45c0da2897d446c08c0ae0f257f6,6,1510771779,1,1510771779,hadd-gbfs,hmrmax-astar,20,70,True,True,/home/hersco/training_new_domains/2026-10-01/intended_leaf_remaining/results/intended-fo_counters-stage2-off-1510771779-i1/attempt_21994334_child1490_93fb30a59b16/result.json
intended-drone-stage1-off-534933607-i9,drone,stage1,off,c9434b115516e234fff8a4a5f9c2200d6959615749c8706f597464e72b43bee3,69,534933607,9,534933615,hmrp-gbfs,hadd-astar,20,70,True,True,/home/hersco/training_new_domains/2026-10-01/intended_leaf_remaining/results/intended-drone-stage1-off-534933607-i9/attempt_21957570_child598_c32f385e75e4/result.json
intended-drone-stage1-off-1510771779-i1,drone,stage1,off,26918994bc769827ef04262944a7dc4ed6f2b73baf9424a613fe8df29b4d52e4,16,1510771779,1,1510771779,hmrp-gbfs,hadd-astar,20,70,True,True,/home/hersco/training_new_domains/2026-10-01/intended_leaf_remaining/results/intended-drone-stage1-off-1510771779-i1/attempt_21976887_child690_97bdbde3c7a0/result.json
intended-drone-stage2-off-1472491096-i9,drone,stage2,off,0b6483e03d00fe1d395fa287c780468527111843b8e698bfda584a551b674083,14,1472491096,9,1472491104,hmrp-gbfs,hadd-astar,20,70,True,True,/home/hersco/training_new_domains/2026-10-01/intended_leaf_remaining/results/intended-drone-stage2-off-1472491096-i9/attempt_22119098_child1078_702f1e01ed4b/result.json
intended-counters-stage2-off-1073581256-i29,counters,stage2,off,29e56cb5dcd93d6c0e1c2f61460ee6a5b3fe06d2b73a2e0a362b58e389adb6e8,0,1073581256,29,1073581284,hmrp-ha-ht-gbfs,hmrmax-astar,5,20,True,True,/home/hersco/training_new_domains/2026-10-01/intended_leaf_remaining/results/intended-counters-stage2-off-1073581256-i29/attempt_21964233_child146_70a5622ea3d2/result.json
intended-fo_counters-stage2-off-534933607-i14,fo_counters,stage2,off,de77046fa62754c0714421bb0b299fa030fb0a99309114e71553e134fba8efea,17,534933607,14,534933620,hadd-gbfs,hmrmax-astar,20,70,True,True,/home/hersco/training_new_domains/2026-10-01/intended_leaf_remaining/results/intended-fo_counters-stage2-off-534933607-i14/attempt_21957708_child1403_055b286d5df5/result.json
intended-drone-stage1-off-534933607-i14,drone,stage1,off,c9434b115516e234fff8a4a5f9c2200d6959615749c8706f597464e72b43bee3,69,534933607,14,534933620,hmrp-gbfs,hadd-astar,20,70,True,True,/home/hersco/training_new_domains/2026-10-01/intended_leaf_remaining/results/intended-drone-stage1-off-534933607-i14/attempt_21957632_child603_4e09f33d1a4d/result.json
intended-drone-stage2-off-534933607-i4,drone,stage2,off,374884068aa2f599389f37f756631fcf8d92b41decf37a55bd3f387076dd9b34,63,534933607,4,534933610,hmrp-gbfs,hadd-astar,20,70,True,True,/home/hersco/training_new_domains/2026-10-01/intended_leaf_remaining/results/intended-drone-stage2-off-534933607-i4/attempt_22063106_child993_fecd35c0b072/result.json
intended-fo_counters-stage2-on-923500475-i5,fo_counters,stage2,on,647c17ec69b9ccce286e5b7931c2700e90e0239c4ea8f7ec505cb7a43ca876c7,43,923500475,5,923500479,hadd-gbfs,hmrmax-astar,20,70,True,True,/home/hersco/training_new_domains/2026-10-01/intended_leaf_remaining/results/intended-fo_counters-stage2-on-923500475-i5/attempt_22021241_child1614_e9aec0c18c42/result.json
intended-counters-stage2-off-1510771779-i15,counters,stage2,off,56925811a052de71d328a314eeb4aaa3234a62e61ed161bdb9f462be7f9e76b1,37,1510771779,15,1510771793,hmrp-ha-ht-gbfs,hmrmax-astar,5,20,True,True,/home/hersco/training_new_domains/2026-10-01/intended_leaf_remaining/results/intended-counters-stage2-off-1510771779-i15/attempt_21990173_child309_d66dbe48174a/result.json
intended-counters-stage2-off-1510771779-i5,counters,stage2,off,56925811a052de71d328a314eeb4aaa3234a62e61ed161bdb9f462be7f9e76b1,37,1510771779,5,1510771783,hmrp-ha-ht-gbfs,hmrmax-astar,5,20,True,True,/home/hersco/training_new_domains/2026-10-01/intended_leaf_remaining/results/intended-counters-stage2-off-1510771779-i5/attempt_21990159_child299_07d890f575e3/result.json
intended-counters-stage2-off-1963100312-i12,counters,stage2,off,2e116c01f2ad50ed26d116ce2f7ef14723783d7ca4406b6cb8d349a1ffa468ff,33,1963100312,12,1963100323,hmrp-ha-ht-gbfs,hmrmax-astar,5,20,True,True,/home/hersco/training_new_domains/2026-10-01/intended_leaf_remaining/results/intended-counters-stage2-off-1963100312-i12/attempt_21992576_child365_9ca83e1ddab1/result.json
intended-fo_counters-stage2-off-1963100312-i12,fo_counters,stage2,off,adae4aeb8dbb21f6ea28ce92b90df0bfb56bf4bf9aafb26479f1d2b7887ae80a,27,1963100312,12,1963100323,hadd-gbfs,hmrmax-astar,20,70,True,True,/home/hersco/training_new_domains/2026-10-01/intended_leaf_remaining/results/intended-fo_counters-stage2-off-1963100312-i12/attempt_22001566_child1521_ebfe7c1e174b/result.json
intended-counters-stage2-off-534933607-i10,counters,stage2,off,8d9471820f76ecc6f1d3a74241ad63c38ace8dde0a84f3996915d433701f1f83,8,534933607,10,534933616,hmrp-ha-ht-gbfs,hmrmax-astar,5,20,True,True,/home/hersco/training_new_domains/2026-10-01/intended_leaf_remaining/results/intended-counters-stage2-off-534933607-i10/attempt_21957674_child9_2c49a5fd5096/result.json
intended-drone-stage2-off-1963100312-i12,drone,stage2,off,66a14b87ef7cbd18005d1f2a85b4c2e3322cda932ecc1ea15d4dd0af4a97b735,10,1963100312,12,1963100323,hmrp-gbfs,hadd-astar,20,70,True,True,/home/hersco/training_new_domains/2026-10-01/intended_leaf_remaining/results/intended-drone-stage2-off-1963100312-i12/attempt_22119103_child1121_eb246a455f61/result.json
intended-drone-stage2-off-1073581256-i9,drone,stage2,off,e3337ff10b90120e76eb9da697b3725011a23f7a07f0557f1acbdb6dca2a36c4,14,1073581256,9,1073581264,hmrp-gbfs,hadd-astar,20,70,True,True,/home/hersco/training_new_domains/2026-10-01/intended_leaf_remaining/results/intended-drone-stage2-off-1073581256-i9/attempt_22082936_child1038_ffbc279d96a1/result.json
intended-counters-stage2-off-1963100312-i18,counters,stage2,off,2e116c01f2ad50ed26d116ce2f7ef14723783d7ca4406b6cb8d349a1ffa468ff,33,1963100312,18,1963100329,hmrp-ha-ht-gbfs,hmrmax-astar,5,20,True,True,/home/hersco/training_new_domains/2026-10-01/intended_leaf_remaining/results/intended-counters-stage2-off-1963100312-i18/attempt_21992576_child371_67c6d973fa9b/result.json
intended-drone-stage2-off-1073581256-i3,drone,stage2,off,e3337ff10b90120e76eb9da697b3725011a23f7a07f0557f1acbdb6dca2a36c4,14,1073581256,3,1073581258,hmrp-gbfs,hadd-astar,20,70,True,True,/home/hersco/training_new_domains/2026-10-01/intended_leaf_remaining/results/intended-drone-stage2-off-1073581256-i3/attempt_22082936_child1032_1814a69813fc/result.json
intended-counters-stage2-off-923500475-i15,counters,stage2,off,7cbd966d31332e7dc3e3ed274c0955b1b219ffbf7af1d885cf465a1649a71892,0,923500475,15,923500489,hmrp-ha-ht-gbfs,hmrmax-astar,5,20,True,True,/home/hersco/training_new_domains/2026-10-01/intended_leaf_remaining/results/intended-counters-stage2-off-923500475-i15/attempt_21957760_child73_808010c0030d/result.json
intended-drone-stage2-off-1239739722-i6,drone,stage2,off,24725f6f7fe8d89640436cda0a9bedfbfd4c9e8971f68062781a14d857b9d86b,56,1239739722,6,1239739727,hmrp-gbfs,hadd-astar,20,70,True,True,/home/hersco/training_new_domains/2026-10-01/intended_leaf_remaining/results/intended-drone-stage2-off-1239739722-i6/attempt_22097829_child1055_59e67cab5e52/result.json
intended-fo_counters-stage2-off-1073581256-i11,fo_counters,stage2,off,bf23351c34ee3fcce4bbaf23730a86ac757cb9002deccdefdbf1d91a085872ae,12,1073581256,11,1073581266,hadd-gbfs,hmrmax-astar,20,70,True,True,/home/hersco/training_new_domains/2026-10-01/intended_leaf_remaining/results/intended-fo_counters-stage2-off-1073581256-i11/attempt_21974023_child1440_54dbd48a6a30/result.json
intended-counters-stage2-off-1972442430-i8,counters,stage2,off,7402760195fdce0e856f247d9e36c30d33a33e1c48b9304a3bdf60fd3fc97b50,82,1972442430,8,1972442437,hmrp-ha-ht-gbfs,hmrmax-astar,5,20,True,True,/home/hersco/training_new_domains/2026-10-01/intended_leaf_remaining/results/intended-counters-stage2-off-1972442430-i8/attempt_22066582_child420_c2424e75707c/result.json
intended-counters-stage2-off-1073581256-i11,counters,stage2,off,29e56cb5dcd93d6c0e1c2f61460ee6a5b3fe06d2b73a2e0a362b58e389adb6e8,0,1073581256,11,1073581266,hmrp-ha-ht-gbfs,hmrmax-astar,5,20,True,True,/home/hersco/training_new_domains/2026-10-01/intended_leaf_remaining/results/intended-counters-stage2-off-1073581256-i11/attempt_21960429_child128_34467dcc1310/result.json
intended-drone-stage1-on-1972442430-i18,drone,stage1,on,4f8634868e328f4a5a1019f91f6c80b082945db9ddd0fc537c3eec4f4febb3d7,21,1972442430,18,1972442447,hmrp-gbfs,hadd-astar,20,70,True,True,/home/hersco/training_new_domains/2026-10-01/intended_leaf_remaining/results/intended-drone-stage1-on-1972442430-i18/attempt_22001964_child947_dba7261b95b0/result.json
intended-counters-stage2-off-2011206605-i33,counters,stage2,off,d665fd33557ec4bc1ef7ee21aea73260fde109f3b5f5b5876dcbc6302302976c,12,2011206605,33,2011206637,hmrp-ha-ht-gbfs,hmrmax-astar,5,20,True,True,/home/hersco/training_new_domains/2026-10-01/intended_leaf_remaining/results/intended-counters-stage2-off-2011206605-i33/attempt_22119218_child504_edaefa84029f/result.json
intended-drone-stage2-off-1073581256-i11,drone,stage2,off,e3337ff10b90120e76eb9da697b3725011a23f7a07f0557f1acbdb6dca2a36c4,14,1073581256,11,1073581266,hmrp-gbfs,hadd-astar,20,70,True,True,/home/hersco/training_new_domains/2026-10-01/intended_leaf_remaining/results/intended-drone-stage2-off-1073581256-i11/attempt_22084515_child1040_1be58a04c791/result.json
intended-counters-stage2-off-1963100312-i2,counters,stage2,off,2e116c01f2ad50ed26d116ce2f7ef14723783d7ca4406b6cb8d349a1ffa468ff,33,1963100312,2,1963100313,hmrp-ha-ht-gbfs,hmrmax-astar,5,20,True,True,/home/hersco/training_new_domains/2026-10-01/intended_leaf_remaining/results/intended-counters-stage2-off-1963100312-i2/attempt_21992522_child355_d2a282815aa0/result.json
intended-drone-stage1-on-2082152039-i14,drone,stage1,on,0ff2da76b7040069403b73d7a38f628e483e7117b98f72cdc31ef52808c101a9,26,2082152039,14,2082152052,hmrp-gbfs,hadd-astar,20,70,True,True,/home/hersco/training_new_domains/2026-10-01/intended_leaf_remaining/results/intended-drone-stage1-on-2082152039-i14/attempt_22058389_child983_2223e9851192/result.json
intended-drone-stage1-on-1073581256-i8,drone,stage1,on,1fdd75ab2f48fd428524b42bdb4e6bd553eb962d5ab34dd2efb45c40c7e2390e,118,1073581256,8,1073581263,hmrp-gbfs,hadd-astar,20,70,True,True,/home/hersco/training_new_domains/2026-10-01/intended_leaf_remaining/results/intended-drone-stage1-on-1073581256-i8/attempt_21990239_child837_156817a86986/result.json
intended-drone-stage1-off-2011206605-i19,drone,stage1,off,bd243a04dfdd164e760f6c93c48a8d45cb6694ea67304c70bba70daec1fbab98,40,2011206605,19,2011206623,hmrp-gbfs,hadd-astar,20,70,True,True,/home/hersco/training_new_domains/2026-10-01/intended_leaf_remaining/results/intended-drone-stage1-off-2011206605-i19/attempt_21984284_child768_087a2c44148d/result.json
intended-counters-stage2-off-1963100312-i8,counters,stage2,off,2e116c01f2ad50ed26d116ce2f7ef14723783d7ca4406b6cb8d349a1ffa468ff,33,1963100312,8,1963100319,hmrp-ha-ht-gbfs,hmrmax-astar,5,20,True,True,/home/hersco/training_new_domains/2026-10-01/intended_leaf_remaining/results/intended-counters-stage2-off-1963100312-i8/attempt_21992522_child361_3ac8e9f2c671/result.json
intended-drone-stage1-off-2011206605-i13,drone,stage1,off,bd243a04dfdd164e760f6c93c48a8d45cb6694ea67304c70bba70daec1fbab98,40,2011206605,13,2011206617,hmrp-gbfs,hadd-astar,20,70,True,True,/home/hersco/training_new_domains/2026-10-01/intended_leaf_remaining/results/intended-drone-stage1-off-2011206605-i13/attempt_21984284_child762_3a34082746a9/result.json
intended-drone-stage1-on-1073581256-i2,drone,stage1,on,1fdd75ab2f48fd428524b42bdb4e6bd553eb962d5ab34dd2efb45c40c7e2390e,118,1073581256,2,1073581257,hmrp-gbfs,hadd-astar,20,70,True,True,/home/hersco/training_new_domains/2026-10-01/intended_leaf_remaining/results/intended-drone-stage1-on-1073581256-i2/attempt_21990239_child831_b30cb205a4fe/result.json
intended-drone-stage1-on-534933607-i5,drone,stage1,on,efa1b6a7b8bad82f1ee52e5ccc49043bda2eff2d3e0c4f028133996850caecb2,161,534933607,5,534933611,hmrp-gbfs,hadd-astar,20,70,True,True,/home/hersco/training_new_domains/2026-10-01/intended_leaf_remaining/results/intended-drone-stage1-on-534933607-i5/attempt_21988929_child794_812d5bbc2c16/result.json
intended-counters-stage2-off-1972442430-i2,counters,stage2,off,7402760195fdce0e856f247d9e36c30d33a33e1c48b9304a3bdf60fd3fc97b50,82,1972442430,2,1972442431,hmrp-ha-ht-gbfs,hmrmax-astar,5,20,True,True,/home/hersco/training_new_domains/2026-10-01/intended_leaf_remaining/results/intended-counters-stage2-off-1972442430-i2/attempt_22066582_child414_5ff45d68a2fa/result.json
intended-drone-stage1-on-1972442430-i12,drone,stage1,on,4f8634868e328f4a5a1019f91f6c80b082945db9ddd0fc537c3eec4f4febb3d7,21,1972442430,12,1972442441,hmrp-gbfs,hadd-astar,20,70,True,True,/home/hersco/training_new_domains/2026-10-01/intended_leaf_remaining/results/intended-drone-stage1-on-1972442430-i12/attempt_22001964_child941_764ad504451b/result.json
intended-drone-stage1-on-1472491096-i14,drone,stage1,on,06d9bfa280defcbbcb76bdbae4ef6e1afd6c74354377f66b8130ccb3006dc400,21,1472491096,14,1472491109,hmrp-gbfs,hadd-astar,20,70,True,True,/home/hersco/training_new_domains/2026-10-01/intended_leaf_remaining/results/intended-drone-stage1-on-1472491096-i14/attempt_21997550_child883_6081237b44ea/result.json
intended-counters-stage2-off-1239739722-i17,counters,stage2,off,42423cffe66adec6b2852ad048f9781b486eedb21c85bf651f789dd752e430c5,5,1239739722,17,1239739738,hmrp-ha-ht-gbfs,hmrmax-astar,5,20,True,True,/home/hersco/training_new_domains/2026-10-01/intended_leaf_remaining/results/intended-counters-stage2-off-1239739722-i17/attempt_21969350_child193_d68215df5777/result.json
intended-counters-stage2-off-2011206605-i39,counters,stage2,off,d665fd33557ec4bc1ef7ee21aea73260fde109f3b5f5b5876dcbc6302302976c,12,2011206605,39,2011206643,hmrp-ha-ht-gbfs,hmrmax-astar,5,20,True,True,/home/hersco/training_new_domains/2026-10-01/intended_leaf_remaining/results/intended-counters-stage2-off-2011206605-i39/attempt_22119218_child510_740ab3de3049/result.json
intended-drone-stage1-on-1239739722-i7,drone,stage1,on,48738b47fd14ae74b4c27d905bb84a5810aeeb124ea86f2ad2c397e11e4ddf94,23,1239739722,7,1239739728,hmrp-gbfs,hadd-astar,20,70,True,True,/home/hersco/training_new_domains/2026-10-01/intended_leaf_remaining/results/intended-drone-stage1-on-1239739722-i7/attempt_21991443_child856_a4147937521e/result.json
intended-drone-stage1-on-1472491096-i19,drone,stage1,on,06d9bfa280defcbbcb76bdbae4ef6e1afd6c74354377f66b8130ccb3006dc400,21,1472491096,19,1472491114,hmrp-gbfs,hadd-astar,20,70,True,True,/home/hersco/training_new_domains/2026-10-01/intended_leaf_remaining/results/intended-drone-stage1-on-1472491096-i19/attempt_21997550_child888_29e802d4bbaf/result.json
intended-counters-stage2-off-1073581256-i16,counters,stage2,off,29e56cb5dcd93d6c0e1c2f61460ee6a5b3fe06d2b73a2e0a362b58e389adb6e8,0,1073581256,16,1073581271,hmrp-ha-ht-gbfs,hmrmax-astar,5,20,True,True,/home/hersco/training_new_domains/2026-10-01/intended_leaf_remaining/results/intended-counters-stage2-off-1073581256-i16/attempt_21960429_child133_f8576e830104/result.json
intended-fo_counters-stage2-off-1073581256-i16,fo_counters,stage2,off,bf23351c34ee3fcce4bbaf23730a86ac757cb9002deccdefdbf1d91a085872ae,12,1073581256,16,1073581271,hadd-gbfs,hmrmax-astar,20,70,True,True,/home/hersco/training_new_domains/2026-10-01/intended_leaf_remaining/results/intended-fo_counters-stage2-off-1073581256-i16/attempt_21974023_child1445_f5f9c64f8b47/result.json
intended-counters-stage2-off-2011206605-i34,counters,stage2,off,d665fd33557ec4bc1ef7ee21aea73260fde109f3b5f5b5876dcbc6302302976c,12,2011206605,34,2011206638,hmrp-ha-ht-gbfs,hmrmax-astar,5,20,True,True,/home/hersco/training_new_domains/2026-10-01/intended_leaf_remaining/results/intended-counters-stage2-off-2011206605-i34/attempt_22119218_child505_307e185498b3/result.json
intended-drone-stage1-on-2082152039-i13,drone,stage1,on,0ff2da76b7040069403b73d7a38f628e483e7117b98f72cdc31ef52808c101a9,26,2082152039,13,2082152051,hmrp-gbfs,hadd-astar,20,70,True,True,/home/hersco/training_new_domains/2026-10-01/intended_leaf_remaining/results/intended-drone-stage1-on-2082152039-i13/attempt_22058389_child982_20c036d8e314/result.json
intended-counters-stage2-off-1963100312-i5,counters,stage2,off,2e116c01f2ad50ed26d116ce2f7ef14723783d7ca4406b6cb8d349a1ffa468ff,33,1963100312,5,1963100316,hmrp-ha-ht-gbfs,hmrmax-astar,5,20,True,True,/home/hersco/training_new_domains/2026-10-01/intended_leaf_remaining/results/intended-counters-stage2-off-1963100312-i5/attempt_21992522_child358_e3013e61a8a7/result.json
intended-drone-stage1-on-534933607-i8,drone,stage1,on,efa1b6a7b8bad82f1ee52e5ccc49043bda2eff2d3e0c4f028133996850caecb2,161,534933607,8,534933614,hmrp-gbfs,hadd-astar,20,70,True,True,/home/hersco/training_new_domains/2026-10-01/intended_leaf_remaining/results/intended-drone-stage1-on-534933607-i8/attempt_21988929_child797_f5b61db1a34d/result.json
intended-drone-stage1-on-534933607-i2,drone,stage1,on,efa1b6a7b8bad82f1ee52e5ccc49043bda2eff2d3e0c4f028133996850caecb2,161,534933607,2,534933608,hmrp-gbfs,hadd-astar,20,70,True,True,/home/hersco/training_new_domains/2026-10-01/intended_leaf_remaining/results/intended-drone-stage1-on-534933607-i2/attempt_21988929_child791_706dae9e5327/result.json
intended-drone-stage1-on-1073581256-i5,drone,stage1,on,1fdd75ab2f48fd428524b42bdb4e6bd553eb962d5ab34dd2efb45c40c7e2390e,118,1073581256,5,1073581260,hmrp-gbfs,hadd-astar,20,70,True,True,/home/hersco/training_new_domains/2026-10-01/intended_leaf_remaining/results/intended-drone-stage1-on-1073581256-i5/attempt_21990239_child834_1f037da4afde/result.json
intended-drone-stage1-off-2011206605-i14,drone,stage1,off,bd243a04dfdd164e760f6c93c48a8d45cb6694ea67304c70bba70daec1fbab98,40,2011206605,14,2011206618,hmrp-gbfs,hadd-astar,20,70,True,True,/home/hersco/training_new_domains/2026-10-01/intended_leaf_remaining/results/intended-drone-stage1-off-2011206605-i14/attempt_21984284_child763_b39310bece18/result.json
intended-drone-stage1-on-1472491096-i13,drone,stage1,on,06d9bfa280defcbbcb76bdbae4ef6e1afd6c74354377f66b8130ccb3006dc400,21,1472491096,13,1472491108,hmrp-gbfs,hadd-astar,20,70,True,True,/home/hersco/training_new_domains/2026-10-01/intended_leaf_remaining/results/intended-drone-stage1-on-1472491096-i13/attempt_21997550_child882_6052178ccf7e/result.json
intended-drone-stage1-on-1972442430-i15,drone,stage1,on,4f8634868e328f4a5a1019f91f6c80b082945db9ddd0fc537c3eec4f4febb3d7,21,1972442430,15,1972442444,hmrp-gbfs,hadd-astar,20,70,True,True,/home/hersco/training_new_domains/2026-10-01/intended_leaf_remaining/results/intended-drone-stage1-on-1972442430-i15/attempt_22001964_child944_b0a2b03ea726/result.json
intended-counters-stage2-off-1972442430-i5,counters,stage2,off,7402760195fdce0e856f247d9e36c30d33a33e1c48b9304a3bdf60fd3fc97b50,82,1972442430,5,1972442434,hmrp-ha-ht-gbfs,hmrmax-astar,5,20,True,True,/home/hersco/training_new_domains/2026-10-01/intended_leaf_remaining/results/intended-counters-stage2-off-1972442430-i5/attempt_22066582_child417_099551e49445/result.json
intended-fo_counters-stage2-off-1239739722-i10,fo_counters,stage2,off,e8f4d9c3fad7db91db8c407bb1ca6d7da04e1d4af5473491676e65d93d0e0cd4,70,1239739722,10,1239739731,hadd-gbfs,hmrmax-astar,20,70,True,True,/home/hersco/training_new_domains/2026-10-01/intended_leaf_remaining/results/intended-fo_counters-stage2-off-1239739722-i10/attempt_21982585_child1459_2f7c729c39e6/result.json
intended-counters-stage2-off-1239739722-i10,counters,stage2,off,42423cffe66adec6b2852ad048f9781b486eedb21c85bf651f789dd752e430c5,5,1239739722,10,1239739731,hmrp-ha-ht-gbfs,hmrmax-astar,5,20,True,True,/home/hersco/training_new_domains/2026-10-01/intended_leaf_remaining/results/intended-counters-stage2-off-1239739722-i10/attempt_21969347_child186_2dda201f3e82/result.json
intended-counters-stage2-off-923500475-i18,counters,stage2,off,7cbd966d31332e7dc3e3ed274c0955b1b219ffbf7af1d885cf465a1649a71892,0,923500475,18,923500492,hmrp-ha-ht-gbfs,hmrmax-astar,5,20,True,True,/home/hersco/training_new_domains/2026-10-01/intended_leaf_remaining/results/intended-counters-stage2-off-923500475-i18/attempt_21957760_child76_1533f72e6c20/result.json
intended-fo_counters-stage2-on-923500475-i2,fo_counters,stage2,on,647c17ec69b9ccce286e5b7931c2700e90e0239c4ea8f7ec505cb7a43ca876c7,43,923500475,2,923500476,hadd-gbfs,hmrmax-astar,20,70,True,True,/home/hersco/training_new_domains/2026-10-01/intended_leaf_remaining/results/intended-fo_counters-stage2-on-923500475-i2/attempt_22021241_child1611_bb75a60a463a/result.json
intended-drone-stage2-off-1510771779-i12,drone,stage2,off,492d8443f22a61c665a6602bad73f9ac9e972ef6bbb458faa7fc8b06632c3956,0,1510771779,12,1510771790,hmrp-gbfs,hadd-astar,20,70,True,True,/home/hersco/training_new_domains/2026-10-01/intended_leaf_remaining/results/intended-drone-stage2-off-1510771779-i12/attempt_22119101_child1101_90f0f65c97a1/result.json
intended-fo_counters-stage2-off-1510771779-i12,fo_counters,stage2,off,4a0fc39b5c8d696031a2c47ee3aa0e328cbd45c0da2897d446c08c0ae0f257f6,6,1510771779,12,1510771790,hadd-gbfs,hmrmax-astar,20,70,True,True,/home/hersco/training_new_domains/2026-10-01/intended_leaf_remaining/results/intended-fo_counters-stage2-off-1510771779-i12/attempt_22001564_child1501_c7f3909def35/result.json
intended-counters-stage2-off-1510771779-i12,counters,stage2,off,56925811a052de71d328a314eeb4aaa3234a62e61ed161bdb9f462be7f9e76b1,37,1510771779,12,1510771790,hmrp-ha-ht-gbfs,hmrmax-astar,5,20,True,True,/home/hersco/training_new_domains/2026-10-01/intended_leaf_remaining/results/intended-counters-stage2-off-1510771779-i12/attempt_21990173_child306_908729869247/result.json
intended-counters-stage2-off-1510771779-i2,counters,stage2,off,56925811a052de71d328a314eeb4aaa3234a62e61ed161bdb9f462be7f9e76b1,37,1510771779,2,1510771780,hmrp-ha-ht-gbfs,hmrmax-astar,5,20,True,True,/home/hersco/training_new_domains/2026-10-01/intended_leaf_remaining/results/intended-counters-stage2-off-1510771779-i2/attempt_21990159_child296_ef1c16c04a44/result.json
intended-counters-stage2-off-1963100312-i15,counters,stage2,off,2e116c01f2ad50ed26d116ce2f7ef14723783d7ca4406b6cb8d349a1ffa468ff,33,1963100312,15,1963100326,hmrp-ha-ht-gbfs,hmrmax-astar,5,20,True,True,/home/hersco/training_new_domains/2026-10-01/intended_leaf_remaining/results/intended-counters-stage2-off-1963100312-i15/attempt_21992576_child368_625f9a89bd7b/result.json
intended-counters-stage2-off-534933607-i17,counters,stage2,off,8d9471820f76ecc6f1d3a74241ad63c38ace8dde0a84f3996915d433701f1f83,8,534933607,17,534933623,hmrp-ha-ht-gbfs,hmrmax-astar,5,20,True,True,/home/hersco/training_new_domains/2026-10-01/intended_leaf_remaining/results/intended-counters-stage2-off-534933607-i17/attempt_21957675_child16_2e92db755bbb/result.json
intended-fo_counters-stage2-on-534933607-i11,fo_counters,stage2,on,7f248fc5bf1240d843b9d2a8fbfdff6ae7e3e7821a24ccb95f6894e9ea3586e3,21,534933607,11,534933617,hadd-gbfs,hmrmax-astar,20,70,True,True,/home/hersco/training_new_domains/2026-10-01/intended_leaf_remaining/results/intended-fo_counters-stage2-on-534933607-i11/attempt_22021240_child1600_6bd841cce9e5/result.json
intended-drone-stage2-off-1073581256-i4,drone,stage2,off,e3337ff10b90120e76eb9da697b3725011a23f7a07f0557f1acbdb6dca2a36c4,14,1073581256,4,1073581259,hmrp-gbfs,hadd-astar,20,70,True,True,/home/hersco/training_new_domains/2026-10-01/intended_leaf_remaining/results/intended-drone-stage2-off-1073581256-i4/attempt_22082936_child1033_5f0548457474/result.json
intended-counters-stage2-off-923500475-i12,counters,stage2,off,7cbd966d31332e7dc3e3ed274c0955b1b219ffbf7af1d885cf465a1649a71892,0,923500475,12,923500486,hmrp-ha-ht-gbfs,hmrmax-astar,5,20,True,True,/home/hersco/training_new_domains/2026-10-01/intended_leaf_remaining/results/intended-counters-stage2-off-923500475-i12/attempt_21957760_child70_5f6156f6f865/result.json
intended-fo_counters-stage2-on-923500475-i8,fo_counters,stage2,on,647c17ec69b9ccce286e5b7931c2700e90e0239c4ea8f7ec505cb7a43ca876c7,43,923500475,8,923500482,hadd-gbfs,hmrmax-astar,20,70,True,True,/home/hersco/training_new_domains/2026-10-01/intended_leaf_remaining/results/intended-fo_counters-stage2-on-923500475-i8/attempt_22021241_child1617_d6e8ce2bf321/result.json
intended-counters-stage2-off-1510771779-i8,counters,stage2,off,56925811a052de71d328a314eeb4aaa3234a62e61ed161bdb9f462be7f9e76b1,37,1510771779,8,1510771786,hmrp-ha-ht-gbfs,hmrmax-astar,5,20,True,True,/home/hersco/training_new_domains/2026-10-01/intended_leaf_remaining/results/intended-counters-stage2-off-1510771779-i8/attempt_21990159_child302_e6baaf6ebbe7/result.json
intended-counters-stage2-off-1510771779-i18,counters,stage2,off,56925811a052de71d328a314eeb4aaa3234a62e61ed161bdb9f462be7f9e76b1,37,1510771779,18,1510771796,hmrp-ha-ht-gbfs,hmrmax-astar,5,20,True,True,/home/hersco/training_new_domains/2026-10-01/intended_leaf_remaining/results/intended-counters-stage2-off-1510771779-i18/attempt_21990173_child312_1ea7fe489319/result.json
intended-drone-stage2-off-1239739722-i1,drone,stage2,off,24725f6f7fe8d89640436cda0a9bedfbfd4c9e8971f68062781a14d857b9d86b,56,1239739722,1,1239739722,hmrp-gbfs,hadd-astar,20,70,True,True,/home/hersco/training_new_domains/2026-10-01/intended_leaf_remaining/results/intended-drone-stage2-off-1239739722-i1/attempt_22097829_child1050_843e33f9b961/result.json
intended-fo_counters-stage2-off-2082152039-i7,fo_counters,stage2,off,ccf2d2bd019ea198331b200029e2656e64c53abad6a5638f0e72766f3247fd72,17,2082152039,7,2082152045,hadd-gbfs,hmrmax-astar,20,70,True,True,/home/hersco/training_new_domains/2026-10-01/intended_leaf_remaining/results/intended-fo_counters-stage2-off-2082152039-i7/attempt_22001571_child1576_34ec6d50bd54/result.json
intended-fo_counters-stage2-off-534933607-i19,fo_counters,stage2,off,de77046fa62754c0714421bb0b299fa030fb0a99309114e71553e134fba8efea,17,534933607,19,534933625,hadd-gbfs,hmrmax-astar,20,70,True,True,/home/hersco/training_new_domains/2026-10-01/intended_leaf_remaining/results/intended-fo_counters-stage2-off-534933607-i19/attempt_21957708_child1408_704e7017caa3/result.json
intended-drone-stage1-off-2082152039-i7,drone,stage1,off,6c233736346bfd8c342574662b0b1d3ebaf47b711be0f8244281a27de1ea8ab9,38,2082152039,7,2082152045,hmrp-gbfs,hadd-astar,20,70,True,True,/home/hersco/training_new_domains/2026-10-01/intended_leaf_remaining/results/intended-drone-stage1-off-2082152039-i7/attempt_21988558_child776_d88bfecbe300/result.json
intended-fo_counters-stage2-off-923500475-i6,fo_counters,stage2,off,a600921fa8f15820f0a4fbcf1c6e614bf3be9a18cd4ceb699d4731b250e92a14,9,923500475,6,923500480,hadd-gbfs,hmrmax-astar,20,70,True,True,/home/hersco/training_new_domains/2026-10-01/intended_leaf_remaining/results/intended-fo_counters-stage2-off-923500475-i6/attempt_21957710_child1415_d7abe521b7bb/result.json
intended-drone-stage2-off-534933607-i9,drone,stage2,off,374884068aa2f599389f37f756631fcf8d92b41decf37a55bd3f387076dd9b34,63,534933607,9,534933615,hmrp-gbfs,hadd-astar,20,70,True,True,/home/hersco/training_new_domains/2026-10-01/intended_leaf_remaining/results/intended-drone-stage2-off-534933607-i9/attempt_22063106_child998_2a01775e7bce/result.json
intended-drone-stage1-off-534933607-i19,drone,stage1,off,c9434b115516e234fff8a4a5f9c2200d6959615749c8706f597464e72b43bee3,69,534933607,19,534933625,hmrp-gbfs,hadd-astar,20,70,True,True,/home/hersco/training_new_domains/2026-10-01/intended_leaf_remaining/results/intended-drone-stage1-off-534933607-i19/attempt_21957632_child608_376f0daaef10/result.json
intended-drone-stage1-off-923500475-i16,drone,stage1,off,9b6add4c4e8b104c3e8cad429bf203355ad01eb9d95d5080f788e92a5de88e95,1,923500475,16,923500490,hmrp-gbfs,hadd-astar,20,70,True,True,/home/hersco/training_new_domains/2026-10-01/intended_leaf_remaining/results/intended-drone-stage1-off-923500475-i16/attempt_21957648_child625_e9e8d55c08ea/result.json
intended-drone-stage1-off-534933607-i4,drone,stage1,off,c9434b115516e234fff8a4a5f9c2200d6959615749c8706f597464e72b43bee3,69,534933607,4,534933610,hmrp-gbfs,hadd-astar,20,70,True,True,/home/hersco/training_new_domains/2026-10-01/intended_leaf_remaining/results/intended-drone-stage1-off-534933607-i4/attempt_21957570_child593_eea4d104b19c/result.json
intended-counters-stage2-off-1239739722-i28,counters,stage2,off,42423cffe66adec6b2852ad048f9781b486eedb21c85bf651f789dd752e430c5,5,1239739722,28,1239739749,hmrp-ha-ht-gbfs,hmrmax-astar,5,20,True,True,/home/hersco/training_new_domains/2026-10-01/intended_leaf_remaining/results/intended-counters-stage2-off-1239739722-i28/attempt_21969443_child204_c2f430a4c162/result.json
intended-counters-stage2-off-1073581256-i53,counters,stage2,off,29e56cb5dcd93d6c0e1c2f61460ee6a5b3fe06d2b73a2e0a362b58e389adb6e8,0,1073581256,53,1073581308,hmrp-ha-ht-gbfs,hmrmax-astar,5,20,True,True,/home/hersco/training_new_domains/2026-10-01/intended_leaf_remaining/results/intended-counters-stage2-off-1073581256-i53/attempt_21969124_child170_9e2ece6425d8/result.json
intended-counters-stage2-off-1073581256-i24,counters,stage2,off,29e56cb5dcd93d6c0e1c2f61460ee6a5b3fe06d2b73a2e0a362b58e389adb6e8,0,1073581256,24,1073581279,hmrp-ha-ht-gbfs,hmrmax-astar,5,20,True,True,/home/hersco/training_new_domains/2026-10-01/intended_leaf_remaining/results/intended-counters-stage2-off-1073581256-i24/attempt_21964233_child141_e8114925279d/result.json
intended-fo_counters-stage2-off-923500475-i16,fo_counters,stage2,off,a600921fa8f15820f0a4fbcf1c6e614bf3be9a18cd4ceb699d4731b250e92a14,9,923500475,16,923500490,hadd-gbfs,hmrmax-astar,20,70,True,True,/home/hersco/training_new_domains/2026-10-01/intended_leaf_remaining/results/intended-fo_counters-stage2-off-923500475-i16/attempt_21957716_child1425_24316c5ed86e/result.json
intended-drone-stage2-off-1472491096-i4,drone,stage2,off,0b6483e03d00fe1d395fa287c780468527111843b8e698bfda584a551b674083,14,1472491096,4,1472491099,hmrp-gbfs,hadd-astar,20,70,True,True,/home/hersco/training_new_domains/2026-10-01/intended_leaf_remaining/results/intended-drone-stage2-off-1472491096-i4/attempt_22119098_child1073_6801c75aa12b/result.json
intended-drone-stage1-on-2011206605-i2,drone,stage1,on,7a0d4ae09e6084c98e49851f331af161432814fe23efa099a24a478835499d13,19,2011206605,2,2011206606,hmrp-gbfs,hadd-astar,20,70,True,True,/home/hersco/training_new_domains/2026-10-01/intended_leaf_remaining/results/intended-drone-stage1-on-2011206605-i2/attempt_22032947_child951_e52c9bf2bfca/result.json
intended-counters-stage2-off-1239739722-i22,counters,stage2,off,42423cffe66adec6b2852ad048f9781b486eedb21c85bf651f789dd752e430c5,5,1239739722,22,1239739743,hmrp-ha-ht-gbfs,hmrmax-astar,5,20,True,True,/home/hersco/training_new_domains/2026-10-01/intended_leaf_remaining/results/intended-counters-stage2-off-1239739722-i22/attempt_21969443_child198_fcd873ba2e8e/result.json
intended-fo_counters-stage2-off-1510771779-i6,fo_counters,stage2,off,4a0fc39b5c8d696031a2c47ee3aa0e328cbd45c0da2897d446c08c0ae0f257f6,6,1510771779,6,1510771784,hadd-gbfs,hmrmax-astar,20,70,True,True,/home/hersco/training_new_domains/2026-10-01/intended_leaf_remaining/results/intended-fo_counters-stage2-off-1510771779-i6/attempt_21994334_child1495_0fcb32fc2db6/result.json
intended-counters-stage2-off-1239739722-i55,counters,stage2,off,42423cffe66adec6b2852ad048f9781b486eedb21c85bf651f789dd752e430c5,5,1239739722,55,1239739776,hmrp-ha-ht-gbfs,hmrmax-astar,5,20,True,True,/home/hersco/training_new_domains/2026-10-01/intended_leaf_remaining/results/intended-counters-stage2-off-1239739722-i55/attempt_21970367_child231_c441f3282404/result.json
intended-counters-stage2-off-1073581256-i59,counters,stage2,off,29e56cb5dcd93d6c0e1c2f61460ee6a5b3fe06d2b73a2e0a362b58e389adb6e8,0,1073581256,59,1073581314,hmrp-ha-ht-gbfs,hmrmax-astar,5,20,True,True,/home/hersco/training_new_domains/2026-10-01/intended_leaf_remaining/results/intended-counters-stage2-off-1073581256-i59/attempt_21969124_child176_0d2fca14009a/result.json
intended-drone-stage1-off-1510771779-i6,drone,stage1,off,26918994bc769827ef04262944a7dc4ed6f2b73baf9424a613fe8df29b4d52e4,16,1510771779,6,1510771784,hmrp-gbfs,hadd-astar,20,70,True,True,/home/hersco/training_new_domains/2026-10-01/intended_leaf_remaining/results/intended-drone-stage1-off-1510771779-i6/attempt_21976887_child695_0e33b84870e9/result.json
intended-drone-stage1-on-2011206605-i8,drone,stage1,on,7a0d4ae09e6084c98e49851f331af161432814fe23efa099a24a478835499d13,19,2011206605,8,2011206612,hmrp-gbfs,hadd-astar,20,70,True,True,/home/hersco/training_new_domains/2026-10-01/intended_leaf_remaining/results/intended-drone-stage1-on-2011206605-i8/attempt_22032947_child957_73592d49852d/result.json
intended-fo_counters-stage2-off-534933607-i13,fo_counters,stage2,off,de77046fa62754c0714421bb0b299fa030fb0a99309114e71553e134fba8efea,17,534933607,13,534933619,hadd-gbfs,hmrmax-astar,20,70,True,True,/home/hersco/training_new_domains/2026-10-01/intended_leaf_remaining/results/intended-fo_counters-stage2-off-534933607-i13/attempt_21957708_child1402_0d2e7136e91c/result.json
intended-drone-stage2-off-534933607-i3,drone,stage2,off,374884068aa2f599389f37f756631fcf8d92b41decf37a55bd3f387076dd9b34,63,534933607,3,534933609,hmrp-gbfs,hadd-astar,20,70,True,True,/home/hersco/training_new_domains/2026-10-01/intended_leaf_remaining/results/intended-drone-stage2-off-534933607-i3/attempt_22063106_child992_e1edb0cdbdc1/result.json
intended-drone-stage1-off-534933607-i13,drone,stage1,off,c9434b115516e234fff8a4a5f9c2200d6959615749c8706f597464e72b43bee3,69,534933607,13,534933619,hmrp-gbfs,hadd-astar,20,70,True,True,/home/hersco/training_new_domains/2026-10-01/intended_leaf_remaining/results/intended-drone-stage1-off-534933607-i13/attempt_21957632_child602_57c31fa499cb/result.json
intended-counters-stage2-off-534933607-i9,counters,stage2,off,8d9471820f76ecc6f1d3a74241ad63c38ace8dde0a84f3996915d433701f1f83,8,534933607,9,534933615,hmrp-ha-ht-gbfs,hmrmax-astar,5,20,True,True,/home/hersco/training_new_domains/2026-10-01/intended_leaf_remaining/results/intended-counters-stage2-off-534933607-i9/attempt_21957674_child8_8010d75e4b9b/result.json
intended-counters-stage2-off-534933607-i25,counters,stage2,off,8d9471820f76ecc6f1d3a74241ad63c38ace8dde0a84f3996915d433701f1f83,8,534933607,25,534933631,hmrp-ha-ht-gbfs,hmrmax-astar,5,20,True,True,/home/hersco/training_new_domains/2026-10-01/intended_leaf_remaining/results/intended-counters-stage2-off-534933607-i25/attempt_21957717_child24_23387fff6f46/result.json
intended-counters-stage2-off-534933607-i52,counters,stage2,off,8d9471820f76ecc6f1d3a74241ad63c38ace8dde0a84f3996915d433701f1f83,8,534933607,52,534933658,hmrp-ha-ht-gbfs,hmrmax-astar,5,20,True,True,/home/hersco/training_new_domains/2026-10-01/intended_leaf_remaining/results/intended-counters-stage2-off-534933607-i52/attempt_21957730_child51_2d1f0e846a21/result.json
intended-drone-stage1-on-2011206605-i10,drone,stage1,on,7a0d4ae09e6084c98e49851f331af161432814fe23efa099a24a478835499d13,19,2011206605,10,2011206614,hmrp-gbfs,hadd-astar,20,70,True,True,/home/hersco/training_new_domains/2026-10-01/intended_leaf_remaining/results/intended-drone-stage1-on-2011206605-i10/attempt_22032947_child959_c1c49c5b624c/result.json
intended-counters-stage2-off-1963100312-i27,counters,stage2,off,2e116c01f2ad50ed26d116ce2f7ef14723783d7ca4406b6cb8d349a1ffa468ff,33,1963100312,27,1963100338,hmrp-ha-ht-gbfs,hmrmax-astar,5,20,True,True,/home/hersco/training_new_domains/2026-10-01/intended_leaf_remaining/results/intended-counters-stage2-off-1963100312-i27/attempt_21992652_child380_c994de68a23e/result.json
intended-counters-stage2-off-1963100312-i50,counters,stage2,off,2e116c01f2ad50ed26d116ce2f7ef14723783d7ca4406b6cb8d349a1ffa468ff,33,1963100312,50,1963100361,hmrp-ha-ht-gbfs,hmrmax-astar,5,20,True,True,/home/hersco/training_new_domains/2026-10-01/intended_leaf_remaining/results/intended-counters-stage2-off-1963100312-i50/attempt_22000677_child403_832a032c0658/result.json
intended-drone-stage1-off-1972442430-i1,drone,stage1,off,d4231bbb4257cc35153cf80bf35986f2e446c5f157d36130f76d7f23fc98bd5a,67,1972442430,1,1972442430,hmrp-gbfs,hadd-astar,20,70,True,True,/home/hersco/training_new_domains/2026-10-01/intended_leaf_remaining/results/intended-drone-stage1-off-1972442430-i1/attempt_21982890_child730_8a284fe256e2/result.json
intended-drone-stage1-off-1472491096-i17,drone,stage1,off,c1c2ec8215c07ebc33db4e919d404e3d7230878b06f4086b52e8a38f11493124,92,1472491096,17,1472491112,hmrp-gbfs,hadd-astar,20,70,True,True,/home/hersco/training_new_domains/2026-10-01/intended_leaf_remaining/results/intended-drone-stage1-off-1472491096-i17/attempt_21974018_child686_16904ace1fa9/result.json
intended-drone-stage1-off-1972442430-i11,drone,stage1,off,d4231bbb4257cc35153cf80bf35986f2e446c5f157d36130f76d7f23fc98bd5a,67,1972442430,11,1972442440,hmrp-gbfs,hadd-astar,20,70,True,True,/home/hersco/training_new_domains/2026-10-01/intended_leaf_remaining/results/intended-drone-stage1-off-1972442430-i11/attempt_21982993_child740_df856b714693/result.json
intended-counters-stage2-off-1510771779-i20,counters,stage2,off,56925811a052de71d328a314eeb4aaa3234a62e61ed161bdb9f462be7f9e76b1,37,1510771779,20,1510771798,hmrp-ha-ht-gbfs,hmrmax-astar,5,20,True,True,/home/hersco/training_new_domains/2026-10-01/intended_leaf_remaining/results/intended-counters-stage2-off-1510771779-i20/attempt_21990173_child314_d71cecefde57/result.json
intended-fo_counters-stage2-off-1972442430-i1,fo_counters,stage2,off,5777ec23eb6f70cc969d1f73740f205b009e7e1d5e9f5dfbb3e498f3bd82275c,15,1972442430,1,1972442430,hadd-gbfs,hmrmax-astar,20,70,True,True,/home/hersco/training_new_domains/2026-10-01/intended_leaf_remaining/results/intended-fo_counters-stage2-off-1972442430-i1/attempt_22001567_child1530_cb0ac76e1156/result.json
intended-drone-stage1-on-1472491096-i5,drone,stage1,on,06d9bfa280defcbbcb76bdbae4ef6e1afd6c74354377f66b8130ccb3006dc400,21,1472491096,5,1472491100,hmrp-gbfs,hadd-astar,20,70,True,True,/home/hersco/training_new_domains/2026-10-01/intended_leaf_remaining/results/intended-drone-stage1-on-1472491096-i5/attempt_21997492_child874_28b72b66f5c5/result.json
intended-counters-stage2-off-923500475-i20,counters,stage2,off,7cbd966d31332e7dc3e3ed274c0955b1b219ffbf7af1d885cf465a1649a71892,0,923500475,20,923500494,hmrp-ha-ht-gbfs,hmrmax-astar,5,20,True,True,/home/hersco/training_new_domains/2026-10-01/intended_leaf_remaining/results/intended-counters-stage2-off-923500475-i20/attempt_21957760_child78_2f0985506e04/result.json
intended-counters-stage2-off-923500475-i57,counters,stage2,off,7cbd966d31332e7dc3e3ed274c0955b1b219ffbf7af1d885cf465a1649a71892,0,923500475,57,923500531,hmrp-ha-ht-gbfs,hmrmax-astar,5,20,True,True,/home/hersco/training_new_domains/2026-10-01/intended_leaf_remaining/results/intended-counters-stage2-off-923500475-i57/attempt_21958349_child115_2dad674e91a0/result.json
intended-drone-stage1-off-1963100312-i1,drone,stage1,off,a26b80b42378b986dc13250b7e818c7f295749ee2d5491930dc1d2ad0fdb3f88,157,1963100312,1,1963100312,hmrp-gbfs,hadd-astar,20,70,True,True,/home/hersco/training_new_domains/2026-10-01/intended_leaf_remaining/results/intended-drone-stage1-off-1963100312-i1/attempt_21977349_child710_bf8a757079ed/result.json
intended-counters-stage2-off-1972442430-i31,counters,stage2,off,7402760195fdce0e856f247d9e36c30d33a33e1c48b9304a3bdf60fd3fc97b50,82,1972442430,31,1972442460,hmrp-ha-ht-gbfs,hmrmax-astar,5,20,True,True,/home/hersco/training_new_domains/2026-10-01/intended_leaf_remaining/results/intended-counters-stage2-off-1972442430-i31/attempt_22068992_child443_57195d24099e/result.json
intended-drone-stage1-off-2082152039-i17,drone,stage1,off,6c233736346bfd8c342574662b0b1d3ebaf47b711be0f8244281a27de1ea8ab9,38,2082152039,17,2082152055,hmrp-gbfs,hadd-astar,20,70,True,True,/home/hersco/training_new_domains/2026-10-01/intended_leaf_remaining/results/intended-drone-stage1-off-2082152039-i17/attempt_21988777_child786_e438468fe2ec/result.json
intended-counters-stage2-off-534933607-i58,counters,stage2,off,8d9471820f76ecc6f1d3a74241ad63c38ace8dde0a84f3996915d433701f1f83,8,534933607,58,534933664,hmrp-ha-ht-gbfs,hmrmax-astar,5,20,True,True,/home/hersco/training_new_domains/2026-10-01/intended_leaf_remaining/results/intended-counters-stage2-off-534933607-i58/attempt_21957730_child57_2a15b0023444/result.json
intended-counters-stage2-off-1472491096-i37,counters,stage2,off,d15cb836902dcc19eb4c447373e6b2d9e3d707d507c5693b143d4ecdd46fbf01,5,1472491096,37,1472491132,hmrp-ha-ht-gbfs,hmrmax-astar,5,20,True,True,/home/hersco/training_new_domains/2026-10-01/intended_leaf_remaining/results/intended-counters-stage2-off-1472491096-i37/attempt_21982316_child272_34d358c64ed2/result.json
intended-counters-stage2-off-1472491096-i40,counters,stage2,off,d15cb836902dcc19eb4c447373e6b2d9e3d707d507c5693b143d4ecdd46fbf01,5,1472491096,40,1472491135,hmrp-ha-ht-gbfs,hmrmax-astar,5,20,True,True,/home/hersco/training_new_domains/2026-10-01/intended_leaf_remaining/results/intended-counters-stage2-off-1472491096-i40/attempt_21982316_child275_c722c54e0d5e/result.json
intended-counters-stage2-off-534933607-i3,counters,stage2,off,8d9471820f76ecc6f1d3a74241ad63c38ace8dde0a84f3996915d433701f1f83,8,534933607,3,534933609,hmrp-ha-ht-gbfs,hmrmax-astar,5,20,True,True,/home/hersco/training_new_domains/2026-10-01/intended_leaf_remaining/results/intended-counters-stage2-off-534933607-i3/attempt_21957674_child2_adbda6c69363/result.json
intended-fo_counters-stage2-off-1963100312-i1,fo_counters,stage2,off,adae4aeb8dbb21f6ea28ce92b90df0bfb56bf4bf9aafb26479f1d2b7887ae80a,27,1963100312,1,1963100312,hadd-gbfs,hmrmax-astar,20,70,True,True,/home/hersco/training_new_domains/2026-10-01/intended_leaf_remaining/results/intended-fo_counters-stage2-off-1963100312-i1/attempt_22001565_child1510_58c62ba44c84/result.json
intended-drone-stage2-off-1963100312-i4,drone,stage2,off,66a14b87ef7cbd18005d1f2a85b4c2e3322cda932ecc1ea15d4dd0af4a97b735,10,1963100312,4,1963100315,hmrp-gbfs,hadd-astar,20,70,True,True,/home/hersco/training_new_domains/2026-10-01/intended_leaf_remaining/results/intended-drone-stage2-off-1963100312-i4/attempt_22119102_child1113_00b5b6525619/result.json
intended-drone-stage1-on-2082152039-i9,drone,stage1,on,0ff2da76b7040069403b73d7a38f628e483e7117b98f72cdc31ef52808c101a9,26,2082152039,9,2082152047,hmrp-gbfs,hadd-astar,20,70,True,True,/home/hersco/training_new_domains/2026-10-01/intended_leaf_remaining/results/intended-drone-stage1-on-2082152039-i9/attempt_22047868_child978_d8108a7ec12b/result.json
intended-drone-stage1-on-534933607-i17,drone,stage1,on,efa1b6a7b8bad82f1ee52e5ccc49043bda2eff2d3e0c4f028133996850caecb2,161,534933607,17,534933623,hmrp-gbfs,hadd-astar,20,70,True,True,/home/hersco/training_new_domains/2026-10-01/intended_leaf_remaining/results/intended-drone-stage1-on-534933607-i17/attempt_21989978_child806_1953729e656c/result.json
intended-drone-stage1-on-923500475-i18,drone,stage1,on,cfd7f812cf180c9fcab576710bda31980c44786973115f6036b19aad76d5758e,103,923500475,18,923500492,hmrp-gbfs,hadd-astar,20,70,True,True,/home/hersco/training_new_domains/2026-10-01/intended_leaf_remaining/results/intended-drone-stage1-on-923500475-i18/attempt_21990186_child827_a3d51a75ae3c/result.json
intended-drone-stage1-on-1510771779-i2,drone,stage1,on,63048c2d248b5fd3bb55fe6a43060b9ba48538ef483d8b716049b54a72a0b442,14,1510771779,2,1510771780,hmrp-gbfs,hadd-astar,20,70,True,True,/home/hersco/training_new_domains/2026-10-01/intended_leaf_remaining/results/intended-drone-stage1-on-1510771779-i2/attempt_21997632_child891_e2ec2d8b73de/result.json
intended-drone-stage1-on-923500475-i12,drone,stage1,on,cfd7f812cf180c9fcab576710bda31980c44786973115f6036b19aad76d5758e,103,923500475,12,923500486,hmrp-gbfs,hadd-astar,20,70,True,True,/home/hersco/training_new_domains/2026-10-01/intended_leaf_remaining/results/intended-drone-stage1-on-923500475-i12/attempt_21990186_child821_eec5d14ee7d4/result.json
intended-fo_counters-stage2-off-2011206605-i6,fo_counters,stage2,off,d63a23f369280ba428d1698f08ce10f3652504fa73fbaab09e6b397fd50fbe93,14,2011206605,6,2011206610,hadd-gbfs,hmrmax-astar,20,70,True,True,/home/hersco/training_new_domains/2026-10-01/intended_leaf_remaining/results/intended-fo_counters-stage2-off-2011206605-i6/attempt_22001569_child1555_4c730fa2421f/result.json
intended-drone-stage1-on-1510771779-i17,drone,stage1,on,63048c2d248b5fd3bb55fe6a43060b9ba48538ef483d8b716049b54a72a0b442,14,1510771779,17,1510771795,hmrp-gbfs,hadd-astar,20,70,True,True,/home/hersco/training_new_domains/2026-10-01/intended_leaf_remaining/results/intended-drone-stage1-on-1510771779-i17/attempt_22001560_child906_23dbc2988ae6/result.json
intended-drone-stage2-off-1972442430-i4,drone,stage2,off,706e10a11f5ea5221afd45d0181cc771f4bc96a5ef22ac402bae970dbf4683d7,92,1972442430,4,1972442433,hmrp-gbfs,hadd-astar,20,70,True,True,/home/hersco/training_new_domains/2026-10-01/intended_leaf_remaining/results/intended-drone-stage2-off-1972442430-i4/attempt_22119422_child1133_69390bb9a89a/result.json
intended-drone-stage1-off-2011206605-i6,drone,stage1,off,bd243a04dfdd164e760f6c93c48a8d45cb6694ea67304c70bba70daec1fbab98,40,2011206605,6,2011206610,hmrp-gbfs,hadd-astar,20,70,True,True,/home/hersco/training_new_domains/2026-10-01/intended_leaf_remaining/results/intended-drone-stage1-off-2011206605-i6/attempt_21984042_child755_bfabe40e1ed8/result.json
intended-drone-stage1-on-1510771779-i8,drone,stage1,on,63048c2d248b5fd3bb55fe6a43060b9ba48538ef483d8b716049b54a72a0b442,14,1510771779,8,1510771786,hmrp-gbfs,hadd-astar,20,70,True,True,/home/hersco/training_new_domains/2026-10-01/intended_leaf_remaining/results/intended-drone-stage1-on-1510771779-i8/attempt_21997632_child897_72f9beaf36f4/result.json
intended-fo_counters-stage2-on-534933607-i6,fo_counters,stage2,on,7f248fc5bf1240d843b9d2a8fbfdff6ae7e3e7821a24ccb95f6894e9ea3586e3,21,534933607,6,534933612,hadd-gbfs,hmrmax-astar,20,70,True,True,/home/hersco/training_new_domains/2026-10-01/intended_leaf_remaining/results/intended-fo_counters-stage2-on-534933607-i6/attempt_22001573_child1595_78fcd980c0fe/result.json
intended-counters-stage2-off-2011206605-i27,counters,stage2,off,d665fd33557ec4bc1ef7ee21aea73260fde109f3b5f5b5876dcbc6302302976c,12,2011206605,27,2011206631,hmrp-ha-ht-gbfs,hmrmax-astar,5,20,True,True,/home/hersco/training_new_domains/2026-10-01/intended_leaf_remaining/results/intended-counters-stage2-off-2011206605-i27/attempt_22116281_child498_7520aaea4feb/result.json
intended-drone-stage1-on-2082152039-i3,drone,stage1,on,0ff2da76b7040069403b73d7a38f628e483e7117b98f72cdc31ef52808c101a9,26,2082152039,3,2082152041,hmrp-gbfs,hadd-astar,20,70,True,True,/home/hersco/training_new_domains/2026-10-01/intended_leaf_remaining/results/intended-drone-stage1-on-2082152039-i3/attempt_22047868_child972_552e8bfba8f3/result.json
intended-drone-stage1-on-1963100312-i10,drone,stage1,on,a9861f654d1da7a1e82387b05a980d88adeac0e811e1ceb5f1a9b16dbe444603,1,1963100312,10,1963100321,hmrp-gbfs,hadd-astar,20,70,True,True,/home/hersco/training_new_domains/2026-10-01/intended_leaf_remaining/results/intended-drone-stage1-on-1963100312-i10/attempt_22001561_child919_1627d47b9f31/result.json
intended-fo_counters-stage2-on-1073581256-i3,fo_counters,stage2,on,b86d6355e4df207b32bcaa9ee6a3d66eaebdfd7055ea4b7aa68113fb92fd0732,39,1073581256,3,1073581258,hadd-gbfs,hmrmax-astar,20,70,True,True,/home/hersco/training_new_domains/2026-10-01/intended_leaf_remaining/results/intended-fo_counters-stage2-on-1073581256-i3/attempt_22055485_child1632_3ca918d7b473/result.json
intended-drone-stage1-on-1963100312-i5,drone,stage1,on,a9861f654d1da7a1e82387b05a980d88adeac0e811e1ceb5f1a9b16dbe444603,1,1963100312,5,1963100316,hmrp-gbfs,hadd-astar,20,70,True,True,/home/hersco/training_new_domains/2026-10-01/intended_leaf_remaining/results/intended-drone-stage1-on-1963100312-i5/attempt_22001561_child914_cfbd512be72d/result.json
intended-drone-stage2-off-534933607-i16,drone,stage2,off,374884068aa2f599389f37f756631fcf8d92b41decf37a55bd3f387076dd9b34,63,534933607,16,534933622,hmrp-gbfs,hadd-astar,20,70,True,True,/home/hersco/training_new_domains/2026-10-01/intended_leaf_remaining/results/intended-drone-stage2-off-534933607-i16/attempt_22063342_child1005_bf904932161a/result.json
intended-fo_counters-stage2-on-1239739722-i6,fo_counters,stage2,on,b1f15df4365a80d9ff22422a14e4a2ce1b43dcf7700ddeae7feeffad0d851050,8,1239739722,6,1239739727,hadd-gbfs,hmrmax-astar,20,70,True,True,/home/hersco/training_new_domains/2026-10-01/intended_leaf_remaining/results/intended-fo_counters-stage2-on-1239739722-i6/attempt_22111656_child1655_8b2f619deb30/result.json
intended-drone-stage1-on-1239739722-i15,drone,stage1,on,48738b47fd14ae74b4c27d905bb84a5810aeeb124ea86f2ad2c397e11e4ddf94,23,1239739722,15,1239739736,hmrp-gbfs,hadd-astar,20,70,True,True,/home/hersco/training_new_domains/2026-10-01/intended_leaf_remaining/results/intended-drone-stage1-on-1239739722-i15/attempt_21992064_child864_3f4bf3fad348/result.json
intended-drone-stage2-off-1510771779-i3,drone,stage2,off,492d8443f22a61c665a6602bad73f9ac9e972ef6bbb458faa7fc8b06632c3956,0,1510771779,3,1510771781,hmrp-gbfs,hadd-astar,20,70,True,True,/home/hersco/training_new_domains/2026-10-01/intended_leaf_remaining/results/intended-drone-stage2-off-1510771779-i3/attempt_22119100_child1092_4e02bc292a4d/result.json
intended-drone-stage1-on-923500475-i6,drone,stage1,on,cfd7f812cf180c9fcab576710bda31980c44786973115f6036b19aad76d5758e,103,923500475,6,923500480,hmrp-gbfs,hadd-astar,20,70,True,True,/home/hersco/training_new_domains/2026-10-01/intended_leaf_remaining/results/intended-drone-stage1-on-923500475-i6/attempt_21990057_child815_f6176f704e29/result.json
intended-counters-stage2-off-1472491096-i16,counters,stage2,off,d15cb836902dcc19eb4c447373e6b2d9e3d707d507c5693b143d4ecdd46fbf01,5,1472491096,16,1472491111,hmrp-ha-ht-gbfs,hmrmax-astar,5,20,True,True,/home/hersco/training_new_domains/2026-10-01/intended_leaf_remaining/results/intended-counters-stage2-off-1472491096-i16/attempt_21974936_child251_25b3b67b647e/result.json
intended-drone-stage1-on-1073581256-i19,drone,stage1,on,1fdd75ab2f48fd428524b42bdb4e6bd553eb962d5ab34dd2efb45c40c7e2390e,118,1073581256,19,1073581274,hmrp-gbfs,hadd-astar,20,70,True,True,/home/hersco/training_new_domains/2026-10-01/intended_leaf_remaining/results/intended-drone-stage1-on-1073581256-i19/attempt_21990411_child848_d5ec5dbb79e4/result.json
intended-counters-stage2-off-1972442430-i10,counters,stage2,off,7402760195fdce0e856f247d9e36c30d33a33e1c48b9304a3bdf60fd3fc97b50,82,1972442430,10,1972442439,hmrp-ha-ht-gbfs,hmrmax-astar,5,20,True,True,/home/hersco/training_new_domains/2026-10-01/intended_leaf_remaining/results/intended-counters-stage2-off-1972442430-i10/attempt_22066582_child422_c464bef927a5/result.json
intended-drone-stage1-on-1972442430-i5,drone,stage1,on,4f8634868e328f4a5a1019f91f6c80b082945db9ddd0fc537c3eec4f4febb3d7,21,1972442430,5,1972442434,hmrp-gbfs,hadd-astar,20,70,True,True,/home/hersco/training_new_domains/2026-10-01/intended_leaf_remaining/results/intended-drone-stage1-on-1972442430-i5/attempt_22001563_child934_1ab4937ec8f2/result.json
intended-drone-stage2-off-923500475-i13,drone,stage2,off,67af5f170868d7c9f29dd100cdc52b244d9e79eeb13b66358fcfe3cd5c1c695f,16,923500475,13,923500487,hmrp-gbfs,hadd-astar,20,70,True,True,/home/hersco/training_new_domains/2026-10-01/intended_leaf_remaining/results/intended-drone-stage2-off-923500475-i13/attempt_22078171_child1022_5064db9a3345/result.json
intended-fo_counters-stage2-off-1472491096-i1,fo_counters,stage2,off,20ea2c4bad9242582002571faf9fe8ab9e44df8a749a50afb530c9eff82f5b8d,52,1472491096,1,1472491096,hadd-gbfs,hmrmax-astar,20,70,True,True,/home/hersco/training_new_domains/2026-10-01/intended_leaf_remaining/results/intended-fo_counters-stage2-off-1472491096-i1/attempt_21984074_child1470_f42a07b3b5b8/result.json
intended-drone-stage1-on-1073581256-i13,drone,stage1,on,1fdd75ab2f48fd428524b42bdb4e6bd553eb962d5ab34dd2efb45c40c7e2390e,118,1073581256,13,1073581268,hmrp-gbfs,hadd-astar,20,70,True,True,/home/hersco/training_new_domains/2026-10-01/intended_leaf_remaining/results/intended-drone-stage1-on-1073581256-i13/attempt_21990411_child842_0787f05b4a16/result.json
intended-drone-stage2-off-1510771779-i9,drone,stage2,off,492d8443f22a61c665a6602bad73f9ac9e972ef6bbb458faa7fc8b06632c3956,0,1510771779,9,1510771787,hmrp-gbfs,hadd-astar,20,70,True,True,/home/hersco/training_new_domains/2026-10-01/intended_leaf_remaining/results/intended-drone-stage2-off-1510771779-i9/attempt_22119100_child1098_9a29e192e0f8/result.json
intended-drone-stage1-off-1472491096-i1,drone,stage1,off,c1c2ec8215c07ebc33db4e919d404e3d7230878b06f4086b52e8a38f11493124,92,1472491096,1,1472491096,hmrp-gbfs,hadd-astar,20,70,True,True,/home/hersco/training_new_domains/2026-10-01/intended_leaf_remaining/results/intended-drone-stage1-off-1472491096-i1/attempt_21973467_child670_a0d469cc7cb4/result.json
intended-counters-stage2-off-1073581256-i5,counters,stage2,off,29e56cb5dcd93d6c0e1c2f61460ee6a5b3fe06d2b73a2e0a362b58e389adb6e8,0,1073581256,5,1073581260,hmrp-ha-ht-gbfs,hmrmax-astar,5,20,True,True,/home/hersco/training_new_domains/2026-10-01/intended_leaf_remaining/results/intended-counters-stage2-off-1073581256-i5/attempt_21960272_child122_5fd5f9aa738e/result.json
intended-fo_counters-stage2-off-1239739722-i4,fo_counters,stage2,off,e8f4d9c3fad7db91db8c407bb1ca6d7da04e1d4af5473491676e65d93d0e0cd4,70,1239739722,4,1239739725,hadd-gbfs,hmrmax-astar,20,70,True,True,/home/hersco/training_new_domains/2026-10-01/intended_leaf_remaining/results/intended-fo_counters-stage2-off-1239739722-i4/attempt_21982585_child1453_fd15ef839c19/result.json
intended-counters-stage2-off-923500475-i7,counters,stage2,off,7cbd966d31332e7dc3e3ed274c0955b1b219ffbf7af1d885cf465a1649a71892,0,923500475,7,923500481,hmrp-ha-ht-gbfs,hmrmax-astar,5,20,True,True,/home/hersco/training_new_domains/2026-10-01/intended_leaf_remaining/results/intended-counters-stage2-off-923500475-i7/attempt_21957740_child65_2cd3b448f0d0/result.json
intended-drone-stage1-off-1239739722-i4,drone,stage1,off,db5b59fb3044ba4b098b792e8ed249dab6c12d8ab15a616b483935af7fc72f97,51,1239739722,4,1239739725,hmrp-gbfs,hadd-astar,20,70,True,True,/home/hersco/training_new_domains/2026-10-01/intended_leaf_remaining/results/intended-drone-stage1-off-1239739722-i4/attempt_21969927_child653_f48a5b1623bc/result.json
intended-drone-stage1-off-1073581256-i17,drone,stage1,off,633b68eeece792b1454d0f8524d24ffbb0d8fa6a89e02388ef92f54f6b7390be,90,1073581256,17,1073581272,hmrp-gbfs,hadd-astar,20,70,True,True,/home/hersco/training_new_domains/2026-10-01/intended_leaf_remaining/results/intended-drone-stage1-off-1073581256-i17/attempt_21969240_child646_03f04b3af9a3/result.json
intended-counters-stage2-off-1472491096-i5,counters,stage2,off,d15cb836902dcc19eb4c447373e6b2d9e3d707d507c5693b143d4ecdd46fbf01,5,1472491096,5,1472491100,hmrp-ha-ht-gbfs,hmrmax-astar,5,20,True,True,/home/hersco/training_new_domains/2026-10-01/intended_leaf_remaining/results/intended-counters-stage2-off-1472491096-i5/attempt_21974675_child240_577013ab8325/result.json
intended-counters-stage2-off-1239739722-i31,counters,stage2,off,42423cffe66adec6b2852ad048f9781b486eedb21c85bf651f789dd752e430c5,5,1239739722,31,1239739752,hmrp-ha-ht-gbfs,hmrmax-astar,5,20,True,True,/home/hersco/training_new_domains/2026-10-01/intended_leaf_remaining/results/intended-counters-stage2-off-1239739722-i31/attempt_21969623_child207_ad750725265b/result.json
intended-counters-stage2-off-1239739722-i46,counters,stage2,off,42423cffe66adec6b2852ad048f9781b486eedb21c85bf651f789dd752e430c5,5,1239739722,46,1239739767,hmrp-ha-ht-gbfs,hmrmax-astar,5,20,True,True,/home/hersco/training_new_domains/2026-10-01/intended_leaf_remaining/results/intended-counters-stage2-off-1239739722-i46/attempt_21970215_child222_9b09f00ba066/result.json
intended-fo_counters-stage2-off-1073581256-i1,fo_counters,stage2,off,bf23351c34ee3fcce4bbaf23730a86ac757cb9002deccdefdbf1d91a085872ae,12,1073581256,1,1073581256,hadd-gbfs,hmrmax-astar,20,70,True,True,/home/hersco/training_new_domains/2026-10-01/intended_leaf_remaining/results/intended-fo_counters-stage2-off-1073581256-i1/attempt_21970050_child1430_23e03d3ac0de/result.json
intended-drone-stage1-off-1073581256-i1,drone,stage1,off,633b68eeece792b1454d0f8524d24ffbb0d8fa6a89e02388ef92f54f6b7390be,90,1073581256,1,1073581256,hmrp-gbfs,hadd-astar,20,70,True,True,/home/hersco/training_new_domains/2026-10-01/intended_leaf_remaining/results/intended-drone-stage1-off-1073581256-i1/attempt_21969116_child630_47ab8a7beeba/result.json
intended-counters-stage2-off-2011206605-i15,counters,stage2,off,d665fd33557ec4bc1ef7ee21aea73260fde109f3b5f5b5876dcbc6302302976c,12,2011206605,15,2011206619,hmrp-ha-ht-gbfs,hmrmax-astar,5,20,True,True,/home/hersco/training_new_domains/2026-10-01/intended_leaf_remaining/results/intended-counters-stage2-off-2011206605-i15/attempt_22115174_child486_2aff02706c08/result.json
intended-counters-stage2-off-1073581256-i40,counters,stage2,off,29e56cb5dcd93d6c0e1c2f61460ee6a5b3fe06d2b73a2e0a362b58e389adb6e8,0,1073581256,40,1073581295,hmrp-ha-ht-gbfs,hmrmax-astar,5,20,True,True,/home/hersco/training_new_domains/2026-10-01/intended_leaf_remaining/results/intended-counters-stage2-off-1073581256-i40/attempt_21964974_child157_f7e01fa49ea9/result.json
intended-counters-stage2-off-1073581256-i37,counters,stage2,off,29e56cb5dcd93d6c0e1c2f61460ee6a5b3fe06d2b73a2e0a362b58e389adb6e8,0,1073581256,37,1073581292,hmrp-ha-ht-gbfs,hmrmax-astar,5,20,True,True,/home/hersco/training_new_domains/2026-10-01/intended_leaf_remaining/results/intended-counters-stage2-off-1073581256-i37/attempt_21964974_child154_c91a7dba6d65/result.json
intended-fo_counters-stage2-on-1472491096-i3,fo_counters,stage2,on,0faaa11252057ada7e032799f9a3e51b36914e4aef4b08a4c7c617f83095026d,90,1472491096,3,1472491098,hadd-gbfs,hmrmax-astar,20,70,True,True,/home/hersco/training_new_domains/2026-10-01/intended_leaf_remaining/results/intended-fo_counters-stage2-on-1472491096-i3/attempt_22119104_child1672_99f27d5fb3df/result.json
intended-drone-stage1-off-1239739722-i11,drone,stage1,off,db5b59fb3044ba4b098b792e8ed249dab6c12d8ab15a616b483935af7fc72f97,51,1239739722,11,1239739732,hmrp-gbfs,hadd-astar,20,70,True,True,/home/hersco/training_new_domains/2026-10-01/intended_leaf_remaining/results/intended-drone-stage1-off-1239739722-i11/attempt_21973293_child660_5be66e2bb010/result.json
intended-drone-stage1-on-923500475-i20,drone,stage1,on,cfd7f812cf180c9fcab576710bda31980c44786973115f6036b19aad76d5758e,103,923500475,20,923500494,hmrp-gbfs,hadd-astar,20,70,True,True,/home/hersco/training_new_domains/2026-10-01/intended_leaf_remaining/results/intended-drone-stage1-on-923500475-i20/attempt_21990186_child829_6cd6b89a779a/result.json
intended-counters-stage2-off-1972442430-i22,counters,stage2,off,7402760195fdce0e856f247d9e36c30d33a33e1c48b9304a3bdf60fd3fc97b50,82,1972442430,22,1972442451,hmrp-ha-ht-gbfs,hmrmax-astar,5,20,True,True,/home/hersco/training_new_domains/2026-10-01/intended_leaf_remaining/results/intended-counters-stage2-off-1972442430-i22/attempt_22068442_child434_6642f0b4b090/result.json
intended-drone-stage1-off-1510771779-i13,drone,stage1,off,26918994bc769827ef04262944a7dc4ed6f2b73baf9424a613fe8df29b4d52e4,16,1510771779,13,1510771791,hmrp-gbfs,hadd-astar,20,70,True,True,/home/hersco/training_new_domains/2026-10-01/intended_leaf_remaining/results/intended-drone-stage1-off-1510771779-i13/attempt_21977348_child702_1766bec2f4c7/result.json
intended-counters-stage2-off-1472491096-i24,counters,stage2,off,d15cb836902dcc19eb4c447373e6b2d9e3d707d507c5693b143d4ecdd46fbf01,5,1472491096,24,1472491119,hmrp-ha-ht-gbfs,hmrmax-astar,5,20,True,True,/home/hersco/training_new_domains/2026-10-01/intended_leaf_remaining/results/intended-counters-stage2-off-1472491096-i24/attempt_21981662_child259_d680b47a9cb7/result.json
intended-counters-stage2-off-1472491096-i53,counters,stage2,off,d15cb836902dcc19eb4c447373e6b2d9e3d707d507c5693b143d4ecdd46fbf01,5,1472491096,53,1472491148,hmrp-ha-ht-gbfs,hmrmax-astar,5,20,True,True,/home/hersco/training_new_domains/2026-10-01/intended_leaf_remaining/results/intended-counters-stage2-off-1472491096-i53/attempt_21988612_child288_8016ee9108e2/result.json
intended-counters-stage2-off-1963100312-i49,counters,stage2,off,2e116c01f2ad50ed26d116ce2f7ef14723783d7ca4406b6cb8d349a1ffa468ff,33,1963100312,49,1963100360,hmrp-ha-ht-gbfs,hmrmax-astar,5,20,True,True,/home/hersco/training_new_domains/2026-10-01/intended_leaf_remaining/results/intended-counters-stage2-off-1963100312-i49/attempt_22000677_child402_501983a8c94c/result.json
intended-counters-stage2-off-2011206605-i2,counters,stage2,off,d665fd33557ec4bc1ef7ee21aea73260fde109f3b5f5b5876dcbc6302302976c,12,2011206605,2,2011206606,hmrp-ha-ht-gbfs,hmrmax-astar,5,20,True,True,/home/hersco/training_new_domains/2026-10-01/intended_leaf_remaining/results/intended-counters-stage2-off-2011206605-i2/attempt_22114710_child473_2e7311850c68/result.json
intended-drone-stage2-off-923500475-i7,drone,stage2,off,67af5f170868d7c9f29dd100cdc52b244d9e79eeb13b66358fcfe3cd5c1c695f,16,923500475,7,923500481,hmrp-gbfs,hadd-astar,20,70,True,True,/home/hersco/training_new_domains/2026-10-01/intended_leaf_remaining/results/intended-drone-stage2-off-923500475-i7/attempt_22076202_child1016_7a00e647070c/result.json
intended-fo_counters-stage2-off-534933607-i8,fo_counters,stage2,off,de77046fa62754c0714421bb0b299fa030fb0a99309114e71553e134fba8efea,17,534933607,8,534933614,hadd-gbfs,hmrmax-astar,20,70,True,True,/home/hersco/training_new_domains/2026-10-01/intended_leaf_remaining/results/intended-fo_counters-stage2-off-534933607-i8/attempt_21957703_child1397_2c1ca88da413/result.json
intended-counters-stage2-off-1510771779-i39,counters,stage2,off,56925811a052de71d328a314eeb4aaa3234a62e61ed161bdb9f462be7f9e76b1,37,1510771779,39,1510771817,hmrp-ha-ht-gbfs,hmrmax-astar,5,20,True,True,/home/hersco/training_new_domains/2026-10-01/intended_leaf_remaining/results/intended-counters-stage2-off-1510771779-i39/attempt_21990389_child333_005c1c2127c4/result.json
intended-drone-stage1-off-1963100312-i14,drone,stage1,off,a26b80b42378b986dc13250b7e818c7f295749ee2d5491930dc1d2ad0fdb3f88,157,1963100312,14,1963100325,hmrp-gbfs,hadd-astar,20,70,True,True,/home/hersco/training_new_domains/2026-10-01/intended_leaf_remaining/results/intended-drone-stage1-off-1963100312-i14/attempt_21977460_child723_880ea98ba60a/result.json
intended-counters-stage2-off-923500475-i33,counters,stage2,off,7cbd966d31332e7dc3e3ed274c0955b1b219ffbf7af1d885cf465a1649a71892,0,923500475,33,923500507,hmrp-ha-ht-gbfs,hmrmax-astar,5,20,True,True,/home/hersco/training_new_domains/2026-10-01/intended_leaf_remaining/results/intended-counters-stage2-off-923500475-i33/attempt_21957798_child91_4f924a1f04a5/result.json
intended-counters-stage2-off-923500475-i44,counters,stage2,off,7cbd966d31332e7dc3e3ed274c0955b1b219ffbf7af1d885cf465a1649a71892,0,923500475,44,923500518,hmrp-ha-ht-gbfs,hmrmax-astar,5,20,True,True,/home/hersco/training_new_domains/2026-10-01/intended_leaf_remaining/results/intended-counters-stage2-off-923500475-i44/attempt_21958003_child102_07f55626225c/result.json
intended-counters-stage2-off-1510771779-i44,counters,stage2,off,56925811a052de71d328a314eeb4aaa3234a62e61ed161bdb9f462be7f9e76b1,37,1510771779,44,1510771822,hmrp-ha-ht-gbfs,hmrmax-astar,5,20,True,True,/home/hersco/training_new_domains/2026-10-01/intended_leaf_remaining/results/intended-counters-stage2-off-1510771779-i44/attempt_21991054_child338_ad3ba122374e/result.json
intended-counters-stage2-off-1510771779-i33,counters,stage2,off,56925811a052de71d328a314eeb4aaa3234a62e61ed161bdb9f462be7f9e76b1,37,1510771779,33,1510771811,hmrp-ha-ht-gbfs,hmrmax-astar,5,20,True,True,/home/hersco/training_new_domains/2026-10-01/intended_leaf_remaining/results/intended-counters-stage2-off-1510771779-i33/attempt_21990389_child327_ad5839c1bc39/result.json
intended-counters-stage2-off-923500475-i39,counters,stage2,off,7cbd966d31332e7dc3e3ed274c0955b1b219ffbf7af1d885cf465a1649a71892,0,923500475,39,923500513,hmrp-ha-ht-gbfs,hmrmax-astar,5,20,True,True,/home/hersco/training_new_domains/2026-10-01/intended_leaf_remaining/results/intended-counters-stage2-off-923500475-i39/attempt_21957798_child97_53bffdbbc839/result.json
intended-counters-stage2-off-534933607-i36,counters,stage2,off,8d9471820f76ecc6f1d3a74241ad63c38ace8dde0a84f3996915d433701f1f83,8,534933607,36,534933642,hmrp-ha-ht-gbfs,hmrmax-astar,5,20,True,True,/home/hersco/training_new_domains/2026-10-01/intended_leaf_remaining/results/intended-counters-stage2-off-534933607-i36/attempt_21957721_child35_d9e2ae2b627d/result.json
intended-counters-stage2-off-1972442430-i28,counters,stage2,off,7402760195fdce0e856f247d9e36c30d33a33e1c48b9304a3bdf60fd3fc97b50,82,1972442430,28,1972442457,hmrp-ha-ht-gbfs,hmrmax-astar,5,20,True,True,/home/hersco/training_new_domains/2026-10-01/intended_leaf_remaining/results/intended-counters-stage2-off-1972442430-i28/attempt_22068442_child440_7bbfadcd446c/result.json
intended-counters-stage2-off-534933607-i41,counters,stage2,off,8d9471820f76ecc6f1d3a74241ad63c38ace8dde0a84f3996915d433701f1f83,8,534933607,41,534933647,hmrp-ha-ht-gbfs,hmrmax-astar,5,20,True,True,/home/hersco/training_new_domains/2026-10-01/intended_leaf_remaining/results/intended-counters-stage2-off-534933607-i41/attempt_21957729_child40_0ac36ed39bf5/result.json
intended-drone-stage1-off-1510771779-i19,drone,stage1,off,26918994bc769827ef04262944a7dc4ed6f2b73baf9424a613fe8df29b4d52e4,16,1510771779,19,1510771797,hmrp-gbfs,hadd-astar,20,70,True,True,/home/hersco/training_new_domains/2026-10-01/intended_leaf_remaining/results/intended-drone-stage1-off-1510771779-i19/attempt_21977348_child708_9cba135d2009/result.json
intended-counters-stage2-off-1963100312-i34,counters,stage2,off,2e116c01f2ad50ed26d116ce2f7ef14723783d7ca4406b6cb8d349a1ffa468ff,33,1963100312,34,1963100345,hmrp-ha-ht-gbfs,hmrmax-astar,5,20,True,True,/home/hersco/training_new_domains/2026-10-01/intended_leaf_remaining/results/intended-counters-stage2-off-1963100312-i34/attempt_21994385_child387_91b6c0fb9482/result.json
intended-counters-stage2-off-1963100312-i43,counters,stage2,off,2e116c01f2ad50ed26d116ce2f7ef14723783d7ca4406b6cb8d349a1ffa468ff,33,1963100312,43,1963100354,hmrp-ha-ht-gbfs,hmrmax-astar,5,20,True,True,/home/hersco/training_new_domains/2026-10-01/intended_leaf_remaining/results/intended-counters-stage2-off-1963100312-i43/attempt_22000677_child396_cd30f475b33f/result.json
intended-fo_counters-stage2-off-534933607-i2,fo_counters,stage2,off,de77046fa62754c0714421bb0b299fa030fb0a99309114e71553e134fba8efea,17,534933607,2,534933608,hadd-gbfs,hmrmax-astar,20,70,True,True,/home/hersco/training_new_domains/2026-10-01/intended_leaf_remaining/results/intended-fo_counters-stage2-off-534933607-i2/attempt_21957703_child1391_dcf3c804cc75/result.json
intended-counters-stage2-off-2011206605-i8,counters,stage2,off,d665fd33557ec4bc1ef7ee21aea73260fde109f3b5f5b5876dcbc6302302976c,12,2011206605,8,2011206612,hmrp-ha-ht-gbfs,hmrmax-astar,5,20,True,True,/home/hersco/training_new_domains/2026-10-01/intended_leaf_remaining/results/intended-counters-stage2-off-2011206605-i8/attempt_22114710_child479_50827d8c1a5b/result.json
intended-drone-stage1-off-1073581256-i19,drone,stage1,off,633b68eeece792b1454d0f8524d24ffbb0d8fa6a89e02388ef92f54f6b7390be,90,1073581256,19,1073581274,hmrp-gbfs,hadd-astar,20,70,True,True,/home/hersco/training_new_domains/2026-10-01/intended_leaf_remaining/results/intended-drone-stage1-off-1073581256-i19/attempt_21969240_child648_4fcda8abdfca/result.json
intended-counters-stage2-off-923500475-i9,counters,stage2,off,7cbd966d31332e7dc3e3ed274c0955b1b219ffbf7af1d885cf465a1649a71892,0,923500475,9,923500483,hmrp-ha-ht-gbfs,hmrmax-astar,5,20,True,True,/home/hersco/training_new_domains/2026-10-01/intended_leaf_remaining/results/intended-counters-stage2-off-923500475-i9/attempt_21957740_child67_de98c847bf86/result.json
intended-drone-stage1-off-1239739722-i15,drone,stage1,off,db5b59fb3044ba4b098b792e8ed249dab6c12d8ab15a616b483935af7fc72f97,51,1239739722,15,1239739736,hmrp-gbfs,hadd-astar,20,70,True,True,/home/hersco/training_new_domains/2026-10-01/intended_leaf_remaining/results/intended-drone-stage1-off-1239739722-i15/attempt_21973293_child664_b90fa35994c2/result.json
intended-counters-stage2-off-1073581256-i44,counters,stage2,off,29e56cb5dcd93d6c0e1c2f61460ee6a5b3fe06d2b73a2e0a362b58e389adb6e8,0,1073581256,44,1073581299,hmrp-ha-ht-gbfs,hmrmax-astar,5,20,True,True,/home/hersco/training_new_domains/2026-10-01/intended_leaf_remaining/results/intended-counters-stage2-off-1073581256-i44/attempt_21967823_child161_0c58e0b74c6c/result.json
intended-counters-stage2-off-1073581256-i33,counters,stage2,off,29e56cb5dcd93d6c0e1c2f61460ee6a5b3fe06d2b73a2e0a362b58e389adb6e8,0,1073581256,33,1073581288,hmrp-ha-ht-gbfs,hmrmax-astar,5,20,True,True,/home/hersco/training_new_domains/2026-10-01/intended_leaf_remaining/results/intended-counters-stage2-off-1073581256-i33/attempt_21964974_child150_98e24b550498/result.json
intended-fo_counters-stage2-off-2011206605-i11,fo_counters,stage2,off,d63a23f369280ba428d1698f08ce10f3652504fa73fbaab09e6b397fd50fbe93,14,2011206605,11,2011206615,hadd-gbfs,hmrmax-astar,20,70,True,True,/home/hersco/training_new_domains/2026-10-01/intended_leaf_remaining/results/intended-fo_counters-stage2-off-2011206605-i11/attempt_22001570_child1560_f03553b16af5/result.json
intended-counters-stage2-off-1239739722-i48,counters,stage2,off,42423cffe66adec6b2852ad048f9781b486eedb21c85bf651f789dd752e430c5,5,1239739722,48,1239739769,hmrp-ha-ht-gbfs,hmrmax-astar,5,20,True,True,/home/hersco/training_new_domains/2026-10-01/intended_leaf_remaining/results/intended-counters-stage2-off-1239739722-i48/attempt_21970215_child224_8bc6e6259d1f/result.json
intended-counters-stage2-off-2011206605-i11,counters,stage2,off,d665fd33557ec4bc1ef7ee21aea73260fde109f3b5f5b5876dcbc6302302976c,12,2011206605,11,2011206615,hmrp-ha-ht-gbfs,hmrmax-astar,5,20,True,True,/home/hersco/training_new_domains/2026-10-01/intended_leaf_remaining/results/intended-counters-stage2-off-2011206605-i11/attempt_22115174_child482_53181be6f28f/result.json
intended-drone-stage1-off-1073581256-i5,drone,stage1,off,633b68eeece792b1454d0f8524d24ffbb0d8fa6a89e02388ef92f54f6b7390be,90,1073581256,5,1073581260,hmrp-gbfs,hadd-astar,20,70,True,True,/home/hersco/training_new_domains/2026-10-01/intended_leaf_remaining/results/intended-drone-stage1-off-1073581256-i5/attempt_21969116_child634_ec1c1037f0b6/result.json
intended-counters-stage2-off-1073581256-i39,counters,stage2,off,29e56cb5dcd93d6c0e1c2f61460ee6a5b3fe06d2b73a2e0a362b58e389adb6e8,0,1073581256,39,1073581294,hmrp-ha-ht-gbfs,hmrmax-astar,5,20,True,True,/home/hersco/training_new_domains/2026-10-01/intended_leaf_remaining/results/intended-counters-stage2-off-1073581256-i39/attempt_21964974_child156_40b8170a454b/result.json
intended-fo_counters-stage2-off-1073581256-i5,fo_counters,stage2,off,bf23351c34ee3fcce4bbaf23730a86ac757cb9002deccdefdbf1d91a085872ae,12,1073581256,5,1073581260,hadd-gbfs,hmrmax-astar,20,70,True,True,/home/hersco/training_new_domains/2026-10-01/intended_leaf_remaining/results/intended-fo_counters-stage2-off-1073581256-i5/attempt_21970050_child1434_57d81283bebe/result.json
intended-counters-stage2-off-1239739722-i35,counters,stage2,off,42423cffe66adec6b2852ad048f9781b486eedb21c85bf651f789dd752e430c5,5,1239739722,35,1239739756,hmrp-ha-ht-gbfs,hmrmax-astar,5,20,True,True,/home/hersco/training_new_domains/2026-10-01/intended_leaf_remaining/results/intended-counters-stage2-off-1239739722-i35/attempt_21969623_child211_bc63f96b1db9/result.json
intended-counters-stage2-off-1239739722-i42,counters,stage2,off,42423cffe66adec6b2852ad048f9781b486eedb21c85bf651f789dd752e430c5,5,1239739722,42,1239739763,hmrp-ha-ht-gbfs,hmrmax-astar,5,20,True,True,/home/hersco/training_new_domains/2026-10-01/intended_leaf_remaining/results/intended-counters-stage2-off-1239739722-i42/attempt_21970215_child218_123b5276f148/result.json
intended-drone-stage1-off-1073581256-i13,drone,stage1,off,633b68eeece792b1454d0f8524d24ffbb0d8fa6a89e02388ef92f54f6b7390be,90,1073581256,13,1073581268,hmrp-gbfs,hadd-astar,20,70,True,True,/home/hersco/training_new_domains/2026-10-01/intended_leaf_remaining/results/intended-drone-stage1-off-1073581256-i13/attempt_21969240_child642_386d8af9efb0/result.json
intended-counters-stage2-off-1472491096-i1,counters,stage2,off,d15cb836902dcc19eb4c447373e6b2d9e3d707d507c5693b143d4ecdd46fbf01,5,1472491096,1,1472491096,hmrp-ha-ht-gbfs,hmrmax-astar,5,20,True,True,/home/hersco/training_new_domains/2026-10-01/intended_leaf_remaining/results/intended-counters-stage2-off-1472491096-i1/attempt_21974675_child236_b76fb2af466b/result.json
intended-counters-stage2-off-923500475-i3,counters,stage2,off,7cbd966d31332e7dc3e3ed274c0955b1b219ffbf7af1d885cf465a1649a71892,0,923500475,3,923500477,hmrp-ha-ht-gbfs,hmrmax-astar,5,20,True,True,/home/hersco/training_new_domains/2026-10-01/intended_leaf_remaining/results/intended-counters-stage2-off-923500475-i3/attempt_21957740_child61_c82b73081675/result.json
intended-drone-stage2-off-923500475-i9,drone,stage2,off,67af5f170868d7c9f29dd100cdc52b244d9e79eeb13b66358fcfe3cd5c1c695f,16,923500475,9,923500483,hmrp-gbfs,hadd-astar,20,70,True,True,/home/hersco/training_new_domains/2026-10-01/intended_leaf_remaining/results/intended-drone-stage2-off-923500475-i9/attempt_22076202_child1018_34e939303b85/result.json
intended-fo_counters-stage2-off-534933607-i6,fo_counters,stage2,off,de77046fa62754c0714421bb0b299fa030fb0a99309114e71553e134fba8efea,17,534933607,6,534933612,hadd-gbfs,hmrmax-astar,20,70,True,True,/home/hersco/training_new_domains/2026-10-01/intended_leaf_remaining/results/intended-fo_counters-stage2-off-534933607-i6/attempt_21957703_child1395_be079c68d0cf/result.json
intended-counters-stage2-off-1963100312-i30,counters,stage2,off,2e116c01f2ad50ed26d116ce2f7ef14723783d7ca4406b6cb8d349a1ffa468ff,33,1963100312,30,1963100341,hmrp-ha-ht-gbfs,hmrmax-astar,5,20,True,True,/home/hersco/training_new_domains/2026-10-01/intended_leaf_remaining/results/intended-counters-stage2-off-1963100312-i30/attempt_21992652_child383_cd88800bb688/result.json
intended-counters-stage2-off-1963100312-i47,counters,stage2,off,2e116c01f2ad50ed26d116ce2f7ef14723783d7ca4406b6cb8d349a1ffa468ff,33,1963100312,47,1963100358,hmrp-ha-ht-gbfs,hmrmax-astar,5,20,True,True,/home/hersco/training_new_domains/2026-10-01/intended_leaf_remaining/results/intended-counters-stage2-off-1963100312-i47/attempt_22000677_child400_832fba2eb69e/result.json
intended-counters-stage2-off-534933607-i32,counters,stage2,off,8d9471820f76ecc6f1d3a74241ad63c38ace8dde0a84f3996915d433701f1f83,8,534933607,32,534933638,hmrp-ha-ht-gbfs,hmrmax-astar,5,20,True,True,/home/hersco/training_new_domains/2026-10-01/intended_leaf_remaining/results/intended-counters-stage2-off-534933607-i32/attempt_21957721_child31_59fe50812120/result.json
intended-counters-stage2-off-534933607-i45,counters,stage2,off,8d9471820f76ecc6f1d3a74241ad63c38ace8dde0a84f3996915d433701f1f83,8,534933607,45,534933651,hmrp-ha-ht-gbfs,hmrmax-astar,5,20,True,True,/home/hersco/training_new_domains/2026-10-01/intended_leaf_remaining/results/intended-counters-stage2-off-534933607-i45/attempt_21957729_child44_34df53721b5c/result.json
intended-counters-stage2-off-1510771779-i40,counters,stage2,off,56925811a052de71d328a314eeb4aaa3234a62e61ed161bdb9f462be7f9e76b1,37,1510771779,40,1510771818,hmrp-ha-ht-gbfs,hmrmax-astar,5,20,True,True,/home/hersco/training_new_domains/2026-10-01/intended_leaf_remaining/results/intended-counters-stage2-off-1510771779-i40/attempt_21990389_child334_b3e8bc0dd26a/result.json
intended-drone-stage1-off-923500475-i4,drone,stage1,off,9b6add4c4e8b104c3e8cad429bf203355ad01eb9d95d5080f788e92a5de88e95,1,923500475,4,923500478,hmrp-gbfs,hadd-astar,20,70,True,True,/home/hersco/training_new_domains/2026-10-01/intended_leaf_remaining/results/intended-drone-stage1-off-923500475-i4/attempt_21957633_child613_a3fd8a1bf406/result.json
intended-counters-stage2-off-1510771779-i37,counters,stage2,off,56925811a052de71d328a314eeb4aaa3234a62e61ed161bdb9f462be7f9e76b1,37,1510771779,37,1510771815,hmrp-ha-ht-gbfs,hmrmax-astar,5,20,True,True,/home/hersco/training_new_domains/2026-10-01/intended_leaf_remaining/results/intended-counters-stage2-off-1510771779-i37/attempt_21990389_child331_6dfdd779de0e/result.json
intended-counters-stage2-off-923500475-i37,counters,stage2,off,7cbd966d31332e7dc3e3ed274c0955b1b219ffbf7af1d885cf465a1649a71892,0,923500475,37,923500511,hmrp-ha-ht-gbfs,hmrmax-astar,5,20,True,True,/home/hersco/training_new_domains/2026-10-01/intended_leaf_remaining/results/intended-counters-stage2-off-923500475-i37/attempt_21957798_child95_a8a3bb0cce80/result.json
intended-counters-stage2-off-923500475-i40,counters,stage2,off,7cbd966d31332e7dc3e3ed274c0955b1b219ffbf7af1d885cf465a1649a71892,0,923500475,40,923500514,hmrp-ha-ht-gbfs,hmrmax-astar,5,20,True,True,/home/hersco/training_new_domains/2026-10-01/intended_leaf_remaining/results/intended-counters-stage2-off-923500475-i40/attempt_21957798_child98_1e087ce3c8d4/result.json
intended-drone-stage1-off-1963100312-i10,drone,stage1,off,a26b80b42378b986dc13250b7e818c7f295749ee2d5491930dc1d2ad0fdb3f88,157,1963100312,10,1963100321,hmrp-gbfs,hadd-astar,20,70,True,True,/home/hersco/training_new_domains/2026-10-01/intended_leaf_remaining/results/intended-drone-stage1-off-1963100312-i10/attempt_21977349_child719_74838187da35/result.json
intended-counters-stage2-off-2011206605-i6,counters,stage2,off,d665fd33557ec4bc1ef7ee21aea73260fde109f3b5f5b5876dcbc6302302976c,12,2011206605,6,2011206610,hmrp-ha-ht-gbfs,hmrmax-astar,5,20,True,True,/home/hersco/training_new_domains/2026-10-01/intended_leaf_remaining/results/intended-counters-stage2-off-2011206605-i6/attempt_22114710_child477_fcbe872a29fb/result.json
intended-drone-stage2-off-923500475-i3,drone,stage2,off,67af5f170868d7c9f29dd100cdc52b244d9e79eeb13b66358fcfe3cd5c1c695f,16,923500475,3,923500477,hmrp-gbfs,hadd-astar,20,70,True,True,/home/hersco/training_new_domains/2026-10-01/intended_leaf_remaining/results/intended-drone-stage2-off-923500475-i3/attempt_22076202_child1012_f8c094721a5b/result.json
intended-counters-stage2-off-1472491096-i20,counters,stage2,off,d15cb836902dcc19eb4c447373e6b2d9e3d707d507c5693b143d4ecdd46fbf01,5,1472491096,20,1472491115,hmrp-ha-ht-gbfs,hmrmax-astar,5,20,True,True,/home/hersco/training_new_domains/2026-10-01/intended_leaf_remaining/results/intended-counters-stage2-off-1472491096-i20/attempt_21974936_child255_0a5137fa70a7/result.json
intended-counters-stage2-off-1972442430-i26,counters,stage2,off,7402760195fdce0e856f247d9e36c30d33a33e1c48b9304a3bdf60fd3fc97b50,82,1972442430,26,1972442455,hmrp-ha-ht-gbfs,hmrmax-astar,5,20,True,True,/home/hersco/training_new_domains/2026-10-01/intended_leaf_remaining/results/intended-counters-stage2-off-1972442430-i26/attempt_22068442_child438_47793a21c824/result.json
intended-drone-stage1-off-1510771779-i17,drone,stage1,off,26918994bc769827ef04262944a7dc4ed6f2b73baf9424a613fe8df29b4d52e4,16,1510771779,17,1510771795,hmrp-gbfs,hadd-astar,20,70,True,True,/home/hersco/training_new_domains/2026-10-01/intended_leaf_remaining/results/intended-drone-stage1-off-1510771779-i17/attempt_21977348_child706_7cd383b70e29/result.json
intended-counters-stage2-off-534933607-i38,counters,stage2,off,8d9471820f76ecc6f1d3a74241ad63c38ace8dde0a84f3996915d433701f1f83,8,534933607,38,534933644,hmrp-ha-ht-gbfs,hmrmax-astar,5,20,True,True,/home/hersco/training_new_domains/2026-10-01/intended_leaf_remaining/results/intended-counters-stage2-off-534933607-i38/attempt_21957721_child37_956dfed3021a/result.json
intended-counters-stage2-off-1972442430-i51,counters,stage2,off,7402760195fdce0e856f247d9e36c30d33a33e1c48b9304a3bdf60fd3fc97b50,82,1972442430,51,1972442480,hmrp-ha-ht-gbfs,hmrmax-astar,5,20,True,True,/home/hersco/training_new_domains/2026-10-01/intended_leaf_remaining/results/intended-counters-stage2-off-1972442430-i51/attempt_22072767_child463_516cbda0ba10/result.json
intended-drone-stage1-on-534933607-i19,drone,stage1,on,efa1b6a7b8bad82f1ee52e5ccc49043bda2eff2d3e0c4f028133996850caecb2,161,534933607,19,534933625,hmrp-gbfs,hadd-astar,20,70,True,True,/home/hersco/training_new_domains/2026-10-01/intended_leaf_remaining/results/intended-drone-stage1-on-534933607-i19/attempt_21989978_child808_503b90765087/result.json
intended-drone-stage1-on-1963100312-i14,drone,stage1,on,a9861f654d1da7a1e82387b05a980d88adeac0e811e1ceb5f1a9b16dbe444603,1,1963100312,14,1963100325,hmrp-gbfs,hadd-astar,20,70,True,True,/home/hersco/training_new_domains/2026-10-01/intended_leaf_remaining/results/intended-drone-stage1-on-1963100312-i14/attempt_22001562_child923_3cc2f1318e69/result.json
intended-counters-stage2-off-2011206605-i23,counters,stage2,off,d665fd33557ec4bc1ef7ee21aea73260fde109f3b5f5b5876dcbc6302302976c,12,2011206605,23,2011206627,hmrp-ha-ht-gbfs,hmrmax-astar,5,20,True,True,/home/hersco/training_new_domains/2026-10-01/intended_leaf_remaining/results/intended-counters-stage2-off-2011206605-i23/attempt_22116281_child494_46b814a31606/result.json
intended-drone-stage1-on-2082152039-i7,drone,stage1,on,0ff2da76b7040069403b73d7a38f628e483e7117b98f72cdc31ef52808c101a9,26,2082152039,7,2082152045,hmrp-gbfs,hadd-astar,20,70,True,True,/home/hersco/training_new_domains/2026-10-01/intended_leaf_remaining/results/intended-drone-stage1-on-2082152039-i7/attempt_22047868_child976_9ba60b020cd1/result.json
intended-fo_counters-stage2-on-534933607-i2,fo_counters,stage2,on,7f248fc5bf1240d843b9d2a8fbfdff6ae7e3e7821a24ccb95f6894e9ea3586e3,21,534933607,2,534933608,hadd-gbfs,hmrmax-astar,20,70,True,True,/home/hersco/training_new_domains/2026-10-01/intended_leaf_remaining/results/intended-fo_counters-stage2-on-534933607-i2/attempt_22001573_child1591_ad3d317fdcd1/result.json
intended-drone-stage1-off-2011206605-i2,drone,stage1,off,bd243a04dfdd164e760f6c93c48a8d45cb6694ea67304c70bba70daec1fbab98,40,2011206605,2,2011206606,hmrp-gbfs,hadd-astar,20,70,True,True,/home/hersco/training_new_domains/2026-10-01/intended_leaf_remaining/results/intended-drone-stage1-off-2011206605-i2/attempt_21984042_child751_88d1de56c6af/result.json
intended-fo_counters-stage2-off-2011206605-i2,fo_counters,stage2,off,d63a23f369280ba428d1698f08ce10f3652504fa73fbaab09e6b397fd50fbe93,14,2011206605,2,2011206606,hadd-gbfs,hmrmax-astar,20,70,True,True,/home/hersco/training_new_domains/2026-10-01/intended_leaf_remaining/results/intended-fo_counters-stage2-off-2011206605-i2/attempt_22001569_child1551_e4363c34f1a8/result.json
intended-drone-stage1-on-1510771779-i13,drone,stage1,on,63048c2d248b5fd3bb55fe6a43060b9ba48538ef483d8b716049b54a72a0b442,14,1510771779,13,1510771791,hmrp-gbfs,hadd-astar,20,70,True,True,/home/hersco/training_new_domains/2026-10-01/intended_leaf_remaining/results/intended-drone-stage1-on-1510771779-i13/attempt_22001560_child902_27d1dbb9ac3f/result.json
intended-drone-stage1-on-923500475-i16,drone,stage1,on,cfd7f812cf180c9fcab576710bda31980c44786973115f6036b19aad76d5758e,103,923500475,16,923500490,hmrp-gbfs,hadd-astar,20,70,True,True,/home/hersco/training_new_domains/2026-10-01/intended_leaf_remaining/results/intended-drone-stage1-on-923500475-i16/attempt_21990186_child825_877fe89f85bb/result.json
intended-drone-stage1-on-1510771779-i6,drone,stage1,on,63048c2d248b5fd3bb55fe6a43060b9ba48538ef483d8b716049b54a72a0b442,14,1510771779,6,1510771784,hmrp-gbfs,hadd-astar,20,70,True,True,/home/hersco/training_new_domains/2026-10-01/intended_leaf_remaining/results/intended-drone-stage1-on-1510771779-i6/attempt_21997632_child895_d7681951b5b0/result.json
intended-drone-stage1-off-2011206605-i8,drone,stage1,off,bd243a04dfdd164e760f6c93c48a8d45cb6694ea67304c70bba70daec1fbab98,40,2011206605,8,2011206612,hmrp-gbfs,hadd-astar,20,70,True,True,/home/hersco/training_new_domains/2026-10-01/intended_leaf_remaining/results/intended-drone-stage1-off-2011206605-i8/attempt_21984042_child757_caa18afa8ba5/result.json
intended-fo_counters-stage2-off-2011206605-i8,fo_counters,stage2,off,d63a23f369280ba428d1698f08ce10f3652504fa73fbaab09e6b397fd50fbe93,14,2011206605,8,2011206612,hadd-gbfs,hmrmax-astar,20,70,True,True,/home/hersco/training_new_domains/2026-10-01/intended_leaf_remaining/results/intended-fo_counters-stage2-off-2011206605-i8/attempt_22001569_child1557_c480c0ece467/result.json
intended-drone-stage1-on-1510771779-i19,drone,stage1,on,63048c2d248b5fd3bb55fe6a43060b9ba48538ef483d8b716049b54a72a0b442,14,1510771779,19,1510771797,hmrp-gbfs,hadd-astar,20,70,True,True,/home/hersco/training_new_domains/2026-10-01/intended_leaf_remaining/results/intended-drone-stage1-on-1510771779-i19/attempt_22001560_child908_de1179aff2de/result.json
intended-drone-stage1-on-534933607-i13,drone,stage1,on,efa1b6a7b8bad82f1ee52e5ccc49043bda2eff2d3e0c4f028133996850caecb2,161,534933607,13,534933619,hmrp-gbfs,hadd-astar,20,70,True,True,/home/hersco/training_new_domains/2026-10-01/intended_leaf_remaining/results/intended-drone-stage1-on-534933607-i13/attempt_21989978_child802_fe18a970b108/result.json
intended-counters-stage2-off-2011206605-i29,counters,stage2,off,d665fd33557ec4bc1ef7ee21aea73260fde109f3b5f5b5876dcbc6302302976c,12,2011206605,29,2011206633,hmrp-ha-ht-gbfs,hmrmax-astar,5,20,True,True,/home/hersco/training_new_domains/2026-10-01/intended_leaf_remaining/results/intended-counters-stage2-off-2011206605-i29/attempt_22116281_child500_6af3b8804973/result.json
intended-fo_counters-stage2-on-534933607-i8,fo_counters,stage2,on,7f248fc5bf1240d843b9d2a8fbfdff6ae7e3e7821a24ccb95f6894e9ea3586e3,21,534933607,8,534933614,hadd-gbfs,hmrmax-astar,20,70,True,True,/home/hersco/training_new_domains/2026-10-01/intended_leaf_remaining/results/intended-fo_counters-stage2-on-534933607-i8/attempt_22001573_child1597_830f694e347e/result.json
intended-counters-stage2-off-1073581256-i1,counters,stage2,off,29e56cb5dcd93d6c0e1c2f61460ee6a5b3fe06d2b73a2e0a362b58e389adb6e8,0,1073581256,1,1073581256,hmrp-ha-ht-gbfs,hmrmax-astar,5,20,True,True,/home/hersco/training_new_domains/2026-10-01/intended_leaf_remaining/results/intended-counters-stage2-off-1073581256-i1/attempt_21960272_child118_34cf84a9f1e1/result.json
intended-fo_counters-stage2-off-2082152039-i12,fo_counters,stage2,off,ccf2d2bd019ea198331b200029e2656e64c53abad6a5638f0e72766f3247fd72,17,2082152039,12,2082152050,hadd-gbfs,hmrmax-astar,20,70,True,True,/home/hersco/training_new_domains/2026-10-01/intended_leaf_remaining/results/intended-fo_counters-stage2-off-2082152039-i12/attempt_22001572_child1581_466c6e1868a5/result.json
intended-drone-stage2-off-534933607-i18,drone,stage2,off,374884068aa2f599389f37f756631fcf8d92b41decf37a55bd3f387076dd9b34,63,534933607,18,534933624,hmrp-gbfs,hadd-astar,20,70,True,True,/home/hersco/training_new_domains/2026-10-01/intended_leaf_remaining/results/intended-drone-stage2-off-534933607-i18/attempt_22063342_child1007_cfc19f398af6/result.json
intended-drone-stage1-off-1472491096-i5,drone,stage1,off,c1c2ec8215c07ebc33db4e919d404e3d7230878b06f4086b52e8a38f11493124,92,1472491096,5,1472491100,hmrp-gbfs,hadd-astar,20,70,True,True,/home/hersco/training_new_domains/2026-10-01/intended_leaf_remaining/results/intended-drone-stage1-off-1472491096-i5/attempt_21973467_child674_6db85eecd03a/result.json
intended-drone-stage1-on-1073581256-i17,drone,stage1,on,1fdd75ab2f48fd428524b42bdb4e6bd553eb962d5ab34dd2efb45c40c7e2390e,118,1073581256,17,1073581272,hmrp-gbfs,hadd-astar,20,70,True,True,/home/hersco/training_new_domains/2026-10-01/intended_leaf_remaining/results/intended-drone-stage1-on-1073581256-i17/attempt_21990411_child846_1815d2815e5e/result.json
intended-counters-stage2-off-1472491096-i18,counters,stage2,off,d15cb836902dcc19eb4c447373e6b2d9e3d707d507c5693b143d4ecdd46fbf01,5,1472491096,18,1472491113,hmrp-ha-ht-gbfs,hmrmax-astar,5,20,True,True,/home/hersco/training_new_domains/2026-10-01/intended_leaf_remaining/results/intended-counters-stage2-off-1472491096-i18/attempt_21974936_child253_9535c9fe41a5/result.json
intended-drone-stage1-on-923500475-i8,drone,stage1,on,cfd7f812cf180c9fcab576710bda31980c44786973115f6036b19aad76d5758e,103,923500475,8,923500482,hmrp-gbfs,hadd-astar,20,70,True,True,/home/hersco/training_new_domains/2026-10-01/intended_leaf_remaining/results/intended-drone-stage1-on-923500475-i8/attempt_21990057_child817_0e977db14f34/result.json
intended-counters-stage2-off-1239739722-i4,counters,stage2,off,42423cffe66adec6b2852ad048f9781b486eedb21c85bf651f789dd752e430c5,5,1239739722,4,1239739725,hmrp-ha-ht-gbfs,hmrmax-astar,5,20,True,True,/home/hersco/training_new_domains/2026-10-01/intended_leaf_remaining/results/intended-counters-stage2-off-1239739722-i4/attempt_21969347_child180_7fe73a033332/result.json
intended-drone-stage2-off-923500475-i17,drone,stage2,off,67af5f170868d7c9f29dd100cdc52b244d9e79eeb13b66358fcfe3cd5c1c695f,16,923500475,17,923500491,hmrp-gbfs,hadd-astar,20,70,True,True,/home/hersco/training_new_domains/2026-10-01/intended_leaf_remaining/results/intended-drone-stage2-off-923500475-i17/attempt_22078171_child1026_f77b2f6782d1/result.json
intended-fo_counters-stage2-off-1472491096-i5,fo_counters,stage2,off,20ea2c4bad9242582002571faf9fe8ab9e44df8a749a50afb530c9eff82f5b8d,52,1472491096,5,1472491100,hadd-gbfs,hmrmax-astar,20,70,True,True,/home/hersco/training_new_domains/2026-10-01/intended_leaf_remaining/results/intended-fo_counters-stage2-off-1472491096-i5/attempt_21984074_child1474_48eeeef5c29b/result.json
intended-drone-stage1-on-1972442430-i1,drone,stage1,on,4f8634868e328f4a5a1019f91f6c80b082945db9ddd0fc537c3eec4f4febb3d7,21,1972442430,1,1972442430,hmrp-gbfs,hadd-astar,20,70,True,True,/home/hersco/training_new_domains/2026-10-01/intended_leaf_remaining/results/intended-drone-stage1-on-1972442430-i1/attempt_22001563_child930_671af47f5aae/result.json
intended-fo_counters-stage2-off-1472491096-i12,fo_counters,stage2,off,20ea2c4bad9242582002571faf9fe8ab9e44df8a749a50afb530c9eff82f5b8d,52,1472491096,12,1472491107,hadd-gbfs,hmrmax-astar,20,70,True,True,/home/hersco/training_new_domains/2026-10-01/intended_leaf_remaining/results/intended-fo_counters-stage2-off-1472491096-i12/attempt_21986707_child1481_2cc94b5d1577/result.json
intended-drone-stage2-off-1510771779-i7,drone,stage2,off,492d8443f22a61c665a6602bad73f9ac9e972ef6bbb458faa7fc8b06632c3956,0,1510771779,7,1510771785,hmrp-gbfs,hadd-astar,20,70,True,True,/home/hersco/training_new_domains/2026-10-01/intended_leaf_remaining/results/intended-drone-stage2-off-1510771779-i7/attempt_22119100_child1096_e484d6e61962/result.json
intended-counters-stage2-off-1972442430-i14,counters,stage2,off,7402760195fdce0e856f247d9e36c30d33a33e1c48b9304a3bdf60fd3fc97b50,82,1972442430,14,1972442443,hmrp-ha-ht-gbfs,hmrmax-astar,5,20,True,True,/home/hersco/training_new_domains/2026-10-01/intended_leaf_remaining/results/intended-counters-stage2-off-1972442430-i14/attempt_22067238_child426_c4c47625d15d/result.json
intended-drone-stage1-on-923500475-i2,drone,stage1,on,cfd7f812cf180c9fcab576710bda31980c44786973115f6036b19aad76d5758e,103,923500475,2,923500476,hmrp-gbfs,hadd-astar,20,70,True,True,/home/hersco/training_new_domains/2026-10-01/intended_leaf_remaining/results/intended-drone-stage1-on-923500475-i2/attempt_21990057_child811_b9c952240961/result.json
intended-counters-stage2-off-1472491096-i12,counters,stage2,off,d15cb836902dcc19eb4c447373e6b2d9e3d707d507c5693b143d4ecdd46fbf01,5,1472491096,12,1472491107,hmrp-ha-ht-gbfs,hmrmax-astar,5,20,True,True,/home/hersco/training_new_domains/2026-10-01/intended_leaf_remaining/results/intended-counters-stage2-off-1472491096-i12/attempt_21974936_child247_5e93bd1ce3ad/result.json
intended-fo_counters-stage2-on-1239739722-i2,fo_counters,stage2,on,b1f15df4365a80d9ff22422a14e4a2ce1b43dcf7700ddeae7feeffad0d851050,8,1239739722,2,1239739723,hadd-gbfs,hmrmax-astar,20,70,True,True,/home/hersco/training_new_domains/2026-10-01/intended_leaf_remaining/results/intended-fo_counters-stage2-on-1239739722-i2/attempt_22111656_child1651_e5b7f886fc70/result.json
intended-drone-stage1-on-1239739722-i11,drone,stage1,on,48738b47fd14ae74b4c27d905bb84a5810aeeb124ea86f2ad2c397e11e4ddf94,23,1239739722,11,1239739732,hmrp-gbfs,hadd-astar,20,70,True,True,/home/hersco/training_new_domains/2026-10-01/intended_leaf_remaining/results/intended-drone-stage1-on-1239739722-i11/attempt_21992064_child860_c48274d0a1d7/result.json
intended-drone-stage2-off-1472491096-i12,drone,stage2,off,0b6483e03d00fe1d395fa287c780468527111843b8e698bfda584a551b674083,14,1472491096,12,1472491107,hmrp-gbfs,hadd-astar,20,70,True,True,/home/hersco/training_new_domains/2026-10-01/intended_leaf_remaining/results/intended-drone-stage2-off-1472491096-i12/attempt_22119099_child1081_5cd22a9401a1/result.json
intended-drone-stage2-off-534933607-i12,drone,stage2,off,374884068aa2f599389f37f756631fcf8d92b41decf37a55bd3f387076dd9b34,63,534933607,12,534933618,hmrp-gbfs,hadd-astar,20,70,True,True,/home/hersco/training_new_domains/2026-10-01/intended_leaf_remaining/results/intended-drone-stage2-off-534933607-i12/attempt_22063342_child1001_e864b94bec8a/result.json
intended-fo_counters-stage2-on-1073581256-i7,fo_counters,stage2,on,b86d6355e4df207b32bcaa9ee6a3d66eaebdfd7055ea4b7aa68113fb92fd0732,39,1073581256,7,1073581262,hadd-gbfs,hmrmax-astar,20,70,True,True,/home/hersco/training_new_domains/2026-10-01/intended_leaf_remaining/results/intended-fo_counters-stage2-on-1073581256-i7/attempt_22055485_child1636_05cda4e04962/result.json
intended-drone-stage1-on-1963100312-i1,drone,stage1,on,a9861f654d1da7a1e82387b05a980d88adeac0e811e1ceb5f1a9b16dbe444603,1,1963100312,1,1963100312,hmrp-gbfs,hadd-astar,20,70,True,True,/home/hersco/training_new_domains/2026-10-01/intended_leaf_remaining/results/intended-drone-stage1-on-1963100312-i1/attempt_22001561_child910_208cbbea35d8/result.json
intended-drone-stage1-off-534933607-i17,drone,stage1,off,c9434b115516e234fff8a4a5f9c2200d6959615749c8706f597464e72b43bee3,69,534933607,17,534933623,hmrp-gbfs,hadd-astar,20,70,True,True,/home/hersco/training_new_domains/2026-10-01/intended_leaf_remaining/results/intended-drone-stage1-off-534933607-i17/attempt_21957632_child606_ce7f003b5860/result.json
intended-fo_counters-stage2-off-923500475-i8,fo_counters,stage2,off,a600921fa8f15820f0a4fbcf1c6e614bf3be9a18cd4ceb699d4731b250e92a14,9,923500475,8,923500482,hadd-gbfs,hmrmax-astar,20,70,True,True,/home/hersco/training_new_domains/2026-10-01/intended_leaf_remaining/results/intended-fo_counters-stage2-off-923500475-i8/attempt_21957710_child1417_97abb04e05b7/result.json
intended-drone-stage2-off-534933607-i7,drone,stage2,off,374884068aa2f599389f37f756631fcf8d92b41decf37a55bd3f387076dd9b34,63,534933607,7,534933613,hmrp-gbfs,hadd-astar,20,70,True,True,/home/hersco/training_new_domains/2026-10-01/intended_leaf_remaining/results/intended-drone-stage2-off-534933607-i7/attempt_22063106_child996_4d61a9cf9ad2/result.json
intended-drone-stage1-off-2082152039-i9,drone,stage1,off,6c233736346bfd8c342574662b0b1d3ebaf47b711be0f8244281a27de1ea8ab9,38,2082152039,9,2082152047,hmrp-gbfs,hadd-astar,20,70,True,True,/home/hersco/training_new_domains/2026-10-01/intended_leaf_remaining/results/intended-drone-stage1-off-2082152039-i9/attempt_21988558_child778_8903cc6ec621/result.json
intended-fo_counters-stage2-off-534933607-i17,fo_counters,stage2,off,de77046fa62754c0714421bb0b299fa030fb0a99309114e71553e134fba8efea,17,534933607,17,534933623,hadd-gbfs,hmrmax-astar,20,70,True,True,/home/hersco/training_new_domains/2026-10-01/intended_leaf_remaining/results/intended-fo_counters-stage2-off-534933607-i17/attempt_21957708_child1406_5179ea6ff985/result.json
intended-drone-stage1-off-1510771779-i2,drone,stage1,off,26918994bc769827ef04262944a7dc4ed6f2b73baf9424a613fe8df29b4d52e4,16,1510771779,2,1510771780,hmrp-gbfs,hadd-astar,20,70,True,True,/home/hersco/training_new_domains/2026-10-01/intended_leaf_remaining/results/intended-drone-stage1-off-1510771779-i2/attempt_21976887_child691_f0df2d9bf1ef/result.json
intended-fo_counters-stage2-off-923500475-i18,fo_counters,stage2,off,a600921fa8f15820f0a4fbcf1c6e614bf3be9a18cd4ceb699d4731b250e92a14,9,923500475,18,923500492,hadd-gbfs,hmrmax-astar,20,70,True,True,/home/hersco/training_new_domains/2026-10-01/intended_leaf_remaining/results/intended-fo_counters-stage2-off-923500475-i18/attempt_21957716_child1427_02e71f72d163/result.json
intended-counters-stage2-off-1239739722-i26,counters,stage2,off,42423cffe66adec6b2852ad048f9781b486eedb21c85bf651f789dd752e430c5,5,1239739722,26,1239739747,hmrp-ha-ht-gbfs,hmrmax-astar,5,20,True,True,/home/hersco/training_new_domains/2026-10-01/intended_leaf_remaining/results/intended-counters-stage2-off-1239739722-i26/attempt_21969443_child202_f669ea12ba4a/result.json
intended-fo_counters-stage2-off-1510771779-i2,fo_counters,stage2,off,4a0fc39b5c8d696031a2c47ee3aa0e328cbd45c0da2897d446c08c0ae0f257f6,6,1510771779,2,1510771780,hadd-gbfs,hmrmax-astar,20,70,True,True,/home/hersco/training_new_domains/2026-10-01/intended_leaf_remaining/results/intended-fo_counters-stage2-off-1510771779-i2/attempt_21994334_child1491_d4d0a5289035/result.json
intended-counters-stage2-off-1239739722-i51,counters,stage2,off,42423cffe66adec6b2852ad048f9781b486eedb21c85bf651f789dd752e430c5,5,1239739722,51,1239739772,hmrp-ha-ht-gbfs,hmrmax-astar,5,20,True,True,/home/hersco/training_new_domains/2026-10-01/intended_leaf_remaining/results/intended-counters-stage2-off-1239739722-i51/attempt_21970367_child227_e8d52ee19fee/result.json
intended-drone-stage1-off-923500475-i18,drone,stage1,off,9b6add4c4e8b104c3e8cad429bf203355ad01eb9d95d5080f788e92a5de88e95,1,923500475,18,923500492,hmrp-gbfs,hadd-astar,20,70,True,True,/home/hersco/training_new_domains/2026-10-01/intended_leaf_remaining/results/intended-drone-stage1-off-923500475-i18/attempt_21957648_child627_624b6966d56c/result.json
intended-drone-stage1-on-2011206605-i6,drone,stage1,on,7a0d4ae09e6084c98e49851f331af161432814fe23efa099a24a478835499d13,19,2011206605,6,2011206610,hmrp-gbfs,hadd-astar,20,70,True,True,/home/hersco/training_new_domains/2026-10-01/intended_leaf_remaining/results/intended-drone-stage1-on-2011206605-i6/attempt_22032947_child955_daf5317c751a/result.json
intended-drone-stage1-off-1510771779-i8,drone,stage1,off,26918994bc769827ef04262944a7dc4ed6f2b73baf9424a613fe8df29b4d52e4,16,1510771779,8,1510771786,hmrp-gbfs,hadd-astar,20,70,True,True,/home/hersco/training_new_domains/2026-10-01/intended_leaf_remaining/results/intended-drone-stage1-off-1510771779-i8/attempt_21976887_child697_48cdbc6bf52d/result.json
intended-counters-stage2-off-1073581256-i57,counters,stage2,off,29e56cb5dcd93d6c0e1c2f61460ee6a5b3fe06d2b73a2e0a362b58e389adb6e8,0,1073581256,57,1073581312,hmrp-ha-ht-gbfs,hmrmax-astar,5,20,True,True,/home/hersco/training_new_domains/2026-10-01/intended_leaf_remaining/results/intended-counters-stage2-off-1073581256-i57/attempt_21969124_child174_b739f9300149/result.json
intended-fo_counters-stage2-off-923500475-i12,fo_counters,stage2,off,a600921fa8f15820f0a4fbcf1c6e614bf3be9a18cd4ceb699d4731b250e92a14,9,923500475,12,923500486,hadd-gbfs,hmrmax-astar,20,70,True,True,/home/hersco/training_new_domains/2026-10-01/intended_leaf_remaining/results/intended-fo_counters-stage2-off-923500475-i12/attempt_21957716_child1421_836ab53212ee/result.json
intended-counters-stage2-off-1073581256-i20,counters,stage2,off,29e56cb5dcd93d6c0e1c2f61460ee6a5b3fe06d2b73a2e0a362b58e389adb6e8,0,1073581256,20,1073581275,hmrp-ha-ht-gbfs,hmrmax-astar,5,20,True,True,/home/hersco/training_new_domains/2026-10-01/intended_leaf_remaining/results/intended-counters-stage2-off-1073581256-i20/attempt_21960429_child137_cc1e217d1806/result.json
intended-fo_counters-stage2-off-1510771779-i8,fo_counters,stage2,off,4a0fc39b5c8d696031a2c47ee3aa0e328cbd45c0da2897d446c08c0ae0f257f6,6,1510771779,8,1510771786,hadd-gbfs,hmrmax-astar,20,70,True,True,/home/hersco/training_new_domains/2026-10-01/intended_leaf_remaining/results/intended-fo_counters-stage2-off-1510771779-i8/attempt_21994334_child1497_2ef605158825/result.json
intended-drone-stage1-off-923500475-i12,drone,stage1,off,9b6add4c4e8b104c3e8cad429bf203355ad01eb9d95d5080f788e92a5de88e95,1,923500475,12,923500486,hmrp-gbfs,hadd-astar,20,70,True,True,/home/hersco/training_new_domains/2026-10-01/intended_leaf_remaining/results/intended-drone-stage1-off-923500475-i12/attempt_21957648_child621_a8a85a98a3f6/result.json
intended-fo_counters-stage2-off-923500475-i2,fo_counters,stage2,off,a600921fa8f15820f0a4fbcf1c6e614bf3be9a18cd4ceb699d4731b250e92a14,9,923500475,2,923500476,hadd-gbfs,hmrmax-astar,20,70,True,True,/home/hersco/training_new_domains/2026-10-01/intended_leaf_remaining/results/intended-fo_counters-stage2-off-923500475-i2/attempt_21957710_child1411_a4b8aa31627d/result.json
intended-drone-stage1-off-2082152039-i3,drone,stage1,off,6c233736346bfd8c342574662b0b1d3ebaf47b711be0f8244281a27de1ea8ab9,38,2082152039,3,2082152041,hmrp-gbfs,hadd-astar,20,70,True,True,/home/hersco/training_new_domains/2026-10-01/intended_leaf_remaining/results/intended-drone-stage1-off-2082152039-i3/attempt_21988558_child772_d4339ffc1ad9/result.json
intended-fo_counters-stage2-off-2082152039-i3,fo_counters,stage2,off,ccf2d2bd019ea198331b200029e2656e64c53abad6a5638f0e72766f3247fd72,17,2082152039,3,2082152041,hadd-gbfs,hmrmax-astar,20,70,True,True,/home/hersco/training_new_domains/2026-10-01/intended_leaf_remaining/results/intended-fo_counters-stage2-off-2082152039-i3/attempt_22001571_child1572_b3b6f54dcb00/result.json
intended-counters-stage2-off-1963100312-i29,counters,stage2,off,2e116c01f2ad50ed26d116ce2f7ef14723783d7ca4406b6cb8d349a1ffa468ff,33,1963100312,29,1963100340,hmrp-ha-ht-gbfs,hmrmax-astar,5,20,True,True,/home/hersco/training_new_domains/2026-10-01/intended_leaf_remaining/results/intended-counters-stage2-off-1963100312-i29/attempt_21992652_child382_bfb5faff319f/result.json
intended-fo_counters-stage2-off-1963100312-i5,fo_counters,stage2,off,adae4aeb8dbb21f6ea28ce92b90df0bfb56bf4bf9aafb26479f1d2b7887ae80a,27,1963100312,5,1963100316,hadd-gbfs,hmrmax-astar,20,70,True,True,/home/hersco/training_new_domains/2026-10-01/intended_leaf_remaining/results/intended-fo_counters-stage2-off-1963100312-i5/attempt_22001565_child1514_f83acee7f374/result.json
intended-counters-stage2-off-1472491096-i33,counters,stage2,off,d15cb836902dcc19eb4c447373e6b2d9e3d707d507c5693b143d4ecdd46fbf01,5,1472491096,33,1472491128,hmrp-ha-ht-gbfs,hmrmax-astar,5,20,True,True,/home/hersco/training_new_domains/2026-10-01/intended_leaf_remaining/results/intended-counters-stage2-off-1472491096-i33/attempt_21982316_child268_fcc2ddbbf9f4/result.json
intended-counters-stage2-off-1972442430-i35,counters,stage2,off,7402760195fdce0e856f247d9e36c30d33a33e1c48b9304a3bdf60fd3fc97b50,82,1972442430,35,1972442464,hmrp-ha-ht-gbfs,hmrmax-astar,5,20,True,True,/home/hersco/training_new_domains/2026-10-01/intended_leaf_remaining/results/intended-counters-stage2-off-1972442430-i35/attempt_22068992_child447_760fd67b0594/result.json
intended-drone-stage1-off-2082152039-i13,drone,stage1,off,6c233736346bfd8c342574662b0b1d3ebaf47b711be0f8244281a27de1ea8ab9,38,2082152039,13,2082152051,hmrp-gbfs,hadd-astar,20,70,True,True,/home/hersco/training_new_domains/2026-10-01/intended_leaf_remaining/results/intended-drone-stage1-off-2082152039-i13/attempt_21988777_child782_0fbc21a96989/result.json
intended-counters-stage2-off-534933607-i7,counters,stage2,off,8d9471820f76ecc6f1d3a74241ad63c38ace8dde0a84f3996915d433701f1f83,8,534933607,7,534933613,hmrp-ha-ht-gbfs,hmrmax-astar,5,20,True,True,/home/hersco/training_new_domains/2026-10-01/intended_leaf_remaining/results/intended-counters-stage2-off-534933607-i7/attempt_21957674_child6_817d18059c12/result.json
intended-counters-stage2-off-1472491096-i44,counters,stage2,off,d15cb836902dcc19eb4c447373e6b2d9e3d707d507c5693b143d4ecdd46fbf01,5,1472491096,44,1472491139,hmrp-ha-ht-gbfs,hmrmax-astar,5,20,True,True,/home/hersco/training_new_domains/2026-10-01/intended_leaf_remaining/results/intended-counters-stage2-off-1472491096-i44/attempt_21986890_child279_ffc2227a72fc/result.json
intended-drone-stage1-off-1963100312-i5,drone,stage1,off,a26b80b42378b986dc13250b7e818c7f295749ee2d5491930dc1d2ad0fdb3f88,157,1963100312,5,1963100316,hmrp-gbfs,hadd-astar,20,70,True,True,/home/hersco/training_new_domains/2026-10-01/intended_leaf_remaining/results/intended-drone-stage1-off-1963100312-i5/attempt_21977349_child714_42b23b3d3a13/result.json
intended-counters-stage2-off-923500475-i24,counters,stage2,off,7cbd966d31332e7dc3e3ed274c0955b1b219ffbf7af1d885cf465a1649a71892,0,923500475,24,923500498,hmrp-ha-ht-gbfs,hmrmax-astar,5,20,True,True,/home/hersco/training_new_domains/2026-10-01/intended_leaf_remaining/results/intended-counters-stage2-off-923500475-i24/attempt_21957797_child82_ab15f8cbde34/result.json
intended-counters-stage2-off-923500475-i53,counters,stage2,off,7cbd966d31332e7dc3e3ed274c0955b1b219ffbf7af1d885cf465a1649a71892,0,923500475,53,923500527,hmrp-ha-ht-gbfs,hmrmax-astar,5,20,True,True,/home/hersco/training_new_domains/2026-10-01/intended_leaf_remaining/results/intended-counters-stage2-off-923500475-i53/attempt_21958349_child111_95556d2256f1/result.json
intended-drone-stage1-off-1472491096-i19,drone,stage1,off,c1c2ec8215c07ebc33db4e919d404e3d7230878b06f4086b52e8a38f11493124,92,1472491096,19,1472491114,hmrp-gbfs,hadd-astar,20,70,True,True,/home/hersco/training_new_domains/2026-10-01/intended_leaf_remaining/results/intended-drone-stage1-off-1472491096-i19/attempt_21974018_child688_b3d17420b54f/result.json
intended-drone-stage1-on-1472491096-i1,drone,stage1,on,06d9bfa280defcbbcb76bdbae4ef6e1afd6c74354377f66b8130ccb3006dc400,21,1472491096,1,1472491096,hmrp-gbfs,hadd-astar,20,70,True,True,/home/hersco/training_new_domains/2026-10-01/intended_leaf_remaining/results/intended-drone-stage1-on-1472491096-i1/attempt_21997492_child870_723b703af3dc/result.json
intended-counters-stage2-off-923500475-i59,counters,stage2,off,7cbd966d31332e7dc3e3ed274c0955b1b219ffbf7af1d885cf465a1649a71892,0,923500475,59,923500533,hmrp-ha-ht-gbfs,hmrmax-astar,5,20,True,True,/home/hersco/training_new_domains/2026-10-01/intended_leaf_remaining/results/intended-counters-stage2-off-923500475-i59/attempt_21958349_child117_c87e42700b6e/result.json
intended-fo_counters-stage2-off-1972442430-i5,fo_counters,stage2,off,5777ec23eb6f70cc969d1f73740f205b009e7e1d5e9f5dfbb3e498f3bd82275c,15,1972442430,5,1972442434,hadd-gbfs,hmrmax-astar,20,70,True,True,/home/hersco/training_new_domains/2026-10-01/intended_leaf_remaining/results/intended-fo_counters-stage2-off-1972442430-i5/attempt_22001567_child1534_0b61edc702a0/result.json
intended-counters-stage2-off-1510771779-i53,counters,stage2,off,56925811a052de71d328a314eeb4aaa3234a62e61ed161bdb9f462be7f9e76b1,37,1510771779,53,1510771831,hmrp-ha-ht-gbfs,hmrmax-astar,5,20,True,True,/home/hersco/training_new_domains/2026-10-01/intended_leaf_remaining/results/intended-counters-stage2-off-1510771779-i53/attempt_21991442_child347_a5e4e79f35e4/result.json
intended-drone-stage1-off-1972442430-i15,drone,stage1,off,d4231bbb4257cc35153cf80bf35986f2e446c5f157d36130f76d7f23fc98bd5a,67,1972442430,15,1972442444,hmrp-gbfs,hadd-astar,20,70,True,True,/home/hersco/training_new_domains/2026-10-01/intended_leaf_remaining/results/intended-drone-stage1-off-1972442430-i15/attempt_21982993_child744_30d7619f462c/result.json
intended-counters-stage2-off-1510771779-i24,counters,stage2,off,56925811a052de71d328a314eeb4aaa3234a62e61ed161bdb9f462be7f9e76b1,37,1510771779,24,1510771802,hmrp-ha-ht-gbfs,hmrmax-astar,5,20,True,True,/home/hersco/training_new_domains/2026-10-01/intended_leaf_remaining/results/intended-counters-stage2-off-1510771779-i24/attempt_21990177_child318_7edefc04ef6e/result.json
intended-drone-stage1-off-1472491096-i13,drone,stage1,off,c1c2ec8215c07ebc33db4e919d404e3d7230878b06f4086b52e8a38f11493124,92,1472491096,13,1472491108,hmrp-gbfs,hadd-astar,20,70,True,True,/home/hersco/training_new_domains/2026-10-01/intended_leaf_remaining/results/intended-drone-stage1-off-1472491096-i13/attempt_21974018_child682_6f0425aebad9/result.json
intended-drone-stage1-off-1972442430-i5,drone,stage1,off,d4231bbb4257cc35153cf80bf35986f2e446c5f157d36130f76d7f23fc98bd5a,67,1972442430,5,1972442434,hmrp-gbfs,hadd-astar,20,70,True,True,/home/hersco/training_new_domains/2026-10-01/intended_leaf_remaining/results/intended-drone-stage1-off-1972442430-i5/attempt_21982890_child734_08368342012d/result.json
intended-counters-stage2-off-1963100312-i23,counters,stage2,off,2e116c01f2ad50ed26d116ce2f7ef14723783d7ca4406b6cb8d349a1ffa468ff,33,1963100312,23,1963100334,hmrp-ha-ht-gbfs,hmrmax-astar,5,20,True,True,/home/hersco/training_new_domains/2026-10-01/intended_leaf_remaining/results/intended-counters-stage2-off-1963100312-i23/attempt_21992652_child376_d453a2ab5c64/result.json
intended-counters-stage2-off-1963100312-i54,counters,stage2,off,2e116c01f2ad50ed26d116ce2f7ef14723783d7ca4406b6cb8d349a1ffa468ff,33,1963100312,54,1963100365,hmrp-ha-ht-gbfs,hmrmax-astar,5,20,True,True,/home/hersco/training_new_domains/2026-10-01/intended_leaf_remaining/results/intended-counters-stage2-off-1963100312-i54/attempt_22025195_child407_13f66ddad599/result.json
intended-drone-stage1-on-2011206605-i14,drone,stage1,on,7a0d4ae09e6084c98e49851f331af161432814fe23efa099a24a478835499d13,19,2011206605,14,2011206618,hmrp-gbfs,hadd-astar,20,70,True,True,/home/hersco/training_new_domains/2026-10-01/intended_leaf_remaining/results/intended-drone-stage1-on-2011206605-i14/attempt_22047674_child963_04d164443799/result.json
intended-counters-stage2-off-534933607-i21,counters,stage2,off,8d9471820f76ecc6f1d3a74241ad63c38ace8dde0a84f3996915d433701f1f83,8,534933607,21,534933627,hmrp-ha-ht-gbfs,hmrmax-astar,5,20,True,True,/home/hersco/training_new_domains/2026-10-01/intended_leaf_remaining/results/intended-counters-stage2-off-534933607-i21/attempt_21957717_child20_3c259a7d5212/result.json
intended-counters-stage2-off-1472491096-i39,counters,stage2,off,d15cb836902dcc19eb4c447373e6b2d9e3d707d507c5693b143d4ecdd46fbf01,5,1472491096,39,1472491134,hmrp-ha-ht-gbfs,hmrmax-astar,5,20,True,True,/home/hersco/training_new_domains/2026-10-01/intended_leaf_remaining/results/intended-counters-stage2-off-1472491096-i39/attempt_21982316_child274_c582cde84b18/result.json
intended-counters-stage2-off-534933607-i56,counters,stage2,off,8d9471820f76ecc6f1d3a74241ad63c38ace8dde0a84f3996915d433701f1f83,8,534933607,56,534933662,hmrp-ha-ht-gbfs,hmrmax-astar,5,20,True,True,/home/hersco/training_new_domains/2026-10-01/intended_leaf_remaining/results/intended-counters-stage2-off-534933607-i56/attempt_21957730_child55_2d0b7b7710b1/result.json
intended-drone-stage1-off-2082152039-i19,drone,stage1,off,6c233736346bfd8c342574662b0b1d3ebaf47b711be0f8244281a27de1ea8ab9,38,2082152039,19,2082152057,hmrp-gbfs,hadd-astar,20,70,True,True,/home/hersco/training_new_domains/2026-10-01/intended_leaf_remaining/results/intended-drone-stage1-off-2082152039-i19/attempt_21988777_child788_3ffadab8d942/result.json
intended-counters-stage2-off-1239739722-i14,counters,stage2,off,42423cffe66adec6b2852ad048f9781b486eedb21c85bf651f789dd752e430c5,5,1239739722,14,1239739735,hmrp-ha-ht-gbfs,hmrmax-astar,5,20,True,True,/home/hersco/training_new_domains/2026-10-01/intended_leaf_remaining/results/intended-counters-stage2-off-1239739722-i14/attempt_21969350_child190_ba67156c5eed/result.json
intended-fo_counters-stage2-off-1239739722-i14,fo_counters,stage2,off,e8f4d9c3fad7db91db8c407bb1ca6d7da04e1d4af5473491676e65d93d0e0cd4,70,1239739722,14,1239739735,hadd-gbfs,hmrmax-astar,20,70,True,True,/home/hersco/training_new_domains/2026-10-01/intended_leaf_remaining/results/intended-fo_counters-stage2-off-1239739722-i14/attempt_21983009_child1463_7979bfd6d09e/result.json
intended-drone-stage1-on-1239739722-i4,drone,stage1,on,48738b47fd14ae74b4c27d905bb84a5810aeeb124ea86f2ad2c397e11e4ddf94,23,1239739722,4,1239739725,hmrp-gbfs,hadd-astar,20,70,True,True,/home/hersco/training_new_domains/2026-10-01/intended_leaf_remaining/results/intended-drone-stage1-on-1239739722-i4/attempt_21991443_child853_681ff1f33d7b/result.json
intended-drone-stage1-on-1972442430-i11,drone,stage1,on,4f8634868e328f4a5a1019f91f6c80b082945db9ddd0fc537c3eec4f4febb3d7,21,1972442430,11,1972442440,hmrp-gbfs,hadd-astar,20,70,True,True,/home/hersco/training_new_domains/2026-10-01/intended_leaf_remaining/results/intended-drone-stage1-on-1972442430-i11/attempt_22001964_child940_db00c95a0f28/result.json
intended-counters-stage2-off-1073581256-i18,counters,stage2,off,29e56cb5dcd93d6c0e1c2f61460ee6a5b3fe06d2b73a2e0a362b58e389adb6e8,0,1073581256,18,1073581273,hmrp-ha-ht-gbfs,hmrmax-astar,5,20,True,True,/home/hersco/training_new_domains/2026-10-01/intended_leaf_remaining/results/intended-counters-stage2-off-1073581256-i18/attempt_21960429_child135_a5b3760ee460/result.json
intended-counters-stage2-off-1972442430-i1,counters,stage2,off,7402760195fdce0e856f247d9e36c30d33a33e1c48b9304a3bdf60fd3fc97b50,82,1972442430,1,1972442430,hmrp-ha-ht-gbfs,hmrmax-astar,5,20,True,True,/home/hersco/training_new_domains/2026-10-01/intended_leaf_remaining/results/intended-counters-stage2-off-1972442430-i1/attempt_22066582_child413_b42258de96f2/result.json
intended-drone-stage1-on-1472491096-i17,drone,stage1,on,06d9bfa280defcbbcb76bdbae4ef6e1afd6c74354377f66b8130ccb3006dc400,21,1472491096,17,1472491112,hmrp-gbfs,hadd-astar,20,70,True,True,/home/hersco/training_new_domains/2026-10-01/intended_leaf_remaining/results/intended-drone-stage1-on-1472491096-i17/attempt_21997550_child886_2062cf9a88ba/result.json
intended-drone-stage1-on-1073581256-i1,drone,stage1,on,1fdd75ab2f48fd428524b42bdb4e6bd553eb962d5ab34dd2efb45c40c7e2390e,118,1073581256,1,1073581256,hmrp-gbfs,hadd-astar,20,70,True,True,/home/hersco/training_new_domains/2026-10-01/intended_leaf_remaining/results/intended-drone-stage1-on-1073581256-i1/attempt_21990239_child830_bbfa5aad85f3/result.json
intended-drone-stage1-off-2011206605-i10,drone,stage1,off,bd243a04dfdd164e760f6c93c48a8d45cb6694ea67304c70bba70daec1fbab98,40,2011206605,10,2011206614,hmrp-gbfs,hadd-astar,20,70,True,True,/home/hersco/training_new_domains/2026-10-01/intended_leaf_remaining/results/intended-drone-stage1-off-2011206605-i10/attempt_21984042_child759_df4d5c05ce46/result.json
intended-drone-stage1-on-534933607-i6,drone,stage1,on,efa1b6a7b8bad82f1ee52e5ccc49043bda2eff2d3e0c4f028133996850caecb2,161,534933607,6,534933612,hmrp-gbfs,hadd-astar,20,70,True,True,/home/hersco/training_new_domains/2026-10-01/intended_leaf_remaining/results/intended-drone-stage1-on-534933607-i6/attempt_21988929_child795_00e79b9dc5ce/result.json
intended-drone-stage1-on-2082152039-i17,drone,stage1,on,0ff2da76b7040069403b73d7a38f628e483e7117b98f72cdc31ef52808c101a9,26,2082152039,17,2082152055,hmrp-gbfs,hadd-astar,20,70,True,True,/home/hersco/training_new_domains/2026-10-01/intended_leaf_remaining/results/intended-drone-stage1-on-2082152039-i17/attempt_22058389_child986_fb5c07240d46/result.json
intended-counters-stage2-off-1963100312-i1,counters,stage2,off,2e116c01f2ad50ed26d116ce2f7ef14723783d7ca4406b6cb8d349a1ffa468ff,33,1963100312,1,1963100312,hmrp-ha-ht-gbfs,hmrmax-astar,5,20,True,True,/home/hersco/training_new_domains/2026-10-01/intended_leaf_remaining/results/intended-counters-stage2-off-1963100312-i1/attempt_21992522_child354_22b5788b4222/result.json
intended-counters-stage2-off-2011206605-i30,counters,stage2,off,d665fd33557ec4bc1ef7ee21aea73260fde109f3b5f5b5876dcbc6302302976c,12,2011206605,30,2011206634,hmrp-ha-ht-gbfs,hmrmax-astar,5,20,True,True,/home/hersco/training_new_domains/2026-10-01/intended_leaf_remaining/results/intended-counters-stage2-off-2011206605-i30/attempt_22116281_child501_ebcbb1288978/result.json
intended-drone-stage1-off-923500475-i20,drone,stage1,off,9b6add4c4e8b104c3e8cad429bf203355ad01eb9d95d5080f788e92a5de88e95,1,923500475,20,923500494,hmrp-gbfs,hadd-astar,20,70,True,True,/home/hersco/training_new_domains/2026-10-01/intended_leaf_remaining/results/intended-drone-stage1-off-923500475-i20/attempt_21957648_child629_9e1b83bf3851/result.json
intended-drone-stage2-off-1073581256-i12,drone,stage2,off,e3337ff10b90120e76eb9da697b3725011a23f7a07f0557f1acbdb6dca2a36c4,14,1073581256,12,1073581267,hmrp-gbfs,hadd-astar,20,70,True,True,/home/hersco/training_new_domains/2026-10-01/intended_leaf_remaining/results/intended-drone-stage2-off-1073581256-i12/attempt_22084515_child1041_bbc1f1e1e405/result.json
intended-fo_counters-stage2-off-1073581256-i12,fo_counters,stage2,off,bf23351c34ee3fcce4bbaf23730a86ac757cb9002deccdefdbf1d91a085872ae,12,1073581256,12,1073581267,hadd-gbfs,hmrmax-astar,20,70,True,True,/home/hersco/training_new_domains/2026-10-01/intended_leaf_remaining/results/intended-fo_counters-stage2-off-1073581256-i12/attempt_21974023_child1441_039fd0e6f398/result.json
intended-counters-stage2-off-1073581256-i12,counters,stage2,off,29e56cb5dcd93d6c0e1c2f61460ee6a5b3fe06d2b73a2e0a362b58e389adb6e8,0,1073581256,12,1073581267,hmrp-ha-ht-gbfs,hmrmax-astar,5,20,True,True,/home/hersco/training_new_domains/2026-10-01/intended_leaf_remaining/results/intended-counters-stage2-off-1073581256-i12/attempt_21960429_child129_444cd69f94c6/result.json
intended-fo_counters-stage2-off-923500475-i20,fo_counters,stage2,off,a600921fa8f15820f0a4fbcf1c6e614bf3be9a18cd4ceb699d4731b250e92a14,9,923500475,20,923500494,hadd-gbfs,hmrmax-astar,20,70,True,True,/home/hersco/training_new_domains/2026-10-01/intended_leaf_remaining/results/intended-fo_counters-stage2-off-923500475-i20/attempt_21957716_child1429_f80670c82d44/result.json
intended-drone-stage2-off-1239739722-i5,drone,stage2,off,24725f6f7fe8d89640436cda0a9bedfbfd4c9e8971f68062781a14d857b9d86b,56,1239739722,5,1239739726,hmrp-gbfs,hadd-astar,20,70,True,True,/home/hersco/training_new_domains/2026-10-01/intended_leaf_remaining/results/intended-drone-stage2-off-1239739722-i5/attempt_22097829_child1054_4497e6065fa2/result.json
intended-counters-stage2-off-923500475-i16,counters,stage2,off,7cbd966d31332e7dc3e3ed274c0955b1b219ffbf7af1d885cf465a1649a71892,0,923500475,16,923500490,hmrp-ha-ht-gbfs,hmrmax-astar,5,20,True,True,/home/hersco/training_new_domains/2026-10-01/intended_leaf_remaining/results/intended-counters-stage2-off-923500475-i16/attempt_21957760_child74_f12da5ab3046/result.json
intended-counters-stage2-off-534933607-i19,counters,stage2,off,8d9471820f76ecc6f1d3a74241ad63c38ace8dde0a84f3996915d433701f1f83,8,534933607,19,534933625,hmrp-ha-ht-gbfs,hmrmax-astar,5,20,True,True,/home/hersco/training_new_domains/2026-10-01/intended_leaf_remaining/results/intended-counters-stage2-off-534933607-i19/attempt_21957675_child18_bc0ea617c03b/result.json
intended-drone-stage2-off-1963100312-i11,drone,stage2,off,66a14b87ef7cbd18005d1f2a85b4c2e3322cda932ecc1ea15d4dd0af4a97b735,10,1963100312,11,1963100322,hmrp-gbfs,hadd-astar,20,70,True,True,/home/hersco/training_new_domains/2026-10-01/intended_leaf_remaining/results/intended-drone-stage2-off-1963100312-i11/attempt_22119103_child1120_aebb8f02bc62/result.json
intended-counters-stage2-off-534933607-i13,counters,stage2,off,8d9471820f76ecc6f1d3a74241ad63c38ace8dde0a84f3996915d433701f1f83,8,534933607,13,534933619,hmrp-ha-ht-gbfs,hmrmax-astar,5,20,True,True,/home/hersco/training_new_domains/2026-10-01/intended_leaf_remaining/results/intended-counters-stage2-off-534933607-i13/attempt_21957675_child12_e00f8e8fff26/result.json
intended-counters-stage2-off-1963100312-i11,counters,stage2,off,2e116c01f2ad50ed26d116ce2f7ef14723783d7ca4406b6cb8d349a1ffa468ff,33,1963100312,11,1963100322,hmrp-ha-ht-gbfs,hmrmax-astar,5,20,True,True,/home/hersco/training_new_domains/2026-10-01/intended_leaf_remaining/results/intended-counters-stage2-off-1963100312-i11/attempt_21992576_child364_c2716d5c0338/result.json
intended-fo_counters-stage2-off-1963100312-i11,fo_counters,stage2,off,adae4aeb8dbb21f6ea28ce92b90df0bfb56bf4bf9aafb26479f1d2b7887ae80a,27,1963100312,11,1963100322,hadd-gbfs,hmrmax-astar,20,70,True,True,/home/hersco/training_new_domains/2026-10-01/intended_leaf_remaining/results/intended-fo_counters-stage2-off-1963100312-i11/attempt_22001566_child1520_2ec69245767b/result.json
intended-counters-stage2-off-1510771779-i16,counters,stage2,off,56925811a052de71d328a314eeb4aaa3234a62e61ed161bdb9f462be7f9e76b1,37,1510771779,16,1510771794,hmrp-ha-ht-gbfs,hmrmax-astar,5,20,True,True,/home/hersco/training_new_domains/2026-10-01/intended_leaf_remaining/results/intended-counters-stage2-off-1510771779-i16/attempt_21990173_child310_79f5dc09e7a0/result.json
intended-counters-stage2-off-1510771779-i6,counters,stage2,off,56925811a052de71d328a314eeb4aaa3234a62e61ed161bdb9f462be7f9e76b1,37,1510771779,6,1510771784,hmrp-ha-ht-gbfs,hmrmax-astar,5,20,True,True,/home/hersco/training_new_domains/2026-10-01/intended_leaf_remaining/results/intended-counters-stage2-off-1510771779-i6/attempt_21990159_child300_47b7b86e1c87/result.json
intended-fo_counters-stage2-on-923500475-i6,fo_counters,stage2,on,647c17ec69b9ccce286e5b7931c2700e90e0239c4ea8f7ec505cb7a43ca876c7,43,923500475,6,923500480,hadd-gbfs,hmrmax-astar,20,70,True,True,/home/hersco/training_new_domains/2026-10-01/intended_leaf_remaining/results/intended-fo_counters-stage2-on-923500475-i6/attempt_22021241_child1615_69482b066345/result.json
intended-drone-stage2-off-1239739722-i2,drone,stage2,off,24725f6f7fe8d89640436cda0a9bedfbfd4c9e8971f68062781a14d857b9d86b,56,1239739722,2,1239739723,hmrp-gbfs,hadd-astar,20,70,True,True,/home/hersco/training_new_domains/2026-10-01/intended_leaf_remaining/results/intended-drone-stage2-off-1239739722-i2/attempt_22097829_child1051_2f9559e3ad02/result.json
intended-counters-stage2-off-923500475-i11,counters,stage2,off,7cbd966d31332e7dc3e3ed274c0955b1b219ffbf7af1d885cf465a1649a71892,0,923500475,11,923500485,hmrp-ha-ht-gbfs,hmrmax-astar,5,20,True,True,/home/hersco/training_new_domains/2026-10-01/intended_leaf_remaining/results/intended-counters-stage2-off-923500475-i11/attempt_21957760_child69_4997433f34e4/result.json
intended-drone-stage2-off-1073581256-i7,drone,stage2,off,e3337ff10b90120e76eb9da697b3725011a23f7a07f0557f1acbdb6dca2a36c4,14,1073581256,7,1073581262,hmrp-gbfs,hadd-astar,20,70,True,True,/home/hersco/training_new_domains/2026-10-01/intended_leaf_remaining/results/intended-drone-stage2-off-1073581256-i7/attempt_22082936_child1036_a0e557d72807/result.json
intended-fo_counters-stage2-on-534933607-i12,fo_counters,stage2,on,7f248fc5bf1240d843b9d2a8fbfdff6ae7e3e7821a24ccb95f6894e9ea3586e3,21,534933607,12,534933618,hadd-gbfs,hmrmax-astar,20,70,True,True,/home/hersco/training_new_domains/2026-10-01/intended_leaf_remaining/results/intended-fo_counters-stage2-on-534933607-i12/attempt_22021240_child1601_eedbe2d021ff/result.json
intended-counters-stage2-off-534933607-i14,counters,stage2,off,8d9471820f76ecc6f1d3a74241ad63c38ace8dde0a84f3996915d433701f1f83,8,534933607,14,534933620,hmrp-ha-ht-gbfs,hmrmax-astar,5,20,True,True,/home/hersco/training_new_domains/2026-10-01/intended_leaf_remaining/results/intended-counters-stage2-off-534933607-i14/attempt_21957675_child13_315ef6674282/result.json
intended-counters-stage2-off-1963100312-i16,counters,stage2,off,2e116c01f2ad50ed26d116ce2f7ef14723783d7ca4406b6cb8d349a1ffa468ff,33,1963100312,16,1963100327,hmrp-ha-ht-gbfs,hmrmax-astar,5,20,True,True,/home/hersco/training_new_domains/2026-10-01/intended_leaf_remaining/results/intended-counters-stage2-off-1963100312-i16/attempt_21992576_child369_444c7889db20/result.json
intended-fo_counters-stage2-off-1510771779-i11,fo_counters,stage2,off,4a0fc39b5c8d696031a2c47ee3aa0e328cbd45c0da2897d446c08c0ae0f257f6,6,1510771779,11,1510771789,hadd-gbfs,hmrmax-astar,20,70,True,True,/home/hersco/training_new_domains/2026-10-01/intended_leaf_remaining/results/intended-fo_counters-stage2-off-1510771779-i11/attempt_22001564_child1500_fd67647b12f2/result.json
intended-drone-stage1-off-1972442430-i20,drone,stage1,off,d4231bbb4257cc35153cf80bf35986f2e446c5f157d36130f76d7f23fc98bd5a,67,1972442430,20,1972442449,hmrp-gbfs,hadd-astar,20,70,True,True,/home/hersco/training_new_domains/2026-10-01/intended_leaf_remaining/results/intended-drone-stage1-off-1972442430-i20/attempt_21982993_child749_66f0b035aa07/result.json
intended-counters-stage2-off-1510771779-i11,counters,stage2,off,56925811a052de71d328a314eeb4aaa3234a62e61ed161bdb9f462be7f9e76b1,37,1510771779,11,1510771789,hmrp-ha-ht-gbfs,hmrmax-astar,5,20,True,True,/home/hersco/training_new_domains/2026-10-01/intended_leaf_remaining/results/intended-counters-stage2-off-1510771779-i11/attempt_21990173_child305_9844edf62154/result.json
intended-counters-stage2-off-1510771779-i1,counters,stage2,off,56925811a052de71d328a314eeb4aaa3234a62e61ed161bdb9f462be7f9e76b1,37,1510771779,1,1510771779,hmrp-ha-ht-gbfs,hmrmax-astar,5,20,True,True,/home/hersco/training_new_domains/2026-10-01/intended_leaf_remaining/results/intended-counters-stage2-off-1510771779-i1/attempt_21990159_child295_57d329599e6b/result.json
intended-drone-stage2-off-1239739722-i8,drone,stage2,off,24725f6f7fe8d89640436cda0a9bedfbfd4c9e8971f68062781a14d857b9d86b,56,1239739722,8,1239739729,hmrp-gbfs,hadd-astar,20,70,True,True,/home/hersco/training_new_domains/2026-10-01/intended_leaf_remaining/results/intended-drone-stage2-off-1239739722-i8/attempt_22097829_child1057_d74a35ad900e/result.json
intended-drone-stage2-off-1510771779-i11,drone,stage2,off,492d8443f22a61c665a6602bad73f9ac9e972ef6bbb458faa7fc8b06632c3956,0,1510771779,11,1510771789,hmrp-gbfs,hadd-astar,20,70,True,True,/home/hersco/training_new_domains/2026-10-01/intended_leaf_remaining/results/intended-drone-stage2-off-1510771779-i11/attempt_22119101_child1100_f1e47a369521/result.json
intended-fo_counters-stage2-on-923500475-i1,fo_counters,stage2,on,647c17ec69b9ccce286e5b7931c2700e90e0239c4ea8f7ec505cb7a43ca876c7,43,923500475,1,923500475,hadd-gbfs,hmrmax-astar,20,70,True,True,/home/hersco/training_new_domains/2026-10-01/intended_leaf_remaining/results/intended-fo_counters-stage2-on-923500475-i1/attempt_22021241_child1610_aeb247d403cc/result.json
intended-drone-stage1-on-1239739722-i3,drone,stage1,on,48738b47fd14ae74b4c27d905bb84a5810aeeb124ea86f2ad2c397e11e4ddf94,23,1239739722,3,1239739724,hmrp-gbfs,hadd-astar,20,70,True,True,/home/hersco/training_new_domains/2026-10-01/intended_leaf_remaining/results/intended-drone-stage1-on-1239739722-i3/attempt_21991443_child852_6068f1fb40c4/result.json
intended-fo_counters-stage2-off-1239739722-i13,fo_counters,stage2,off,e8f4d9c3fad7db91db8c407bb1ca6d7da04e1d4af5473491676e65d93d0e0cd4,70,1239739722,13,1239739734,hadd-gbfs,hmrmax-astar,20,70,True,True,/home/hersco/training_new_domains/2026-10-01/intended_leaf_remaining/results/intended-fo_counters-stage2-off-1239739722-i13/attempt_21983009_child1462_17fa8d382699/result.json
intended-counters-stage2-off-1239739722-i13,counters,stage2,off,42423cffe66adec6b2852ad048f9781b486eedb21c85bf651f789dd752e430c5,5,1239739722,13,1239739734,hmrp-ha-ht-gbfs,hmrmax-astar,5,20,True,True,/home/hersco/training_new_domains/2026-10-01/intended_leaf_remaining/results/intended-counters-stage2-off-1239739722-i13/attempt_21969350_child189_c87ad1ae46b2/result.json
intended-drone-stage1-on-1472491096-i10,drone,stage1,on,06d9bfa280defcbbcb76bdbae4ef6e1afd6c74354377f66b8130ccb3006dc400,21,1472491096,10,1472491105,hmrp-gbfs,hadd-astar,20,70,True,True,/home/hersco/training_new_domains/2026-10-01/intended_leaf_remaining/results/intended-drone-stage1-on-1472491096-i10/attempt_21997492_child879_680cbe7f17d0/result.json
intended-counters-stage2-off-1972442430-i6,counters,stage2,off,7402760195fdce0e856f247d9e36c30d33a33e1c48b9304a3bdf60fd3fc97b50,82,1972442430,6,1972442435,hmrp-ha-ht-gbfs,hmrmax-astar,5,20,True,True,/home/hersco/training_new_domains/2026-10-01/intended_leaf_remaining/results/intended-counters-stage2-off-1972442430-i6/attempt_22066582_child418_87bef4bbd1e6/result.json
intended-drone-stage1-on-1972442430-i16,drone,stage1,on,4f8634868e328f4a5a1019f91f6c80b082945db9ddd0fc537c3eec4f4febb3d7,21,1972442430,16,1972442445,hmrp-gbfs,hadd-astar,20,70,True,True,/home/hersco/training_new_domains/2026-10-01/intended_leaf_remaining/results/intended-drone-stage1-on-1972442430-i16/attempt_22001964_child945_b508777dbedb/result.json
intended-drone-stage2-off-1239739722-i13,drone,stage2,off,24725f6f7fe8d89640436cda0a9bedfbfd4c9e8971f68062781a14d857b9d86b,56,1239739722,13,1239739734,hmrp-gbfs,hadd-astar,20,70,True,True,/home/hersco/training_new_domains/2026-10-01/intended_leaf_remaining/results/intended-drone-stage2-off-1239739722-i13/attempt_22098445_child1062_c26f64881948/result.json
intended-drone-stage1-on-534933607-i1,drone,stage1,on,efa1b6a7b8bad82f1ee52e5ccc49043bda2eff2d3e0c4f028133996850caecb2,161,534933607,1,534933607,hmrp-gbfs,hadd-astar,20,70,True,True,/home/hersco/training_new_domains/2026-10-01/intended_leaf_remaining/results/intended-drone-stage1-on-534933607-i1/attempt_21988929_child790_7bad4baf2572/result.json
intended-drone-stage1-off-2011206605-i17,drone,stage1,off,bd243a04dfdd164e760f6c93c48a8d45cb6694ea67304c70bba70daec1fbab98,40,2011206605,17,2011206621,hmrp-gbfs,hadd-astar,20,70,True,True,/home/hersco/training_new_domains/2026-10-01/intended_leaf_remaining/results/intended-drone-stage1-off-2011206605-i17/attempt_21984284_child766_7fe11bf5fefe/result.json
intended-drone-stage1-on-1073581256-i6,drone,stage1,on,1fdd75ab2f48fd428524b42bdb4e6bd553eb962d5ab34dd2efb45c40c7e2390e,118,1073581256,6,1073581261,hmrp-gbfs,hadd-astar,20,70,True,True,/home/hersco/training_new_domains/2026-10-01/intended_leaf_remaining/results/intended-drone-stage1-on-1073581256-i6/attempt_21990239_child835_e2013f06814c/result.json
intended-counters-stage2-off-1963100312-i6,counters,stage2,off,2e116c01f2ad50ed26d116ce2f7ef14723783d7ca4406b6cb8d349a1ffa468ff,33,1963100312,6,1963100317,hmrp-ha-ht-gbfs,hmrmax-astar,5,20,True,True,/home/hersco/training_new_domains/2026-10-01/intended_leaf_remaining/results/intended-counters-stage2-off-1963100312-i6/attempt_21992522_child359_d5cc4bdeaf4c/result.json
intended-drone-stage1-on-2082152039-i10,drone,stage1,on,0ff2da76b7040069403b73d7a38f628e483e7117b98f72cdc31ef52808c101a9,26,2082152039,10,2082152048,hmrp-gbfs,hadd-astar,20,70,True,True,/home/hersco/training_new_domains/2026-10-01/intended_leaf_remaining/results/intended-drone-stage1-on-2082152039-i10/attempt_22047868_child979_4d1f71e1fb2d/result.json
intended-drone-stage1-on-1239739722-i9,drone,stage1,on,48738b47fd14ae74b4c27d905bb84a5810aeeb124ea86f2ad2c397e11e4ddf94,23,1239739722,9,1239739730,hmrp-gbfs,hadd-astar,20,70,True,True,/home/hersco/training_new_domains/2026-10-01/intended_leaf_remaining/results/intended-drone-stage1-on-1239739722-i9/attempt_21991443_child858_3112d03dccf6/result.json
intended-counters-stage2-off-2011206605-i40,counters,stage2,off,d665fd33557ec4bc1ef7ee21aea73260fde109f3b5f5b5876dcbc6302302976c,12,2011206605,40,2011206644,hmrp-ha-ht-gbfs,hmrmax-astar,5,20,True,True,/home/hersco/training_new_domains/2026-10-01/intended_leaf_remaining/results/intended-counters-stage2-off-2011206605-i40/attempt_22119218_child511_73a1bcac664e/result.json
intended-counters-stage2-off-1239739722-i19,counters,stage2,off,42423cffe66adec6b2852ad048f9781b486eedb21c85bf651f789dd752e430c5,5,1239739722,19,1239739740,hmrp-ha-ht-gbfs,hmrmax-astar,5,20,True,True,/home/hersco/training_new_domains/2026-10-01/intended_leaf_remaining/results/intended-counters-stage2-off-1239739722-i19/attempt_21969350_child195_fcc4de720153/result.json
intended-counters-stage2-off-2011206605-i37,counters,stage2,off,d665fd33557ec4bc1ef7ee21aea73260fde109f3b5f5b5876dcbc6302302976c,12,2011206605,37,2011206641,hmrp-ha-ht-gbfs,hmrmax-astar,5,20,True,True,/home/hersco/training_new_domains/2026-10-01/intended_leaf_remaining/results/intended-counters-stage2-off-2011206605-i37/attempt_22119218_child508_028c87f32698/result.json
intended-counters-stage2-off-1073581256-i15,counters,stage2,off,29e56cb5dcd93d6c0e1c2f61460ee6a5b3fe06d2b73a2e0a362b58e389adb6e8,0,1073581256,15,1073581270,hmrp-ha-ht-gbfs,hmrmax-astar,5,20,True,True,/home/hersco/training_new_domains/2026-10-01/intended_leaf_remaining/results/intended-counters-stage2-off-1073581256-i15/attempt_21960429_child132_b8276842c9da/result.json
intended-fo_counters-stage2-off-1073581256-i15,fo_counters,stage2,off,bf23351c34ee3fcce4bbaf23730a86ac757cb9002deccdefdbf1d91a085872ae,12,1073581256,15,1073581270,hadd-gbfs,hmrmax-astar,20,70,True,True,/home/hersco/training_new_domains/2026-10-01/intended_leaf_remaining/results/intended-fo_counters-stage2-off-1073581256-i15/attempt_21974023_child1444_f31aa9e80d0c/result.json
intended-fo_counters-stage2-off-1963100312-i2,fo_counters,stage2,off,adae4aeb8dbb21f6ea28ce92b90df0bfb56bf4bf9aafb26479f1d2b7887ae80a,27,1963100312,2,1963100313,hadd-gbfs,hmrmax-astar,20,70,True,True,/home/hersco/training_new_domains/2026-10-01/intended_leaf_remaining/results/intended-fo_counters-stage2-off-1963100312-i2/attempt_22001565_child1511_1edfbba80ce9/result.json
intended-drone-stage1-off-1963100312-i2,drone,stage1,off,a26b80b42378b986dc13250b7e818c7f295749ee2d5491930dc1d2ad0fdb3f88,157,1963100312,2,1963100313,hmrp-gbfs,hadd-astar,20,70,True,True,/home/hersco/training_new_domains/2026-10-01/intended_leaf_remaining/results/intended-drone-stage1-off-1963100312-i2/attempt_21977349_child711_3ee77516ed14/result.json
intended-counters-stage2-off-1472491096-i43,counters,stage2,off,d15cb836902dcc19eb4c447373e6b2d9e3d707d507c5693b143d4ecdd46fbf01,5,1472491096,43,1472491138,hmrp-ha-ht-gbfs,hmrmax-astar,5,20,True,True,/home/hersco/training_new_domains/2026-10-01/intended_leaf_remaining/results/intended-counters-stage2-off-1472491096-i43/attempt_21986890_child278_9b2db575d2af/result.json
intended-drone-stage1-off-2082152039-i14,drone,stage1,off,6c233736346bfd8c342574662b0b1d3ebaf47b711be0f8244281a27de1ea8ab9,38,2082152039,14,2082152052,hmrp-gbfs,hadd-astar,20,70,True,True,/home/hersco/training_new_domains/2026-10-01/intended_leaf_remaining/results/intended-drone-stage1-off-2082152039-i14/attempt_21988777_child783_8be87a6f9239/result.json
intended-counters-stage2-off-1972442430-i32,counters,stage2,off,7402760195fdce0e856f247d9e36c30d33a33e1c48b9304a3bdf60fd3fc97b50,82,1972442430,32,1972442461,hmrp-ha-ht-gbfs,hmrmax-astar,5,20,True,True,/home/hersco/training_new_domains/2026-10-01/intended_leaf_remaining/results/intended-counters-stage2-off-1972442430-i32/attempt_22068992_child444_3d5816070d81/result.json
intended-counters-stage2-off-1472491096-i34,counters,stage2,off,d15cb836902dcc19eb4c447373e6b2d9e3d707d507c5693b143d4ecdd46fbf01,5,1472491096,34,1472491129,hmrp-ha-ht-gbfs,hmrmax-astar,5,20,True,True,/home/hersco/training_new_domains/2026-10-01/intended_leaf_remaining/results/intended-counters-stage2-off-1472491096-i34/attempt_21982316_child269_14e961333d21/result.json
intended-counters-stage2-off-923500475-i54,counters,stage2,off,7cbd966d31332e7dc3e3ed274c0955b1b219ffbf7af1d885cf465a1649a71892,0,923500475,54,923500528,hmrp-ha-ht-gbfs,hmrmax-astar,5,20,True,True,/home/hersco/training_new_domains/2026-10-01/intended_leaf_remaining/results/intended-counters-stage2-off-923500475-i54/attempt_21958349_child112_93a54225c90e/result.json
intended-counters-stage2-off-923500475-i23,counters,stage2,off,7cbd966d31332e7dc3e3ed274c0955b1b219ffbf7af1d885cf465a1649a71892,0,923500475,23,923500497,hmrp-ha-ht-gbfs,hmrmax-astar,5,20,True,True,/home/hersco/training_new_domains/2026-10-01/intended_leaf_remaining/results/intended-counters-stage2-off-923500475-i23/attempt_21957797_child81_4fe44751bcf7/result.json
intended-fo_counters-stage2-off-1972442430-i8,fo_counters,stage2,off,5777ec23eb6f70cc969d1f73740f205b009e7e1d5e9f5dfbb3e498f3bd82275c,15,1972442430,8,1972442437,hadd-gbfs,hmrmax-astar,20,70,True,True,/home/hersco/training_new_domains/2026-10-01/intended_leaf_remaining/results/intended-fo_counters-stage2-off-1972442430-i8/attempt_22001567_child1537_7e746391dff3/result.json
intended-drone-stage1-off-1972442430-i8,drone,stage1,off,d4231bbb4257cc35153cf80bf35986f2e446c5f157d36130f76d7f23fc98bd5a,67,1972442430,8,1972442437,hmrp-gbfs,hadd-astar,20,70,True,True,/home/hersco/training_new_domains/2026-10-01/intended_leaf_remaining/results/intended-drone-stage1-off-1972442430-i8/attempt_21982890_child737_0a8d6a72d6ed/result.json
intended-counters-stage2-off-1510771779-i29,counters,stage2,off,56925811a052de71d328a314eeb4aaa3234a62e61ed161bdb9f462be7f9e76b1,37,1510771779,29,1510771807,hmrp-ha-ht-gbfs,hmrmax-astar,5,20,True,True,/home/hersco/training_new_domains/2026-10-01/intended_leaf_remaining/results/intended-counters-stage2-off-1510771779-i29/attempt_21990177_child323_2e92232a9161/result.json
intended-drone-stage1-off-1972442430-i18,drone,stage1,off,d4231bbb4257cc35153cf80bf35986f2e446c5f157d36130f76d7f23fc98bd5a,67,1972442430,18,1972442447,hmrp-gbfs,hadd-astar,20,70,True,True,/home/hersco/training_new_domains/2026-10-01/intended_leaf_remaining/results/intended-drone-stage1-off-1972442430-i18/attempt_21982993_child747_3d498ccc9193/result.json
intended-counters-stage2-off-923500475-i29,counters,stage2,off,7cbd966d31332e7dc3e3ed274c0955b1b219ffbf7af1d885cf465a1649a71892,0,923500475,29,923500503,hmrp-ha-ht-gbfs,hmrmax-astar,5,20,True,True,/home/hersco/training_new_domains/2026-10-01/intended_leaf_remaining/results/intended-counters-stage2-off-923500475-i29/attempt_21957797_child87_8c5c846e5ae3/result.json
intended-fo_counters-stage2-off-1972442430-i2,fo_counters,stage2,off,5777ec23eb6f70cc969d1f73740f205b009e7e1d5e9f5dfbb3e498f3bd82275c,15,1972442430,2,1972442431,hadd-gbfs,hmrmax-astar,20,70,True,True,/home/hersco/training_new_domains/2026-10-01/intended_leaf_remaining/results/intended-fo_counters-stage2-off-1972442430-i2/attempt_22001567_child1531_dd3b85af4d61/result.json
intended-drone-stage1-on-1472491096-i6,drone,stage1,on,06d9bfa280defcbbcb76bdbae4ef6e1afd6c74354377f66b8130ccb3006dc400,21,1472491096,6,1472491101,hmrp-gbfs,hadd-astar,20,70,True,True,/home/hersco/training_new_domains/2026-10-01/intended_leaf_remaining/results/intended-drone-stage1-on-1472491096-i6/attempt_21997492_child875_efb817615072/result.json
intended-drone-stage1-off-1972442430-i2,drone,stage1,off,d4231bbb4257cc35153cf80bf35986f2e446c5f157d36130f76d7f23fc98bd5a,67,1972442430,2,1972442431,hmrp-gbfs,hadd-astar,20,70,True,True,/home/hersco/training_new_domains/2026-10-01/intended_leaf_remaining/results/intended-drone-stage1-off-1972442430-i2/attempt_21982890_child731_ee3c2f955676/result.json
intended-drone-stage1-off-1472491096-i14,drone,stage1,off,c1c2ec8215c07ebc33db4e919d404e3d7230878b06f4086b52e8a38f11493124,92,1472491096,14,1472491109,hmrp-gbfs,hadd-astar,20,70,True,True,/home/hersco/training_new_domains/2026-10-01/intended_leaf_remaining/results/intended-drone-stage1-off-1472491096-i14/attempt_21974018_child683_cb7c27394d90/result.json
intended-counters-stage2-off-1510771779-i23,counters,stage2,off,56925811a052de71d328a314eeb4aaa3234a62e61ed161bdb9f462be7f9e76b1,37,1510771779,23,1510771801,hmrp-ha-ht-gbfs,hmrmax-astar,5,20,True,True,/home/hersco/training_new_domains/2026-10-01/intended_leaf_remaining/results/intended-counters-stage2-off-1510771779-i23/attempt_21990177_child317_7452525a6103/result.json
intended-drone-stage1-off-1972442430-i12,drone,stage1,off,d4231bbb4257cc35153cf80bf35986f2e446c5f157d36130f76d7f23fc98bd5a,67,1972442430,12,1972442441,hmrp-gbfs,hadd-astar,20,70,True,True,/home/hersco/training_new_domains/2026-10-01/intended_leaf_remaining/results/intended-drone-stage1-off-1972442430-i12/attempt_21982993_child741_8444d60e1776/result.json
intended-drone-stage1-on-2011206605-i13,drone,stage1,on,7a0d4ae09e6084c98e49851f331af161432814fe23efa099a24a478835499d13,19,2011206605,13,2011206617,hmrp-gbfs,hadd-astar,20,70,True,True,/home/hersco/training_new_domains/2026-10-01/intended_leaf_remaining/results/intended-drone-stage1-on-2011206605-i13/attempt_22047674_child962_344b99be9989/result.json
intended-counters-stage2-off-1963100312-i53,counters,stage2,off,2e116c01f2ad50ed26d116ce2f7ef14723783d7ca4406b6cb8d349a1ffa468ff,33,1963100312,53,1963100364,hmrp-ha-ht-gbfs,hmrmax-astar,5,20,True,True,/home/hersco/training_new_domains/2026-10-01/intended_leaf_remaining/results/intended-counters-stage2-off-1963100312-i53/attempt_22025195_child406_022cbd4ce84d/result.json
intended-counters-stage2-off-1963100312-i24,counters,stage2,off,2e116c01f2ad50ed26d116ce2f7ef14723783d7ca4406b6cb8d349a1ffa468ff,33,1963100312,24,1963100335,hmrp-ha-ht-gbfs,hmrmax-astar,5,20,True,True,/home/hersco/training_new_domains/2026-10-01/intended_leaf_remaining/results/intended-counters-stage2-off-1963100312-i24/attempt_21992652_child377_2bb76d8278ef/result.json
intended-drone-stage1-off-1963100312-i8,drone,stage1,off,a26b80b42378b986dc13250b7e818c7f295749ee2d5491930dc1d2ad0fdb3f88,157,1963100312,8,1963100319,hmrp-gbfs,hadd-astar,20,70,True,True,/home/hersco/training_new_domains/2026-10-01/intended_leaf_remaining/results/intended-drone-stage1-off-1963100312-i8/attempt_21977349_child717_4573d6ca96c8/result.json
intended-counters-stage2-off-534933607-i51,counters,stage2,off,8d9471820f76ecc6f1d3a74241ad63c38ace8dde0a84f3996915d433701f1f83,8,534933607,51,534933657,hmrp-ha-ht-gbfs,hmrmax-astar,5,20,True,True,/home/hersco/training_new_domains/2026-10-01/intended_leaf_remaining/results/intended-counters-stage2-off-534933607-i51/attempt_21957730_child50_01483080e5b9/result.json
intended-counters-stage2-off-1972442430-i38,counters,stage2,off,7402760195fdce0e856f247d9e36c30d33a33e1c48b9304a3bdf60fd3fc97b50,82,1972442430,38,1972442467,hmrp-ha-ht-gbfs,hmrmax-astar,5,20,True,True,/home/hersco/training_new_domains/2026-10-01/intended_leaf_remaining/results/intended-counters-stage2-off-1972442430-i38/attempt_22068992_child450_a1fa9156eca7/result.json
intended-counters-stage2-off-1472491096-i49,counters,stage2,off,d15cb836902dcc19eb4c447373e6b2d9e3d707d507c5693b143d4ecdd46fbf01,5,1472491096,49,1472491144,hmrp-ha-ht-gbfs,hmrmax-astar,5,20,True,True,/home/hersco/training_new_domains/2026-10-01/intended_leaf_remaining/results/intended-counters-stage2-off-1472491096-i49/attempt_21986890_child284_9732404ebd87/result.json
intended-counters-stage2-off-534933607-i26,counters,stage2,off,8d9471820f76ecc6f1d3a74241ad63c38ace8dde0a84f3996915d433701f1f83,8,534933607,26,534933632,hmrp-ha-ht-gbfs,hmrmax-astar,5,20,True,True,/home/hersco/training_new_domains/2026-10-01/intended_leaf_remaining/results/intended-counters-stage2-off-534933607-i26/attempt_21957717_child25_a96f05ceb9b3/result.json
intended-drone-stage1-off-534933607-i10,drone,stage1,off,c9434b115516e234fff8a4a5f9c2200d6959615749c8706f597464e72b43bee3,69,534933607,10,534933616,hmrp-gbfs,hadd-astar,20,70,True,True,/home/hersco/training_new_domains/2026-10-01/intended_leaf_remaining/results/intended-drone-stage1-off-534933607-i10/attempt_21957570_child599_25b05a81d3d5/result.json
intended-fo_counters-stage2-off-534933607-i10,fo_counters,stage2,off,de77046fa62754c0714421bb0b299fa030fb0a99309114e71553e134fba8efea,17,534933607,10,534933616,hadd-gbfs,hmrmax-astar,20,70,True,True,/home/hersco/training_new_domains/2026-10-01/intended_leaf_remaining/results/intended-fo_counters-stage2-off-534933607-i10/attempt_21957703_child1399_e45eb0db1c6b/result.json
intended-drone-stage1-off-1510771779-i5,drone,stage1,off,26918994bc769827ef04262944a7dc4ed6f2b73baf9424a613fe8df29b4d52e4,16,1510771779,5,1510771783,hmrp-gbfs,hadd-astar,20,70,True,True,/home/hersco/training_new_domains/2026-10-01/intended_leaf_remaining/results/intended-drone-stage1-off-1510771779-i5/attempt_21976887_child694_8215e456b3c7/result.json
intended-counters-stage2-off-1239739722-i56,counters,stage2,off,42423cffe66adec6b2852ad048f9781b486eedb21c85bf651f789dd752e430c5,5,1239739722,56,1239739777,hmrp-ha-ht-gbfs,hmrmax-astar,5,20,True,True,/home/hersco/training_new_domains/2026-10-01/intended_leaf_remaining/results/intended-counters-stage2-off-1239739722-i56/attempt_21970367_child232_1fc0237acffd/result.json
intended-counters-stage2-off-1239739722-i21,counters,stage2,off,42423cffe66adec6b2852ad048f9781b486eedb21c85bf651f789dd752e430c5,5,1239739722,21,1239739742,hmrp-ha-ht-gbfs,hmrmax-astar,5,20,True,True,/home/hersco/training_new_domains/2026-10-01/intended_leaf_remaining/results/intended-counters-stage2-off-1239739722-i21/attempt_21969443_child197_057d6f2c8131/result.json
intended-fo_counters-stage2-off-1510771779-i5,fo_counters,stage2,off,4a0fc39b5c8d696031a2c47ee3aa0e328cbd45c0da2897d446c08c0ae0f257f6,6,1510771779,5,1510771783,hadd-gbfs,hmrmax-astar,20,70,True,True,/home/hersco/training_new_domains/2026-10-01/intended_leaf_remaining/results/intended-fo_counters-stage2-off-1510771779-i5/attempt_21994334_child1494_1ed3a45a52b6/result.json
intended-counters-stage2-off-1073581256-i27,counters,stage2,off,29e56cb5dcd93d6c0e1c2f61460ee6a5b3fe06d2b73a2e0a362b58e389adb6e8,0,1073581256,27,1073581282,hmrp-ha-ht-gbfs,hmrmax-astar,5,20,True,True,/home/hersco/training_new_domains/2026-10-01/intended_leaf_remaining/results/intended-counters-stage2-off-1073581256-i27/attempt_21964233_child144_3ebf73a18dd0/result.json
intended-drone-stage2-off-1472491096-i7,drone,stage2,off,0b6483e03d00fe1d395fa287c780468527111843b8e698bfda584a551b674083,14,1472491096,7,1472491102,hmrp-gbfs,hadd-astar,20,70,True,True,/home/hersco/training_new_domains/2026-10-01/intended_leaf_remaining/results/intended-drone-stage2-off-1472491096-i7/attempt_22119098_child1076_c25baf94e939/result.json
intended-fo_counters-stage2-off-923500475-i15,fo_counters,stage2,off,a600921fa8f15820f0a4fbcf1c6e614bf3be9a18cd4ceb699d4731b250e92a14,9,923500475,15,923500489,hadd-gbfs,hmrmax-astar,20,70,True,True,/home/hersco/training_new_domains/2026-10-01/intended_leaf_remaining/results/intended-fo_counters-stage2-off-923500475-i15/attempt_21957716_child1424_3803a0b51185/result.json
intended-counters-stage2-off-1073581256-i50,counters,stage2,off,29e56cb5dcd93d6c0e1c2f61460ee6a5b3fe06d2b73a2e0a362b58e389adb6e8,0,1073581256,50,1073581305,hmrp-ha-ht-gbfs,hmrmax-astar,5,20,True,True,/home/hersco/training_new_domains/2026-10-01/intended_leaf_remaining/results/intended-counters-stage2-off-1073581256-i50/attempt_21967823_child167_0d42c8fc0a63/result.json
intended-drone-stage1-on-2011206605-i1,drone,stage1,on,7a0d4ae09e6084c98e49851f331af161432814fe23efa099a24a478835499d13,19,2011206605,1,2011206605,hmrp-gbfs,hadd-astar,20,70,True,True,/home/hersco/training_new_domains/2026-10-01/intended_leaf_remaining/results/intended-drone-stage1-on-2011206605-i1/attempt_22032947_child950_6f94f38bd5a6/result.json
intended-drone-stage1-off-923500475-i15,drone,stage1,off,9b6add4c4e8b104c3e8cad429bf203355ad01eb9d95d5080f788e92a5de88e95,1,923500475,15,923500489,hmrp-gbfs,hadd-astar,20,70,True,True,/home/hersco/training_new_domains/2026-10-01/intended_leaf_remaining/results/intended-drone-stage1-off-923500475-i15/attempt_21957648_child624_37d53fd5954f/result.json
intended-drone-stage1-off-534933607-i7,drone,stage1,off,c9434b115516e234fff8a4a5f9c2200d6959615749c8706f597464e72b43bee3,69,534933607,7,534933613,hmrp-gbfs,hadd-astar,20,70,True,True,/home/hersco/training_new_domains/2026-10-01/intended_leaf_remaining/results/intended-drone-stage1-off-534933607-i7/attempt_21957570_child596_94bb04f9ffe2/result.json
intended-drone-stage1-off-2082152039-i4,drone,stage1,off,6c233736346bfd8c342574662b0b1d3ebaf47b711be0f8244281a27de1ea8ab9,38,2082152039,4,2082152042,hmrp-gbfs,hadd-astar,20,70,True,True,/home/hersco/training_new_domains/2026-10-01/intended_leaf_remaining/results/intended-drone-stage1-off-2082152039-i4/attempt_21988558_child773_2dba4b5ff426/result.json
intended-fo_counters-stage2-off-923500475-i5,fo_counters,stage2,off,a600921fa8f15820f0a4fbcf1c6e614bf3be9a18cd4ceb699d4731b250e92a14,9,923500475,5,923500479,hadd-gbfs,hmrmax-astar,20,70,True,True,/home/hersco/training_new_domains/2026-10-01/intended_leaf_remaining/results/intended-fo_counters-stage2-off-923500475-i5/attempt_21957710_child1414_0409b52a7a5d/result.json
intended-fo_counters-stage2-off-2082152039-i4,fo_counters,stage2,off,ccf2d2bd019ea198331b200029e2656e64c53abad6a5638f0e72766f3247fd72,17,2082152039,4,2082152042,hadd-gbfs,hmrmax-astar,20,70,True,True,/home/hersco/training_new_domains/2026-10-01/intended_leaf_remaining/results/intended-fo_counters-stage2-off-2082152039-i4/attempt_22001571_child1573_b7cffb9893f7/result.json
intended-counters-stage2-off-1073581256-i6,counters,stage2,off,29e56cb5dcd93d6c0e1c2f61460ee6a5b3fe06d2b73a2e0a362b58e389adb6e8,0,1073581256,6,1073581261,hmrp-ha-ht-gbfs,hmrmax-astar,5,20,True,True,/home/hersco/training_new_domains/2026-10-01/intended_leaf_remaining/results/intended-counters-stage2-off-1073581256-i6/attempt_21960272_child123_a3f710dc1310/result.json
intended-counters-stage2-off-1239739722-i3,counters,stage2,off,42423cffe66adec6b2852ad048f9781b486eedb21c85bf651f789dd752e430c5,5,1239739722,3,1239739724,hmrp-ha-ht-gbfs,hmrmax-astar,5,20,True,True,/home/hersco/training_new_domains/2026-10-01/intended_leaf_remaining/results/intended-counters-stage2-off-1239739722-i3/attempt_21969347_child179_9557505f56be/result.json
intended-counters-stage2-off-1972442430-i19,counters,stage2,off,7402760195fdce0e856f247d9e36c30d33a33e1c48b9304a3bdf60fd3fc97b50,82,1972442430,19,1972442448,hmrp-ha-ht-gbfs,hmrmax-astar,5,20,True,True,/home/hersco/training_new_domains/2026-10-01/intended_leaf_remaining/results/intended-counters-stage2-off-1972442430-i19/attempt_22067238_child431_9e682ae7b809/result.json
intended-drone-stage1-on-1073581256-i10,drone,stage1,on,1fdd75ab2f48fd428524b42bdb4e6bd553eb962d5ab34dd2efb45c40c7e2390e,118,1073581256,10,1073581265,hmrp-gbfs,hadd-astar,20,70,True,True,/home/hersco/training_new_domains/2026-10-01/intended_leaf_remaining/results/intended-drone-stage1-on-1073581256-i10/attempt_21990239_child839_0871773fb7e6/result.json
intended-drone-stage1-off-1472491096-i2,drone,stage1,off,c1c2ec8215c07ebc33db4e919d404e3d7230878b06f4086b52e8a38f11493124,92,1472491096,2,1472491097,hmrp-gbfs,hadd-astar,20,70,True,True,/home/hersco/training_new_domains/2026-10-01/intended_leaf_remaining/results/intended-drone-stage1-off-1472491096-i2/attempt_21973467_child671_5034bbb6c7d6/result.json
intended-drone-stage1-on-1972442430-i6,drone,stage1,on,4f8634868e328f4a5a1019f91f6c80b082945db9ddd0fc537c3eec4f4febb3d7,21,1972442430,6,1972442435,hmrp-gbfs,hadd-astar,20,70,True,True,/home/hersco/training_new_domains/2026-10-01/intended_leaf_remaining/results/intended-drone-stage1-on-1972442430-i6/attempt_22001563_child935_7d99157081fa/result.json
intended-fo_counters-stage2-off-1472491096-i2,fo_counters,stage2,off,20ea2c4bad9242582002571faf9fe8ab9e44df8a749a50afb530c9eff82f5b8d,52,1472491096,2,1472491097,hadd-gbfs,hmrmax-astar,20,70,True,True,/home/hersco/training_new_domains/2026-10-01/intended_leaf_remaining/results/intended-fo_counters-stage2-off-1472491096-i2/attempt_21984074_child1471_e4a52847b331/result.json
intended-drone-stage2-off-923500475-i10,drone,stage2,off,67af5f170868d7c9f29dd100cdc52b244d9e79eeb13b66358fcfe3cd5c1c695f,16,923500475,10,923500484,hmrp-gbfs,hadd-astar,20,70,True,True,/home/hersco/training_new_domains/2026-10-01/intended_leaf_remaining/results/intended-drone-stage2-off-923500475-i10/attempt_22076202_child1019_92d6c3970172/result.json
intended-drone-stage1-on-923500475-i5,drone,stage1,on,cfd7f812cf180c9fcab576710bda31980c44786973115f6036b19aad76d5758e,103,923500475,5,923500479,hmrp-gbfs,hadd-astar,20,70,True,True,/home/hersco/training_new_domains/2026-10-01/intended_leaf_remaining/results/intended-drone-stage1-on-923500475-i5/attempt_21990057_child814_1e4b5f95df8a/result.json
intended-counters-stage2-off-1472491096-i15,counters,stage2,off,d15cb836902dcc19eb4c447373e6b2d9e3d707d507c5693b143d4ecdd46fbf01,5,1472491096,15,1472491110,hmrp-ha-ht-gbfs,hmrmax-astar,5,20,True,True,/home/hersco/training_new_domains/2026-10-01/intended_leaf_remaining/results/intended-counters-stage2-off-1472491096-i15/attempt_21974936_child250_9f04642fe8ee/result.json
intended-counters-stage2-off-1972442430-i13,counters,stage2,off,7402760195fdce0e856f247d9e36c30d33a33e1c48b9304a3bdf60fd3fc97b50,82,1972442430,13,1972442442,hmrp-ha-ht-gbfs,hmrmax-astar,5,20,True,True,/home/hersco/training_new_domains/2026-10-01/intended_leaf_remaining/results/intended-counters-stage2-off-1972442430-i13/attempt_22067238_child425_aca46abd5009/result.json
intended-counters-stage2-off-1239739722-i9,counters,stage2,off,42423cffe66adec6b2852ad048f9781b486eedb21c85bf651f789dd752e430c5,5,1239739722,9,1239739730,hmrp-ha-ht-gbfs,hmrmax-astar,5,20,True,True,/home/hersco/training_new_domains/2026-10-01/intended_leaf_remaining/results/intended-counters-stage2-off-1239739722-i9/attempt_21969347_child185_bbe08435bd8e/result.json
intended-drone-stage1-off-1472491096-i8,drone,stage1,off,c1c2ec8215c07ebc33db4e919d404e3d7230878b06f4086b52e8a38f11493124,92,1472491096,8,1472491103,hmrp-gbfs,hadd-astar,20,70,True,True,/home/hersco/training_new_domains/2026-10-01/intended_leaf_remaining/results/intended-drone-stage1-off-1472491096-i8/attempt_21973467_child677_f710eec5c97d/result.json
intended-fo_counters-stage2-off-1472491096-i15,fo_counters,stage2,off,20ea2c4bad9242582002571faf9fe8ab9e44df8a749a50afb530c9eff82f5b8d,52,1472491096,15,1472491110,hadd-gbfs,hmrmax-astar,20,70,True,True,/home/hersco/training_new_domains/2026-10-01/intended_leaf_remaining/results/intended-fo_counters-stage2-off-1472491096-i15/attempt_21986707_child1484_efe19c5c54cf/result.json
intended-drone-stage2-off-1972442430-i13,drone,stage2,off,706e10a11f5ea5221afd45d0181cc771f4bc96a5ef22ac402bae970dbf4683d7,92,1972442430,13,1972442442,hmrp-gbfs,hadd-astar,20,70,True,True,/home/hersco/training_new_domains/2026-10-01/intended_leaf_remaining/results/intended-drone-stage2-off-1972442430-i13/attempt_22123552_child1142_407057283565/result.json
intended-drone-stage1-on-1239739722-i16,drone,stage1,on,48738b47fd14ae74b4c27d905bb84a5810aeeb124ea86f2ad2c397e11e4ddf94,23,1239739722,16,1239739737,hmrp-gbfs,hadd-astar,20,70,True,True,/home/hersco/training_new_domains/2026-10-01/intended_leaf_remaining/results/intended-drone-stage1-on-1239739722-i16/attempt_21992064_child865_b47c8cfc0fdf/result.json
intended-fo_counters-stage2-on-1239739722-i5,fo_counters,stage2,on,b1f15df4365a80d9ff22422a14e4a2ce1b43dcf7700ddeae7feeffad0d851050,8,1239739722,5,1239739726,hadd-gbfs,hmrmax-astar,20,70,True,True,/home/hersco/training_new_domains/2026-10-01/intended_leaf_remaining/results/intended-fo_counters-stage2-on-1239739722-i5/attempt_22111656_child1654_42f69dad9387/result.json
intended-fo_counters-stage2-off-1472491096-i8,fo_counters,stage2,off,20ea2c4bad9242582002571faf9fe8ab9e44df8a749a50afb530c9eff82f5b8d,52,1472491096,8,1472491103,hadd-gbfs,hmrmax-astar,20,70,True,True,/home/hersco/training_new_domains/2026-10-01/intended_leaf_remaining/results/intended-fo_counters-stage2-off-1472491096-i8/attempt_21984074_child1477_2439916f8b4a/result.json
intended-drone-stage2-off-534933607-i15,drone,stage2,off,374884068aa2f599389f37f756631fcf8d92b41decf37a55bd3f387076dd9b34,63,534933607,15,534933621,hmrp-gbfs,hadd-astar,20,70,True,True,/home/hersco/training_new_domains/2026-10-01/intended_leaf_remaining/results/intended-drone-stage2-off-534933607-i15/attempt_22063342_child1004_03099f6d912a/result.json
intended-drone-stage1-on-1963100312-i6,drone,stage1,on,a9861f654d1da7a1e82387b05a980d88adeac0e811e1ceb5f1a9b16dbe444603,1,1963100312,6,1963100317,hmrp-gbfs,hadd-astar,20,70,True,True,/home/hersco/training_new_domains/2026-10-01/intended_leaf_remaining/results/intended-drone-stage1-on-1963100312-i6/attempt_22001561_child915_8a2db00b0bf1/result.json
intended-counters-stage2-off-2011206605-i24,counters,stage2,off,d665fd33557ec4bc1ef7ee21aea73260fde109f3b5f5b5876dcbc6302302976c,12,2011206605,24,2011206628,hmrp-ha-ht-gbfs,hmrmax-astar,5,20,True,True,/home/hersco/training_new_domains/2026-10-01/intended_leaf_remaining/results/intended-counters-stage2-off-2011206605-i24/attempt_22116281_child495_8b7ea6fcf184/result.json
intended-drone-stage1-on-1963100312-i13,drone,stage1,on,a9861f654d1da7a1e82387b05a980d88adeac0e811e1ceb5f1a9b16dbe444603,1,1963100312,13,1963100324,hmrp-gbfs,hadd-astar,20,70,True,True,/home/hersco/training_new_domains/2026-10-01/intended_leaf_remaining/results/intended-drone-stage1-on-1963100312-i13/attempt_22001562_child922_e9d06fb6b8eb/result.json
intended-fo_counters-stage2-on-534933607-i5,fo_counters,stage2,on,7f248fc5bf1240d843b9d2a8fbfdff6ae7e3e7821a24ccb95f6894e9ea3586e3,21,534933607,5,534933611,hadd-gbfs,hmrmax-astar,20,70,True,True,/home/hersco/training_new_domains/2026-10-01/intended_leaf_remaining/results/intended-fo_counters-stage2-on-534933607-i5/attempt_22001573_child1594_0fd8c746df07/result.json
intended-drone-stage1-off-1239739722-i20,drone,stage1,off,db5b59fb3044ba4b098b792e8ed249dab6c12d8ab15a616b483935af7fc72f97,51,1239739722,20,1239739741,hmrp-gbfs,hadd-astar,20,70,True,True,/home/hersco/training_new_domains/2026-10-01/intended_leaf_remaining/results/intended-drone-stage1-off-1239739722-i20/attempt_21973293_child669_15fb779badd0/result.json
intended-drone-stage1-off-2011206605-i5,drone,stage1,off,bd243a04dfdd164e760f6c93c48a8d45cb6694ea67304c70bba70daec1fbab98,40,2011206605,5,2011206609,hmrp-gbfs,hadd-astar,20,70,True,True,/home/hersco/training_new_domains/2026-10-01/intended_leaf_remaining/results/intended-drone-stage1-off-2011206605-i5/attempt_21984042_child754_fa7c06c47e2c/result.json
intended-drone-stage1-on-923500475-i11,drone,stage1,on,cfd7f812cf180c9fcab576710bda31980c44786973115f6036b19aad76d5758e,103,923500475,11,923500485,hmrp-gbfs,hadd-astar,20,70,True,True,/home/hersco/training_new_domains/2026-10-01/intended_leaf_remaining/results/intended-drone-stage1-on-923500475-i11/attempt_21990186_child820_aba005fed394/result.json
intended-drone-stage2-off-1972442430-i7,drone,stage2,off,706e10a11f5ea5221afd45d0181cc771f4bc96a5ef22ac402bae970dbf4683d7,92,1972442430,7,1972442436,hmrp-gbfs,hadd-astar,20,70,True,True,/home/hersco/training_new_domains/2026-10-01/intended_leaf_remaining/results/intended-drone-stage2-off-1972442430-i7/attempt_22119422_child1136_002f50354ccf/result.json
intended-drone-stage1-on-1510771779-i14,drone,stage1,on,63048c2d248b5fd3bb55fe6a43060b9ba48538ef483d8b716049b54a72a0b442,14,1510771779,14,1510771792,hmrp-gbfs,hadd-astar,20,70,True,True,/home/hersco/training_new_domains/2026-10-01/intended_leaf_remaining/results/intended-drone-stage1-on-1510771779-i14/attempt_22001560_child903_dda897196a7b/result.json
intended-fo_counters-stage2-off-2011206605-i5,fo_counters,stage2,off,d63a23f369280ba428d1698f08ce10f3652504fa73fbaab09e6b397fd50fbe93,14,2011206605,5,2011206609,hadd-gbfs,hmrmax-astar,20,70,True,True,/home/hersco/training_new_domains/2026-10-01/intended_leaf_remaining/results/intended-fo_counters-stage2-off-2011206605-i5/attempt_22001569_child1554_8b3a26d3e369/result.json
intended-drone-stage1-on-1510771779-i1,drone,stage1,on,63048c2d248b5fd3bb55fe6a43060b9ba48538ef483d8b716049b54a72a0b442,14,1510771779,1,1510771779,hmrp-gbfs,hadd-astar,20,70,True,True,/home/hersco/training_new_domains/2026-10-01/intended_leaf_remaining/results/intended-drone-stage1-on-1510771779-i1/attempt_21997632_child890_65eef1810f2b/result.json
intended-drone-stage1-on-534933607-i14,drone,stage1,on,efa1b6a7b8bad82f1ee52e5ccc49043bda2eff2d3e0c4f028133996850caecb2,161,534933607,14,534933620,hmrp-gbfs,hadd-astar,20,70,True,True,/home/hersco/training_new_domains/2026-10-01/intended_leaf_remaining/results/intended-drone-stage1-on-534933607-i14/attempt_21989978_child803_b7b9513efc13/result.json
intended-drone-stage1-on-1963100312-i19,drone,stage1,on,a9861f654d1da7a1e82387b05a980d88adeac0e811e1ceb5f1a9b16dbe444603,1,1963100312,19,1963100330,hmrp-gbfs,hadd-astar,20,70,True,True,/home/hersco/training_new_domains/2026-10-01/intended_leaf_remaining/results/intended-drone-stage1-on-1963100312-i19/attempt_22001562_child928_37623546b7be/result.json
intended-drone-stage2-off-1963100312-i7,drone,stage2,off,66a14b87ef7cbd18005d1f2a85b4c2e3322cda932ecc1ea15d4dd0af4a97b735,10,1963100312,7,1963100318,hmrp-gbfs,hadd-astar,20,70,True,True,/home/hersco/training_new_domains/2026-10-01/intended_leaf_remaining/results/intended-drone-stage2-off-1963100312-i7/attempt_22119102_child1116_c40a190f3f54/result.json
intended-counters-stage2-off-1963100312-i40,counters,stage2,off,2e116c01f2ad50ed26d116ce2f7ef14723783d7ca4406b6cb8d349a1ffa468ff,33,1963100312,40,1963100351,hmrp-ha-ht-gbfs,hmrmax-astar,5,20,True,True,/home/hersco/training_new_domains/2026-10-01/intended_leaf_remaining/results/intended-counters-stage2-off-1963100312-i40/attempt_21994385_child393_ae0422aa1f47/result.json
intended-counters-stage2-off-1963100312-i37,counters,stage2,off,2e116c01f2ad50ed26d116ce2f7ef14723783d7ca4406b6cb8d349a1ffa468ff,33,1963100312,37,1963100348,hmrp-ha-ht-gbfs,hmrmax-astar,5,20,True,True,/home/hersco/training_new_domains/2026-10-01/intended_leaf_remaining/results/intended-counters-stage2-off-1963100312-i37/attempt_21994385_child390_c16c3efdcb1f/result.json
intended-fo_counters-stage2-off-534933607-i1,fo_counters,stage2,off,de77046fa62754c0714421bb0b299fa030fb0a99309114e71553e134fba8efea,17,534933607,1,534933607,hadd-gbfs,hmrmax-astar,20,70,True,True,/home/hersco/training_new_domains/2026-10-01/intended_leaf_remaining/results/intended-fo_counters-stage2-off-534933607-i1/attempt_21957703_child1390_6da4dbfb7f59/result.json
intended-counters-stage2-off-534933607-i42,counters,stage2,off,8d9471820f76ecc6f1d3a74241ad63c38ace8dde0a84f3996915d433701f1f83,8,534933607,42,534933648,hmrp-ha-ht-gbfs,hmrmax-astar,5,20,True,True,/home/hersco/training_new_domains/2026-10-01/intended_leaf_remaining/results/intended-counters-stage2-off-534933607-i42/attempt_21957729_child41_0565cc8b84b5/result.json
intended-counters-stage2-off-534933607-i35,counters,stage2,off,8d9471820f76ecc6f1d3a74241ad63c38ace8dde0a84f3996915d433701f1f83,8,534933607,35,534933641,hmrp-ha-ht-gbfs,hmrmax-astar,5,20,True,True,/home/hersco/training_new_domains/2026-10-01/intended_leaf_remaining/results/intended-counters-stage2-off-534933607-i35/attempt_21957721_child34_685cb4f0021e/result.json
intended-counters-stage2-off-1510771779-i30,counters,stage2,off,56925811a052de71d328a314eeb4aaa3234a62e61ed161bdb9f462be7f9e76b1,37,1510771779,30,1510771808,hmrp-ha-ht-gbfs,hmrmax-astar,5,20,True,True,/home/hersco/training_new_domains/2026-10-01/intended_leaf_remaining/results/intended-counters-stage2-off-1510771779-i30/attempt_21990177_child324_3f22beb8378e/result.json
intended-drone-stage1-off-923500475-i3,drone,stage1,off,9b6add4c4e8b104c3e8cad429bf203355ad01eb9d95d5080f788e92a5de88e95,1,923500475,3,923500477,hmrp-gbfs,hadd-astar,20,70,True,True,/home/hersco/training_new_domains/2026-10-01/intended_leaf_remaining/results/intended-drone-stage1-off-923500475-i3/attempt_21957633_child612_7d0c66cce0e9/result.json
intended-counters-stage2-off-1510771779-i47,counters,stage2,off,56925811a052de71d328a314eeb4aaa3234a62e61ed161bdb9f462be7f9e76b1,37,1510771779,47,1510771825,hmrp-ha-ht-gbfs,hmrmax-astar,5,20,True,True,/home/hersco/training_new_domains/2026-10-01/intended_leaf_remaining/results/intended-counters-stage2-off-1510771779-i47/attempt_21991054_child341_fa551e2f2a4a/result.json
intended-drone-stage1-off-1963100312-i17,drone,stage1,off,a26b80b42378b986dc13250b7e818c7f295749ee2d5491930dc1d2ad0fdb3f88,157,1963100312,17,1963100328,hmrp-gbfs,hadd-astar,20,70,True,True,/home/hersco/training_new_domains/2026-10-01/intended_leaf_remaining/results/intended-drone-stage1-off-1963100312-i17/attempt_21977460_child726_1d68ffdb0938/result.json
intended-counters-stage2-off-923500475-i47,counters,stage2,off,7cbd966d31332e7dc3e3ed274c0955b1b219ffbf7af1d885cf465a1649a71892,0,923500475,47,923500521,hmrp-ha-ht-gbfs,hmrmax-astar,5,20,True,True,/home/hersco/training_new_domains/2026-10-01/intended_leaf_remaining/results/intended-counters-stage2-off-923500475-i47/attempt_21958003_child105_22e303dbb784/result.json
intended-counters-stage2-off-923500475-i30,counters,stage2,off,7cbd966d31332e7dc3e3ed274c0955b1b219ffbf7af1d885cf465a1649a71892,0,923500475,30,923500504,hmrp-ha-ht-gbfs,hmrmax-astar,5,20,True,True,/home/hersco/training_new_domains/2026-10-01/intended_leaf_remaining/results/intended-counters-stage2-off-923500475-i30/attempt_21957797_child88_110318e336d3/result.json
intended-drone-stage1-off-923500475-i9,drone,stage1,off,9b6add4c4e8b104c3e8cad429bf203355ad01eb9d95d5080f788e92a5de88e95,1,923500475,9,923500483,hmrp-gbfs,hadd-astar,20,70,True,True,/home/hersco/training_new_domains/2026-10-01/intended_leaf_remaining/results/intended-drone-stage1-off-923500475-i9/attempt_21957633_child618_93d69ece1be4/result.json
intended-drone-stage2-off-923500475-i4,drone,stage2,off,67af5f170868d7c9f29dd100cdc52b244d9e79eeb13b66358fcfe3cd5c1c695f,16,923500475,4,923500478,hmrp-gbfs,hadd-astar,20,70,True,True,/home/hersco/training_new_domains/2026-10-01/intended_leaf_remaining/results/intended-drone-stage2-off-923500475-i4/attempt_22076202_child1013_7c4e358ba2c3/result.json
intended-counters-stage2-off-2011206605-i1,counters,stage2,off,d665fd33557ec4bc1ef7ee21aea73260fde109f3b5f5b5876dcbc6302302976c,12,2011206605,1,2011206605,hmrp-ha-ht-gbfs,hmrmax-astar,5,20,True,True,/home/hersco/training_new_domains/2026-10-01/intended_leaf_remaining/results/intended-counters-stage2-off-2011206605-i1/attempt_22114710_child472_b8495c657285/result.json
intended-drone-stage1-off-1510771779-i10,drone,stage1,off,26918994bc769827ef04262944a7dc4ed6f2b73baf9424a613fe8df29b4d52e4,16,1510771779,10,1510771788,hmrp-gbfs,hadd-astar,20,70,True,True,/home/hersco/training_new_domains/2026-10-01/intended_leaf_remaining/results/intended-drone-stage1-off-1510771779-i10/attempt_21976887_child699_ea5047cb93bb/result.json
intended-counters-stage2-off-534933607-i48,counters,stage2,off,8d9471820f76ecc6f1d3a74241ad63c38ace8dde0a84f3996915d433701f1f83,8,534933607,48,534933654,hmrp-ha-ht-gbfs,hmrmax-astar,5,20,True,True,/home/hersco/training_new_domains/2026-10-01/intended_leaf_remaining/results/intended-counters-stage2-off-534933607-i48/attempt_21957729_child47_9df8502782a0/result.json
intended-counters-stage2-off-1972442430-i21,counters,stage2,off,7402760195fdce0e856f247d9e36c30d33a33e1c48b9304a3bdf60fd3fc97b50,82,1972442430,21,1972442450,hmrp-ha-ht-gbfs,hmrmax-astar,5,20,True,True,/home/hersco/training_new_domains/2026-10-01/intended_leaf_remaining/results/intended-counters-stage2-off-1972442430-i21/attempt_22068442_child433_c4316b1346c5/result.json
intended-counters-stage2-off-1472491096-i27,counters,stage2,off,d15cb836902dcc19eb4c447373e6b2d9e3d707d507c5693b143d4ecdd46fbf01,5,1472491096,27,1472491122,hmrp-ha-ht-gbfs,hmrmax-astar,5,20,True,True,/home/hersco/training_new_domains/2026-10-01/intended_leaf_remaining/results/intended-counters-stage2-off-1472491096-i27/attempt_21981662_child262_132b482264a3/result.json
intended-drone-stage1-off-1239739722-i12,drone,stage1,off,db5b59fb3044ba4b098b792e8ed249dab6c12d8ab15a616b483935af7fc72f97,51,1239739722,12,1239739733,hmrp-gbfs,hadd-astar,20,70,True,True,/home/hersco/training_new_domains/2026-10-01/intended_leaf_remaining/results/intended-drone-stage1-off-1239739722-i12/attempt_21973293_child661_2c85e01537c2/result.json
intended-counters-stage2-off-1073581256-i34,counters,stage2,off,29e56cb5dcd93d6c0e1c2f61460ee6a5b3fe06d2b73a2e0a362b58e389adb6e8,0,1073581256,34,1073581289,hmrp-ha-ht-gbfs,hmrmax-astar,5,20,True,True,/home/hersco/training_new_domains/2026-10-01/intended_leaf_remaining/results/intended-counters-stage2-off-1073581256-i34/attempt_21964974_child151_620572021ff6/result.json
intended-drone-stage1-off-1073581256-i8,drone,stage1,off,633b68eeece792b1454d0f8524d24ffbb0d8fa6a89e02388ef92f54f6b7390be,90,1073581256,8,1073581263,hmrp-gbfs,hadd-astar,20,70,True,True,/home/hersco/training_new_domains/2026-10-01/intended_leaf_remaining/results/intended-drone-stage1-off-1073581256-i8/attempt_21969116_child637_a432b73f95e0/result.json
intended-counters-stage2-off-1073581256-i43,counters,stage2,off,29e56cb5dcd93d6c0e1c2f61460ee6a5b3fe06d2b73a2e0a362b58e389adb6e8,0,1073581256,43,1073581298,hmrp-ha-ht-gbfs,hmrmax-astar,5,20,True,True,/home/hersco/training_new_domains/2026-10-01/intended_leaf_remaining/results/intended-counters-stage2-off-1073581256-i43/attempt_21967823_child160_93de9b258fd5/result.json
intended-counters-stage2-off-2011206605-i16,counters,stage2,off,d665fd33557ec4bc1ef7ee21aea73260fde109f3b5f5b5876dcbc6302302976c,12,2011206605,16,2011206620,hmrp-ha-ht-gbfs,hmrmax-astar,5,20,True,True,/home/hersco/training_new_domains/2026-10-01/intended_leaf_remaining/results/intended-counters-stage2-off-2011206605-i16/attempt_22115174_child487_acf909f9bd4a/result.json
intended-counters-stage2-off-1239739722-i38,counters,stage2,off,42423cffe66adec6b2852ad048f9781b486eedb21c85bf651f789dd752e430c5,5,1239739722,38,1239739759,hmrp-ha-ht-gbfs,hmrmax-astar,5,20,True,True,/home/hersco/training_new_domains/2026-10-01/intended_leaf_remaining/results/intended-counters-stage2-off-1239739722-i38/attempt_21969623_child214_c1656f986186/result.json
intended-fo_counters-stage2-off-1073581256-i8,fo_counters,stage2,off,bf23351c34ee3fcce4bbaf23730a86ac757cb9002deccdefdbf1d91a085872ae,12,1073581256,8,1073581263,hadd-gbfs,hmrmax-astar,20,70,True,True,/home/hersco/training_new_domains/2026-10-01/intended_leaf_remaining/results/intended-fo_counters-stage2-off-1073581256-i8/attempt_21970050_child1437_923c2cdc6fcb/result.json
intended-counters-stage2-off-1073581256-i49,counters,stage2,off,29e56cb5dcd93d6c0e1c2f61460ee6a5b3fe06d2b73a2e0a362b58e389adb6e8,0,1073581256,49,1073581304,hmrp-ha-ht-gbfs,hmrmax-astar,5,20,True,True,/home/hersco/training_new_domains/2026-10-01/intended_leaf_remaining/results/intended-counters-stage2-off-1073581256-i49/attempt_21967823_child166_afe874640a5d/result.json
intended-drone-stage1-off-1073581256-i2,drone,stage1,off,633b68eeece792b1454d0f8524d24ffbb0d8fa6a89e02388ef92f54f6b7390be,90,1073581256,2,1073581257,hmrp-gbfs,hadd-astar,20,70,True,True,/home/hersco/training_new_domains/2026-10-01/intended_leaf_remaining/results/intended-drone-stage1-off-1073581256-i2/attempt_21969116_child631_a9f2ebd068a7/result.json
intended-counters-stage2-off-1239739722-i45,counters,stage2,off,42423cffe66adec6b2852ad048f9781b486eedb21c85bf651f789dd752e430c5,5,1239739722,45,1239739766,hmrp-ha-ht-gbfs,hmrmax-astar,5,20,True,True,/home/hersco/training_new_domains/2026-10-01/intended_leaf_remaining/results/intended-counters-stage2-off-1239739722-i45/attempt_21970215_child221_b65a10240a37/result.json
intended-counters-stage2-off-1239739722-i32,counters,stage2,off,42423cffe66adec6b2852ad048f9781b486eedb21c85bf651f789dd752e430c5,5,1239739722,32,1239739753,hmrp-ha-ht-gbfs,hmrmax-astar,5,20,True,True,/home/hersco/training_new_domains/2026-10-01/intended_leaf_remaining/results/intended-counters-stage2-off-1239739722-i32/attempt_21969623_child208_a65166169247/result.json
intended-fo_counters-stage2-off-1073581256-i2,fo_counters,stage2,off,bf23351c34ee3fcce4bbaf23730a86ac757cb9002deccdefdbf1d91a085872ae,12,1073581256,2,1073581257,hadd-gbfs,hmrmax-astar,20,70,True,True,/home/hersco/training_new_domains/2026-10-01/intended_leaf_remaining/results/intended-fo_counters-stage2-off-1073581256-i2/attempt_21970050_child1431_49a1199eadd3/result.json
intended-drone-stage1-off-1239739722-i7,drone,stage1,off,db5b59fb3044ba4b098b792e8ed249dab6c12d8ab15a616b483935af7fc72f97,51,1239739722,7,1239739728,hmrp-gbfs,hadd-astar,20,70,True,True,/home/hersco/training_new_domains/2026-10-01/intended_leaf_remaining/results/intended-drone-stage1-off-1239739722-i7/attempt_21969927_child656_7aa977c46066/result.json
intended-counters-stage2-off-1472491096-i6,counters,stage2,off,d15cb836902dcc19eb4c447373e6b2d9e3d707d507c5693b143d4ecdd46fbf01,5,1472491096,6,1472491101,hmrp-ha-ht-gbfs,hmrmax-astar,5,20,True,True,/home/hersco/training_new_domains/2026-10-01/intended_leaf_remaining/results/intended-counters-stage2-off-1472491096-i6/attempt_21974675_child241_f4da2beaec58/result.json
intended-drone-stage1-off-1073581256-i14,drone,stage1,off,633b68eeece792b1454d0f8524d24ffbb0d8fa6a89e02388ef92f54f6b7390be,90,1073581256,14,1073581269,hmrp-gbfs,hadd-astar,20,70,True,True,/home/hersco/training_new_domains/2026-10-01/intended_leaf_remaining/results/intended-drone-stage1-off-1073581256-i14/attempt_21969240_child643_6f1244c8587f/result.json
intended-fo_counters-stage2-off-1239739722-i7,fo_counters,stage2,off,e8f4d9c3fad7db91db8c407bb1ca6d7da04e1d4af5473491676e65d93d0e0cd4,70,1239739722,7,1239739728,hadd-gbfs,hmrmax-astar,20,70,True,True,/home/hersco/training_new_domains/2026-10-01/intended_leaf_remaining/results/intended-fo_counters-stage2-off-1239739722-i7/attempt_21982585_child1456_d5e7c4a7fc9f/result.json
intended-drone-stage1-off-1239739722-i18,drone,stage1,off,db5b59fb3044ba4b098b792e8ed249dab6c12d8ab15a616b483935af7fc72f97,51,1239739722,18,1239739739,hmrp-gbfs,hadd-astar,20,70,True,True,/home/hersco/training_new_domains/2026-10-01/intended_leaf_remaining/results/intended-drone-stage1-off-1239739722-i18/attempt_21973293_child667_010570f06a21/result.json
intended-counters-stage2-off-923500475-i4,counters,stage2,off,7cbd966d31332e7dc3e3ed274c0955b1b219ffbf7af1d885cf465a1649a71892,0,923500475,4,923500478,hmrp-ha-ht-gbfs,hmrmax-astar,5,20,True,True,/home/hersco/training_new_domains/2026-10-01/intended_leaf_remaining/results/intended-counters-stage2-off-923500475-i4/attempt_21957740_child62_573337106de6/result.json
intended-fo_counters-stage1-on-1510771779-i1,fo_counters,stage1,on,e5365d820894d4123c141184e3e0f4b5559e7b28267fd42e01ed960bc1431cde,68,1510771779,1,1510771779,hadd-gbfs,hmrmax-astar,20,70,True,True,/home/hersco/training_new_domains/2026-10-01/fo_stage1_needed/results/intended-fo_counters-stage1-on-1510771779-i1/attempt_22025524_child43_e58922ea2cf3/result.json
intended-fo_counters-stage1-on-1073581256-i6,fo_counters,stage1,on,4742150b9fd5d8d84fc51e1ed375cf7c2a84be38fd21cb1edfb54e08054d7fb6,106,1073581256,6,1073581261,hadd-gbfs,hmrmax-astar,20,70,True,True,/home/hersco/training_new_domains/2026-10-01/fo_stage1_needed/results/intended-fo_counters-stage1-on-1073581256-i6/attempt_21986910_child25_562dd90f6f62/result.json
intended-fo_counters-stage1-on-1239739722-i9,fo_counters,stage1,on,f5ca1179f190163a07191c7f4d1f4a1062543de21744fb8f64282db934a2ebbc,92,1239739722,9,1239739730,hadd-gbfs,hmrmax-astar,20,70,True,True,/home/hersco/training_new_domains/2026-10-01/fo_stage1_needed/results/intended-fo_counters-stage1-on-1239739722-i9/attempt_21994474_child37_4e5bdd77236a/result.json
intended-fo_counters-stage1-off-534933607-i15,fo_counters,stage1,off,85cafdce97d0244db804a9c4b5999a0ac80d6262aea352180e75a511f31329ec,57,534933607,15,534933621,hadd-gbfs,hmrmax-astar,20,70,True,True,/home/hersco/training_new_domains/2026-10-01/fo_stage1_needed/results/intended-fo_counters-stage1-off-534933607-i15/attempt_21958373_child20_ae718e16d01e/result.json
intended-fo_counters-stage1-off-2082152039-i19,fo_counters,stage1,off,1d7db60a338c7962564e706a2aab541393561ddb9f6721897a82b5c0126d03b2,69,2082152039,19,2082152057,hadd-gbfs,hmrmax-astar,20,70,True,True,/home/hersco/training_new_domains/2026-10-01/fo_stage1_needed/results/intended-fo_counters-stage1-off-2082152039-i19/attempt_21958370_child16_5d0f2a115d1c/result.json
intended-fo_counters-stage1-off-1972442430-i15,fo_counters,stage1,off,7176c088aa4155f091ddc0764029bac4cb7b6f3111ce7d28207a75ca6643b32b,28,1972442430,15,1972442444,hadd-gbfs,hmrmax-astar,20,70,True,True,/home/hersco/training_new_domains/2026-10-01/fo_stage1_needed/results/intended-fo_counters-stage1-off-1972442430-i15/attempt_21958322_child9_0df1a7f473ad/result.json
intended-fo_counters-stage1-off-1972442430-i18,fo_counters,stage1,off,7176c088aa4155f091ddc0764029bac4cb7b6f3111ce7d28207a75ca6643b32b,28,1972442430,18,1972442447,hadd-gbfs,hmrmax-astar,20,70,True,True,/home/hersco/training_new_domains/2026-10-01/fo_stage1_needed/results/intended-fo_counters-stage1-off-1972442430-i18/attempt_21958322_child12_76e1e432c2ad/result.json
intended-fo_counters-stage1-off-534933607-i18,fo_counters,stage1,off,85cafdce97d0244db804a9c4b5999a0ac80d6262aea352180e75a511f31329ec,57,534933607,18,534933624,hadd-gbfs,hmrmax-astar,20,70,True,True,/home/hersco/training_new_domains/2026-10-01/fo_stage1_needed/results/intended-fo_counters-stage1-off-534933607-i18/attempt_21958373_child23_13f49f65a1ac/result.json
intended-fo_counters-stage1-off-534933607-i20,fo_counters,stage1,off,85cafdce97d0244db804a9c4b5999a0ac80d6262aea352180e75a511f31329ec,57,534933607,20,534933626,hadd-gbfs,hmrmax-astar,20,70,True,True,/home/hersco/training_new_domains/2026-10-01/fo_stage1_needed/results/intended-fo_counters-stage1-off-534933607-i20/attempt_21958373_child24_5134e248dc0e/result.json
intended-fo_counters-stage1-off-1972442430-i20,fo_counters,stage1,off,7176c088aa4155f091ddc0764029bac4cb7b6f3111ce7d28207a75ca6643b32b,28,1972442430,20,1972442449,hadd-gbfs,hmrmax-astar,20,70,True,True,/home/hersco/training_new_domains/2026-10-01/fo_stage1_needed/results/intended-fo_counters-stage1-off-1972442430-i20/attempt_21958322_child14_61fefde28583/result.json
intended-fo_counters-stage1-off-1510771779-i10,fo_counters,stage1,off,b23cf8f2279a5dd03176c1f2f2a5d4b2b705c7311f157b90f0665e05af13c074,66,1510771779,10,1510771788,hadd-gbfs,hmrmax-astar,20,70,True,True,/home/hersco/training_new_domains/2026-10-01/fo_stage1_needed/results/intended-fo_counters-stage1-off-1510771779-i10/attempt_21958169_child3_36c3381e170f/result.json
intended-fo_counters-stage1-on-1073581256-i20,fo_counters,stage1,on,4742150b9fd5d8d84fc51e1ed375cf7c2a84be38fd21cb1edfb54e08054d7fb6,106,1073581256,20,1073581275,hadd-gbfs,hmrmax-astar,20,70,True,True,/home/hersco/training_new_domains/2026-10-01/fo_stage1_needed/results/intended-fo_counters-stage1-on-1073581256-i20/attempt_21994310_child36_6a492ca36a2d/result.json
intended-fo_counters-stage1-on-1510771779-i6,fo_counters,stage1,on,e5365d820894d4123c141184e3e0f4b5559e7b28267fd42e01ed960bc1431cde,68,1510771779,6,1510771784,hadd-gbfs,hmrmax-astar,20,70,True,True,/home/hersco/training_new_domains/2026-10-01/fo_stage1_needed/results/intended-fo_counters-stage1-on-1510771779-i6/attempt_22025524_child48_2263144aacde/result.json
intended-fo_counters-stage1-on-1073581256-i18,fo_counters,stage1,on,4742150b9fd5d8d84fc51e1ed375cf7c2a84be38fd21cb1edfb54e08054d7fb6,106,1073581256,18,1073581273,hadd-gbfs,hmrmax-astar,20,70,True,True,/home/hersco/training_new_domains/2026-10-01/fo_stage1_needed/results/intended-fo_counters-stage1-on-1073581256-i18/attempt_21994310_child35_9008c346abc8/result.json
intended-fo_counters-stage1-on-1510771779-i2,fo_counters,stage1,on,e5365d820894d4123c141184e3e0f4b5559e7b28267fd42e01ed960bc1431cde,68,1510771779,2,1510771780,hadd-gbfs,hmrmax-astar,20,70,True,True,/home/hersco/training_new_domains/2026-10-01/fo_stage1_needed/results/intended-fo_counters-stage1-on-1510771779-i2/attempt_22025524_child44_5a7b5d1d9bce/result.json
intended-fo_counters-stage1-on-1239739722-i10,fo_counters,stage1,on,f5ca1179f190163a07191c7f4d1f4a1062543de21744fb8f64282db934a2ebbc,92,1239739722,10,1239739731,hadd-gbfs,hmrmax-astar,20,70,True,True,/home/hersco/training_new_domains/2026-10-01/fo_stage1_needed/results/intended-fo_counters-stage1-on-1239739722-i10/attempt_21994474_child38_4d41c21ee4a2/result.json
intended-fo_counters-stage1-off-1972442430-i16,fo_counters,stage1,off,7176c088aa4155f091ddc0764029bac4cb7b6f3111ce7d28207a75ca6643b32b,28,1972442430,16,1972442445,hadd-gbfs,hmrmax-astar,20,70,True,True,/home/hersco/training_new_domains/2026-10-01/fo_stage1_needed/results/intended-fo_counters-stage1-off-1972442430-i16/attempt_21958322_child10_5dbf54d8bf13/result.json
intended-fo_counters-stage1-off-1510771779-i9,fo_counters,stage1,off,b23cf8f2279a5dd03176c1f2f2a5d4b2b705c7311f157b90f0665e05af13c074,66,1510771779,9,1510771787,hadd-gbfs,hmrmax-astar,20,70,True,True,/home/hersco/training_new_domains/2026-10-01/fo_stage1_needed/results/intended-fo_counters-stage1-off-1510771779-i9/attempt_21958169_child2_a9cd852a2cee/result.json
intended-fo_counters-stage1-off-534933607-i16,fo_counters,stage1,off,85cafdce97d0244db804a9c4b5999a0ac80d6262aea352180e75a511f31329ec,57,534933607,16,534933622,hadd-gbfs,hmrmax-astar,20,70,True,True,/home/hersco/training_new_domains/2026-10-01/fo_stage1_needed/results/intended-fo_counters-stage1-off-534933607-i16/attempt_21958373_child21_1361e8255f1c/result.json
intended-fo_counters-stage1-on-1073581256-i8,fo_counters,stage1,on,4742150b9fd5d8d84fc51e1ed375cf7c2a84be38fd21cb1edfb54e08054d7fb6,106,1073581256,8,1073581263,hadd-gbfs,hmrmax-astar,20,70,True,True,/home/hersco/training_new_domains/2026-10-01/fo_stage1_needed/results/intended-fo_counters-stage1-on-1073581256-i8/attempt_21986910_child26_c6f005209e01/result.json
intended-fo_counters-stage1-on-1073581256-i11,fo_counters,stage1,on,4742150b9fd5d8d84fc51e1ed375cf7c2a84be38fd21cb1edfb54e08054d7fb6,106,1073581256,11,1073581266,hadd-gbfs,hmrmax-astar,20,70,True,True,/home/hersco/training_new_domains/2026-10-01/fo_stage1_needed/results/intended-fo_counters-stage1-on-1073581256-i11/attempt_21986910_child29_905572c3d1c5/result.json
intended-fo_counters-stage1-on-1510771779-i5,fo_counters,stage1,on,e5365d820894d4123c141184e3e0f4b5559e7b28267fd42e01ed960bc1431cde,68,1510771779,5,1510771783,hadd-gbfs,hmrmax-astar,20,70,True,True,/home/hersco/training_new_domains/2026-10-01/fo_stage1_needed/results/intended-fo_counters-stage1-on-1510771779-i5/attempt_22025524_child47_68f836729117/result.json
intended-fo_counters-stage1-off-1510771779-i11,fo_counters,stage1,off,b23cf8f2279a5dd03176c1f2f2a5d4b2b705c7311f157b90f0665e05af13c074,66,1510771779,11,1510771789,hadd-gbfs,hmrmax-astar,20,70,True,True,/home/hersco/training_new_domains/2026-10-01/fo_stage1_needed/results/intended-fo_counters-stage1-off-1510771779-i11/attempt_21958169_child4_7a908cb3c459/result.json
intended-fo_counters-stage1-on-1510771779-i17,fo_counters,stage1,on,e5365d820894d4123c141184e3e0f4b5559e7b28267fd42e01ed960bc1431cde,68,1510771779,17,1510771795,hadd-gbfs,hmrmax-astar,20,70,True,True,/home/hersco/training_new_domains/2026-10-01/fo_stage1_needed/results/intended-fo_counters-stage1-on-1510771779-i17/attempt_22070894_child53_3b021d5fa47d/result.json
intended-fo_counters-stage1-off-1972442430-i13,fo_counters,stage1,off,7176c088aa4155f091ddc0764029bac4cb7b6f3111ce7d28207a75ca6643b32b,28,1972442430,13,1972442442,hadd-gbfs,hmrmax-astar,20,70,True,True,/home/hersco/training_new_domains/2026-10-01/fo_stage1_needed/results/intended-fo_counters-stage1-off-1972442430-i13/attempt_21958322_child7_a5edfdd70c1e/result.json
intended-fo_counters-stage1-off-534933607-i13,fo_counters,stage1,off,85cafdce97d0244db804a9c4b5999a0ac80d6262aea352180e75a511f31329ec,57,534933607,13,534933619,hadd-gbfs,hmrmax-astar,20,70,True,True,/home/hersco/training_new_domains/2026-10-01/fo_stage1_needed/results/intended-fo_counters-stage1-off-534933607-i13/attempt_21958373_child18_d8a77bbc85a3/result.json
intended-fo_counters-stage1-off-1510771779-i6,fo_counters,stage1,off,b23cf8f2279a5dd03176c1f2f2a5d4b2b705c7311f157b90f0665e05af13c074,66,1510771779,6,1510771784,hadd-gbfs,hmrmax-astar,20,70,True,True,/home/hersco/training_new_domains/2026-10-01/fo_stage1_needed/results/intended-fo_counters-stage1-off-1510771779-i6/attempt_21958169_child0_e6949b6f90e2/result.json
intended-fo_counters-stage1-off-1972442430-i19,fo_counters,stage1,off,7176c088aa4155f091ddc0764029bac4cb7b6f3111ce7d28207a75ca6643b32b,28,1972442430,19,1972442448,hadd-gbfs,hmrmax-astar,20,70,True,True,/home/hersco/training_new_domains/2026-10-01/fo_stage1_needed/results/intended-fo_counters-stage1-off-1972442430-i19/attempt_21958322_child13_3ce70221a1b2/result.json
intended-fo_counters-stage1-off-2082152039-i20,fo_counters,stage1,off,1d7db60a338c7962564e706a2aab541393561ddb9f6721897a82b5c0126d03b2,69,2082152039,20,2082152058,hadd-gbfs,hmrmax-astar,20,70,True,True,/home/hersco/training_new_domains/2026-10-01/fo_stage1_needed/results/intended-fo_counters-stage1-off-2082152039-i20/attempt_21958370_child17_625d83c2574c/result.json
intended-fo_counters-stage1-off-1972442430-i14,fo_counters,stage1,off,7176c088aa4155f091ddc0764029bac4cb7b6f3111ce7d28207a75ca6643b32b,28,1972442430,14,1972442443,hadd-gbfs,hmrmax-astar,20,70,True,True,/home/hersco/training_new_domains/2026-10-01/fo_stage1_needed/results/intended-fo_counters-stage1-off-1972442430-i14/attempt_21958322_child8_6ef991644449/result.json
intended-fo_counters-stage1-off-2082152039-i18,fo_counters,stage1,off,1d7db60a338c7962564e706a2aab541393561ddb9f6721897a82b5c0126d03b2,69,2082152039,18,2082152056,hadd-gbfs,hmrmax-astar,20,70,True,True,/home/hersco/training_new_domains/2026-10-01/fo_stage1_needed/results/intended-fo_counters-stage1-off-2082152039-i18/attempt_21958370_child15_136b35b1e2f3/result.json
intended-fo_counters-stage1-off-534933607-i14,fo_counters,stage1,off,85cafdce97d0244db804a9c4b5999a0ac80d6262aea352180e75a511f31329ec,57,534933607,14,534933620,hadd-gbfs,hmrmax-astar,20,70,True,True,/home/hersco/training_new_domains/2026-10-01/fo_stage1_needed/results/intended-fo_counters-stage1-off-534933607-i14/attempt_21958373_child19_e235902adf26/result.json
intended-fo_counters-stage1-off-1510771779-i12,fo_counters,stage1,off,b23cf8f2279a5dd03176c1f2f2a5d4b2b705c7311f157b90f0665e05af13c074,66,1510771779,12,1510771790,hadd-gbfs,hmrmax-astar,20,70,True,True,/home/hersco/training_new_domains/2026-10-01/fo_stage1_needed/results/intended-fo_counters-stage1-off-1510771779-i12/attempt_21958169_child5_3068f9f10aed/result.json
intended-fo_counters-stage1-on-1073581256-i10,fo_counters,stage1,on,4742150b9fd5d8d84fc51e1ed375cf7c2a84be38fd21cb1edfb54e08054d7fb6,106,1073581256,10,1073581265,hadd-gbfs,hmrmax-astar,20,70,True,True,/home/hersco/training_new_domains/2026-10-01/fo_stage1_needed/results/intended-fo_counters-stage1-on-1073581256-i10/attempt_21986910_child28_02ed8846913e/result.json
intended-fo_counters-stage1-on-1510771779-i14,fo_counters,stage1,on,e5365d820894d4123c141184e3e0f4b5559e7b28267fd42e01ed960bc1431cde,68,1510771779,14,1510771792,hadd-gbfs,hmrmax-astar,20,70,True,True,/home/hersco/training_new_domains/2026-10-01/fo_stage1_needed/results/intended-fo_counters-stage1-on-1510771779-i14/attempt_22025524_child50_a9818c3d8575/result.json
intended-fo_counters-stage1-off-1510771779-i20,fo_counters,stage1,off,b23cf8f2279a5dd03176c1f2f2a5d4b2b705c7311f157b90f0665e05af13c074,66,1510771779,20,1510771798,hadd-gbfs,hmrmax-astar,20,70,True,True,/home/hersco/training_new_domains/2026-10-01/fo_stage1_needed/results/intended-fo_counters-stage1-off-1510771779-i20/attempt_21958169_child6_698f09ef666c/result.json
intended-fo_counters-stage1-on-1510771779-i4,fo_counters,stage1,on,e5365d820894d4123c141184e3e0f4b5559e7b28267fd42e01ed960bc1431cde,68,1510771779,4,1510771782,hadd-gbfs,hmrmax-astar,20,70,True,True,/home/hersco/training_new_domains/2026-10-01/fo_stage1_needed/results/intended-fo_counters-stage1-on-1510771779-i4/attempt_22025524_child46_1b9c5472acd1/result.json
intended-fo_counters-stage1-on-1073581256-i9,fo_counters,stage1,on,4742150b9fd5d8d84fc51e1ed375cf7c2a84be38fd21cb1edfb54e08054d7fb6,106,1073581256,9,1073581264,hadd-gbfs,hmrmax-astar,20,70,True,True,/home/hersco/training_new_domains/2026-10-01/fo_stage1_needed/results/intended-fo_counters-stage1-on-1073581256-i9/attempt_21986910_child27_07d18edbe472/result.json
intended-fo_counters-stage1-off-534933607-i17,fo_counters,stage1,off,85cafdce97d0244db804a9c4b5999a0ac80d6262aea352180e75a511f31329ec,57,534933607,17,534933623,hadd-gbfs,hmrmax-astar,20,70,True,True,/home/hersco/training_new_domains/2026-10-01/fo_stage1_needed/results/intended-fo_counters-stage1-off-534933607-i17/attempt_21958373_child22_6e31af345d84/result.json
intended-fo_counters-stage1-off-1972442430-i17,fo_counters,stage1,off,7176c088aa4155f091ddc0764029bac4cb7b6f3111ce7d28207a75ca6643b32b,28,1972442430,17,1972442446,hadd-gbfs,hmrmax-astar,20,70,True,True,/home/hersco/training_new_domains/2026-10-01/fo_stage1_needed/results/intended-fo_counters-stage1-off-1972442430-i17/attempt_21958322_child11_7677483a7542/result.json
intended-fo_counters-stage1-off-1510771779-i8,fo_counters,stage1,off,b23cf8f2279a5dd03176c1f2f2a5d4b2b705c7311f157b90f0665e05af13c074,66,1510771779,8,1510771786,hadd-gbfs,hmrmax-astar,20,70,True,True,/home/hersco/training_new_domains/2026-10-01/fo_stage1_needed/results/intended-fo_counters-stage1-off-1510771779-i8/attempt_21958169_child1_80ad8f15cd6e/result.json
intended-fo_counters-stage1-on-1510771779-i13,fo_counters,stage1,on,e5365d820894d4123c141184e3e0f4b5559e7b28267fd42e01ed960bc1431cde,68,1510771779,13,1510771791,hadd-gbfs,hmrmax-astar,20,70,True,True,/home/hersco/training_new_domains/2026-10-01/fo_stage1_needed/results/intended-fo_counters-stage1-on-1510771779-i13/attempt_22025524_child49_e0eba67a5749/result.json
intended-fo_counters-stage1-on-1510771779-i3,fo_counters,stage1,on,e5365d820894d4123c141184e3e0f4b5559e7b28267fd42e01ed960bc1431cde,68,1510771779,3,1510771781,hadd-gbfs,hmrmax-astar,20,70,True,True,/home/hersco/training_new_domains/2026-10-01/fo_stage1_needed/results/intended-fo_counters-stage1-on-1510771779-i3/attempt_22025524_child45_1e38a4094b2d/result.json
intended-fo_counters-stage1-on-1239739722-i11,fo_counters,stage1,on,f5ca1179f190163a07191c7f4d1f4a1062543de21744fb8f64282db934a2ebbc,92,1239739722,11,1239739732,hadd-gbfs,hmrmax-astar,20,70,True,True,/home/hersco/training_new_domains/2026-10-01/fo_stage1_needed/results/intended-fo_counters-stage1-on-1239739722-i11/attempt_21994474_child39_0836e1a0cf9e/result.json
