relative_path,bytes,sha256,sha256_lf_normalized
checkpoint_inventory.csv,17315,a14b1045c8c12c08d32554df5b3a25575cf7f03d5ec2320ff692645c9ae6967a,f05fcc8be5f6070dde865012f1581fc2a1c1bb602a4a12a4ea2956ca1672d0ac
cluster_security_and_compute_node_policy_20261003.md,5980,595d61b847da07c82fe0284574c89ef04fbb3accec33e9d2b00a4571cc2422b2,595d61b847da07c82fe0284574c89ef04fbb3accec33e9d2b00a4571cc2422b2
DOMAIN_STATISTICS.md,7332,1fa12cc91a3bcc4da5dda4f5d50c051c17ceacbec389de1b3074150639efaafd,eaa9c95a0e8e58b7d2251b2f78e790ce4bde58164250203bb0f05efe1d169dd1
evaluate.sbatch,449,ca9ddccda85e4583f7b0c118810e713c0a8da01d7991c035c93e6ae12d22f961,ca9ddccda85e4583f7b0c118810e713c0a8da01d7991c035c93e6ae12d22f961
evaluate_checkpoint.py,4567,fc83f4d2b3936dbe19346ed191a929674e432eae46a6894fc503b0c5fa605cc2,fc83f4d2b3936dbe19346ed191a929674e432eae46a6894fc503b0c5fa605cc2
evaluation_entrypoint_qa.json,5433,77ad1d967d62d0e6b962f97b0b2653659e9c48d52586611f31f613a152c79265,9107d5c76fdbedd3a1b86fee9179e21ce3dbbc209820aad44f36a8dc64f60166
evidence/capacity_cap_action_this_turn.json,116152,da155c3e641d1e6415d351f92f77877a6da9f2f19d164ef81d45547101d476ed,785e0c2d43a4749972c77054b4cb28d27ba7deb2f25f9b05cee1abfe6157006d
evidence/configuration_axes.csv,10786,7882989284648c2898939a983f4382a1c22947b54b0b775c9065b1c28a793c53,0a736cd71d1469b3b941090df5e85ad7ab31c8a04cce31185c784e04c4482411
evidence/counters_repaired_s1_cutoffs_per_seed.csv,261,8274deff9a49148d4bc96794fc5ade85ea16e5851fb850f49c1564c9462b40d8,cbc3bc2147942a265067f1c66194f97e74cbf343fd49935075bd062fb0193756
evidence/domain_instance_grounding_and_state_bounds.csv,98600,ea3a81ecad2c874e09df40520467f78072f6da1118ada269f77e158301a48fe0,ef940f0afb088a1b52912f0001b2bb948811ef4dbc38776fe6cabc39f58aa429
evidence/experiment_inventory.csv,27883,e6c397545ccc8f41569c52f1062badd17f5984b31ba5dbef1832b13c15d5d4ee,a5cab0685161890650666017769cca282299f01153b75c579d45f2d45616b1d7
evidence/fresh_storage_measurement.json,380,2280a8f12d1ea203e0bce085f28c26885d8c45cb1ca4189535aca3c1860f7152,b5cc92ce6abfdca7440eb6ed1bb1cbb7bf9ff755cb24af1bbb20f418f016fb85
evidence/fresh_storage_receipt.txt,81,19a0e2255f0e8c220b9198b64dcc06f27aaec7d99c3f749fc7ef8466a92d4798,e5ab586d041eb4ef58cd6fe05925ffe648e0749a44f454480bb4677daa12e4da
evidence/historical_terminal_6360_identity_scope.csv,1226947,b92a3ee5a67e01ef1d98e1424ede4d5a95116d96b66dc3b4fad0e7c7360d7835,9c55e7d007025a2e47463c4f8accd202ba0d315d038697f9ca457f0569211e25
evidence/historical_terminal_cells_reconciled.csv,18321,b277c489413f95aa43870a7672b6265147a2949f12bcf3db8a0247460f266327,3f6c674ee55c1d94723457daee34f3fc8cf652cc4e3b90b390103e0edbc32840
evidence/intended_runtime_configuration_identity_audit.csv,438766,84817ab767456863779a45c1919e708875342b982bacace65d0a90913cb6f0aa,fd1fee178dc866786cc610b8de339b965052768c05b6446450582f10aae743dd
evidence/intended_stage_specific_forecasts.csv,1610,346d8251da34f8c459c2f9af24d3bed6168070a4a9ead29c7a5cc06cdd8abb7f,5216cac46d8e38f792bbe0c67c59e81438ae962b119b533b957dd7b9a3caacb5
evidence/intended_throughput.csv,2661,08a8e8e47acb0eebbad5197cfd70c3a1476a2485e8ee4c844efe8c2aba475b1b,a5bd5e336cf13db903e054f1cfe910ad37db813f9d8d570b8b1f6edfdcb4ec66
evidence/mcts_leaf_status.csv,2425,da1ab77886fafdd27525fb2c9c16a8fe08eaa090a90370155333e5391deb3c5d,e7607188f6e7a3fcbcce922c7c4c04af5ab66a5a2aa241e04213bcb927b1eaa2
evidence/mprime_stage1_same_checkpoint_policy_mcts.csv,19264,fe5552411e756beca1b4124a36b013105acd1ec83f7da73e6fc50e960ea77366,b21a0e72b1e86a8de11a989d1ac0fa3e75803ec74c0b197905af987bbfdee194
evidence/new_intended_instance_results.csv,443474,595ae22ba90b4d3efa6acce3e481979eeb7bcf2f5540c61ec1d352de9b4e71f5,ecd1112c2e0398ae66d8ed870aa56c3f83e5cab2d32a04f137a9c3c1569511c5
evidence/oracle_current_mean_coverage.csv,1059,04d6520526915d2a6e337be055541bb64ddf579840e8d08e72c9b21576dfbf73,faf4c56781e7d4059d6c36043e336879ad4517be511bbaa391bd60a56c22789b
evidence/oracle_current_plot_qa.json,279,0cc4de7ca04af7241b2ebdbdb7c043485d91c97bcf2378a41531d78738b1e9cc,b7e7504972a7e2cefddd2a11a507c201174b6d589c19a17f587dab8a01291705
evidence/oracle_repaired_counters_seed_proof.csv,760,b80f1e3719ce22aa25395abd3aeac63bfb0d84c0380007e099308572f8cdf16b,295baa9ee7c3debf4a503cf9991cf89500abd187dee10e7d361254a001a363c7
evidence/repaired_counters_policy_only_instances_with_steps.csv,25986,03be9669d8f1cc64dd19b075d93141a8ed08c0fc17f48f5191df1a12f20c4ba9,c077b934a594a13688978a4f95472b981c2b2333a6f9c371b86413379bd45a49
evidence/repaired_counters_policy_only_steps_summary.csv,412,d2e665720f66a5c1d24be61be42018675d9234d0aac2e1052fc4e7ca65f8636e,46fd748776fa6587663b571001775236e721c3385655f5b9cb521875c72a3c8e
evidence/repaired_counters_s2_current_instance_cutoffs.csv,261813,0ebc9751091329a8a6163b5172eb36c81b88f5a00dd4814a7c3847a04b4d860d,c1849ddf495a389aeda2b19fc63d1769060a4b4b594afba8fce3c39100124b42
evidence/repaired_counters_s2_current_partial_cutoffs.csv,392,9d14a860a5b8408ec98140adea53c4d1782ca4fbd620737a72c59708a5338e52,d902e29992eb3de0570babeb5dbaa0d373787ce5a443875b20a533dfbe8a5465
evidence/rq_all_stage_cutoffs.csv,25848,7f52089ff7c6b01d4769579c8ac1cdc5b0654d3b00f1eaf499fc0127d16cb0c5,4ecbc026df813b56781d73b97202e9f0868b70825fed6f7787ac55d334835941
evidence/rq_current_display_table.csv,24886,20ac9b7fa8c77b052bf5e6a5bf03c64cb08aa61189b8eac37230b2c9de7e9d46,072e764577b76eeccbcaf7cc44976f04758051397dded80ec0a1b2ab5bb55208
evidence/rq_paired_seed_observations.csv,126152,5773b925d63567c1211fab0c2734c22a0e2240f86eee10d9f13c6896bcd42849,0adf23914556f8027b7011e7a04176262abd7475feec00b5e10d94c1c7de748e
evidence/rq_statistical_seed_differences.csv,33497,e2cf3a0fdc5084822d5777c39e2fa5b5f0554578ff4a106b80ee567f49fb790a,1e2b0738f47bcaa258552b91b55401814c8f410e808bb8548f9250bc41395a5b
evidence/rq_statistics.csv,16342,32adc7c8f8538124d72b9a9b728f62a24d8ca08a1a1478f20fcc9953850c0694,a605569ad14cbc6fe1019aa171b64636d5fc319d877d017a6020420236c1e2b0
evidence/side_gained_lost_instance_pairs.csv,2076428,915d1a3f9316e829efff7ce3cb11c36c30f9320ed2c0fd1c30ef2c65851e56fd,3ed1e30e18dd8b4c3413aaa5298d563f1d51dcb5072a1efbaea09e9d33e031be
evidence/side_nonexpansion_decisions.csv,4904,80e7e71f62ea6b3ba6b0aac6af3a5baf66e8cd6824a8b563df6e5155f11a6cbd,e8d1be781a49136af39fdf73816a631208746dad12c810a2677c7711ac52a93e
evidence/side_original_control_treatment_scores.csv,17020,ff96d2c2f0a43ffbab1795e1dacf28af506033912b95833dcac2a88b6e4cbfb2,0afc7eb151d9fa2ceed669acfda1b44dca21ff4f1d6e7c440815731bdeabfed0
evidence/side_paired_cohort_means.csv,8436,91af758b2797779c719696acf60eefacca7e45e6d42391d9ecca0dacda686e4b,4f80d75541d42ee11da36484ac0e7fe61e4911d6b3de90c8fa508fe7adca0b69
evidence/six_domain_full_statistics.csv,3351,e3abb872749cf3be2920ff30d3b0b66d81fee6cbab7f3706d65763d321a4d29d,5aa6f8981fe42abf673ad59c3ebf761cddc46191cbd8d021b73f9a418933911a
evidence/six_domain_oracle_union.png,86316,3db513d4ba4df3313e1b5259893217605669b76bec0ad9775400f01dbdc1d44e,3db513d4ba4df3313e1b5259893217605669b76bec0ad9775400f01dbdc1d44e
evidence/six_domain_oracle_union.svg,11015,b3c55c392691a790b8b0df0bf1faca9a4b33fbde7febd932234d55392d3b7ca0,d9812f86a7dbfb517f340a49027ceb4be26a8e0fc692b0660151c2821b6b9a7f
evidence/six_domain_successful_run_behavior.csv,5405,c96967a84f52e72cb466dec886eb8b39daea5d938992258d38828ed2a61b13ed,bdf9216588e8ffcdaaa12f8640c06cdab4e83b5b9d49eb2905fa8d765b392d7d
evidence/structural_pddl_hash_parity.json,62194,8e411877055d38ad0ed583c599bbc5777fb9f81fcafdf2216b9e9d1b93c3d61f,9befbd5829e7c563197666d5cee34ab147bb72edf0bc9e9442434c1a8f3eb789
evidence/v2_accepted_labels.csv,10776099,778fbf2cd7435c02fa0cb80527367968ef69a0a95d2c63cf6db5f4971082b194,4fa5da32bd3dd27f188b1ca7ff6a0c94f46537a3b7c14c2841d697c68f735107
evidence/v2_all_states_accuracy.csv,1071,82866732468a2114bbf9a9eb316d80569387d9a2bc05b04eb0844d6e765f6414,6413e25c398af3835fe9e0ddcdfca2018d45ea25f04b684014d490e81b47aca0
evidence/v2_certificate_accuracy.csv,2825,4fbf343a04eb96be61a17c2c98a1afc45e800a7ff5796a8900026c4a683841f1,276d3b9c0cb703546add30dda9b85b184e2210c98cba2afe3c5813dc72efa416
evidence/v2_non_goal_accuracy.csv,1082,8b7e1f505da7f296e943502698acc83253a54dfe9b2410c477e9950d22ee47f5,fb5d9c2c5565bdafa2b3ef764510ec1d8bef66e0ced61f77e2616c60ed450b33
evidence/v2_pair_summary.csv,4068,ef03dfa52ae43ff8d3733f59270eaa5739080bd673b0d7d36e0d868707062f20,af15c096e15d220ad1131bed57cf11b8de1c4ef14b6468d900ffc1b3e83e2520
evidence/value_transform_paired_progress.csv,3070,2749abd4320c24dd2c17db16c5e2ed1e635beb1716959f1588aa06010bc4cf8f,e522c055a48c04fdff17e0c328694d10331c3a96f1394d521062b40f9b613bd9
evidence/workload_grouped.csv,1118,696d1cdbd3c091082358c27cb2234413573e970b1e6ddce832f3eefdce59d530,13d1ce4e1cda5cbc0af5dec462faae3eb4ed8a3a2931fc5cfcbaa3b7385c4cc9
EXPLORATORY_AXES.md,5880,70149f71d888f3055c68154e6e5d2d620a7eed762cb489d8b8e0402450d7e245,6839f2f8af8e5d56e5470b67e2708615b5c2f38fcae8eda616409b137e68ca17
PLAN.md,6437,c421a0b262569501f9d6149527267ebdf6b35418b3a2200c43ad43bf5dc6fcd3,2655b1374e5d3dd7bef7f3bde015c279989525142aa352b4faea60a0f1f192a4
README.md,5314,cfd04e71fd898b9d68103b80f58ca5d5e4f709e18883e7a9b1865e41e5990d82,cfd04e71fd898b9d68103b80f58ca5d5e4f709e18883e7a9b1865e41e5990d82
recompute_statistics.py,2377,efe12c9470b0a4267fd8502c14f494f9697b939fc94a743f3653a3643b66e933,efe12c9470b0a4267fd8502c14f494f9697b939fc94a743f3653a3643b66e933
release_manifest.json,767,de90fd786e22127415a55efb5d46087a9f980a6806fe063b6071cb6e94122678,2381e1d95c46c18771c10cad506fc1875f048813d9c53c5d6165235eb97dd82b
REPORT.md,15227,006ccfdeef2d918c82db3b2b1ab93ce8ec5c072b955064d78cdabbec4a3844e6,d861caee74fdc3cd521cd78610768d8391f02ab23effddcd9c758da1061bfacd
runtime_source_manifest.csv,133201,51ecd3e44fbaa43f4a7fa847b1b940ab2eca1e343d3827ad3907c0cd0f9a10b3,8e0562a3713206ca5fc48e969dc658cff5363f4045fcc4330c72da352cf2a7dd
source_snapshot/asnets/asnets/__init__.py,0,e3b0c44298fc1c149afbf4c8996fb92427ae41e4649b934ca495991b7852b855,e3b0c44298fc1c149afbf4c8996fb92427ae41e4649b934ca495991b7852b855
source_snapshot/asnets/asnets/checkpointing.py,4455,5f562d823fa36b6e4a049fe0cad86a8142d7b81ce2046c4243a74496bbc5f7c8,5f562d823fa36b6e4a049fe0cad86a8142d7b81ce2046c4243a74496bbc5f7c8
source_snapshot/asnets/asnets/domain_specific/__init__.py,995,22e0e72ff341c2ddcdf868e1912e2c3647af4a280acb98733586f26f2db3ab50,5fbe2c5f1d15bb33799093b32bf71368374f35c6bbdb5b99455c73274b5295cf
source_snapshot/asnets/asnets/domain_specific/gold_miner.py,25440,e2cec7fa793d18e47767cb31659a4eefa7e6f5932450b2769399753683d52564,35d14a94a9943e2a5aab315b49f6f4984d95d36bfdf7a2ad26e99c58cd46bf9d
source_snapshot/asnets/asnets/explorer.py,16187,2928de2ff7877f6f16e400b5db158f713abcfa5a39df37eeb22322b36685bf9c,bad246300202337b22995801c09381ff4b5f5161da67bc2334f49f2602ade55c
source_snapshot/asnets/asnets/explorer_spawn_grads.py,18591,8e298bd0f3e304ed0c5afff9592b82f30a0dfd7a1da0daa040f91ad157fbe284,bc5289d208e0eef239905c6b52916b52c417ef0440ec6e0a2a75dcade20b113f
source_snapshot/asnets/asnets/freeze_overfit_test.py,15518,bc7d4ee11120df4261c092354d259fbbad18ab1a449e5fc71cbfb37b5ab8b0af,bc7d4ee11120df4261c092354d259fbbad18ab1a449e5fc71cbfb37b5ab8b0af
source_snapshot/asnets/asnets/heur_inputs.py,17366,e3cffabd1b4ff6d5d4a99ac7668f28d793173941bf3964789b3717db3db8ff44,6260ca7cb4e6170e8d9c8c8e02c9b8d8f62d5a618839d856914482592046ec6e
source_snapshot/asnets/asnets/heuristic_value_transform.py,499,728091cd5aa39fcc0ffff1d4f9dc1939155550160331a5bf2b60b790a10ce811,728091cd5aa39fcc0ffff1d4f9dc1939155550160331a5bf2b60b790a10ce811
source_snapshot/asnets/asnets/interfaces/__init__.py,0,e3b0c44298fc1c149afbf4c8996fb92427ae41e4649b934ca495991b7852b855,e3b0c44298fc1c149afbf4c8996fb92427ae41e4649b934ca495991b7852b855
source_snapshot/asnets/asnets/interfaces/enhsp_interface.py,3796,f237c75f7fcbe25bd5a7e52a94b4a191806433339bdd38ece940928755619ad7,fb0c3aa4b5a75ce92845f09e1a692a643ec2bd044e55f2bd4dd883315b0cbc16
source_snapshot/asnets/asnets/interfaces/fd_interface.py,26287,fbb1135affc4fb2e3984f7076068c1e54c234c3f9eb6e1217688df3a0a77a3cd,1fd8ab05abaef2f9f7f8932aad539a56fdc26a9ccf2f90f63b95fa0fb90e654a
source_snapshot/asnets/asnets/interfaces/jpddl_interface.py,6955,1160c28d1b8cfc44b2435da3471821ab1fbd22e9111d031f46baa45951439538,1b5ab6f6f04c96aad0aa8fab9a619271a813e400ec31631724d5a4dcc873e662
source_snapshot/asnets/asnets/interfaces/metricff_interface.py,4535,b7491114e8d1c32c297176ebfd0d7aaf4bbc3c8ba2cefd7c051e4171b6c143a7,bd77978404a537ff793ad93989bd817420bf07b20a2c61824dac85ec82e5a2c5
source_snapshot/asnets/asnets/interfaces/ssipp_interface.py,7735,bfbd8731698b55b3597359189da2f5b8bf73368b42754623b7adea689d89a412,d085186186f345dcb7c38bc51ffa23936eaa643ffbd51bb15223e75a9902ebd4
source_snapshot/asnets/asnets/loss_fn_test.py,1050,fe10820c72280c056c1dc74a1fdbc34757a5d7c7422e07a9d97bb596d24cdf04,fe10820c72280c056c1dc74a1fdbc34757a5d7c7422e07a9d97bb596d24cdf04
source_snapshot/asnets/asnets/mcts_mechanism_trace.py,5499,9e24b868c40cedea2ed6e7cd1d9d106546a2bb87e277e21505a4a6c2fcbcab70,9e24b868c40cedea2ed6e7cd1d9d106546a2bb87e277e21505a4a6c2fcbcab70
source_snapshot/asnets/asnets/models.py,49257,8e595ebb91733177580489ef938ad6982dd8f581649e99997f6c191961cef865,dbc1e0de4d43d91274c9f5dd4bfcb4569fbc09585fee34f0c2d780fcece8f852
source_snapshot/asnets/asnets/network_modules.py,23416,64dca6a4b3b90bb04504b15675138a0e897c4ec603172e5c4bd42402ba1aeeaa,6c82e96d22c1da02cfb25c1ac3fd26849ef4a6c6fa0a97cbf89df1cc4003cf36
source_snapshot/asnets/asnets/ops/__init__.py,0,e3b0c44298fc1c149afbf4c8996fb92427ae41e4649b934ca495991b7852b855,e3b0c44298fc1c149afbf4c8996fb92427ae41e4649b934ca495991b7852b855
source_snapshot/asnets/asnets/ops/asnet_ops.py,10783,b52b499db9bd94d6fc577113023b955e317d6930d60c3bd71baa256555cbbff3,8c0ca7f4b018a0d689403b1d9381d64c532ff7567a8abf844e916cba0c9b5fc6
source_snapshot/asnets/asnets/ops/test_asnet_ops.py,13295,74973227d678c7bab518c794701fbd2a29c6cc49362c64a3be0aeef0f662c20a,9dd92b5fa2a7f1294b29315fc0c1558c311faa3eb475e05168ea0baf9a9099c6
source_snapshot/asnets/asnets/parllel_explore_spawn_grads.py,38595,253d8137a81c6ef0bc9cee3cf23adfdd1af837c569a2939f5cbe99f5f9410b2d,1efe882e2e0870f19f8a4c4c7086b46e4538891b57aabf73bf300a31285cf737
source_snapshot/asnets/asnets/prob_dom_meta.py,65899,db0af87205426cbdfd2da0077ed89d1312f909b94901fd8cd868d3f7a1109a1c,76cdc7ebf206bffc9a9a13e96a7a3f7df8505d1c9679f032b1facacbae2849c4
source_snapshot/asnets/asnets/scripts/__init__.py,0,e3b0c44298fc1c149afbf4c8996fb92427ae41e4649b934ca495991b7852b855,e3b0c44298fc1c149afbf4c8996fb92427ae41e4649b934ca495991b7852b855
source_snapshot/asnets/asnets/scripts/ablation_coverage_plot.py,4173,12f93bbc68ed14b9e54f7a4803445a991fff959331a84674ca0b1d172b01ff10,d130e5afc0eaefa0bd48d00c5217d84ed805cc5aafe5d7c42b3956f5255c52d5
source_snapshot/asnets/asnets/scripts/bw_collate_vis.py,14462,1dc13a97e1de07516283c37401f71f2c5a213e9ee73c076a4afcfd3623cfad18,4de38f13dce0a737edf5ca5c3ef15651bd478f18a7f11497b7ee0f0bed90ec48
source_snapshot/asnets/asnets/scripts/collate_baselines.py,4910,6840c56206ba0c6d3968d5af38796bd249acefe51685333f73250ad1f4d20f46,eb42e919346d2d3718afab60a1fe2268f6d9b91bfb8e5df09fe498e93f812185
source_snapshot/asnets/asnets/scripts/collate_det_baselines.py,4072,7d826f4ba5d940ec5ab841b5b336f5dd40986b7c7f080f1ba17a725a5cc2d92c,4a34d7408581f56806b0930e52ac2fc9baf971b4809a576fe1dfb8246671f04b
source_snapshot/asnets/asnets/scripts/collate_num_baselines.py,4691,cd0c9577bfb70363409c7ff96035b3c804de2ce5836ed21c048164574e3eeb6b,8d78179bb4a9ec7875b9cfa1c10ec6d043e211f970814830c751b39187b65ac1
source_snapshot/asnets/asnets/scripts/collate_results.py,11745,85add964f6fb8d1927bdd1371f67704a382ba1bd55ca70436b3f16b6f6e21537,76eed6c5811378e1d6e9b533a2a709a834be18977bf4d81a74fdb5aded068d43
source_snapshot/asnets/asnets/scripts/correct_num_plans.py,3381,55bce24cc5e489bc61de31c13a42daef03f5b5ebcae64c2346fd26f2564cc245,a3f5d0e8d525f88c3c1807f92e372b085667158aa6499ca4171cbeb9d679a1d5
source_snapshot/asnets/asnets/scripts/counter_instances_type.py,1556,7b1caa373633b81d69b5c29838bd5541f28d458ec68c136a29e4fdc1401795ef,57e8a711fb4b8385635682a4975e89267676d4bea498d2dd51026101eb74fa69
source_snapshot/asnets/asnets/scripts/coverage_table.py,6217,8b7c802e89a880ca36ec9610366d721b6bc4b4370eac6cc83ddf5655b0006fd3,4676a17e0377631e161eeb648615464ad9b75e278e5ff4bd4308aecea6548f3f
source_snapshot/asnets/asnets/scripts/cross_vis.py,3554,61af4aad566f1d0e422929332dc36f7811fe64171e2eb67bbcc32c2695d939a4,4e220a54a8f23d1d5df60a2f861c0ea56d916d01b33324ef18421fdf078e5adf
source_snapshot/asnets/asnets/scripts/cumulative_solved_plot.py,12383,3912923f45b86a696671e6b872606313ec0b846e7d1337e324abbb12a0e9cfdb,fe3f06eebceac9ef96d4f5b148714721095ffb962a99c6e0ce213e7f1de15c9d
source_snapshot/asnets/asnets/scripts/get_times.py,8636,fa44c86b9358b7b809e3e7d44c1bc8474c690f803b3e9e700dbbdcde9fe9da87,05e8bf1969fec5da5f395b953c8cbab42dfe9e94d7ce3fa0c75f6d9530c6066f
source_snapshot/asnets/asnets/scripts/hype.py,6699,921f27371adb14f6c89663143545de2c38eb8d9549ba6102dfbfed144fb32994,3da8f0b6d18cd49711a463694652785c547fe4c8ab11e6de8068700cbf0d4713
source_snapshot/asnets/asnets/scripts/hype_analysis.py,3431,dd0d1eee34be382ef3117d6c554f1b210ff509aecebb13eb198b60042804a359,3ac5803077711925807a9b00f0ac52fc7079efa8390ded6023eb305a36fd318a
source_snapshot/asnets/asnets/scripts/isolate_bottleneck.py,10319,392e2a28c8e6ab38001c03999ad1e7e9d3d6aaf5a1d8dd2615705ba6bebeef7f,a6f82e24ab3e9c6183dfe5465ea830010ebddd45463455850c313ab9226a61f6
source_snapshot/asnets/asnets/scripts/make_bw_large_table.py,1629,b332b6f0939cb9fb25f26009f1660a93a2b69cc58c4857b9656b3b055b9ffcf3,2a7773a3ce112f7e97852ff308d15846f996c64fdedd523a262179d24488a9f9
source_snapshot/asnets/asnets/scripts/pbw_solve.py,20203,bd43b72d65f492bb4c5ce950940b4ec5ec48d95c93b3355e77fac95899ac085e,9244d0969d7155d1484e3cdc9df53e7c890b5a7fae78956a2e8085baa105de7f
source_snapshot/asnets/asnets/scripts/run_asnets.py,55351,07af0d6a6ab843e79630d22b9163a8c577038fe3cc9e431611eb4fa35632ed09,5feca949265130c309db5a7fde6d0b239254e25b07228861a35e7a27b8982e64
source_snapshot/asnets/asnets/scripts/run_det_baselines.py,5581,2a875df086ea875cb72641419614ab4507eaffc6bb569c3d63e583a12c1eca58,f72a51ee035b8a77bb76c542cda1eb844a40342a2d48a734f2f5997d6e8dce5a
source_snapshot/asnets/asnets/scripts/run_experiment.py,46224,b3bc102e4037cc3b8be388b8fe013faa1df85ed333669d5dee94270edee8c7c1,3abf5b4fa6ee474707d9c3d5bc0f54dd242023420a221364a7897dcf0b5efd65
source_snapshot/asnets/asnets/scripts/run_learning.py,16424,f52583b9ceb01b6626c36839537e76d21d2e8803368f583dbcc94bdaaaf054cf,9d0acb37e47717706b354761a687478bbc81968954614f62e0b562bbafedd0b4
source_snapshot/asnets/asnets/scripts/run_metricff_baseline.py,3910,708bbd8c5ec3f0ab5ffb35d90ea91f756ed5b06b4fa9247dd4911d1abbc7606c,acaa839130d087e022189a000d54ba9eacf64f6d09abf6152b212b88efbca7c3
source_snapshot/asnets/asnets/scripts/run_num_baselines.py,3990,dc7a4fd5be606c4de1cb261ddc5cce3730df751f0ae8498c42ac9341acdf41b5,ef5036daa132b951a893f3eba58a51a2f5a4d5862ddd11b6800fbf3904931ff2
source_snapshot/asnets/asnets/scripts/run_planning.py,15864,13958376210052758ac948977cc7645486c31fecc7e32c72d45841856103b2ef,f09d67202159c36a467c03b1e7e4dc551fa7ba7348425e9e4b895e5020902f8f
source_snapshot/asnets/asnets/scripts/run_prob_baselines.py,12226,766e7cb3ddf8bf1bb59f7d3eeeca09dbb0e97b274476927e3134f95791b967a0,dd1ea234129766ddf8fc32ad58af53a16f8760fa6a2d8123782f7efb6c718568
source_snapshot/asnets/asnets/scripts/single_domain_coverage_table.py,5817,912e1d30222109e5731862e54ad4e00ee27dd4cd24e694603d5cf6f92f631174,ee7db4847770020ccedcf976537478db2a370c9cd2be080ade71b58dee95a6ae
source_snapshot/asnets/asnets/scripts/solution_time_plot.py,15081,1aaed29ef8b8c503c203fe47ad22d150bcdf84005b9296b68b618470e46f9d3a,903a0e3a9e39664f4adb7bb2c7974713349c42807bbdbd13502ec2510663bdd5
source_snapshot/asnets/asnets/scripts/sparse_activation_vis.py,35120,022fcc76cddd796cbf0579a9e6488246db090e90e0f6954acc4828f5f96a5d1c,937c0643c5e8291106d1635f47f41f8cf3148f1e41fc00523bc54f9fb3a4c4e0
source_snapshot/asnets/asnets/scripts/test_sylvie_hypothesis.py,5651,315fe5627abba68402c41fc744ebe2d481c3114a15c7c6b651b4eb4ac0edadd9,5d7fedc76ac66dd94c03adc9c6e8faed327df29aadbdb71cb0922bdf95e529ed
source_snapshot/asnets/asnets/scripts/validate_num_baseline.py,4254,0a3a444547c715732e7247db5d6190fb3571c3c4443ee15c43783b2cd0da1607,476a563e98ae77c76663728b10633f69533c3aeb3542d54ce36329bd3bd53cdc
source_snapshot/asnets/asnets/scripts/weights2equations.py,18540,7efc6519a769477ff86a593fc9e385b3aec23181450e0f581e1ef0953b245cef,783891cb8088627cb356ab6328958c5d8c9559d09bb63cf51810f87fa9366827
source_snapshot/asnets/asnets/spawn_context.py,4199,4833a5f2ce145f52922a50ba34f2e6ff18e85ded83f05c7bfd03f15578f7c305,4833a5f2ce145f52922a50ba34f2e6ff18e85ded83f05c7bfd03f15578f7c305
source_snapshot/asnets/asnets/spawn_train_worker.py,72365,d2d6c309888440cb1da4ae65ff64d729300d69cb2b346b0345db5ed66f95bfb0,22f2fca56eecdb26854e981e804048202561c184f679daaebdbec5b5a9c846c9
source_snapshot/asnets/asnets/ssipp-solver/build.py,30537,6f84db8b6b96fb97d2f59458e437e49d12fa823da07d50d5ad8b9c91e1cbf0f4,6f84db8b6b96fb97d2f59458e437e49d12fa823da07d50d5ad8b9c91e1cbf0f4
source_snapshot/asnets/asnets/ssipp-solver/setup.py,2091,019e537ca58eb1032076a2d3a10bc199f32a222562bd0da3c834fafd250ecfa8,019e537ca58eb1032076a2d3a10bc199f32a222562bd0da3c834fafd250ecfa8
source_snapshot/asnets/asnets/state_reprs.py,35137,adc3e59442530c1aa06a0972df65b673b3877dbcd5a8a82b21b56c1b2b6dc75b,68769601008293002c94617a1768bfbfe1efd417d03acb1a7bdc0a6fa5c4e8c4
source_snapshot/asnets/asnets/supervised.py,81517,a101bddbc506e3cca880f80e1772c97471370a9579f68dec87faad33a4b65aaf,54bc9672cf044b1b7f882c63b7ca6bb7f13c4e8026cb9d64285f1aba5919e82c
source_snapshot/asnets/asnets/teacher.py,31086,78d1e280ff2b11a4ea48c5f77b1f7de2a2c30b023c64df3baed730a7969a2984,2c68fc8285df5cd4e68d5d428894c620a0f359b30c2c37a327018cdf34bf25bf
source_snapshot/asnets/asnets/teacher_cache.py,9707,6dddaf86385c11c435ad41916f379c60257d9e649d276da043aea464a91031ce,8197f2e17b66d1eee6d43364426b5a539f58fb1d959e75ac0bb700af474cff89
source_snapshot/asnets/asnets/tf_cpu_preload.py,442,ae93638458cfeaa28389126e1187395e412c9d36bccfe7e37fac050b48b33ad1,6d0ff5349115773bc50a81853c70650c6a0f99bbe3e30fed452de1835e4c13d4
source_snapshot/asnets/asnets/tf_preload.py,219,4b3d7c9d40ef1c78b3423e571b77bfc6b6b4b42a5bcb5f554378bb37714d305c,4b3d7c9d40ef1c78b3423e571b77bfc6b6b4b42a5bcb5f554378bb37714d305c
source_snapshot/asnets/asnets/uct.py,30042,9a2fc8905484529e6f3fcb509ebc4e5ce7214072890b004badbad95308ec62f3,f02791459c869514e0364345feccc2837692ac338265e91e41782d8d98942803
source_snapshot/asnets/asnets/utils/generator_utils.py,19831,5bdf4b3a8dd7fcedf268f5e500a7d701749b675da603b7b3ab6016712c5f88af,5bdf4b3a8dd7fcedf268f5e500a7d701749b675da603b7b3ab6016712c5f88af
source_snapshot/asnets/asnets/utils/jpddl_utils.py,1778,9d3fa8577bd48296475c2647c241614564d5b15c838d71200e458b570f05276c,bf56031154ac344f22686ff9debf5bdb8398fbbdeb8b18ab1674e3293d5b797b
source_snapshot/asnets/asnets/utils/mdpsim_utils.py,2065,77bc2ae5ff7d20f408b438a55fb12f6c37b8021ed525ba759800d22afc8477a2,e57271fd5c85544d49ec36f2a902193c2468342321f5733c7a7e09181c30b08c
source_snapshot/asnets/asnets/utils/pddl_utils.py,13955,fec634a271c113140fcf6f2bf242a58561887f8cc8ad965700f4e17a5a56e111,d1824d61b4ade7d19c72f85a9d67d7049fc8f9212279a05712db35a623ca90cd
source_snapshot/asnets/asnets/utils/prof_utils.py,2181,79d22f4d51ee1e90b5ec9adfb0680a858d7396f3dcec0488b73649b399bfbee0,fd61384e215ce9a40bac415abb9eadd3159f07c0e0ca3db75f0688d630ed0496
source_snapshot/asnets/asnets/utils/py_utils.py,10059,461fc01e1dbf06498d2c7763a1ae700e3873326175b5b129dcee134fc19200cf,e8db8b3f0245b8f7c68c071c9b0b445e4f64d05a49dbc97a04a70170e48ff09b
source_snapshot/asnets/asnets/utils/rpyc_utils.py,5085,816d265d31b344e23a4b7b64ef53179d968a517ae03602819f0b9f46a6a0a204,816d265d31b344e23a4b7b64ef53179d968a517ae03602819f0b9f46a6a0a204
source_snapshot/asnets/asnets/utils/tf_utils.py,7026,f544fc543a59ceb57ee8def3d07e4226265851eef1a14bd44291417f504dbda9,2e9c9c72ea56172d6645388b9fcc607af30ff194cc32f8754bdba8d868f7a6ad
source_snapshot/asnets/asnets/validation_state.py,5120,7fd7678475f856f54ac1eee6af771aaa73107fff396e87d8208783643a307fb7,7fd7678475f856f54ac1eee6af771aaa73107fff396e87d8208783643a307fb7
source_snapshot/asnets/experiments_numeric/architecture/actprop_2l_all.py,58,b4c46705972c58c13bbb42bb72c5bae1f4dd1b6a7e029275271823cc3d544b35,c1c6b860ac68f526279680c87ba064d62b4988b5222bacfdcfaba86f2b31f750
source_snapshot/asnets/experiments_numeric/architecture/actprop_2l_all_dynamic.py,66,1f28222daf27d2c7427d1f3d3d5cc9f085e5d8e51ee012df4e3339ffb0d5ab3b,6c312f3bed0969259dc89b6b10065c9d041eb3d3ca291a3be4fb0fc0776537f3
source_snapshot/asnets/experiments_numeric/architecture/actprop_2l_all_dynamic_contribution.py,65,c947c7e360552377f4edd879f937bff49f090e179d886ccaab19892adff066b6,7bf4b218ebd5c286a7402a02cfee67de2108d9a6994a6aae2b188038058aefd5
source_snapshot/asnets/experiments_numeric/architecture/actprop_2l_all_dynamic_cuts.py,66,3105e899e70becf321d1416118c7ab6011d990adf6bc527f7d8bbb1400cd5874,51fb11a22701abbf3279c3175591b4d4c8f3e2a4ed5dafd124b8bf5ed5e9ea56
source_snapshot/asnets/experiments_numeric/architecture/actprop_2l_all_dynamic_cuts_contribution.py,62,dbec81f04104b434d4bfed124ca2e59aae5453a256219ba226e290e0bf62cd01,a57bbbab72031ac5f180f45d08198e75d9620988defaa250f2cb32eec3f12365
source_snapshot/asnets/experiments_numeric/architecture/actprop_2l_all_mcts.py,61,8d98528edfebb06f20cc7b474d3f7865a90565a818a73ae63ca3a656584fafe9,8d98528edfebb06f20cc7b474d3f7865a90565a818a73ae63ca3a656584fafe9
source_snapshot/asnets/experiments_numeric/architecture/actprop_2l_all_mcts_hadd_astar.py,64,41f8a03a0dac4ab7b9a87f3520de7e24306008f2e177f6abd635c283180910ab,41f8a03a0dac4ab7b9a87f3520de7e24306008f2e177f6abd635c283180910ab
source_snapshot/asnets/experiments_numeric/architecture/actprop_2l_all_mcts_hadd_gbfs.py,63,2c44d2f92ff11079e00da86fee4433f3d2dfd9c2467720ded895a2b0b3a13454,2c44d2f92ff11079e00da86fee4433f3d2dfd9c2467720ded895a2b0b3a13454
source_snapshot/asnets/experiments_numeric/architecture/actprop_2l_all_mcts_hmrp_ha_gbfs.py,66,7543bf912e73df7caec037cdaae8a207173e180136bf6aeae1aafdbf617f3739,7543bf912e73df7caec037cdaae8a207173e180136bf6aeae1aafdbf617f3739
source_snapshot/asnets/experiments_numeric/architecture/actprop_2l_comparison.py,2898,89ba4dba12377727476e359cd422275c0bde217c20dc899320a107e954bf19ec,94956975d049a3a985267aa09e6295dcd1b6747279d0b921621388fb5ab70744
source_snapshot/asnets/experiments_numeric/architecture/actprop_2l_comparison_dynamic.py,132,cf1eae81dae5e4ecd51bb2c2499c139c62df35ff89366b2a17bfefa95dcec3db,9398a74b04f4551f8ea8dc8791952a00e120d4e9b92e245da555fc082c3169f2
source_snapshot/asnets/experiments_numeric/architecture/actprop_2l_comparison_dynamic_contribution.py,74,eecb59984c5321d400f8ad2e39196122212574cafa974a3c561e833bafc7e175,afc3078974ad6cc1aa02435af3aaae1464966d5ef5e749f3baec158b653a4ccd
source_snapshot/asnets/experiments_numeric/architecture/actprop_2l_comparison_dynamic_cuts.py,73,cc7d346be24d5d411a6cab13acd3229582d3aa729cba8875eb464128a5c14e31,d96ed8b9155e9a783350e646b7271ef6dd51c6ee2f7f1cd6fe12ed419e72feaa
source_snapshot/asnets/experiments_numeric/architecture/actprop_2l_comparison_dynamic_cuts_contribution.py,88,cba597cbceb99f5954d58a21059f9e61cf7cd60079c4eb9f2d4a073249ac0b96,317b0d0a88487214534efaed3bf50a46370b10778285b5a752703b67f3391715
source_snapshot/asnets/experiments_numeric/architecture/actprop_2l_comparison_dynamic_no_landmarks.py,77,302e78aa35b706befc10a4686f8d2b8dc31181d26f500dfead33d69e32e45401,b324c6d32bec8d9778f4b6198db1ea3c943b855da311ddbdd7909b04771c7e2d
source_snapshot/asnets/experiments_numeric/architecture/actprop_2l_comparison_enhsp.py,98,6cafaa1c13bbb166014186e8bca3423683e295b2ad68ae2f0d14a88ae59b71de,6cafaa1c13bbb166014186e8bca3423683e295b2ad68ae2f0d14a88ae59b71de
source_snapshot/asnets/experiments_numeric/architecture/actprop_2l_comparison_mcts.py,705,fffa5b1bd9c310e99748a71d62cb34011a9bc575d92212d1099dda7edf0a5044,6fff3485d8151b5c4492dc3d786da8c1eda272b75a27227da1b7fffc31405247
source_snapshot/asnets/experiments_numeric/architecture/actprop_2l_comparison_mcts_50.py,62,7443fa3166d19826ae619b660b2cfe3253c932106a7a3687a60371fd8f6d30c4,7443fa3166d19826ae619b660b2cfe3253c932106a7a3687a60371fd8f6d30c4
source_snapshot/asnets/experiments_numeric/architecture/actprop_2l_comparison_mcts_hadd_astar.py,71,a51dc79b3ae123c659945a1488f7c1b7fdbb14f91aadcc697367fde35ca056c3,a51dc79b3ae123c659945a1488f7c1b7fdbb14f91aadcc697367fde35ca056c3
source_snapshot/asnets/experiments_numeric/architecture/actprop_2l_comparison_mcts_hadd_gbfs.py,70,211834d9ce199dc0314c69280127f28791943931cbf62727cd1ce1d60eb2234f,211834d9ce199dc0314c69280127f28791943931cbf62727cd1ce1d60eb2234f
source_snapshot/asnets/experiments_numeric/architecture/actprop_2l_comparison_mcts_onehot.py,87,35d51bde7dbe7325d195f3fe6b5faebdd6c388261b930b1b5abae0f6235844e1,35d51bde7dbe7325d195f3fe6b5faebdd6c388261b930b1b5abae0f6235844e1
source_snapshot/asnets/experiments_numeric/architecture/actprop_2l_comparison_mcts_valid.py,108,630e3aea681df63f063a8f1e2bfcaae87ddecdf0a2fa5c549fc197cc27e48e6e,630e3aea681df63f063a8f1e2bfcaae87ddecdf0a2fa5c549fc197cc27e48e6e
source_snapshot/asnets/experiments_numeric/architecture/actprop_2l_comparison_policy_valid.py,110,86bf4707fbdb5a966d3c94bb800f72d44cf857cc1036d054b4a7e674fc270348,86bf4707fbdb5a966d3c94bb800f72d44cf857cc1036d054b4a7e674fc270348
source_snapshot/asnets/experiments_numeric/architecture/actprop_2l_fluent.py,85,bfcd590bf1eb92069f9316f50ea3f854af248a2995cdd4f0eeed07fce6d25de3,91b2b75f19a23991d84ac2dcbbe2f0a9067ec5cc5ed69c8a2310c296e8ac3418
source_snapshot/asnets/experiments_numeric/architecture/actprop_2l_fluent_dynamic.py,124,088b2c5d9044ce169ca3f6d0288055b08dc4a7c0fc55f543a10b2ef7b3f8c10d,f7036a5cbdcaf75ce412536f10ff08a15bd950a989162760ce3cd48a69298b15
source_snapshot/asnets/experiments_numeric/architecture/actprop_2l_fluent_dynamic_contribution.py,70,4d5356e754406edd8bb1a063bcded1e01ca3f78796319b844424dc8a30005ed8,151331886474a5306bd42da56caa68e075fd354945c17b95a85fc947b4e3fdcb
source_snapshot/asnets/experiments_numeric/architecture/actprop_2l_fluent_dynamic_cuts.py,71,4895b9d62ef3726e1ab514f15f82c26eeea2b74d750264fa2d5e11c59c68db3d,82cfd0bb24da31de9e03c17e10373ee472961107e44d04a4044abc53f2e19a55
source_snapshot/asnets/experiments_numeric/architecture/actprop_2l_fluent_dynamic_cuts_contribution.py,84,63cd97d7e1e3444598442364bc518e71a460e84660b3aad9eec0e29958c5c325,a9c226d961cb7e78d40a67f8d47dfd7d4daebf928f909f4ae63b990cbb293a7f
source_snapshot/asnets/experiments_numeric/architecture/actprop_2l_fluent_dynamic_no_landmarks.py,73,5a095088c8880058f7cab8c7735efcdf185292b0ee265e63caaaae14958391bb,cb4dd4f8a4dff825180c15919457a0d6377d7ab991a574d951814d70fa30634b
source_snapshot/asnets/experiments_numeric/architecture/actprop_2l_fluent_mcts.py,85,36facb092cc8496e18a83a3bf2c077676f697845cef4a40652bdf53d7066b1ba,36facb092cc8496e18a83a3bf2c077676f697845cef4a40652bdf53d7066b1ba
source_snapshot/asnets/experiments_numeric/architecture/actprop_2l_fluent_mcts_hadd_astar.py,67,67c804ded488f6439dccc061a26ab3110dc73cea2c89836db8ac9348c3370e86,67c804ded488f6439dccc061a26ab3110dc73cea2c89836db8ac9348c3370e86
source_snapshot/asnets/experiments_numeric/architecture/actprop_2l_fluent_mcts_hadd_gbfs.py,66,8382d4f420df46cf31693bbe03fc5c52d3af20160237cc1035c4d129903c50fe,8382d4f420df46cf31693bbe03fc5c52d3af20160237cc1035c4d129903c50fe
source_snapshot/asnets/experiments_numeric/architecture/actprop_2l_none.py,96,fe584d844475dcd7e3bb0cf103acef42c197739e247ff7037017c40316b5f24f,155fe26c5732225fd7a8cf4f939826b76f66eddc7c8cb0f2914d53cb788e0c7a
source_snapshot/asnets/experiments_numeric/architecture_2/block_grouping.py,87,e1ef57cf844f83529dd876738f638b197bffdb9ee5adfc274e73ba3b5f6be277,e1ef57cf844f83529dd876738f638b197bffdb9ee5adfc274e73ba3b5f6be277
source_snapshot/asnets/experiments_numeric/architecture_2/block_grouping_mcts.py,229,1863e8dbb0d25b4eb4b864c38591c32a93c2f1e82fde839debf42903482c253e,1863e8dbb0d25b4eb4b864c38591c32a93c2f1e82fde839debf42903482c253e
source_snapshot/asnets/experiments_numeric/architecture_2/counters.py,82,2ade0557e66666305f6d9602f8c1db92d1447358835b95e74f0750b9167ee675,2ade0557e66666305f6d9602f8c1db92d1447358835b95e74f0750b9167ee675
source_snapshot/asnets/experiments_numeric/architecture_2/counters_mcts.py,223,8442f4068adbe396650ca3dfecc98ec95d544247ed4cfc28344683b27e88f994,8442f4068adbe396650ca3dfecc98ec95d544247ed4cfc28344683b27e88f994
source_snapshot/asnets/experiments_numeric/architecture_2/delivery.py,118,8d959ff3789eac18e78a0801196f74e6758fdde5e5bcece275752fc87f5416fe,8d959ff3789eac18e78a0801196f74e6758fdde5e5bcece275752fc87f5416fe
source_snapshot/asnets/experiments_numeric/architecture_2/delivery_mcts.py,223,3a2cd55b776e7457f0a3ea58c0e41a136622a50bcbad37a9800a50c06dfa3668,3a2cd55b776e7457f0a3ea58c0e41a136622a50bcbad37a9800a50c06dfa3668
source_snapshot/asnets/experiments_numeric/architecture_2/drone.py,111,0cef77152a3f4a818c0cbd5b4379bba7fc1a5ec7bf0a40b0aca686236b07795f,0cef77152a3f4a818c0cbd5b4379bba7fc1a5ec7bf0a40b0aca686236b07795f
source_snapshot/asnets/experiments_numeric/architecture_2/drone_mcts.py,220,6ebd9a26800e4d9b43278a162773d8a3d83c98daaf00aeae494ed0460ab83217,6ebd9a26800e4d9b43278a162773d8a3d83c98daaf00aeae494ed0460ab83217
source_snapshot/asnets/experiments_numeric/architecture_2/fo_counters.py,78,ff7158e7d036ad294d39249aaaddc77754ed57b628fbeeb1cfe66a5ea3e2bb9e,ff7158e7d036ad294d39249aaaddc77754ed57b628fbeeb1cfe66a5ea3e2bb9e
source_snapshot/asnets/experiments_numeric/architecture_2/fo_counters_mcts.py,226,4f7b623e96fdc7be14f15b8d835d6661c8a8f691deab28d26441e030e8a855bc,4f7b623e96fdc7be14f15b8d835d6661c8a8f691deab28d26441e030e8a855bc
source_snapshot/asnets/experiments_numeric/architecture_2/mprime.py,116,8406fddbcaa3dd495bd4fcf5f3fda9cdbe23a717c06665a795f0032eb95b0226,8406fddbcaa3dd495bd4fcf5f3fda9cdbe23a717c06665a795f0032eb95b0226
source_snapshot/asnets/experiments_numeric/architecture_2/mprime_mcts.py,221,4a14f1d8725e79f39831a8022a7cf98bfdd7bfbe608733866601162e81b67d8f,4a14f1d8725e79f39831a8022a7cf98bfdd7bfbe608733866601162e81b67d8f
source_snapshot/asnets/experiments_numeric/architecture_2/rover.py,113,1d3ca5afdc6bd8327b2d9f8d3b7aa74b69584a44231ca82988ed4ac08ab83e82,1d3ca5afdc6bd8327b2d9f8d3b7aa74b69584a44231ca82988ed4ac08ab83e82
source_snapshot/asnets/experiments_numeric/architecture_2/rover_mcts.py,220,a6bb70ba61c0e079349df2f460becacc43d073a87a078c7457c8f62278936609,a6bb70ba61c0e079349df2f460becacc43d073a87a078c7457c8f62278936609
source_snapshot/asnets/experiments_numeric/architecture_2/tpp.py,109,e9b99bd9b01d639b91b2a742ac20510e952db41d309eb25802f962af47957043,e9b99bd9b01d639b91b2a742ac20510e952db41d309eb25802f962af47957043
source_snapshot/asnets/experiments_numeric/architecture_2/tpp_mcts.py,218,1d7a2183321d9c3f8f89e79202d4b4710f78031ff59c9e78df846ad47604a6fc,1d7a2183321d9c3f8f89e79202d4b4710f78031ff59c9e78df846ad47604a6fc
source_snapshot/asnets/experiments_numeric/architecture_2/zenotravel.py,117,11d81fbbed10c8cdc9f1185a30a3b737cfcda37feb9f5f5d914d6875ccfa4055,11d81fbbed10c8cdc9f1185a30a3b737cfcda37feb9f5f5d914d6875ccfa4055
source_snapshot/asnets/experiments_numeric/architecture_2/zenotravel_mcts.py,225,580d5cc1bf5fd50da51d88352d66d1d789daaa44b9a762967278b7a7b9e0ae14,580d5cc1bf5fd50da51d88352d66d1d789daaa44b9a762967278b7a7b9e0ae14
source_snapshot/asnets/experiments_numeric/domain/block_grouping.py,1656,7902ef08c9e876187b73b5284377044dde7ba9b6343b8c6462895ab547d9043b,767f1ca3f68b910e23a02ad0bdbeb355e4b1d23957e98cbe6993fc3f595759dd
source_snapshot/asnets/experiments_numeric/domain/counters.py,669,ac5486c899f2cfe3a6073b060e25f46eeb4bb752c075c30e9eca15c2093f56b7,f6786145e71449bd7927ea33f9a79459644dfe57a705b1867a13bc01b62fae97
source_snapshot/asnets/experiments_numeric/domain/delivery.py,1362,8e22e5a4927eec25ab9bc9dcf32216f9a57113cd021ff6808c5c63f7c6b23bff,f6a565a82184b44ef53de28d8db2377bb6071dc2b2c3fba497b7edb2294267b4
source_snapshot/asnets/experiments_numeric/domain/drone.py,1557,b62c59293f51da1a7c5f9331f5e9f5c87b9acef4a880b294edd031b2f1e2f9ce,b1e416ac4d6521dbe102b60e4fbf156a1ad6363d6e8780d1cad60815b2771402
source_snapshot/asnets/experiments_numeric/domain/expedition.py,1176,c1264a7927db57e733df557a7cade60fcccbe04ce98147f3354d6732596a3f5b,553701cb6c32ba234abd1b8a9ae59fdf93641b8f204badad510f6d78030c9ad8
source_snapshot/asnets/experiments_numeric/domain/ext_plant_watering.py,1393,e949dd329a76607ad8bdd108ecc0dfcd607824c883ee5f1d77a7b2719df27edf,c195a6610854b4ba167ae221c6f87aa914810cbee85468ddc36c34b4b67bb3dd
source_snapshot/asnets/experiments_numeric/domain/farmland.py,1368,e38ff12e8970224d2f0544d13c21854b7472e490860ee807fef6ef2661b3340e,c39a6a5ad963fbb87d0bb0b00894bb16a5a8656abc86a8d482fba817a6e95a6e
source_snapshot/asnets/experiments_numeric/domain/fn_counters.py,2040,5f313b3b2a33757fa8ff147c4095ef1b5212061f6f330ba1c91a039e789bfb38,b645c7d2ea54baed5d5f14b2b0c094b4433e9f69cdade44d4cfea1caed6dc155
source_snapshot/asnets/experiments_numeric/domain/fo_counters.py,1444,b5154126e316103cad347571aa9e0abd7100634bb638aed676e6dfa28847c7d0,743f27d6344b365c28e7aeb3a103d16ed2ca27fee37603fbbc9561b9beed4d6e
source_snapshot/asnets/experiments_numeric/domain/fo_farmland.py,1416,027cc7c208deb0ec29c62e31bd9f69381d2e8017a9c73cf2d099c02d44b105c7,ad0f8ac77963078d36ad5da306315ce010f6ca91ded24845ce5f903355e4b9de
source_snapshot/asnets/experiments_numeric/domain/hydropower.py,1165,723f1c14bedb632220369ad43d418da59fbec6855b3fe9a834366eae4a1b97c4,4ff9ddc8110593d257ed366b184421bb4e35dc5142894b36b89a6447035cd6b0
source_snapshot/asnets/experiments_numeric/domain/markettrader.py,1170,24f8db1ea023d54db39f1bac5e256eef1dd3fc471e8ea7394286f7f9fe42c524,21797ab131eba04e70a5df9f5412549cb23b2ff3cef8eb3b948b5b698f38182b
source_snapshot/asnets/experiments_numeric/domain/mprime.py,1450,44dd611f9da07e2e7b6e6395e677f3ded7df23c62f642e0c429ffa485bb70452,49850f7c3d777d8690c85423a81f7e7cf0e4cf75ca12aa5e0fd72cfc6daf8675
source_snapshot/asnets/experiments_numeric/domain/mprime_validation_ipc_scale_v1.py,775,f76f39f473f57b014ce174dadbfc803eec44406bef5f9976b201040dd88d979f,f76f39f473f57b014ce174dadbfc803eec44406bef5f9976b201040dd88d979f
source_snapshot/asnets/experiments_numeric/domain/pathwaysmetric.py,1218,599151f13d7234e4ca2efd95523b6c55ea6dc0e57354070cad6d12870b29ff99,420686edf636f8ed111e392af29e8906a3d950992da720e1966b6f6f8ee0adfe
source_snapshot/asnets/experiments_numeric/domain/plant_watering.py,1195,570465963e17d2b5a9d047e41ddefeb5c5a86846bf603859508ab6ff4413f150,789499635d38f8b4af20095a9f06df1ea8cff021524e4711686cb23562b6c6e8
source_snapshot/asnets/experiments_numeric/domain/problem_module_divided/block_grouping/00_pddl_instance_5_25_6_1.py,322,8c9a705d12060d0d095b34f672e8de331bf69bd78d76d2cf12bb1c7a6a4b9a50,09e93be7bbde66b93d1154f80e79af982a332e52c90a438f501d81d68d76ee5f
source_snapshot/asnets/experiments_numeric/domain/problem_module_divided/block_grouping/01_pddl_instance_7_10_2_1.py,322,f350a9d773d399bda0a4244a26e30c29bc35e0d45ddb51824a14a44142edaa5f,7567c7f2208849ea95c2c904d183d496d4a14582e100082dd2b2e664cef96c0e
source_snapshot/asnets/experiments_numeric/domain/problem_module_divided/block_grouping/02_pddl_instance_11_10_2_3.py,323,3eb66f45a4cf204d0249463f85d2b83bef1e565970ced0b9d4f0839e90ef2777,28cb3448aaa0efe635d721fb25ebff3dbd8cb1ae4c1c16971e6892caa6b5cd2d
source_snapshot/asnets/experiments_numeric/domain/problem_module_divided/block_grouping/03_pddl_instance_11_30_7_2.py,323,35e2008fe3d9f23afd1ee8b60ee739cfeadb7f43e2642a5e1e97d0be2cc1f194,4845b1c1c408cb4f34bdc996a38d3b3edcbf69d86986d3903a327d0fdfcbf108
source_snapshot/asnets/experiments_numeric/domain/problem_module_divided/block_grouping/04_pddl_instance_11_35_8_3.py,323,985d64ce03bc767e18bcbe78c7d515686d17f93665ede494b6673277b4f283c2,8e50e49bf35fbafdbd67efc9a9ac8ff9776f069ac30fc4b09beee28d17afdc45
source_snapshot/asnets/experiments_numeric/domain/problem_module_divided/block_grouping/05_pddl_instance_11_40_10_1.py,324,9d96c840b12951ced6c280ca89647f07a8bc8c6ba6845f6cf1151d611666e7ea,3e7e77df2bbaaa1ddb3b7b6d72223e76038ebdc99cfaf2d34f5e19cdcaf13984
source_snapshot/asnets/experiments_numeric/domain/problem_module_divided/block_grouping/06_pddl_instance_15_10_2_3.py,323,ea9c4d32a88d383d5c737f849f5309f1aa57f81b4c446121e7349fa99b6f3bc8,d68f86f9ed7651f6b33f7ddcb3d9bf743f148c73338b9f1c134e8eeda714ffa9
source_snapshot/asnets/experiments_numeric/domain/problem_module_divided/block_grouping/07_pddl_instance_15_25_6_3.py,323,bf65012039691cd4a05f7ab6eab622bc7001fc9fa8e8cb5623a3c41598301970,ebb9ae3ff374d5287600dd17b13d03cff5d4b5854e09e22f3caf1105f0673834
source_snapshot/asnets/experiments_numeric/domain/problem_module_divided/block_grouping/08_pddl_instance_20_5_2_1.py,322,0af308e05c3f347a99cd67fd34d31ae04248e3c54a2cab7c24c8fccf576b7ef4,918bd97974b5867912641c70941aaaacfd0ed28b94d3a113c25f6bafa2fe7f6e
source_snapshot/asnets/experiments_numeric/domain/problem_module_divided/block_grouping/09_pddl_instance_20_5_2_2.py,322,d643b236291f0843f4988ae11538e2b288a7b47874e5824df3879c4528e98e76,9611bedfb916fb7eb69a6b121af6d2365a3017ab9ceccd0b949add9df9f9f5b1
source_snapshot/asnets/experiments_numeric/domain/problem_module_divided/block_grouping/10_pddl_instance_20_10_2_1.py,323,1447602c9b47e06fb1b9c92e1caf0afd82490d3adc48eebca15e479c00b0faef,56ee29fd7c785b55d26e91e0163425faf289d2ba6fa0f3d835dbe9050ea6b1fa
source_snapshot/asnets/experiments_numeric/domain/problem_module_divided/block_grouping/11_pddl_instance_20_10_2_3.py,323,95a6571851ba3d077cf6e9b5a838e2a33c164767279b27f6b92409e3978e8cb4,65140f4e072cad17f18ab62ca740fde863bc54dc40f9d9737848a13a32c9a54f
source_snapshot/asnets/experiments_numeric/domain/problem_module_divided/block_grouping/12_pddl_instance_20_15_3_2.py,323,bdf66f434a8867382e3f15f137d09fddc56f9835222c5c8080c0a350e7daa22f,a9da46c622e59acce1d3e0e1d235fb3fab1e45893b18c3e22ecdc3e5afc003b9
source_snapshot/asnets/experiments_numeric/domain/problem_module_divided/block_grouping/13_pddl_instance_20_30_7_2.py,323,6cf5d6c0de5471a18b55777a5994969ac6ae1c94ddc4422ceefda31153221e68,8b1970f2942df5ea73ebc84ae6205f25a70d48cf269642cd4602644fced0e38b
source_snapshot/asnets/experiments_numeric/domain/problem_module_divided/block_grouping/14_pddl_instance_20_40_10_2.py,324,b9f8578edffe7b00b441d8c41898159103b795ceb2164c54486ef32edf3fc3fd,935390e37f5770fbedb791bae5390b6112bd55c685938a9b26ed37d25e9c3517
source_snapshot/asnets/experiments_numeric/domain/problem_module_divided/block_grouping/15_pddl_instance_25_15_3_1.py,323,876d0b28c0ee25d581f92f2607110f54fa8653f31c91c27134c0e8a6d84189b4,3d91dd328d0175a4f2e4da4fb80920aba962adc10c946a55995988b9fed5906a
source_snapshot/asnets/experiments_numeric/domain/problem_module_divided/block_grouping/16_pddl_instance_25_35_8_1.py,323,46fff07700e744d155d1d552e76689a78135e68424883be39145e8fbef43ce60,7a608db07ec602378dca3a457c7e158a2b9b2e793ab603ea77a344e899cfe8a6
source_snapshot/asnets/experiments_numeric/domain/problem_module_divided/block_grouping/17_pddl_instance_25_40_10_3.py,324,758e612f763c634b49743b8c9ff4c98eacf14469635a76f00b3c8f3dedda47a1,4e6a7a6c08d68a73f5ab85715bca5a23c62c29b663d33fa3214fe3017b1c28cd
source_snapshot/asnets/experiments_numeric/domain/problem_module_divided/block_grouping/18_pddl_instance_100_20_5_1.py,324,275ce8ce20383706202f036fafb86f090377633260e2fba2d6a0aa77dc1973a7,4b5959a618b963b7bfff6ac8c6873a071ee685133cf21098a4f73fad359a3692
source_snapshot/asnets/experiments_numeric/domain/problem_module_divided/block_grouping/19_pddl_instance_100_25_6_2.py,324,acfc90507252fc9db85df7e47378890df7f0bf6ead0fc440bccca2a1dca5d514,d42c5fdf298e7dad65cb1bd2e76d773b82dd106bdc3fbaa3e6b4d5d9767cf127
source_snapshot/asnets/experiments_numeric/domain/problem_module_divided/counters/00_pddl_fz_instance_2.py,265,96e4e65673d53f26fbff8c9518ddbb7257deaafb7b7035fb46c83aa4eaef3471,2dc4b35a20da5fbb603f18504058021eae74fa7f60603d7d82ff0c8466042403
source_snapshot/asnets/experiments_numeric/domain/problem_module_divided/counters/01_pddl_fz_instance_3.py,265,5d04262d98ab69c610b890829579efd23ceb08d15f53d6b64013bd93726774b1,8f0cb0c14903006dda9495b41bab23a287b8e7dfb904d138ed0301ad1b11d6d9
source_snapshot/asnets/experiments_numeric/domain/problem_module_divided/counters/02_pddl_fz_instance_4.py,265,56e9d4d32fe2620202c52851745db95675dc34805037f8d8228bb44ded8f19a9,d84dfa4987b60ddfdb062d470a2a778adecd1c60994bbd6303e54268e2e56beb
source_snapshot/asnets/experiments_numeric/domain/problem_module_divided/counters/03_pddl_fz_instance_5.py,265,fd3f9202f5adb019c1574db59830ab49e853761b38c1b42267399fe64b0e55bc,3582d85504d5f8f620398e9df1ac7fd872d6fe35a4bb72382d36d360fabee53b
source_snapshot/asnets/experiments_numeric/domain/problem_module_divided/counters/04_pddl_fz_instance_6.py,265,e85789efc629cb1a2058504e1308183c371e80097e422fdbdbf42f57164a131c,212280469d49a3ec9e586626a0c90353771a88bdb0ea07b61683b5ec0300cea3
source_snapshot/asnets/experiments_numeric/domain/problem_module_divided/counters/05_pddl_fz_instance_7.py,265,79ec3e690a17e4338951717869aecb701d3759d7a5c6f15c3f55583f40f7bdb8,6c86fc879d86b3245964ad72e8d8d5c49339b28cf91d7c6d6d679fdc2227c0f2
source_snapshot/asnets/experiments_numeric/domain/problem_module_divided/counters/06_pddl_fz_instance_8.py,265,7baedd77557243c3b01ebd21d0bac93d40487269a7e8612c26ab0b569147fc98,541fa9e3008102fc9ec8fd382922594a8a6f21e1fba9ac90953e8078e4e3b6eb
source_snapshot/asnets/experiments_numeric/domain/problem_module_divided/counters/07_pddl_fz_instance_9.py,265,943b2bda79ae983af9f2788f7a2a8418a0754cc591cf13fc5291b91371f1f712,0b302b8d2d0b13f9abc9e61d2fc22110cd5a5a17e3dbe518389cc03214a4bd1b
source_snapshot/asnets/experiments_numeric/domain/problem_module_divided/counters/08_pddl_fz_instance_10.py,266,5e087e66b26fa2f3748526e6de17043d2e453b32a6fe6fdbde4078fc15c39d34,dccdfc75eafe6d526be57cc1c520231db23e27690904b8dadcf943790339bb49
source_snapshot/asnets/experiments_numeric/domain/problem_module_divided/counters/09_pddl_fz_instance_11.py,266,43fa5c95facd141e232b6c39e109d378056a558f303fe6b2e131b3e6ce934685,80d204ee9c5ad76602fdfb66f83aa1475a2f725ba65bd0043437d941d8624116
source_snapshot/asnets/experiments_numeric/domain/problem_module_divided/counters/10_pddl_fz_instance_12.py,266,c94816c9805cc73609991462e3c756ae12b5ab4b22f9675585e3a2b0e4186874,970e702fa36cbf4d7dfbff8f054a69478f16eefd698579aff36113f4720d7569
source_snapshot/asnets/experiments_numeric/domain/problem_module_divided/counters/11_pddl_fz_instance_13.py,266,7c02148a78351d781fe2ae3f4cfe889da60d1785489a51edae5e2f63469a8423,b756b2e0c5980158a7cf2c47bf0147bdb5c1dcb2a924519daa492cc5bdd1c59f
source_snapshot/asnets/experiments_numeric/domain/problem_module_divided/counters/12_pddl_fz_instance_14.py,266,1d7ac0dcb3c374a6059e144d39af6fa3e3504f3ff68f886fe38f668993fcc68c,16d64423b48393637df3b9021462f6fd26b4edfabcfcd5865797848c7dd24eff
source_snapshot/asnets/experiments_numeric/domain/problem_module_divided/counters/13_pddl_fz_instance_15.py,266,e98a509f90864aac5bab428ad9036678767590993875f2ce5efe66255534aaf6,aad2fb1ace55f1b75cab9c3d26a89925184bd6cbdd15cfee5d8ccd8b2c1517d7
source_snapshot/asnets/experiments_numeric/domain/problem_module_divided/counters/14_pddl_fz_instance_16.py,266,3de6b660924db7ae632a820869d162aa563e0f44eb03fd5308f04b3c65e11bb8,72b2f1f1a7b1b889baab52830b1e564baad51c97f938b6c571f0c9660d01d98c
source_snapshot/asnets/experiments_numeric/domain/problem_module_divided/counters/15_pddl_fz_instance_17.py,266,4049898d2e85306918dd02b7177eb63ad0b23a9ffdc0dfdb9bd3a56ee302c139,8afa98ee54468673267d9a2a4d9531fa1c450baa131bc24b54bd736f199b1de7
source_snapshot/asnets/experiments_numeric/domain/problem_module_divided/counters/16_pddl_fz_instance_18.py,266,f3e491808ae52de6317b079e7335cc1750f67524ae2af301f3b1f987b43b4a12,1fac2bcc8f29519d3b9456a739988d82f484fb1c578a80a821dd559f315ebc44
source_snapshot/asnets/experiments_numeric/domain/problem_module_divided/counters/17_pddl_fz_instance_19.py,266,1ac7247f0c287b08ca3b1e59499715c3db355ffdbe62074d8995fd562988e1fc,cd659bdd0c24bcf3b41be76de34a034a8582d6abc1daeafbab0b070e661da9b0
source_snapshot/asnets/experiments_numeric/domain/problem_module_divided/counters/18_pddl_fz_instance_20.py,266,d3f3bfd4aa2eff1a0d383366689f19d07f66d0460f0fbded1714707fd92348ba,f04e8ebb0d494c70d948a6a091aa7d6aee20cce84a8f677ea76691cac8dd8a92
source_snapshot/asnets/experiments_numeric/domain/problem_module_divided/counters/19_pddl_fz_instance_21.py,266,2e7e2814fb03082384bced6f4ee5c7b5897cbea9e09d2bb01f5db0c926a56459,880c58fd9a247c5deaa41d05d26b90cc3a6123cb0be533da9a7864c08235e0e3
source_snapshot/asnets/experiments_numeric/domain/problem_module_divided/counters/20_pddl_fz_instance_22.py,266,7d504c71593460efa4f43bb983dbf012fa27d23d9e9eb6a2385a473a97d0ea28,dc35475cde620fb457e25598c4d7cee98035437bdde3fa833dd917d06bd130c0
source_snapshot/asnets/experiments_numeric/domain/problem_module_divided/counters/21_pddl_fz_instance_23.py,266,4aaed478c4dd8846510f6bd2c98d122ae870adb170808c48d66bf0f46f39d260,be70dc528004caec9e1b8c54eafcba4a3352552020ebb14ae664741e047fef9f
source_snapshot/asnets/experiments_numeric/domain/problem_module_divided/counters/22_pddl_fz_instance_24.py,266,88d40ca0a4b1d18fc6e1dceaef6a231f5ea203ebec7ea2d25a43cb54a290de9f,557d5816092d2b4f475f8d80f57b5ec3c853bf272256599a6ff11741a1c15624
source_snapshot/asnets/experiments_numeric/domain/problem_module_divided/counters/23_pddl_fz_instance_25.py,266,680feba84b9180f48aeff1be265b22743813b78fd8b429c05fab1599922815c7,151a7d54347aa47a3bdaf7ce2c60df97b8046a218afd4210969883bfc4631584
source_snapshot/asnets/experiments_numeric/domain/problem_module_divided/counters/24_pddl_fz_instance_26.py,266,26cf07e4daef9d0ae34a2300eab92f0b9d74aaa63741e03aa8d679b935c1bcab,78659faeed4c86f3634aa3b3a9eeb55d1dd917f37eaea828b4d70e00790f5045
source_snapshot/asnets/experiments_numeric/domain/problem_module_divided/counters/25_pddl_fz_instance_27.py,266,e9ae13cf58babd7afd602054ee8464cd42b0681d47d0befe3724b4be81c347b1,e9626eff33e019b202d1356811b327544d7dce6ec628aee051ebc60016e7ff66
source_snapshot/asnets/experiments_numeric/domain/problem_module_divided/counters/26_pddl_fz_instance_28.py,266,2210de9410ba0588ed5c61c81e30ae661295b54229c9ea0000f446482a24a29d,a2da959dfb702aab3d4a24080490b43781a4222a35b45f969479393cdeec21b8
source_snapshot/asnets/experiments_numeric/domain/problem_module_divided/counters/27_pddl_fz_instance_29.py,266,12bb8524629952ae72cecf3a33f4c191fd8607020c9e7321544a3a26173e535f,15c79b88060f9d61b5af90427874045939d5a8104111ea23b55e6b6643fcb1a6
source_snapshot/asnets/experiments_numeric/domain/problem_module_divided/counters/28_pddl_fz_instance_30.py,266,15f037cddd37210e8764a12c5edbf641470d75527d2f7331cabafbb2a794f3ac,d0c7f8c6ad61bfca42ac91a425d8763ff80cca227699d7d2e6fdef1bd8d052ee
source_snapshot/asnets/experiments_numeric/domain/problem_module_divided/counters/29_pddl_fz_instance_31.py,266,2b4fd8ae0c0961afb2410e76183fbccf520db2f5e61d870523e7ede9c77b3801,7f33c6c6f201560e29ef102e972b7ce6427b3f3d5204abfd812b65600e6754b7
source_snapshot/asnets/experiments_numeric/domain/problem_module_divided/counters/30_pddl_fz_instance_32.py,266,4a49fc7d76d42e141a92dd00cd6044de7723fe452e3ece5fc8e1a663329c65be,b05a406845562355849a18ca5ccc30ab52d41d08d8a7650dd2090b241dedb308
source_snapshot/asnets/experiments_numeric/domain/problem_module_divided/counters/31_pddl_fz_instance_33.py,266,c0ef4fb7feffe87b73e5c09dad7aa4f0fbe2e6a256d1c762c4d263b9c14f5771,b0232c29c42c6e553d5d6dfe9be11e1c44aaef47cce69953a754e2ac7fb0733a
source_snapshot/asnets/experiments_numeric/domain/problem_module_divided/counters/32_pddl_fz_instance_34.py,266,76a8597c9894ec0a299760b04f7e10bdf635ed24ca75151210b737500268fabf,fcfd698bbbbc31a47c0ce8624be582caac8b4b5f8b866ba0f434ac0940ac943a
source_snapshot/asnets/experiments_numeric/domain/problem_module_divided/counters/33_pddl_fz_instance_35.py,266,b2bb7c14a35c5218be45ffddf06f54a544c47d5733ef9d3a3359022b00593180,45f63b481cec97be5e344021dd56c0766de8e1299d64df003b96f4bfff61fc92
source_snapshot/asnets/experiments_numeric/domain/problem_module_divided/counters/34_pddl_fz_instance_36.py,266,12844743390652a9f7c949d74e9914101ce3c8096eeef1eb4ef9c70615fa8927,5a7534c3ca8d462ee585238d7f51714d68d3bd985912377d1f63fa2d97c07492
source_snapshot/asnets/experiments_numeric/domain/problem_module_divided/counters/35_pddl_fz_instance_37.py,266,ed00e95d354f66b91611ef188ec8bc165ecd637621e6f5926f87556f7c553b05,b5a6e68cb370dbbcc9d2cc32826add5faeeb9ea4eaa47347db622495298d2697
source_snapshot/asnets/experiments_numeric/domain/problem_module_divided/counters/36_pddl_fz_instance_38.py,266,41f9b56c2eda413f518c2221a0c1dfbc38c02a3fe7f5dd5c7ac4abde0e788e89,19eb3ef9e4ed64cb28ab091292f2324f5084a2c40d3fb9655c9977cb0d9d3b22
source_snapshot/asnets/experiments_numeric/domain/problem_module_divided/counters/37_pddl_fz_instance_39.py,266,00bde8cd43ac872183794557b0f6662c97a8d984c92693d5e8253e2a348636cf,3e58c6de018b7b94bc5c1add5f6ee8a19295fec49066d8b8a954d5bdbedd6937
source_snapshot/asnets/experiments_numeric/domain/problem_module_divided/counters/38_pddl_fz_instance_40.py,266,2719ad121d427096f191a8ae315032b4985a57da90dd23d0a06959ebf2b69690,2ede1cf6614e942cc0c428e0de1ad23bc3ec8b9c252c33280c93f8657596d984
source_snapshot/asnets/experiments_numeric/domain/problem_module_divided/counters/39_pddl_fz_instance_41.py,266,d9798eb6632867e39d2fc1014c446751a8f47ef004caaf9e26eba90c78062767,eb51bce738f7e07786a6314d7e0b0dc39e20c2603c2d2b68a57436e32fe00913
source_snapshot/asnets/experiments_numeric/domain/problem_module_divided/counters/40_pddl_fz_instance_42.py,266,d3e057c95612b105c45a9840cef07ab2d159fe9b80e4dfa90a6a90d7551792de,1811986a954ee629d02799fb14e382b728d1470700a98838c051963e36fd323f
source_snapshot/asnets/experiments_numeric/domain/problem_module_divided/counters/41_pddl_fz_instance_43.py,266,8fb180844c813ee4258c1632ef86c7986cb6de908e962c5b558dab5664812064,09bba6ab1b7ad5295703b1189ef476ac7c49a6da3129b69be2ecbafacf661874
source_snapshot/asnets/experiments_numeric/domain/problem_module_divided/counters/42_pddl_fz_instance_44.py,266,bec1880919860486026738a314ff83ec51bc6699337598a82502fbc56310488d,166ac6144f8c27c9a840d98cbf4a4941a02a53e1944826e83d36adf502987f73
source_snapshot/asnets/experiments_numeric/domain/problem_module_divided/counters/43_pddl_fz_instance_45.py,266,9c063119c207b338bd7d4eecdc118f7aac6755971fc4382be2f072b621455741,e0158752ee53507875e6128d10e2e6f55c45afef97d1b32f6fa28198cbc03504
source_snapshot/asnets/experiments_numeric/domain/problem_module_divided/counters/44_pddl_fz_instance_46.py,266,6dfa2e1d7bd4f0c0fca0487f92b8b7141462409fe21707dcded7e7e5f8181e21,3cfb89f69ca459727aedbad9ad99f4faefe1f806f54245145293dba7773fb40b
source_snapshot/asnets/experiments_numeric/domain/problem_module_divided/counters/45_pddl_fz_instance_47.py,266,c78b7b3f091beea69a4c891d72c940016ed81979b767e6ee85da61aaed2c3eeb,1f822078f5f2c7f375b8ff4c680a106782e4e3a0feddaa6803e9cb656a043590
source_snapshot/asnets/experiments_numeric/domain/problem_module_divided/counters/46_pddl_fz_instance_48.py,266,ca354d917dbe9507f0ed74a5da9cf63381bda217280382af2cc6a7e557af506b,04465de0a73b63201ebbfdfa9a332be371b673a7520750e62f5c9570eddc81a8
source_snapshot/asnets/experiments_numeric/domain/problem_module_divided/counters/47_pddl_fz_instance_49.py,266,54f2e12697a6e91576db96f3535770538dad9d6a8cb118503b669e96f76600ec,9850ec798942ed2b55c3c2b72fa9ee0bff95b4d2761bde58384250603a17ba54
source_snapshot/asnets/experiments_numeric/domain/problem_module_divided/counters/48_pddl_fz_instance_50.py,266,674988335bdc1aee985de8fec7f14a0d5cb2ee8d790684b7a6d1df477af76f40,02f58c61a48bfefaf7e7a39dbfe7c5fd90f57374ab46f09c9845aee7cbfddac0
source_snapshot/asnets/experiments_numeric/domain/problem_module_divided/counters/49_pddl_fz_instance_51.py,266,75b110db14b06d07fe0136193d30ad10278a5550653fbbbb369d02e74b0fdb15,02a9c1ed83bfbc6b4ae2ac652dd7afcd433adc7610f5a19621e4f3e4426ad61c
source_snapshot/asnets/experiments_numeric/domain/problem_module_divided/counters/50_pddl_fz_instance_52.py,266,09edbf1c5657a67157819d642868a6eb160dfdf6644cdb20064ed21872c81ffe,70d223951bc7cd0140d106990234cdbfe962c8f9e09d20de350d0a4e53b77c8a
source_snapshot/asnets/experiments_numeric/domain/problem_module_divided/counters/51_pddl_fz_instance_53.py,266,5e41f6e8cce305cdb48a57b2bb08017b3392c7ab4046b22114463e2bafbb28f9,b95790509c0bb0bd1605417484cf0c9bbbecd1aec2ec491d1bf568834418e053
source_snapshot/asnets/experiments_numeric/domain/problem_module_divided/counters/52_pddl_fz_instance_54.py,266,259b2ee005fc0ef73fa802ee50454f312688d6dd2adb77e242ef9da4808ffe9a,3bda5b39f01606cf6671252ff0239b3805fbbb4b350064a573e406b4f6b4b43a
source_snapshot/asnets/experiments_numeric/domain/problem_module_divided/counters/53_pddl_fz_instance_55.py,266,4d61d730d750764e565810d8dfaf60109d6b3931f6e08f5e447fe5116b15cf80,93312b4ad60587983aca79520ce9ed60e58670d7fc5c509fe44f388b6cb32066
source_snapshot/asnets/experiments_numeric/domain/problem_module_divided/counters/54_pddl_fz_instance_56.py,266,efd12b76ff151cc6a8e03eec5dd9563e452220e16f2471be4e2d1ca6390cb165,ef335c7ca2bf8d0040d3156abac8c3f7b461503336a17caba59fb839b7e8ce51
source_snapshot/asnets/experiments_numeric/domain/problem_module_divided/counters/55_pddl_fz_instance_57.py,266,fddbee322f953b633b091b12491e6a816ca3b9690f18447689caa2df8a59aa54,f21b31e1b577c24b2b9cb8256ec8c325255b0de840fa3b943f0e4e146ae781d8
source_snapshot/asnets/experiments_numeric/domain/problem_module_divided/counters/56_pddl_fz_instance_58.py,266,2c25177ec0906f72f216e6154c07a9964304c4d4a785039440429bea2382202e,3c34148559f98b7bb617e817b3850bbf7ac65c488601ce255eff3a4f69b33568
source_snapshot/asnets/experiments_numeric/domain/problem_module_divided/counters/57_pddl_fz_instance_59.py,266,757591e9be9b5103d2c944d5a15d654f630a074f0c03af6d21c01af8c6cbe564,10bea403ab1285e169b5d2727481b56781727cf07e6de0030efead0c1f61c7d4
source_snapshot/asnets/experiments_numeric/domain/problem_module_divided/counters/58_pddl_fz_instance_60.py,266,ca9e6432a08f3c3254178d8e8f3af94ce5f76c20b16d35cadd1a9f676fb24b8e,0d441fbdb29426c5af3e22e91f06d8a3c3b0bfdfa7087819e910481e0db490b8
source_snapshot/asnets/experiments_numeric/domain/problem_module_divided/delivery/00_pddl_prob01.py,260,d2fb8f66d420484a764ff124caa577db352ea4991f836199de6a6756eff676c8,85341c8e900907f68e47c5c8a043e9e55d6ec555ab00c58db6794c1b365a82a6
source_snapshot/asnets/experiments_numeric/domain/problem_module_divided/delivery/01_pddl_prob02.py,260,f66e0965c25220e3251bb3f129a6bee9a4023efae0bc8269ca9e31d3310412cf,0ff4bd2766f446bac08ef036bcfd4590a597e4b9d88810fb48f7849959f2fd25
source_snapshot/asnets/experiments_numeric/domain/problem_module_divided/delivery/02_pddl_prob03.py,260,f026eb3b1f6fa13b22ab7bc914a5420277ae50be720aaf7b12b83817afd505a1,0b7d57354902e2853fe19b563657b01b31e7934a9ee9095e514923bb289edae0
source_snapshot/asnets/experiments_numeric/domain/problem_module_divided/delivery/03_pddl_prob04.py,260,26775486df662fefaf0a39e55f4d08906a67a40b8dd60ecbd64a4b8b4c51beb0,30aff8046ba9e690a78f410d734639a83404a224629dc120b8959eca61014fad
source_snapshot/asnets/experiments_numeric/domain/problem_module_divided/delivery/04_pddl_prob05.py,260,bcfad4a22c2e8929449adacf10c82fccf26721246ee3da56f061e8e7e872bdf3,a100cba7c715b1ba2940a367b6eb2201e122368e17542fb7b1bd21bad281c981
source_snapshot/asnets/experiments_numeric/domain/problem_module_divided/delivery/05_pddl_prob06.py,260,937a33e3c894d8b58bc534e292d2ae0bd91eab05e7b27df119ad733b19cd92af,19b2f6f15759d3db2f92aacd54598a1dc71695ea0501c813e50f0e94d475d1f7
source_snapshot/asnets/experiments_numeric/domain/problem_module_divided/delivery/06_pddl_prob07.py,260,4edf4338875a449f8904eb4ac6459c536fa84e36dbefe8ac39c66e6d23c0ed7c,aefa458798e9060d98ccdbb5a699bd3620baf575a973cc16296e1c1f6feb3c54
source_snapshot/asnets/experiments_numeric/domain/problem_module_divided/delivery/07_pddl_prob08.py,260,11a7f9c87c64fecd603c099a2785516640e61eb6a2fb4de4b38aebf3d54c0373,541742d57680f19c29a4771464194c54c6b23a5b64a60fcdebac02f5a7c38d2f
source_snapshot/asnets/experiments_numeric/domain/problem_module_divided/delivery/08_pddl_prob09.py,260,dca95fadb688ae1f453b3dacc4a236e0f50a756ce3ffea4ae28e49b1488c886c,920f63708c6b1cd740336a545465602d69f076db4b77ca942d60bbaaa545fbbb
source_snapshot/asnets/experiments_numeric/domain/problem_module_divided/delivery/09_pddl_prob10.py,260,c58d6a92b8592832bd5e5c247d3f4c6c3d52e9dd6f31c4ac43a2137487862c2e,aee8a16cc477660f0350c721f21ecddc6767b2b7edea8084d571e35f6b72f910
source_snapshot/asnets/experiments_numeric/domain/problem_module_divided/delivery/10_pddl_prob11.py,260,a17982a0143d25a22f78447cab8d4b71eb63282afd4771a79d2649c8e07191d2,60b6bb2ccb2f13688fd5de6d0d57bb6f19f08d6f4a67bda2253ee633fedcdda1
source_snapshot/asnets/experiments_numeric/domain/problem_module_divided/delivery/11_pddl_prob12.py,260,62478a197d552f174d444ca2651e94a35a4d17f903c31407e431fffe987b3e77,8c487f46a8932679cb6519d48683ea402f2ebe849d20064ba83ef309b525b694
source_snapshot/asnets/experiments_numeric/domain/problem_module_divided/delivery/12_pddl_prob13.py,260,882c402f844a8d8f09ce4933ada633d8cb32a2688e08e273abdea81ed053239f,2782dc18b23b64bdff64d5f75ccba6e7eaddc7309ad5914a781fa653ba8ee26f
source_snapshot/asnets/experiments_numeric/domain/problem_module_divided/delivery/13_pddl_prob14.py,260,a5fa0b05cb2fa311c6160c16ebd8f110fefd0e5d481a884c10d9fbbe11283b4f,6d88297b598c119717f57e542ea594eedadcb32f2456446189e458914a3e0397
source_snapshot/asnets/experiments_numeric/domain/problem_module_divided/delivery/14_pddl_prob15.py,260,2df6948d4c8ed319e9e61c66f1c9538d0900bdd6ba359182231965c55336eb7e,2662f30a84ec056eb895be33519ebc2a804b1f58d5942826315ed7dba176191f
source_snapshot/asnets/experiments_numeric/domain/problem_module_divided/delivery/15_pddl_prob16.py,260,51977d4b0b094493a59fba9cd5b24b4969a5db98e2c344050925ae3136c1dec5,3776d542edaf97c71a7883dc379e05e8dabf4601d3ed730ef67d6f808aa50e0c
source_snapshot/asnets/experiments_numeric/domain/problem_module_divided/delivery/16_pddl_prob17.py,260,a95e30da55651e08fbb1ab287f9d856334eea3182d45937171c7cedff86eab30,9d914c98a761e41b8155d8a2e374ff5af98935d9690d657085462f2d2e1f1dd1
source_snapshot/asnets/experiments_numeric/domain/problem_module_divided/delivery/17_pddl_prob18.py,260,5f3b6fdd7a7f84fb6af4eecc572cffe248493ed06c772a6a2438be57f86ab5fe,3ecae4547c3457125cc699bf8eed1edb5cad1da37477f7b884896b81513bd3c7
source_snapshot/asnets/experiments_numeric/domain/problem_module_divided/delivery/18_pddl_prob19.py,260,03c09ab078acf212ac54c4fa9781c452ff1b4155d0ca7070b9930bafda7d9708,1f851c2cb7c1cc9e88c971669a0b7049d03c1d0f61a288606f135415eda3b704
source_snapshot/asnets/experiments_numeric/domain/problem_module_divided/delivery/19_pddl_prob20.py,260,3a2a0d53820066527edd02b373d29951bbbb5b17f2ac2cb6c48726b960fa8975,5ba5c108ddd9b6b2926c0069dd4ff7a622c9eb03b5747c65f2a24ee37834ae20
source_snapshot/asnets/experiments_numeric/domain/problem_module_divided/drone/00_pddl_problem_1_1_2.py,292,206cb1cc8b2165d5689147b44ad35daff62aa7c796b29e66336ed96c411e29ca,139323889a00743120be62510d2bccaf4a854d1b64ea18b4f8a29655fafbebd4
source_snapshot/asnets/experiments_numeric/domain/problem_module_divided/drone/01_pddl_problem_1_1_4.py,292,a819fd9fe27b1ada92004988f21b25266e3e813b38afc01cd745d4f0946cb7a9,261e53234b4d85b9d10b0f4fe74033ee5a6d5ed628f81e9fd2351941f12870d2
source_snapshot/asnets/experiments_numeric/domain/problem_module_divided/drone/02_pddl_problem_1_8_1.py,292,819cfb765f43b447e63860d736d2185ba5a19c2eef1cf7b59cd01d630e0b0b63,3a8be0562094f1bc7060a464805f6f60ac54f68ea855830576bf67ff5b062ed3
source_snapshot/asnets/experiments_numeric/domain/problem_module_divided/drone/03_pddl_problem_1_9_3.py,292,c4186b9319f270aaf84a57b2b82a3557495e8b34e194c34dbe9039969eecb26e,ee582843739fa4feb6821fbbcfb2b30b64eee0c61a92b1e73f447ee3ae69b517
source_snapshot/asnets/experiments_numeric/domain/problem_module_divided/drone/04_pddl_problem_2_5_4.py,292,7d9b26d1e558c73d28921bc8113e5cccd3020bfb12a2f1d1c3893e151c14251f,8160f2090c92b43eee157a961a41d0a465e4329623bb895e50c288d9277dbb60
source_snapshot/asnets/experiments_numeric/domain/problem_module_divided/drone/05_pddl_problem_2_8_3.py,292,16f1b9d86fcbb50b918bc1f9e8f455cff4c5a41aa942267a53b3c9375ebfcbab,2a4b6190ec1b15105cc62e6adb715115984f149d136874931630dc7298637339
source_snapshot/asnets/experiments_numeric/domain/problem_module_divided/drone/06_pddl_problem_2_9_1.py,292,008dcd5dc22dddbda3732afb6204576053febf2583b4a60fbb38ead88b63db19,462687db64bbd033e4273f75051d72f51b92a49121e1c2281a836de462403b20
source_snapshot/asnets/experiments_numeric/domain/problem_module_divided/drone/07_pddl_problem_3_3_4.py,292,684518bcdb63564e0898750ee276c7f93c39ee3bea9429e9400be37132c18818,5232242b4a8f909598bbbbe72de33a7b58a2cc68ec8bc3b50cbf5025f5658191
source_snapshot/asnets/experiments_numeric/domain/problem_module_divided/drone/08_pddl_problem_4_2_5.py,292,80d8c66bd721eb721a9842293e18990c5ea4e3266b0727f3f1cc0b1f979acc08,3f036de9838cb0f8c0493d97a24aaf085ad75d9354156366ced5a3a84d0bbaba
source_snapshot/asnets/experiments_numeric/domain/problem_module_divided/drone/09_pddl_problem_4_9_5.py,292,a36641894ed9a93dc42f6c3263388f56b9c0623fb29c03c056fb289de3604d4c,9070f69ba3a386c9bb2f5b8bfdf35c65f7638638bc0b86118d71556fe6fc60e8
source_snapshot/asnets/experiments_numeric/domain/problem_module_divided/drone/10_pddl_problem_5_2_2.py,292,ad6194ecea219c6cfe77c76be63344709a146f42dff0b822602c5c824ec9b7ff,b25da07b51058beb3b2371ec2e6b3b328b2e444af3a19768459e86567d31cfb0
source_snapshot/asnets/experiments_numeric/domain/problem_module_divided/drone/11_pddl_problem_5_10_1.py,293,7310933d51012d09725594964d9a6755713c5c2e8d493a12365918c325fff85d,b643b23bafb935b6e193d106e213817ce433c549c25e04b6fd9c79184afe4afb
source_snapshot/asnets/experiments_numeric/domain/problem_module_divided/drone/12_pddl_problem_6_8_1.py,292,d973602e1121684bcdd081846bbec40894a34cc42746b816141d563d912dbaa2,4bf1a3dab802c04a5200f95204d853d7dad796b0a6d523bc5742d6e30a76f085
source_snapshot/asnets/experiments_numeric/domain/problem_module_divided/drone/13_pddl_problem_7_6_4.py,292,a8d14fa03e0d8085ef1fecd45bf47c63dd17322c6f62945319cd7d0c149dd858,96736b9d7c6c0210d724e1ef38c71942d8c1e7cfdfc71a6780645f0b66a620d6
source_snapshot/asnets/experiments_numeric/domain/problem_module_divided/drone/14_pddl_problem_8_1_2.py,292,e65b4fb2540948e9df86da7075476b365d7611748dc6f0b46d62ba2a014afe85,261c2bac36804a41614eca6690eea6d78cb8982a02cfbf437c51791ee021c13d
source_snapshot/asnets/experiments_numeric/domain/problem_module_divided/drone/15_pddl_problem_8_1_4.py,292,932e9912d69ee0655119ec8d8b062d856546c33cea45c53f16abe94ac7882818,df0c548ba46344f2bdeb73595dcf9c0523786cc89e36f60291b8e5e05ba88d67
source_snapshot/asnets/experiments_numeric/domain/problem_module_divided/drone/16_pddl_problem_8_1_5.py,292,df8df0e2bdb358642c8725cd375e7e8dcd134b8c65f529e8302f941f94acb1c6,7f6fbf388c8dd376b9c111072cfd969f15fc1866a6b2baf135a33b3ca22493ce
source_snapshot/asnets/experiments_numeric/domain/problem_module_divided/drone/17_pddl_problem_8_7_1.py,292,12d0665adf951dbf40dac12e90fd62363a2882d6d524d767d9b8063d022f487d,ddbc65bcd8f640f4697a63f18174af4e0c26a3957b7f5b16256669d22e3ab720
source_snapshot/asnets/experiments_numeric/domain/problem_module_divided/drone/18_pddl_problem_9_7_3.py,292,3ef9553654ff45bc06dc14c05184b99659aabcf0ab27e5a7dee124d25a13bdba,93cff09ea33cbbca65fedb2e4eb5a882d158303388970765c8f21a2266f6651e
source_snapshot/asnets/experiments_numeric/domain/problem_module_divided/drone/19_pddl_problem_10_10_3.py,294,c6955af5638464ba7ce856af6ec3b530f5e0ac85e1ddeb9ab4e61d581a46ce82,429e814505bcafcfa6e7aebdc0fe4f7cdbf9514c055ea570d0ad4068aa67a55e
source_snapshot/asnets/experiments_numeric/domain/problem_module_divided/fo_counters/00_pddl_instance_2.py,254,5829b851b9158d1a64d503378e033fb6f8049e39621770047cef71bcb9c9e5ee,e43e00a68c16667c818dc07e55b5685a8a395fffc456ab68a05d17f9966296ae
source_snapshot/asnets/experiments_numeric/domain/problem_module_divided/fo_counters/01_pddl_instance_3.py,254,c6d6430cfd6eb6a980118c1ba35dff962c243bc15b96c158e485e56f606797dd,ba43473cd311e673ebcc81f8ef6f0b972d415704eca29143eba6af600569e640
source_snapshot/asnets/experiments_numeric/domain/problem_module_divided/fo_counters/02_pddl_instance_4.py,254,5c9a9900b3d78bab9fc2dc06f937bbfc129ab74cb80cf20c0610a044956b03ad,ae5c30dcb614340096943c777ffd84d34f8366ee24d24f0dcc8ab87aa81b400e
source_snapshot/asnets/experiments_numeric/domain/problem_module_divided/fo_counters/03_pddl_instance_5.py,254,a5ec07d4e52b1aefce859df834d1073fafee23bc94d29bf69990bc89bc34951f,9f538d7e95b19852cd11551764680763cc70757a53eb87b3a5e5f3af6774d453
source_snapshot/asnets/experiments_numeric/domain/problem_module_divided/fo_counters/04_pddl_instance_6.py,254,7efcb84e89dab8f21cc856ec8448b41c6690ae04e4e6fee67c5c56244884e8ca,0022a4271a27ca8977dbe170cfa457e52dfc5cb6aa2d03590fc84637c4c375e4
source_snapshot/asnets/experiments_numeric/domain/problem_module_divided/fo_counters/05_pddl_instance_7.py,254,38779e2b304d0abd39a5f7b09c8681b2570d631564d0bf503e9c7cd9b018dda3,d415f2d74efa3eb8b9c23b660df39aa400e8784d315219c513dd3bc315278199
source_snapshot/asnets/experiments_numeric/domain/problem_module_divided/fo_counters/06_pddl_instance_8.py,254,fc5864c6f244b7b3e502d471c87e56eeb53ca45ffd93ab0eae703faa3fcab3d9,bb7f340247a25f27bddf5ff6d5bfeec6d54cd78ce9bc44052ed006d9d333e4c9
source_snapshot/asnets/experiments_numeric/domain/problem_module_divided/fo_counters/07_pddl_instance_9.py,254,28b958caa2ca3eea103a7dae27f5ecd600167ac1e1be9a0bbf34cb4291ef27a9,bdd349b0a9f83730d802648f52f1450ff8c6b4db4b95a58789e9b0b869402f8f
source_snapshot/asnets/experiments_numeric/domain/problem_module_divided/fo_counters/08_pddl_instance_10.py,255,2c9df48ba79cbf6662561aababf488771b3f34219353a2c90974d97bb7b94b34,66135b6f2e3d6d7ce2d517990ec9e92b7d0d4d1d96820bcfe2b06eb9aeb5f55a
source_snapshot/asnets/experiments_numeric/domain/problem_module_divided/fo_counters/09_pddl_instance_11.py,255,4240f0356f516f85120c34c7aa97faf5e461b2e987485c19929f6d9416454544,ec2786f76f0336a048c56f254d6783e87b0ffb0ae37759a24a0098001461a705
source_snapshot/asnets/experiments_numeric/domain/problem_module_divided/fo_counters/10_pddl_instance_12.py,255,5947cfb43d89c0b902e0ecdb0000bb34ee0b5382e43ce0a494783960f0234a57,c557652ecaa4ee447270284905c51c62e6062e49bdf245cdeec837c3f92b97ce
source_snapshot/asnets/experiments_numeric/domain/problem_module_divided/fo_counters/11_pddl_instance_13.py,255,6a9ffd85dfa637924fcdfd5a2cc45e400d81e588032fd2fda0e8ed59fead76c2,3337b6fc8e16b8831bf3ed28cca4e1fd7b199c2a161eb3eb650ff4546d99decf
source_snapshot/asnets/experiments_numeric/domain/problem_module_divided/fo_counters/12_pddl_instance_14.py,255,dc270c9118782ac141a1f2e49efbb078fdf93103cb65dbd8debb1e4a36f913a5,9d0fa413a049cb25580e3a370248cd3d532a08b56a8c0adbd851a37aafb9ec4d
source_snapshot/asnets/experiments_numeric/domain/problem_module_divided/fo_counters/13_pddl_instance_15.py,255,831499e962e2d469b98faf78802e49542d8c69016c4c71b677f40d92558566b5,6613d5f60bf55e4aa08b47d141b640c006c6275009fe7448f4ab20af4998bc2c
source_snapshot/asnets/experiments_numeric/domain/problem_module_divided/fo_counters/14_pddl_instance_16.py,255,7bdba560261f9c820f6783a7cc3b8b74aeca3768cac3c80c683e5abc541962d1,222f88b88319572b94764b3a5faced703b72be7a79f2eb37cb88e76f051c7723
source_snapshot/asnets/experiments_numeric/domain/problem_module_divided/fo_counters/15_pddl_instance_17.py,255,24c197d66fa232f09c22dd40644a1075963ecbb78244285eaaa4d9b4f461a5aa,51386e4cba069b57536777f37612579ae8ed856725181c4caee609f1d7e58645
source_snapshot/asnets/experiments_numeric/domain/problem_module_divided/fo_counters/16_pddl_instance_18.py,255,1e9e828212e96aadc5eafd894d9e23578543e4d666dbf69d1ab6611466f2b8d7,c57760d33be4a9e3a35c9c5e1ff4385548ea394a58eb0251fdc084c79a79146a
source_snapshot/asnets/experiments_numeric/domain/problem_module_divided/fo_counters/17_pddl_instance_19.py,255,08b859a653ad846a01c5cd1a552cad3aae9c76cb26bf79394a84c722e01f30e6,56e544eba9ca8fbe9c2e3b11124fd20dbb0af944d5c2e5cf3a6f00eb6f11a337
source_snapshot/asnets/experiments_numeric/domain/problem_module_divided/fo_counters/18_pddl_instance_20.py,255,33677863495c4167161ee2d1a18bce8bdf666f511d83b5eb076043fc6e370feb,fb191db05ffaaf77f18aa5f14791a4ac75e95ef0435b1954a9f5cb866ae37d7e
source_snapshot/asnets/experiments_numeric/domain/problem_module_divided/fo_counters/19_pddl_instance_21.py,255,24aa2fe5661993b932d422a085500aab35049dafb08354025ab5534fb6d9a948,d4f201738fea400a409be57e78cefca497fb5a8bdc87652acbe9ad7aaf3c73cc
source_snapshot/asnets/experiments_numeric/domain/problem_module_divided/mprime/00_pddl_pfile01.py,263,5ad10fa4224d02936a74d23d1b9b8ed479b12a520cb6c92d7eab65c280e79aab,75aa41196172143ac4cfd7c75114dccc81a2fc7840370058be22bde979bed335
source_snapshot/asnets/experiments_numeric/domain/problem_module_divided/mprime/01_pddl_pfile02.py,263,15f51997c065a959197d6e19283c07a769c2af67ad54b1e693c07e3d260752fd,45ef8c3860b4f8aa6c85aeef8070f0872ccc89171c1c92168678a9d6c59a2890
source_snapshot/asnets/experiments_numeric/domain/problem_module_divided/mprime/02_pddl_pfile04.py,263,9a39cbc5ad5cd7675e21e5b7d45afa368fbd4eae6963d30824cd58d10210e818,1dc1af80b12fbac87baa683dadc943a40a8a0a4a52529f5c39db1a23cd5a154d
source_snapshot/asnets/experiments_numeric/domain/problem_module_divided/mprime/03_pddl_pfile05.py,263,75eb36d866695bcea992dd2276525c8286095cf5b4fce7ee2b233e5da28b444e,e142fba4b80c36940348f5208351ed97672ef3dd54390f894f5ed6eff9352456
source_snapshot/asnets/experiments_numeric/domain/problem_module_divided/mprime/04_pddl_pfile09.py,263,d235efd7018299319d3e2315d2a44f8d2d94df7c585ff335d8ab142a4e68ed43,e26e3eab592c7ebfe13d99087d414c82fb1ec286f520c627253ffd4f4c412b05
source_snapshot/asnets/experiments_numeric/domain/problem_module_divided/mprime/05_pddl_pfile13.py,263,02f25d7b5d73bac5404ce66864b02b64db99fbd991f6ffb685afb5ff00529df9,e264966bb989d955b4e774f3a76478cb4b36d5a926376fbd4dc5fe1bec81c7ee
source_snapshot/asnets/experiments_numeric/domain/problem_module_divided/mprime/06_pddl_pfile14.py,263,6ee327855730b19ac286c0ac57d5bf4d65c0f87fb7b2f024502b9c5805459be1,9ff466d89d3b51028c8f008c3e6cc49d7257c71a0e574d5d1ee70f4abba3fe94
source_snapshot/asnets/experiments_numeric/domain/problem_module_divided/mprime/07_pddl_pfile15.py,263,36b2fd8746702e9db37b223f7523f4e4e1d78a6dfcfa8b28309c76c81fa6d5fb,df5095067b430aa057b7efda03f36cea513707168b9b36be32fa9a2867dc5726
source_snapshot/asnets/experiments_numeric/domain/problem_module_divided/mprime/08_pddl_pfile16.py,263,3980c24110346723c38803549dfd88ebbb1d6cf7a3bb16c757a60cf72610819b,8a120fd30bb07930b1ed84cb7e40ccd84369d7945425860f8fc92ca81b90deb7
source_snapshot/asnets/experiments_numeric/domain/problem_module_divided/mprime/09_pddl_pfile18.py,263,6e2ce025313be2feec156c3f27c53b1c19854a49864d61e00062390a5b319d12,b16da287a0b698e7a11649e9c27a29fda8c794f866f336ae9dce91b4a54b7fa1
source_snapshot/asnets/experiments_numeric/domain/problem_module_divided/mprime/10_pddl_pfile19.py,263,db9e33d007ba1b931c41e677c816e3be5e0f5051526cfc5a53f008905fa144f0,404f2420ab19e15fd9fbeec2d4c9bf1c81228bcbe20d9f356688ad382b51540e
source_snapshot/asnets/experiments_numeric/domain/problem_module_divided/mprime/11_pddl_pfile20.py,263,b8e46eb2e4b0de853ea800c8fbbc482062505e1e9bd3c1e1eed1b7d0c4b4868d,e2356b3a1d4265ccbf2251ffc45bf88bce518814cc37c436305f135170a0f311
source_snapshot/asnets/experiments_numeric/domain/problem_module_divided/mprime/12_pddl_pfile21.py,263,050409489cab178efdf5df2bd02fc2e56a2ffb37a4e231cbaa751d5b921a7a4a,ad499a78ff7bf8955b1e66b0ed3ceb1eca37936946890ec287d6fe6ee222291a
source_snapshot/asnets/experiments_numeric/domain/problem_module_divided/mprime/13_pddl_pfile22.py,263,9a060f6e79ac27fec3ac6bc623dd9f43150fe66dab0929253790d95b3f6cc50a,7e18792f6000658529b176aedfd68a2bf91844915a641912ddf923ecfcdb5a41
source_snapshot/asnets/experiments_numeric/domain/problem_module_divided/mprime/14_pddl_pfile23.py,263,66c923229abae139656a1b3d86552b46bedda767c2a58646135ef557f2a41a9e,dada8e85a16afad33b5db58e1b359283d2dd6df5326f77a34d5d2d007cb4f875
source_snapshot/asnets/experiments_numeric/domain/problem_module_divided/mprime/15_pddl_pfile24.py,263,d29ebf31839381edf49413f335a32ff47cac13ae448e04d9b40861d40828c534,b65c827094ebbd60820b426a0184fbb84a2c0366ceb66a5489378f05ab3b9f71
source_snapshot/asnets/experiments_numeric/domain/problem_module_divided/mprime/16_pddl_pfile25.py,263,b659161e21127223d7b4915f3753494fc207d464be064fec672bbe95156fcae7,ea3247d223036309a0b7563b5c8ff60d58ff857d01360f77454bab4ad1b41321
source_snapshot/asnets/experiments_numeric/domain/problem_module_divided/mprime/17_pddl_pfile26.py,263,3e2a42c74c533bbc765d54eda9d1730ff4a5742bad80378b1c5f8f25f49b3f6b,96e5e201e0a7ed9ca742106a030b02e3e479a53affbe5055fcb38222761a2bbc
source_snapshot/asnets/experiments_numeric/domain/problem_module_divided/mprime/18_pddl_pfile27.py,263,c90e19c504f020a39d32ff2bff35de924ebd7941d6af3d3999bde1b343beb65b,16ea672b32d3652df34875643013227a38d3373d7845f48fb8783ef423e7c039
source_snapshot/asnets/experiments_numeric/domain/problem_module_divided/mprime/19_pddl_pfile28.py,263,1146b2d394922277148b64afb9125f8d392f39eaba9f010e9b1be3161e94ea2e,b611dfe2a45947755de747b34c7e989137424ee11443cbdf5d29ff8a993ad254
source_snapshot/asnets/experiments_numeric/domain/problem_module_divided/rover/00_pddl_pfile1.py,252,a9c46708983ce8c1c0e416e84e156cdd7038617385e55e3f0b3eafdd822419bf,e58cb73857534a2d25e352bd527db18d6b4efb171687ccefa1ab9b8a6bb4a5d0
source_snapshot/asnets/experiments_numeric/domain/problem_module_divided/rover/01_pddl_pfile2.py,252,b79db2a92654e21f86da7ada4a10b24fd7a59d13bd4bb2717946e44ce3615a74,8c089e3fc140e155a1ab8ff91b732850ddcf31d4db6d7dddcd303523a6370655
source_snapshot/asnets/experiments_numeric/domain/problem_module_divided/rover/02_pddl_pfile3.py,252,bc858ab5b2dda10a3ea0a2a1b32901655701092aaf8ee6ff86cf1fdda45bdc8d,e7c4a9d956ec97fb7791ed19489a84943ca31a9b5965af2e964b3e4f5dc1b6f5
source_snapshot/asnets/experiments_numeric/domain/problem_module_divided/rover/03_pddl_pfile4.py,252,e6b045cb60a0ccea864fd83865ab9a7e9ff551640e241d945ea384a9a3ce20a2,e30c80450b58635603f9fbe8a5a68560748a62e346786539f7014483e0dc8d60
source_snapshot/asnets/experiments_numeric/domain/problem_module_divided/rover/04_pddl_pfile5.py,252,b97fdafffa8580483f1d619c9d9afef19fd3ff3195b210cba69f9b794b24f05a,4b0b21d158ff51df8ad811f0dd671a34699d01b1685c5124d55e72deb6c2200e
source_snapshot/asnets/experiments_numeric/domain/problem_module_divided/rover/05_pddl_pfile6.py,252,80cc495965512fadc24734eeafcfcaa7b1046b190149b5abb0adbf864c0c279f,04917f588eae22d534dfa1d27f35d4622b3087a5d92d071c6ccb28f4623d2e6a
source_snapshot/asnets/experiments_numeric/domain/problem_module_divided/rover/06_pddl_pfile7.py,252,278687650ce7d60b1c19b5c1cd791b79af8dbc5a0346bb1ffd947519d50c7833,e168c2feae87bb930c996ea01da02e5c88652448edebd43b5d0e42ea799189a9
source_snapshot/asnets/experiments_numeric/domain/problem_module_divided/rover/07_pddl_pfile8.py,252,7f94a4fb1858a4177b35147d42fbbd4342489d1603dc9208524502f51c3d5fb8,400043374f49cb9ddd5068589b1e8713775d57c016ab2c16b5ef81f5359865dc
source_snapshot/asnets/experiments_numeric/domain/problem_module_divided/rover/08_pddl_pfile9.py,252,754964a94b6f90f515269e25e9525fb886040bf9811f24f8449e501fc27a7184,5428ac55f26d2bf54b3d35c8f19675ab29ef692b5612ca2279c0d696fe42d328
source_snapshot/asnets/experiments_numeric/domain/problem_module_divided/rover/09_pddl_pfile10.py,253,d918bedc5761bcd5a5e571ed426838e75d738f47143939fbf84ad28a6a2c0e6b,f0f026a04239f1bbd1575f316353c5e69ef34aee30f9d042cfee80b64b06144d
source_snapshot/asnets/experiments_numeric/domain/problem_module_divided/rover/10_pddl_pfile11.py,253,3ff4c04fec367b3b5b1dd35a557daf7952b5ebfa6ee3df0b46c136049163e473,f483493682eefbaa7f7216e1848f27c30d3689cd6407e01252b5b5aeaa9f3324
source_snapshot/asnets/experiments_numeric/domain/problem_module_divided/rover/11_pddl_pfile12.py,253,af612e9d262ff630ddce217f7227823f77cb90076dc81731df3c57761fd755a5,3e294ef9316b773f897539532abbaee57a296d4c44e188c51a43adfbc981a6dd
source_snapshot/asnets/experiments_numeric/domain/problem_module_divided/rover/12_pddl_pfile13.py,253,3aa2b932503ac56736b8d88962c697056b118df752f491de60054724cb3c97a3,7d359c0af841bc1d67e94636bafc7fca068f40e904117f1676157464dcc2c77d
source_snapshot/asnets/experiments_numeric/domain/problem_module_divided/rover/13_pddl_pfile14.py,253,24afe0c2c52961c0c99cdfe757143be6890cc6a367e844a65a8ce6e7baa690be,c7448a3b7cce7ac1766e10803e3d9af0d7c614b0db8f33953dce82f4d6315a1b
source_snapshot/asnets/experiments_numeric/domain/problem_module_divided/rover/14_pddl_pfile15.py,253,685d49c587e55d70a3627d53e72d1d6f20a0c3e63fc894727b419f917aecd36c,76ce95e003dd822dc945bf86bdd90e4c695d833dfccb7bf9fdf2d5324c1719d5
source_snapshot/asnets/experiments_numeric/domain/problem_module_divided/rover/15_pddl_pfile16.py,253,88e00c807ad3524f7225bdd040ba01bdef55c523bbd9205cbb085427ec6db3f9,5f9bdcfcb4e944df396b621ae11aead2addc3dd7bd9f47cb9026af1a9e0a6b97
source_snapshot/asnets/experiments_numeric/domain/problem_module_divided/rover/16_pddl_pfile17.py,253,02bb225625cabb6f375579245d47a7554253e94e0488fe197bed3af87770bfba,2c10d638cb6303a444b4fbf45f87b40e6a3be30190d2d3925943b2982a4d0fc3
source_snapshot/asnets/experiments_numeric/domain/problem_module_divided/rover/17_pddl_pfile18.py,253,8b364e6fc5fc9ae33fc84da7012b1d27e312632ac13cf1e5bf269a3608895f87,027431059ae92d911bbea61668e03c7b33c358e28654bd36e907fa317c33c9d1
source_snapshot/asnets/experiments_numeric/domain/problem_module_divided/rover/18_pddl_pfile19.py,253,c8ad0bf5380fe78092bcf8968c763a02349543e7272fd80fbdd7af95c336ba93,e431492e2f89ada7cab447f4ed50ee6dbf08809b43ba6ad84ef65726f76305ea
source_snapshot/asnets/experiments_numeric/domain/problem_module_divided/rover/19_pddl_pfile20.py,253,22a4facd49b0d4c6fc062470243ae5f909542a90b41ec697f396fed9bca99039,16728556fe9c48d6ffd6a6a7dbc8ab8c7cfe2a8331214bdf3008dcba8be0a201
source_snapshot/asnets/experiments_numeric/domain/problem_module_divided/tpp/00_pddl_pfile1.py,230,62f1f1ab5ee4378d80977f474dabbe56f4f22f2341f8460442040b83e480b155,8be5e13801e2f2958ee394e0af5a42e55e5bb4376a61b12f50caf7c7cca09611
source_snapshot/asnets/experiments_numeric/domain/problem_module_divided/tpp/01_pddl_pfile2.py,230,ae210084a5acb937bdb351185a8a79105ca8150eb5d13680101d9af2e7fff2ae,3bae6ac08b0717545a1635f895f053e783f6fda9674695a4972c40dff0903907
source_snapshot/asnets/experiments_numeric/domain/problem_module_divided/tpp/02_pddl_pfile3.py,230,715a88ce1df5c6ecd861bdb7a8651e892a60e9924f87907fbad1abea994f538e,d26d9d0705d096825074680f760774b50179a02354f48eb76dfc7cca9f0d8124
source_snapshot/asnets/experiments_numeric/domain/problem_module_divided/tpp/03_pddl_pfile4.py,230,d542d9fe84c8194d4ce3b8b657d21ba26b00aa134735dcd84d6a4fa5618c8ff7,6c5347b503cd4acc3ee4552d0e0b4d98d27b65f337def37d2f899bce7db48ab9
source_snapshot/asnets/experiments_numeric/domain/problem_module_divided/tpp/04_pddl_pfile5.py,230,c19b7bc43db20cb1586f110e7fa3bf1f3e348d06c4fbc21ad911cce7aed82e2d,2b6789a5394361f30398eb5f09d7981173034b811c6fc56696e0565c9d6fb455
source_snapshot/asnets/experiments_numeric/domain/problem_module_divided/tpp/05_pddl_pfile6.py,230,0c2ce55e6177ca5b5757f84565bb7d6cfecca77805a5934d54345e3b64f7a541,72bd8b1bb3d4a529f81c9253aba2b6276743e427965ddc4623d859c8686c563c
source_snapshot/asnets/experiments_numeric/domain/problem_module_divided/tpp/06_pddl_pfile7.py,230,79be766d5f95f8f9c6447bad16710300dee94cb593ad198f55b0f5caea7d7c78,ff1a1a1bc4b43a13abb4125e8fdb2019049e3e45e633bde2441175faa749a654
source_snapshot/asnets/experiments_numeric/domain/problem_module_divided/tpp/07_pddl_pfile8.py,230,be49d29ad874aa4769ed7ea690ab9388c86ac1b1a224f71d7f18f7ed6ecc7871,4518ae28bd72e3fa7d7fc1eff3d2c9bef63e6288a60c453b8c65bded79f1aca7
source_snapshot/asnets/experiments_numeric/domain/problem_module_divided/tpp/08_pddl_pfile9.py,230,50e1bc08ab874d80ed6337dd6907855cc81c69c1dee4388d3994b7806f46c2c1,a3475cd824c8ebb8db4c78eff00fc9010d07faf0137087237a9fccc594b95154
source_snapshot/asnets/experiments_numeric/domain/problem_module_divided/tpp/09_pddl_pfile10.py,231,ea4f25265065b551382453e36c5c379521ed2d072b1f1080b9dbb22f11f90f07,2df28d159283ccc3e0d82ddf2f919f3d41e04a27296a489afdc6c25e1a1cb53a
source_snapshot/asnets/experiments_numeric/domain/problem_module_divided/tpp/10_pddl_pfile11.py,231,60968650d0cb9f4cb4ccda2e0b3650887e001f78d0d9b9ac1f95937050dab2e5,fa80bc8a96acfe63af3f159688bfa8ac589bc2d4af3892abcec557b79377449d
source_snapshot/asnets/experiments_numeric/domain/problem_module_divided/tpp/11_pddl_pfile12.py,231,aa0ae2a98e5cb7382b1602b367f37286fdbb9ea6bb76e0a113122ab9c067a6e7,cd7aeae5ef1db7f7957435dad771fac863579b44b11d8805e679f2fe7e4ccfb2
source_snapshot/asnets/experiments_numeric/domain/problem_module_divided/tpp/12_pddl_pfile13.py,231,7675a550613319f2d3bc140b091868e1ba193e8443a6bbd92a84428d2a0b1701,0c2acb00cfbe3af650bf155d6b09c06b57f87ed7f139b7fa2ec57549ae110438
source_snapshot/asnets/experiments_numeric/domain/problem_module_divided/tpp/13_pddl_pfile14.py,231,75c9e7f814b4bdff289dcc312895df6baad2027ead89be793a4e85a50920eaf3,1734c0aa3830fb6ba9a95e7399f62f2e0715f32422d15447f4a799fb00422aff
source_snapshot/asnets/experiments_numeric/domain/problem_module_divided/tpp/14_pddl_pfile15.py,231,c880d265faf1715a2d36085e2489f73eea896a92aa9a8d7bfed51bf3c8b3aeac,5728db716dcd94a224419efa3093f0986db0a17dd85dfcbe29a7a0e7e66c3b32
source_snapshot/asnets/experiments_numeric/domain/problem_module_divided/tpp/15_pddl_pfile16.py,231,90d3a509cce2ba36db1f489c9f2ac5042ecf7bc467c6c3a6f3fa8dbafeb7ae2d,e92d1b0ee19efe6b7a317b631b8b01a7b40de67e61bb6a3378607e0e16df239d
source_snapshot/asnets/experiments_numeric/domain/problem_module_divided/tpp/16_pddl_pfile17.py,231,33dce8cb2e6623fe4fad0d1e753fa0271bcd0fd9571e5eaa3677184f2aa9387e,53c9ac342af119385b40e02ac968549c8350a84a8b81d8f9d027d9cd13d9e4c5
source_snapshot/asnets/experiments_numeric/domain/problem_module_divided/tpp/17_pddl_pfile18.py,231,7460795cf6c8be202e608a613628cc75dd69792dfc0ec25e29658c878f32cd1b,038f68c6f01c19c6a544314ddf656f72782b932ec43e50b64bf374d1c35811d5
source_snapshot/asnets/experiments_numeric/domain/problem_module_divided/tpp/18_pddl_pfile19.py,231,68d2a41ffdccba7de4adc3c64b89b18c640652e7e145d64ffabc1468e421d1ac,43ea9044fd2ce82cd5297d7c3701fc2225b2a9c57991145e0fda4d5f59755c09
source_snapshot/asnets/experiments_numeric/domain/problem_module_divided/tpp/19_pddl_pfile20.py,231,93d642be772098e79f1793d8a778aac773b70739ca0d2dc49ce2c900a6be0bff,0203a701bbdd35408a2365e4e74a408a175c08f733c08ccf86b33226a26e1a87
source_snapshot/asnets/experiments_numeric/domain/problem_module_divided/zenotravel/00_pddl_pfile1.py,312,c50bb02d3facc039e93ae4a6096d635705e8d2e11955b7d7989338d9f9d5e66e,c9a5e176afeef0f6517ab678ce8fb13c1b39d96e95b13022f4328ac388e582a0
source_snapshot/asnets/experiments_numeric/domain/problem_module_divided/zenotravel/01_pddl_pfile2.py,312,bce6ca149294877559a37df8b9f43adf1a125d1d5f4b40eac41503cbf42bc015,2bea3a6aebcb5136d46cfb5ab9e47f339d116686210877ddafee7bfa8a8d0702
source_snapshot/asnets/experiments_numeric/domain/problem_module_divided/zenotravel/02_pddl_pfile3.py,312,e4c0f0d10de5c52d75cc34c30b5ca4f030ad61df46e082abe83681c5b303460d,2e511b3518c2b359300039745cf0b4a977e97b4ecbbfac1030fc3bc43caabb2f
source_snapshot/asnets/experiments_numeric/domain/problem_module_divided/zenotravel/03_pddl_pfile4.py,312,b90187aa66b3e509b965ea83f4d0bbd81c09ee102de90d9cb824e15fad4cccd6,6bee2e60f5898277df2bcd0a6642d0c08642e52f238c27c68dd4716c0a68174e
source_snapshot/asnets/experiments_numeric/domain/problem_module_divided/zenotravel/04_pddl_pfile5.py,312,85acc8e95410f55f4cf6dcded84e58483488c124edae3a34875d975fd42ffed5,e12d159f4e527cc9a2d7da32be6a5a820580d35128849d4576186ad04e01c9bd
source_snapshot/asnets/experiments_numeric/domain/problem_module_divided/zenotravel/05_pddl_pfile6.py,312,0776518d33a589b3f9debe82a12cce1ffabb8e0d961684847537ed8d6aaf36e8,c41be16d8f275a90ff3f0b74b875604b4754ee9661bef763b84180837aba64e9
source_snapshot/asnets/experiments_numeric/domain/problem_module_divided/zenotravel/06_pddl_pfile8.py,312,49e45043851830b77da3c96c8807fc4b7711b987a72aed894769ae0c561b12d0,5cd2720d96fb6214c9064a928280cde4869d95b510d41abae2d119626e9add6c
source_snapshot/asnets/experiments_numeric/domain/problem_module_divided/zenotravel/07_pddl_pfile10.py,313,4dfdcd053a99fdd836738006b2c4cf3292215b01cb885dd6ab43d057036d124c,73907378a94fb393b1b298e90e1aca652a218f20291ec3f71266efcc4d779c90
source_snapshot/asnets/experiments_numeric/domain/problem_module_divided/zenotravel/08_pddl_pfile11.py,313,c73031fa5508dc37efa79343e05048c2f9ab3de297ad63086aa924b6917ac0d4,818336b53aadedd174c333c4246b2a37f995b531c0aad7aaa8b5592acbb0eaee
source_snapshot/asnets/experiments_numeric/domain/problem_module_divided/zenotravel/09_pddl_pfile12.py,313,9d2afeb2fa134d6f01c1d1e66492e55ba0a3e1dd835eb9d5cd7e6cb1266e14da,621196cb8434cf005647ada5a1fd2ca3de56d9c70c9d2cd1484c41312f4ffbf8
source_snapshot/asnets/experiments_numeric/domain/problem_module_divided/zenotravel/10_pddl_pfile13.py,313,69fcc5f90d8c008c8861b3fa14fbe5f4b55e1381a8e738ad5e2700e5d207d36c,6d20728a45ebf7497a37f89dca438edc9a9f8a5fbfce5d1c24c2de6170f17e77
source_snapshot/asnets/experiments_numeric/domain/problem_module_divided/zenotravel/11_pddl_pfile15.py,313,8ce9ea276f4ce2f18b582f0421a7f3ecc49eeb343022c3f323a7cf650c42f773,9c9f1254ab9ebb170251a52cf71cbf47d72e8314f83ad328bba7e5c3c9a2fa71
source_snapshot/asnets/experiments_numeric/domain/problem_module_divided/zenotravel/12_pddl_pfile16.py,313,5b2005745987e83a1b06b6aeca68b8dd665d9bf15908edd234d2d9a56cc536e6,ac4790e6695941dace1a2c8989da943f2ff28e7cbd56afeadd489ce15276a542
source_snapshot/asnets/experiments_numeric/domain/problem_module_divided/zenotravel/13_pddl_pfile17.py,313,eb20739c43a869e16988228f1c84c8e5ca9920e0d91fb931834d49a5cf204539,f789986e25a65f313983ebd5caca0fd2fe3698748a1d3ab495d4d988e68197b7
source_snapshot/asnets/experiments_numeric/domain/problem_module_divided/zenotravel/14_pddl_pfile18.py,313,b71342a9fa4955ab9692236a7d300d7e004a88097d60cc11291f3a5f93f1bad6,136e4935e4d5b2443730c369cf815f51f906348ce6aca4a8707c3e4b459cbab1
source_snapshot/asnets/experiments_numeric/domain/problem_module_divided/zenotravel/15_pddl_pfile19.py,313,ff3f377eab3566335e7b1c21f04a6e142ea56701094dbcac0eba0225b77a8fe3,9d4327c744671daa4cbeb0159d4671cbb3da0c115cb12780fd0504e77715756c
source_snapshot/asnets/experiments_numeric/domain/problem_module_divided/zenotravel/16_pddl_pfile20.py,313,27b1a461a411e77a34c0238e06544b874b2540e00d47d417cdb49146638fe3a8,630c18070bd40eb9050cb882b78b2a1ad39fccb6075ca3adc5a6bd38aace4816
source_snapshot/asnets/experiments_numeric/domain/problem_module_divided/zenotravel/17_pddl_pfile21.py,313,5d4d627ee58a4df5449d3a2992b6b1bdb64365bd968d680da0191293e10dd93c,cb73176c15c342c8cf4aad2b798d942c84b14437117623adcead66ade9a88905
source_snapshot/asnets/experiments_numeric/domain/problem_module_divided/zenotravel/18_pddl_pfile22.py,313,3b7db583b94c9ab4510e296cf97041d62790713036e23f771f87f041fd3ee5d4,369657218438b7d0514e46fd6b86631ef4ba40629149e8c319c01a13f1072bbb
source_snapshot/asnets/experiments_numeric/domain/problem_module_divided/zenotravel/19_pddl_pfile23.py,313,d2488a3cd9ae963247a4bcd5e733df1eab87ab15020d8a113849ee5aac6d1188,b53a5e43a4aec0965581918d569b4a5095bd18b056b84457e0639c8152afd7c2
source_snapshot/asnets/experiments_numeric/domain/rover.py,1410,ca3471bda3808499e5fc02059e4cee62248aab1ae4392f390136b8e4ef6dc155,d983c04b8b99960a77156c9d62f0c6687b6af8168df26021d0d2942e98838b65
source_snapshot/asnets/experiments_numeric/domain/sailing.py,1354,1994e2796098420b94f66de481f9952a431e8a594553264c815e21290ae13e85,34aa2c6569d701b1deb7f7e94d0a6c2e44836f6eb8f0990b57b0d075777f1452
source_snapshot/asnets/experiments_numeric/domain/settlers.py,1171,afe91a21ee73a63af235411e263cbe671cb7be1fe150dfa90db10592f65cc337,fdad19c18912534cad7d3f0abf015263edef99574abcb8a198e3e86e1f006dd0
source_snapshot/asnets/experiments_numeric/domain/sugar.py,1165,3a6680a0037d8d3217bff29d10bfb690eaecc8b84ae901593ffd783f3447d588,252195e0ff7559e765406d6189c7a1c53ccd48b7974103c6d42078397939025b
source_snapshot/asnets/experiments_numeric/domain/tpp.py,1396,64dd03f96ad20548da684eb7ee6b7fce45a8826b66bf28d99bdffd194ffd0b91,d1d7dcd4e4d2bef3e2c5aaa18641c826636ef7b6f3bc7284c9db58677778bb0c
source_snapshot/asnets/experiments_numeric/domain/zenotravel.py,1502,0cc4d31c15010afb9d62095106c4b4645379f2c66d40478846cbc5ebf20f9428,d254da2201aec4fb59079e4e5638e23d7f3286254bf504b35de5058a6753696d
source_snapshot/asnets/run_experiment,114,b5f6ec4d7c11bf1386c55c75264a453821c2f45298e5b2e44a276ec9769998d9,6abde025cf86775db3a69be2c3141626922e627584f0cb4c9467f9dc3fcfd5bd
source_snapshot/post_training/__init__.py,0,e3b0c44298fc1c149afbf4c8996fb92427ae41e4649b934ca495991b7852b855,e3b0c44298fc1c149afbf4c8996fb92427ae41e4649b934ca495991b7852b855
source_snapshot/post_training/action_selection_policy.py,13302,bcd0722cd0152aee1810d138289e937d88419e4cd6f26c57ce883a55dfc8d2a0,dd8081f33a6c2c415904a6e33e9562ef0b9ec2e3819ec6cb97b9c4ada387887c
source_snapshot/post_training/enhspwrapper.py,9103,31818308e6d41e5355397d5412c38842be3f2fdbefdbf141bd972da7fd409312,bfc705262fbec979aba0a74250aa206ed331d6fa41e661facea1f5f3fa7be3fe
source_snapshot/post_training/monte_carlo_tree_search.py,33720,51042f46ac9b66ee664ff313f7cd4e852a66276f27efa9f4208e1034661e2b09,f97db29138e2f554ae02ce4376cf8f357458552144a7c4d4d310d4fcce8c4314
source_snapshot/post_training/training_mcts.py,27834,0e1dca36cf199db269c99306bc4e743d60093f2f4f29cf95e4bf5b84b92160d1,0f78c8e1adb0a76c96fa87ceba59b4f7b7b736e900e54d0a866b4f87e87fe7b4
source_snapshot/problems/numeric/counters/domain.pddl,1027,12b637d6d9f581b5642fba66df5d8b42ae00db467e1f5fd04b9a1155f638f8e6,47cc0698388767226a773a845ef70a417b4dd95f7afb092d167e0a4a60435252
source_snapshot/problems/numeric/counters/instances/fz_instance_12.pddl,905,83b4bb82cca75623f7ccb470e9b42bc3c518c3dad9eb70a478d16255a3155793,80c929eae4b53c0c10b16f3429fd6511276d2fb8c9c2b7d8d342354e34bd0d9e
source_snapshot/problems/numeric/counters/instances/fz_instance_4.pddl,440,2a11b9347eb442cc7a5a427e8598bb7e100f01bd3eb25643cdb9a4e9642803f6,9cecaa12460bbb0aee57d2656d777a1ecbffec783197816556a44a98708bf402
source_snapshot/problems/numeric/counters/instances/fz_instance_40.pddl,2571,404632a1be35e79addee44da5c4908d198916e73c1bb9fc696e991058d5b3a34,3e59e069b62cd42f13c0c9cd6845fe07d8e93ca0efd428733139701541d85c15
source_snapshot/problems/numeric/counters/instances/inv_instance_12.pddl,902,74a2eac01dd8a380662f958be9297364875767c7f4b1069d66e664a90386b7ce,bb1123315301e4aca5a5ac2f9fcaa7ae9f6942e6bc008eb52d4cf7f4237ce312
source_snapshot/problems/numeric/counters/instances/inv_instance_16.pddl,1146,099560d937070ca13ef01a43b23a0d24055f6eb3bb468e586158b33610931e9a,066ec2240c835937a946dcc3a08f245e71d7a2ece0b07ca5d3092c07b73383f8
source_snapshot/problems/numeric/counters/instances/inv_instance_36.pddl,2366,78fb4bc4f4977bc6e3bb9e23eb92cb6ad464edfdbe8c8015ca34958e49d71aad,5be6fd196d451d2287ea3408a098bfa0d448b182de014de88c59f82e20a5edfc
source_snapshot/problems/numeric/counters/instances/inv_instance_4.pddl,438,3e56fc4d3f338477c82d09303876a6e9ed36483c568790af199251abf1d363d8,20fea15b9582a73f58dd8c554969c7159fbc7b337c0f2baf670445a4b01faff4
source_snapshot/problems/numeric/counters/instances/rnd_instance_12_3.pddl,900,b19c1642172d82ba3c9363d9a5a68ed033a926da8f89c72dfef00ed745093ec2,a84632e1dda416681d52bd3f5d435cfe3b216c83ef2fe961690571b74f5f71a2
source_snapshot/problems/numeric/counters/instances/rnd_instance_20_1.pddl,1389,f83dc1aea5c847e292ffd8aea176cc34854f44e4392a75e991492c87352a1efc,73e99ee3406ee7f26f6a4631ac58f555d653e6413c6b65b58eacfc3e9410a8f3
source_snapshot/problems/numeric/counters/instances/rnd_instance_24_1.pddl,1633,2e13c3dd17ce9cc7dfb2c3acfa896541b411d188b17c99575bec3b160510f05a,48648070b3cef63d8c45b621a6183662de4769a86edc8dcc85ff4ff20f3ea72d
source_snapshot/problems/numeric/counters/instances/rnd_instance_28_1.pddl,1879,a40e8fcc25e547480a7f67b95d7c1b1729ff4ac17545221e7fdc238eeff745ec,c49f21d4922e1874033a7483694ecda55eee827a505452f4c5f50cfa60641411
source_snapshot/problems/numeric/counters/instances/rnd_instance_32_1.pddl,2119,cb2e8855a60bcabba284b517ccbaf6f5537adf6712e78d4ca26899209923437b,d5ca18ba8a4651c9db7c8a83ce0a618a35f71f4affc0c360748b1020a01a69e7
source_snapshot/problems/numeric/counters/instances/rnd_instance_32_2.pddl,2119,3abeeb53eec248fd4faa650abfb04562ce5ad063f08dab59e0e5def779482f4e,547be6717d2c4ba860439a52372f7f800b7afe1f570345c082875094d0bffd4c
source_snapshot/problems/numeric/counters/instances/rnd_instance_36_2.pddl,2362,8d32c636701f7de897d4b1aa38cdb7740b442db9462828b13d54d7d3f700e205,d2c6622cbb6c65aa24c57e1447fd1d6ea88d682c9e5b2f78dfaadbe80c90d905
source_snapshot/problems/numeric/counters/instances/rnd_instance_40_1.pddl,2610,7d0c00c9bfc1899cc9f9da6bad6a78c1ba6b69c5dfd64ebb97a94e9dfa5b803d,884ec0a5a06952d0c2f9f85ff39d83bbf6f5bf307b7d70c51453ea89f5a34e3e
source_snapshot/problems/numeric/counters/instances/rnd_instance_40_2.pddl,2610,edf9373885f67205c98e07fe0ba427e0c56dc2591fdfb770bf32d6a0a894c96b,ae66f06c83a69e4feb842e8cafd009477d98dba0992bca58951922a9abfcf280
source_snapshot/problems/numeric/counters/instances/rnd_instance_40_3.pddl,2613,f26da2e46d77f6c016cead3cd20a13b9b2ef72607b5d3d7fa3785f2bf93eaa11,d517c9e806211f99341110f7160bff1fbf51b2e45a858cea80376aac9be96310
source_snapshot/problems/numeric/counters/instances/rnd_instance_4_1.pddl,436,1ff9843d63570c84beb73f487a86622a2bd0a23d814894dda271831ccdd5f57b,91d9c9e5130102468a820407b67dc89be763e72e759b740e427ca0b968184644
source_snapshot/problems/numeric/counters/instances/rnd_instance_8_2.pddl,664,f76af4f3079b44c1ce8713c98254a0a3a65d339000c4f48e23865c3583e25f6b,630f12c8e2942f340ab878d717704237524e0058e071d6f2114c063f1bced825
source_snapshot/problems/numeric/counters/instances/rnd_instance_8_3.pddl,664,13719eb665d5f14ee869ccc18f505f29a9a81a674056810a89cfef475a9023fc,bb96f236e38a7f8814d638fbbe781ced5163657bb3b1542801d8f75ac4b2edf6
source_snapshot/problems/numeric/counters/valid_easy/pfile_1.pddl,426,90c670905779a74aa650ce955d7efd1a508c1e18b1c532208f1d4b160166671e,90c670905779a74aa650ce955d7efd1a508c1e18b1c532208f1d4b160166671e
source_snapshot/problems/numeric/counters/valid_easy/pfile_10.pddl,369,48c5629bc702debecb89a038248531b4faf0228f4b749a4d00f5d1d7b0b12638,48c5629bc702debecb89a038248531b4faf0228f4b749a4d00f5d1d7b0b12638
source_snapshot/problems/numeric/counters/valid_easy/pfile_2.pddl,370,178f981f2378634eb4daee7c15ea364650329c256cd62bc54a567badd683e7c1,178f981f2378634eb4daee7c15ea364650329c256cd62bc54a567badd683e7c1
source_snapshot/problems/numeric/counters/valid_easy/pfile_3.pddl,369,7b90c5b13a28b89724cfc0c203fd4f16b2ee13402c18163e4ee46b45b02eb097,7b90c5b13a28b89724cfc0c203fd4f16b2ee13402c18163e4ee46b45b02eb097
source_snapshot/problems/numeric/counters/valid_easy/pfile_4.pddl,368,f24a18b380d83281daea1bb50f8f36280acb36653f50492bfe28db728082d7b2,f24a18b380d83281daea1bb50f8f36280acb36653f50492bfe28db728082d7b2
source_snapshot/problems/numeric/counters/valid_easy/pfile_5.pddl,369,be06df8a0af7ba9ed77a65c08a488e3fe03e5085175673ca1607711dde33ff03,be06df8a0af7ba9ed77a65c08a488e3fe03e5085175673ca1607711dde33ff03
source_snapshot/problems/numeric/counters/valid_easy/pfile_6.pddl,368,44e610e2926c417891fa2c410104f68be26b8f9daa157c7941f9990d2a23172b,44e610e2926c417891fa2c410104f68be26b8f9daa157c7941f9990d2a23172b
source_snapshot/problems/numeric/counters/valid_easy/pfile_7.pddl,369,8c119c119c0342144ee1477f22b09523160c3c5fa53d7aaf10b62c841f70c177,8c119c119c0342144ee1477f22b09523160c3c5fa53d7aaf10b62c841f70c177
source_snapshot/problems/numeric/counters/valid_easy/pfile_8.pddl,367,41eca25f12b9d66ca4e96fbc10073bbe1ae88bb8d17b3f98686d1b4929c66f09,41eca25f12b9d66ca4e96fbc10073bbe1ae88bb8d17b3f98686d1b4929c66f09
source_snapshot/problems/numeric/counters/valid_easy/pfile_9.pddl,423,add2ec557fddbcd6cfa52a4c43f4983293e6e05158deea83f2358d302275532e,add2ec557fddbcd6cfa52a4c43f4983293e6e05158deea83f2358d302275532e
source_snapshot/problems/numeric/counters/valid_hard/pfile_1.pddl,596,ac3b2a6251e1d7d80bf752692cf9edd73b39c57a3474448149cb9cf257beb8d6,ac3b2a6251e1d7d80bf752692cf9edd73b39c57a3474448149cb9cf257beb8d6
source_snapshot/problems/numeric/counters/valid_hard/pfile_10.pddl,764,11572397ea95830048b23e4e35783ac47b2e3a4e9eed22b5a2e0806c4fd6f8fa,11572397ea95830048b23e4e35783ac47b2e3a4e9eed22b5a2e0806c4fd6f8fa
source_snapshot/problems/numeric/counters/valid_hard/pfile_2.pddl,765,99d6ec0ef4bcfc05cda185636516bf2b0d701b5607807171d127c13b8b9a5dd7,99d6ec0ef4bcfc05cda185636516bf2b0d701b5607807171d127c13b8b9a5dd7
source_snapshot/problems/numeric/counters/valid_hard/pfile_3.pddl,652,a78e0a095c3b36d90dfb6e20465dbc51cd3956d993869a05b3fa608893efd5f2,a78e0a095c3b36d90dfb6e20465dbc51cd3956d993869a05b3fa608893efd5f2
source_snapshot/problems/numeric/counters/valid_hard/pfile_4.pddl,765,2113247568bfd18ea4c162e0d840e4aa03e80d4835712f08f3bf32b5bfcc5298,2113247568bfd18ea4c162e0d840e4aa03e80d4835712f08f3bf32b5bfcc5298
source_snapshot/problems/numeric/counters/valid_hard/pfile_5.pddl,651,0e5a482674e66e986944e6da9250229b0ab7e64d58366ee3e036ace68e3da549,0e5a482674e66e986944e6da9250229b0ab7e64d58366ee3e036ace68e3da549
source_snapshot/problems/numeric/counters/valid_hard/pfile_6.pddl,652,23865a5a9e3c05de5f4f0829026a42cee72c4129ba79a5b978842e392abfbdaf,23865a5a9e3c05de5f4f0829026a42cee72c4129ba79a5b978842e392abfbdaf
source_snapshot/problems/numeric/counters/valid_hard/pfile_7.pddl,651,70d24204d11bcd8b5a3061a73928d52366d2e891fd274f8ba863adcd7bf61360,70d24204d11bcd8b5a3061a73928d52366d2e891fd274f8ba863adcd7bf61360
source_snapshot/problems/numeric/counters/valid_hard/pfile_8.pddl,652,92f27c5dbdef6cf72087e75eddf2fe853d537fb7c5ecdec4f1a4047a986b3a91,92f27c5dbdef6cf72087e75eddf2fe853d537fb7c5ecdec4f1a4047a986b3a91
source_snapshot/problems/numeric/counters/valid_hard/pfile_9.pddl,764,3e929eca3dc5268020bdbec7bb97ba77fb7bd665ef41ca4979a665d5645dc168,3e929eca3dc5268020bdbec7bb97ba77fb7bd665ef41ca4979a665d5645dc168
source_snapshot/problems/numeric/counters/valid_medium/pfile_1.pddl,536,1535b6d4c47a55d09ca52d2d47148bb86707869d12d279eabe9e330e2bd5bab6,1535b6d4c47a55d09ca52d2d47148bb86707869d12d279eabe9e330e2bd5bab6
source_snapshot/problems/numeric/counters/valid_medium/pfile_10.pddl,535,02b8a12e9fc0bcab65fd99151463ec302ab84117375936ccf0e2a7c1f11f26a8,02b8a12e9fc0bcab65fd99151463ec302ab84117375936ccf0e2a7c1f11f26a8
source_snapshot/problems/numeric/counters/valid_medium/pfile_2.pddl,481,be35c092aab913064bd5db8ad9a7b0308f620d5024ffe42ff1a9fad1b0a8675e,be35c092aab913064bd5db8ad9a7b0308f620d5024ffe42ff1a9fad1b0a8675e
source_snapshot/problems/numeric/counters/valid_medium/pfile_3.pddl,536,1929ba34955c2ef7c97d479e66a5143871d64fe67f2d44a93691e9c4c2980672,1929ba34955c2ef7c97d479e66a5143871d64fe67f2d44a93691e9c4c2980672
source_snapshot/problems/numeric/counters/valid_medium/pfile_4.pddl,481,681136e73760e6d310a0050ff25764b10c16f8e02a53dab7c89bf58cd6b49f86,681136e73760e6d310a0050ff25764b10c16f8e02a53dab7c89bf58cd6b49f86
source_snapshot/problems/numeric/counters/valid_medium/pfile_5.pddl,480,de5a3249c1a25da0385540f62b23e8314654e28f37f494567cdbb4ce84aa51b0,de5a3249c1a25da0385540f62b23e8314654e28f37f494567cdbb4ce84aa51b0
source_snapshot/problems/numeric/counters/valid_medium/pfile_6.pddl,537,05522fa14dfed55c9bc04d30810f18b46089c16e5d153acf0aa34312b757bcf3,05522fa14dfed55c9bc04d30810f18b46089c16e5d153acf0aa34312b757bcf3
source_snapshot/problems/numeric/counters/valid_medium/pfile_7.pddl,482,f8e14a4d41c00cae55db23e1eea09bd070e46ad5387607c604732605c93da1dd,f8e14a4d41c00cae55db23e1eea09bd070e46ad5387607c604732605c93da1dd
source_snapshot/problems/numeric/counters/valid_medium/pfile_8.pddl,479,505c8d41560db988de2981981c6bc6cf2e89f914a9518247ce49f5d08d3deb31,505c8d41560db988de2981981c6bc6cf2e89f914a9518247ce49f5d08d3deb31
source_snapshot/problems/numeric/counters/valid_medium/pfile_9.pddl,534,4b4fd3b237736eb3ab8fbb57c211b9ab0805e9a41b8be29192411bc006077bc0,4b4fd3b237736eb3ab8fbb57c211b9ab0805e9a41b8be29192411bc006077bc0
source_snapshot/problems/numeric/counters/vanilla/fz_instance_10.pddl,844,79fa9381f2dec9e24a29b3f8fff6472fe712c2e8ed7bf224240a5f141755cc73,8fc98fb6df5e34ad4bd0f386c28a8f44e0706d4e2b2a524fea61ecffea211dbe
source_snapshot/problems/numeric/counters/vanilla/fz_instance_11.pddl,918,911f730ab58ec479c911ff191346703140fdb8dbc98b60c640247a45fadf1b4b,cccc10a56212f75f6cc0fcca8a7be5c3c18256317df02f515db11e431f132e4e
source_snapshot/problems/numeric/counters/vanilla/fz_instance_12.pddl,993,233c415958f36c419714dbf17dccc760cf3f2ba72165ae1408f0034daf949052,969f56fbff01c4ae686a2967d9e4a92376ac708e8bab39e036e3f293010fb0f7
source_snapshot/problems/numeric/counters/vanilla/fz_instance_13.pddl,1068,7765ec4192499f5cae5eec4f0e5c2a820284b6f0e0062cafc7e986b7d5522fd6,74be85ccab44a82440a10224e6ef55c79a6307ff5910ca081e7c476422d23d8f
source_snapshot/problems/numeric/counters/vanilla/fz_instance_14.pddl,1143,a1069ec43c342b58ada06c37f67fe218ef1218e951591b83da0b2136d59751db,812aeaaccdfd131373418e4b882fab96f3711750fed7fb40accc683e31701348
source_snapshot/problems/numeric/counters/vanilla/fz_instance_15.pddl,1218,ec02001392d225e41ba21d826d044ebada181e3acf1f9efbdef80ababd4214a3,06ff8e316ee79248913c080bef29b20f0509552e7d76524ea9a02ff143efdcf1
source_snapshot/problems/numeric/counters/vanilla/fz_instance_16.pddl,1293,af1184326e360fa1de7449f4f5555e496ade425850f599c471e3411a1ca256ab,702126d879221ce04cc62adeaa350743eb151fef1ceaa325c4d3a9b9cfa70bcb
source_snapshot/problems/numeric/counters/vanilla/fz_instance_17.pddl,1368,1b1023a48011ca90696bdd5a2d431c324dbaed2f35e101bc60c239a7a3d3aec8,e7438ccc5b1a4edf1e05d6d528da5032df1d0affe7c9380b7cc400343e08b157
source_snapshot/problems/numeric/counters/vanilla/fz_instance_18.pddl,1443,fddc3a4fa5eaab35cecd6672b14c4a5948de8764b207b997b93283d1b2de2a82,4479655667f6463021c555c4462efec40f39424d2432ddeb2823b119ddcaea4d
source_snapshot/problems/numeric/counters/vanilla/fz_instance_19.pddl,1518,f69c0748478f58a18e401745c9f679fc67766c58b0d9c78489fc7847d2d24799,6677825f19fca71f85430900416733ad2e9ead444ac117acd916333574b1ffc4
source_snapshot/problems/numeric/counters/vanilla/fz_instance_2.pddl,274,8e2b3f4d9a397c62d02d286bacdb87c26a4ea869f0d6930917c19ed9e52953b2,92142eba9dbc3272f17bad71a462959ebd49ba8d8511a6976f04f1c0bd0b2c2b
source_snapshot/problems/numeric/counters/vanilla/fz_instance_20.pddl,1593,3d9ec7c2e9fa948c2f65b5120a82e7555c75db8ced3b56755715661c663a6cfe,4cedb20e8d20dcf7b34f98acf8a95ea905ea6b305d1028155a838bc5a4ef4df8
source_snapshot/problems/numeric/counters/vanilla/fz_instance_21.pddl,1668,e0214ddf741a4e26b1e5f649e7f4a2ed76ccedfd6acb967fa45e253950488ede,ba7133b128bf6c2d5ebbc1a6ff1c99ea1f3271e14b6f0bc03ea835a5a9a19a25
source_snapshot/problems/numeric/counters/vanilla/fz_instance_22.pddl,1743,33c645129ff8f46ec0123bafd1fd28090e3ad8811e1703718acd4997e417f81f,d0b4db498ac22debcb27151a9a5ac6c27410e0f4717ffcd148227d1804130bd3
source_snapshot/problems/numeric/counters/vanilla/fz_instance_23.pddl,1818,c01563dedc80c4f228cf83c46832f616a50c3baa442b302161d65894c9b0af89,edb869d96d5bf8bdc9eb767518792a53e3134558bf6929ddc986177ab42addc6
source_snapshot/problems/numeric/counters/vanilla/fz_instance_24.pddl,1893,8484be03aee277e525054375bac18015e1c24f81ab9e90bb7d688030c2e73577,344741cc9c9a7c02d339ddc0a4568e497e81dcf4cab279aed2eb02cc4426f310
source_snapshot/problems/numeric/counters/vanilla/fz_instance_25.pddl,1968,3f8938032e7ceee2865c4f889f39a7d176c2c07cedebea1bff916eab18abf088,95193f5c0c0e48136e90535cf01bd13c82e0b1a093d9e98d1d8b86a3e2ba395d
source_snapshot/problems/numeric/counters/vanilla/fz_instance_26.pddl,2043,350b0ba18fdeb0942c90628037a8cad6fa48346b6e746cba072c87010d546b7b,06ec117b2d293ee5e0ecda034c0b7474045e410906ac0a98b0357252bc29a6eb
source_snapshot/problems/numeric/counters/vanilla/fz_instance_27.pddl,2118,b46b55a74fd16fcb2b860d507598d7ab29f7c75f120eb9e79d0d3f70d120a90b,4721a5f0d3b022a136d5b1b5f4070ded365ffbde5f2528b6f337dc638e4b3960
source_snapshot/problems/numeric/counters/vanilla/fz_instance_28.pddl,2193,2302a3663c1cd1a99584b583d14e218b136f8330172cc8e8f40b5ee2db81aa1e,e9851cc9990c0c949bf43ce378156ce8cd926f0c4b066cb141130fdb1470c1c0
source_snapshot/problems/numeric/counters/vanilla/fz_instance_29.pddl,2268,414bdd8f6a62e27db1cf0f0c6bd86abfed7d1249b9db4580e6a66060546e425a,ca33c894365b251bff44cb097d8e1a09df4cdfe573847b9b6c38700315e8d4a7
source_snapshot/problems/numeric/counters/vanilla/fz_instance_3.pddl,345,662e4c2cd1743fd9e277d680c7c7967a0411f667f7acfe1d2ec11b1f0bf0ffa7,02c9f4ec93d3a713f5496e90f2cc049729a2fb39a19556e222e0e79a46514a85
source_snapshot/problems/numeric/counters/vanilla/fz_instance_30.pddl,2343,3973ba6e7bc04aff8d4f81bee6fe4220f33abfca506cf857452f79eaad2d0c71,4073b91cbef4d7ef8059e9a9b5df5425150281a1c908112f8c0a4181e46ff393
source_snapshot/problems/numeric/counters/vanilla/fz_instance_31.pddl,2418,fd574001d5607330e26e0d1f8f0a0b9d333d3091f8fbd3fb1426a356977eb815,3347704e0cc3d0d5cd05e3e42b1418c73c8bb55680f019815d72ab696f2e3204
source_snapshot/problems/numeric/counters/vanilla/fz_instance_32.pddl,2493,9c2378e4156f416071eea05de53d765cc907154f8e217a3560d141c38c48a0ec,83ed07f1f64ccc6e3519a31ff71539b0d5a129e6044dffe2d063da1af2069196
source_snapshot/problems/numeric/counters/vanilla/fz_instance_33.pddl,2568,44c8f6de2a108616565aa92aa81922ff3e4ec2c6adfcdfd77fd852e39826d45c,9730f3c49f90e54fbb7e01048d2c5904bc30c9bfc7e9a4344a3268549eb94f05
source_snapshot/problems/numeric/counters/vanilla/fz_instance_34.pddl,2643,47cb0deeadd1784f92fe049a674c22cb7b7c8c676e15d663f103dcca1c20d8ea,a864dc2dd996d0844a50941c4b208df270b902cb3c300393ea0a1c260e84375b
source_snapshot/problems/numeric/counters/vanilla/fz_instance_35.pddl,2718,2ffe2b3f0aabf4acffe841f0a8b92e2f6a4ff610bd0f9f2f22a4e248bbbea244,acf431de2b874bef9a653c33ef99bb865ba54c93e558aa5356d25ee7a58d5cdd
source_snapshot/problems/numeric/counters/vanilla/fz_instance_36.pddl,2793,825c2bf14b4a26f35ed3fc64eb538fdf919ce24c639f62134cab613bc85c5fe1,a40bf21fd1085fb25d35d100f07529e068a59587ad05f04b3b513435d1d3414e
source_snapshot/problems/numeric/counters/vanilla/fz_instance_37.pddl,2868,e2a9d5cfdcd466b62a36d035db3d2df8808e727c340baa816820df370101e7b7,d206f837e58c0d17ae6448022ffd69d3db39a19cf48f45d1b6ef7abd2b44fa47
source_snapshot/problems/numeric/counters/vanilla/fz_instance_38.pddl,2943,22294f581a7b751dfeb13a560e207533ce651429107bcd2e43d17771239bdbcd,431c19322c0abd8acbf40859b877dcfd1f2b6c9d78f0831ea8b4cdf488a51a3e
source_snapshot/problems/numeric/counters/vanilla/fz_instance_39.pddl,3018,356b2fa9cceaf272790f430a757432d83b577e6d41a9d8b942d029d05786992c,a2f08b6794439848c380f79a0b6bbdd18d7b2df961f7c391fd98589ff6b7df9f
source_snapshot/problems/numeric/counters/vanilla/fz_instance_4.pddl,416,2c60b7d937aadf8b2c42958389f46e735062db49cbaee6953282d903710ccceb,01ac22a5b3c0f25fc3996046fb3aff3a7d3a1eff39f6f4b68d013db996a392b1
source_snapshot/problems/numeric/counters/vanilla/fz_instance_40.pddl,3093,64c8723100ea3f71e0ab3d4af7e77b7ac48c1be91c347b5f6a712718ec5c7a51,36210314274cb05862b682e8fe467b87da4726f9a7fc1237b55368886f38d6c5
source_snapshot/problems/numeric/counters/vanilla/fz_instance_41.pddl,3168,477884845b5f6ff509b15bbd62cce24d473453bf8809edaf1d414d0e23e08b9f,b75e9cb9f3b3104a426fcfeaebd0632b4576209ff57006d16573a6ac2077e324
source_snapshot/problems/numeric/counters/vanilla/fz_instance_42.pddl,3243,47d48fd73beef18579de46bb7e5eb9cc17b23e5e56a9367a1880c94bba42cf7e,57e75dfd989ccd966b7a9769d37f04f22b24c07ae473ad33b0c4c115db6c828e
source_snapshot/problems/numeric/counters/vanilla/fz_instance_43.pddl,3318,568a4fb12542606d8e08d5c40f5bf922344d1960f1ff2ba766d15fc273aec9e0,8099fa82275c3d1cd4634e7c88109513f5456888b8e949a3be464f9e4f9b89ee
source_snapshot/problems/numeric/counters/vanilla/fz_instance_44.pddl,3393,de6a43fb8733b482bffd8dc4e378f22c04f614918ceb8373e9f11b97298a0875,9e62b5d789ff42c0fd749650b41b3be611be77c81e0aafc6b8aebd9f93fe9d36
source_snapshot/problems/numeric/counters/vanilla/fz_instance_45.pddl,3468,9cb9cae10cd83a827d3b1bceab039ca75fd3cb68584c3e419ca0cf7e41b1d84d,bd497f46d341fd92cb12fc6c6e99928f1b274b99cfc82f69462cbb4ff0f7473d
source_snapshot/problems/numeric/counters/vanilla/fz_instance_46.pddl,3543,9e8577f22c69436e271d9489624321073424ade3aed437c0b637c0fb6ff22a2c,2191a481b46271c97c8513b55bc4fcd33cca1e527f7a293a92a0a9507b0288ad
source_snapshot/problems/numeric/counters/vanilla/fz_instance_47.pddl,3618,1c47ae76fe5789a1a486a7eb62dc53bbbc3534ed8351af8393324ff549ebfa03,3a47a555a465f60f0fcba130656a060885e9b546ed0960559b2d8dc32c904b3a
source_snapshot/problems/numeric/counters/vanilla/fz_instance_48.pddl,3693,3e5c4061d24b08d2e3b60e95e607994e44742e50f8e6b08e58528dad8142cb3d,93703ce6c80c5467eadf9b0b7619cc54d007d4bb43f6822fbbdc4e6933ce6500
source_snapshot/problems/numeric/counters/vanilla/fz_instance_49.pddl,3768,17b14c3635b3cafd9905e39b74d0ed958f84beba1c9b13a2d5f142b4d16f428d,90cd951357354c743c9f21f1ba5ee4a41d0be62adaad7732f69c6a0021e97e5b
source_snapshot/problems/numeric/counters/vanilla/fz_instance_5.pddl,488,0ce283d2e8c4478bc0ed6e7e12e23c02d3710f12e5fc285484624e925118cee0,5519cd4d7573f8a3c2267c470307e7744c7be74c3963b98771b6d5f841512e38
source_snapshot/problems/numeric/counters/vanilla/fz_instance_50.pddl,3844,b6dec6249586c2da7a7ef9d6ba7375cd370d9d44a4edd819d3628cfb5bacf9ba,96c0acdd21befe543a205c0c0274911b16598706db5bafd2c5ba0cab929ab52b
source_snapshot/problems/numeric/counters/vanilla/fz_instance_51.pddl,3919,e2c103214f756e75cdeed3656e43f8f2e28323dbe997554304413abbdbe4f8fc,3129734aa4281ff7dbdd2a9e1237cb11c7bc66b06b4fd851c04120520cb6089f
source_snapshot/problems/numeric/counters/vanilla/fz_instance_52.pddl,3994,b626d568689d547cc758d7283c278cdcce568a1109652eba5c5e2693da74406d,f426dac85c19ed57ee8259e2bedf609a45ca5b0c89d0f15172d855b75941c52b
source_snapshot/problems/numeric/counters/vanilla/fz_instance_53.pddl,4069,99b63ccb7951c5a812050927e58264edfcd7cdd47e3cf6f7675cc9d8fcaaf365,28ad2ba734291b86ac1d05941899361b798efbc2abf207ef0f9029ceac298061
source_snapshot/problems/numeric/counters/vanilla/fz_instance_54.pddl,4144,d99c32826178834e354759c84cf91df0997a372fba199962a4f841865f5b4f28,02789a65a6ca3d095ae6b8577204656a6d2f0070df6ab60325ad46ee01c972ad
source_snapshot/problems/numeric/counters/vanilla/fz_instance_55.pddl,4219,62af8a8adf1afad2a584582036d8f7ae1484e184b6a032d36be85c20eb510269,51ca0b792d64dac738900d04d691d4d6ee1f774f759f120b4f516c36c6942db8
source_snapshot/problems/numeric/counters/vanilla/fz_instance_56.pddl,4294,0cacf2706d71334f44269cfad1cc3e2299292c354b6a19f1dcc8e8c01b7ff619,852d6563c9bd1506495f1a6d4ab1cc7924fbf9a1cbec144b69ced43641395256
source_snapshot/problems/numeric/counters/vanilla/fz_instance_57.pddl,4369,9b8bdfbaf088ba4f029293c676dc443ec187ac3b8ae41de295184cc65e7a84c5,ee88b7b6b5df81eaee91872e45b746347e5ad8885e82e763aa7606ae2250d0d6
source_snapshot/problems/numeric/counters/vanilla/fz_instance_58.pddl,4444,c861e62a7665cdf7040091bc11ce8fdf073c2836e20238177350753716531519,ebac3cabe9721333eb4df09824e7886fe54e1f5f9ce1f6c37e729f1182842341
source_snapshot/problems/numeric/counters/vanilla/fz_instance_59.pddl,4519,ed08f5ac976adc69bc482e34131461416c8e5cba9d50ff68de2267ed0920b5ab,c93ca296faff9e237ddfe5c132a794f46d6369285aead6a83370498b3e42e2f4
source_snapshot/problems/numeric/counters/vanilla/fz_instance_6.pddl,559,c44cf16243b776212fafd5ba71b9bb57490c89117c5e226d4f2dfa4ead5455eb,3aec2d7b7b1b2451b9249d41e36c3f348dbf6d2234b887caadaeffa0dbe4f34d
source_snapshot/problems/numeric/counters/vanilla/fz_instance_60.pddl,4594,cb7a227dba1f159dbf1d737ef7194dec333fd1bfd490c28615ac3387de106f1f,c50da76ac93eef6baac263cfd137d6cbfb16fe0497ada3624fe0a04ab7e19a68
source_snapshot/problems/numeric/counters/vanilla/fz_instance_7.pddl,630,7007e7bd01b7cf6419aee9b876bf62e0e74002ef3d23c376d5d6d7adfd801ed4,12f8e7108bbe79bd79fc0779a573d7b5e7002dd9d0950f96017b3201cb8b2d9b
source_snapshot/problems/numeric/counters/vanilla/fz_instance_8.pddl,701,71fdb2fc499fcb9f6bc4b2fb6c7c3fb83a97cce23509bccf9af4dc60ed2485c3,bf8253408d8f7f1e0dcc2b5704ad11e3ca8e7066dcca838a65e786a229314c6f
source_snapshot/problems/numeric/counters/vanilla/fz_instance_9.pddl,772,88c12574349ac48a0ba2099cc0ddc0cd04b14e4e5cb5f090cc754229c681445a,1f20e82e80b99788dc6c7d2f315561ba644b0be9d786eb0c730695a08df98369
source_snapshot/problems/numeric/drone/domain.pddl,3409,616dbcc0721e29df102aadd94169b7fddefc23a2624e182d6089e181a740de4c,33708545f0dd2b90388cbda8ed874c96857f13780434d6e3d89533d972bcd963
source_snapshot/problems/numeric/drone/instances/problem_10_10_3.pddl,28574,f8f0b48404dfb186678a6558df7af665da983e7314433cba6a4cdd14b62e1b29,d6ccb2e3d1e660846a023898efcc5c988ac97f21973265cc3b3187b7a0bd5f15
source_snapshot/problems/numeric/drone/instances/problem_1_1_2.pddl,554,bbdf59ce8298f67440062f61d89902b780af57b53d0ab65e9279621eb2164a48,5595eaf493ced973d8d49514fced33ecf0474b0c88f5d4b83bbdc2b16cc14dc1
source_snapshot/problems/numeric/drone/instances/problem_1_1_4.pddl,744,a413848e083f938252541eef677e6646e8741372b07ff457a850a31344c3b13b,24e87ba3913e67564c74c0ab9be115e8fb7f9c1018677b262f37d869b49ded4e
source_snapshot/problems/numeric/drone/instances/problem_1_8_1.pddl,1120,dcfce66cda3e06a433a9d2571ce095138df674c5cdff9e3cc3c8aeef2ce12e47,def3eac801228352dafd6c0182db5e9402b62a1ad50712be85bef88d40458625
source_snapshot/problems/numeric/drone/instances/problem_1_9_3.pddl,2906,5264991c948d0c3d1feaa3d0f8100e55db16490164718cf6759d5b5b260a2765,224be68030291e2f7201a2f1ed6b78dd6dfed191d21f537d79682fd57a77d5e7
source_snapshot/problems/numeric/drone/instances/problem_2_5_4.pddl,4128,bda95c468e30d06f6c1de957632ac749d585d1d7f10ff2ff0175def6eb6fc19f,7891ef6167bb8392fbf0fc5fa1bdbd0208e6b0bfeb0dcc474990239d21807a38
source_snapshot/problems/numeric/drone/instances/problem_2_8_3.pddl,4880,6ba34d2baaf9ccb706595b3b3ed820665cb5868b32395403487ae18228c41673,3aa9ce6dace8c44bbb753fa20d9242be1de8ba44bf1cef8a230fc88293018513
source_snapshot/problems/numeric/drone/instances/problem_2_9_1.pddl,2060,9b51f6fe57a3352d4e652c38f85acfd1c48b0cc1c6e0c82134f779ad24dc4968,3af0d9af069d8a44da9d9f2fbad8dcee054ae3645a7dad4d51fc50160a52b68c
source_snapshot/problems/numeric/drone/instances/problem_3_3_4.pddl,3752,a412d7996073328dbc05ac283b8fb00e668706b28537a7faa3cdf3d545f9db33,7fdd0324c4ff645cb5a047d1dafc18d96d49709bfe51ce5a52e3abe9753d659e
source_snapshot/problems/numeric/drone/instances/problem_4_2_5.pddl,4128,4b075e20c056db084bdd87d595b820fc51e1522bb9732eb4fb72c636e40c9dcc,1bbb8bf63bf36c89714a73158d3dde0ab23d7dec201a14ad1082c9a532b56b18
source_snapshot/problems/numeric/drone/instances/problem_4_9_5.pddl,17288,5620fc328d04634eff84d4ed2c813f3ffb53fad570ecd8dbef00d470df52220e,540ea77c44c7816aed1089fc00e1e8a67c37571e910655e84f50948640214a88
source_snapshot/problems/numeric/drone/instances/problem_5_10_1.pddl,5071,bb6f85b989a1b94445c894cb35fe14172e0247f042cd167c78df1c45762dbafc,f178f917545ad43378f8ef89389578e07193cb6a81b6bdfdd2cbc3a1257ceab8
source_snapshot/problems/numeric/drone/instances/problem_5_2_2.pddl,2248,728aec6fb797f859e2032a0becc18b1959bd64dfe1dc1b180718d7346bf10b01,faa313840ea89cfbd74c3f95f13795ff740359ca51de240fa2bfd971d3959687
source_snapshot/problems/numeric/drone/instances/problem_6_8_1.pddl,4880,b7191c590c38879ef8d07eea94dce40cfdeb62b44675a62bd98c6851a907c373,cf65a51d106288bbbeaf40b883b563ede3fb712dc6b72fe5f7c722e225a9051b
source_snapshot/problems/numeric/drone/instances/problem_7_6_4.pddl,16160,2dc80292ced8cc0ff784c035e0d98f3dc90c5592874df34bf579108777610fe5,9b8586722d6a54e18eb890f8ed661269d6ef48f7870dda4ee4144f199fd87067
source_snapshot/problems/numeric/drone/instances/problem_8_1_2.pddl,1872,d2190f753c460602b9fef2d905140f752d8869a74077eb4de229ecfc79acf9a1,9561499883efd3e1fb3f24f06d0d9301716829dddfebb8b8566e10ecf6448ac7
source_snapshot/problems/numeric/drone/instances/problem_8_1_4.pddl,3376,842541b4f39521d354fc2ae110482c4f61d5fcd79808521f99a73773df08512a,c6d5bac649d80111a532c40c3a0d22a8ec458c4a02f04b47ffebc8d1e5a98078
source_snapshot/problems/numeric/drone/instances/problem_8_1_5.pddl,4128,9fca334b24792524a63f6a3dda471b73c3375670370f20437fe3e26113fb0e22,4dd4adc6cc402953515141b066d088b4be0a30addf244e46b20439c25720a1a3
source_snapshot/problems/numeric/drone/instances/problem_8_7_1.pddl,5632,e582578b98373d0e6001c6c26cfdbf0b1c4ef8ee231648f452bf208141fac58f,d23c70fc51cf6d84fdf3d0104b614f460478d421894cfdb1e0baedd2e9f9e155
source_snapshot/problems/numeric/drone/instances/problem_9_7_3.pddl,18134,d73c19e87319f39f46a97b3b36da169b3c4f200dda356ecd5feb5f77a7afd57e,b8c8a8262374b081c2b5c6315d65071a04df9db15e67fab1afe8663d2dfad682
source_snapshot/problems/numeric/drone/train/problem_1_1_4.pddl,744,a413848e083f938252541eef677e6646e8741372b07ff457a850a31344c3b13b,24e87ba3913e67564c74c0ab9be115e8fb7f9c1018677b262f37d869b49ded4e
source_snapshot/problems/numeric/drone/train/problem_1_4_1.pddl,744,2f02616b7ed0a1ff683677743ac98025d23722c696089e401c13135dffb44f6e,db7a409a3e4c552d137067465cd837ada55a50e34782cd0f9a602b4c9d0576c7
source_snapshot/problems/numeric/drone/train/problem_2_2_2.pddl,1120,70bd11c1e190fbb92d45d689328868c3107bf17b883d79048685229d53ac808b,b7fa938892d22dd5bf41afa4149eaa58738cdfc7d23ed1fea745757b81a33fc6
source_snapshot/problems/numeric/drone/train/problem_4_1_1.pddl,744,6841a51367695aa47fea3b1666cf6f5cefc09ec60bff47f0637e99125dec8959,5dde6b9f29f6ac079bb6a561a3857de6e3afff1bd2305552dd954d6d375fa180
source_snapshot/problems/numeric/drone/valid_easy/pfile0.pddl,521,336f2dd52166bbf354cdccd283cf8210be1af314cfd13516e33c4989283eb70a,336f2dd52166bbf354cdccd283cf8210be1af314cfd13516e33c4989283eb70a
source_snapshot/problems/numeric/drone/valid_easy/pfile1.pddl,521,860a6834db58a4b190be6226ed2b02a395bcca25d7128ed24ab3f56ed9996154,860a6834db58a4b190be6226ed2b02a395bcca25d7128ed24ab3f56ed9996154
source_snapshot/problems/numeric/drone/valid_easy/pfile2.pddl,679,ee9700a0ea758c2a31c47fc307e1e2bffa238dec5cb9d9abbe5c11a5bc924412,ee9700a0ea758c2a31c47fc307e1e2bffa238dec5cb9d9abbe5c11a5bc924412
source_snapshot/problems/numeric/drone/valid_easy/pfile3.pddl,991,6d3347dd2d8dde854e1c31fbc550097b5f14290a3381ae990e02ce8c4ac6b3c3,6d3347dd2d8dde854e1c31fbc550097b5f14290a3381ae990e02ce8c4ac6b3c3
source_snapshot/problems/numeric/drone/valid_easy/pfile4.pddl,521,900391d11efbb96c2648d22949bfd7587dff8283f81d28644d37f4b7086622fd,900391d11efbb96c2648d22949bfd7587dff8283f81d28644d37f4b7086622fd
source_snapshot/problems/numeric/drone/valid_easy/pfile5.pddl,679,2dd0416a1e7a9315e461af8d8e91f6136e4adae06aad815418c3f0ea1d456374,2dd0416a1e7a9315e461af8d8e91f6136e4adae06aad815418c3f0ea1d456374
source_snapshot/problems/numeric/drone/valid_easy/pfile6.pddl,521,c5d453adf1804ef512897205aa0880a38dbe426fb36186d928fcad3b2e363145,c5d453adf1804ef512897205aa0880a38dbe426fb36186d928fcad3b2e363145
source_snapshot/problems/numeric/drone/valid_easy/pfile7.pddl,679,c51dc08912c88d79ae4095f134eed7f9dc52505614beaf63c987d747f65a63f5,c51dc08912c88d79ae4095f134eed7f9dc52505614beaf63c987d747f65a63f5
source_snapshot/problems/numeric/drone/valid_easy/pfile8.pddl,991,6ebe20fc3bc0f0c7240cebcf5bbaa884311a721347be13f40a1cc2cdee273b6a,6ebe20fc3bc0f0c7240cebcf5bbaa884311a721347be13f40a1cc2cdee273b6a
source_snapshot/problems/numeric/drone/valid_easy/pfile9.pddl,679,7a1e78fe363cc5747d501ad3c4c41f70cb6ceab0b1482956dc145f03267e9677,7a1e78fe363cc5747d501ad3c4c41f70cb6ceab0b1482956dc145f03267e9677
source_snapshot/problems/numeric/drone/valid_hard/pfile0.pddl,6607,8f9a7421ea63d8a52e3d32bdfc52ea069e6d7a8d967e8cdcc07e7598032b1fac,8f9a7421ea63d8a52e3d32bdfc52ea069e6d7a8d967e8cdcc07e7598032b1fac
source_snapshot/problems/numeric/drone/valid_hard/pfile1.pddl,8167,aab7e23910ddf9ec5e9cc2583191aabc729c805b588f7194dd4753e0eb1a7c7e,aab7e23910ddf9ec5e9cc2583191aabc729c805b588f7194dd4753e0eb1a7c7e
source_snapshot/problems/numeric/drone/valid_hard/pfile2.pddl,6919,d64ef17e51627ed547e40c4b76d39ab93ec0f62b466850e7aa82c456a72135d4,d64ef17e51627ed547e40c4b76d39ab93ec0f62b466850e7aa82c456a72135d4
source_snapshot/problems/numeric/drone/valid_hard/pfile3.pddl,11287,195c9be4516af64cf1021e50837283f1ee1dcb2fbd47b2394ae246d41b1c41ab,195c9be4516af64cf1021e50837283f1ee1dcb2fbd47b2394ae246d41b1c41ab
source_snapshot/problems/numeric/drone/valid_hard/pfile4.pddl,8167,bb78820c652b83d545ddc3f9bef8d1b369daae532a2a58bf8fb9058d57656bbb,bb78820c652b83d545ddc3f9bef8d1b369daae532a2a58bf8fb9058d57656bbb
source_snapshot/problems/numeric/drone/valid_hard/pfile5.pddl,5047,6dac67a8b1f5b464584cb2dbee5280a9997232ec6436ac75f332e4af970d9ac0,6dac67a8b1f5b464584cb2dbee5280a9997232ec6436ac75f332e4af970d9ac0
source_snapshot/problems/numeric/drone/valid_hard/pfile6.pddl,12847,2ed97c4126bd2ca8a92bd1ac87715751d69afdbba8bba478e19cf26101494075,2ed97c4126bd2ca8a92bd1ac87715751d69afdbba8bba478e19cf26101494075
source_snapshot/problems/numeric/drone/valid_hard/pfile7.pddl,8557,b3fb81223cf1f10b777144ce11b00d4a33869f67f0a3e00103060df386b126ef,b3fb81223cf1f10b777144ce11b00d4a33869f67f0a3e00103060df386b126ef
source_snapshot/problems/numeric/drone/valid_hard/pfile8.pddl,10195,50df845cb564534bb35b3ebf44765ef31bb0a283f2518bc559afcca9c3c1c4a5,50df845cb564534bb35b3ebf44765ef31bb0a283f2518bc559afcca9c3c1c4a5
source_snapshot/problems/numeric/drone/valid_hard/pfile9.pddl,7855,fe7e1b3470440503f9bc8bccc26cac7d8dccd5c47bf06de37948e1a359a4d090,fe7e1b3470440503f9bc8bccc26cac7d8dccd5c47bf06de37948e1a359a4d090
source_snapshot/problems/numeric/drone/valid_medium/pfile0.pddl,1303,babc583931d055abb221f56965ddbd574f37bfa1eae27b8007c3256c6626d904,babc583931d055abb221f56965ddbd574f37bfa1eae27b8007c3256c6626d904
source_snapshot/problems/numeric/drone/valid_medium/pfile1.pddl,1615,615562e6c73523f5497f0500828b807440497527405acc36c83a0099369fc009,615562e6c73523f5497f0500828b807440497527405acc36c83a0099369fc009
source_snapshot/problems/numeric/drone/valid_medium/pfile2.pddl,1771,1ceba3308e8a8aeb4b861b20b1b6fe2e72f7a777382081848981fcd121158759,1ceba3308e8a8aeb4b861b20b1b6fe2e72f7a777382081848981fcd121158759
source_snapshot/problems/numeric/drone/valid_medium/pfile3.pddl,1303,82fc13e53ed7d3b432b6e2d30164ed044e8ffa6d9e894bca6163aba300a99832,82fc13e53ed7d3b432b6e2d30164ed044e8ffa6d9e894bca6163aba300a99832
source_snapshot/problems/numeric/drone/valid_medium/pfile4.pddl,3175,8b21edb1a7b1fdea81018b437008601e6b23255614257b681c756b4613784361,8b21edb1a7b1fdea81018b437008601e6b23255614257b681c756b4613784361
source_snapshot/problems/numeric/drone/valid_medium/pfile5.pddl,1771,271733e76eab56ca0703235ab6fef7eceaddc2e0233bd5f527ef7c06b6a0d743,271733e76eab56ca0703235ab6fef7eceaddc2e0233bd5f527ef7c06b6a0d743
source_snapshot/problems/numeric/drone/valid_medium/pfile6.pddl,2863,413276e92988015dfacdbeafc3bf5d99c57f312d9c51cb9088eee20b629a6382,413276e92988015dfacdbeafc3bf5d99c57f312d9c51cb9088eee20b629a6382
source_snapshot/problems/numeric/drone/valid_medium/pfile7.pddl,1303,9ac94f47dea6257e9f984c6cb69888f26de272aa1eed96a722330553f41a8ebe,9ac94f47dea6257e9f984c6cb69888f26de272aa1eed96a722330553f41a8ebe
source_snapshot/problems/numeric/drone/valid_medium/pfile8.pddl,1303,d28ed1d90da0b6e52d9d5f8623ccb14eef63078645a1f6593dc489a00863a7db,d28ed1d90da0b6e52d9d5f8623ccb14eef63078645a1f6593dc489a00863a7db
source_snapshot/problems/numeric/drone/valid_medium/pfile9.pddl,2863,90ac72f6ae0d82ccb806f201ec0a344a41f2c04a3c0d261b9f15769a1038281a,90ac72f6ae0d82ccb806f201ec0a344a41f2c04a3c0d261b9f15769a1038281a
source_snapshot/problems/numeric/mprime/domain.pddl,1822,1d79bea5993eb7faeeecbf40cf239fd829f478451fd218051c8a45beffea3fe0,14bbd4dadb6f7e7ffeacf3fc0a29010a8365e74f4138ddd80f2336fbcd140fa0
source_snapshot/problems/numeric/mprime/instances/pfile01.pddl,934,e4f33f6b3d47f7cf510836a2ce941999d8bf3979780d658bd3617a2a2b276cff,f8996434794e5a392d99ffc3421c915d2388eb463aacdbcee6ddca8dbd445203
source_snapshot/problems/numeric/mprime/instances/pfile02.pddl,2270,430474e3428b3d3840e08264f5148593a0c15d6225db041a5df74f81f999a9a8,4b3bddc4897c21a8e2b71c1f6e4338054233aee13cf2d742df6491aa06a87aca
source_snapshot/problems/numeric/mprime/instances/pfile04.pddl,1830,ad72dc812a026ae5e4bf449676691817ef3fde2bb21478bc0c119551b28b2c82,e86fd9ff858a64c750186429f24f07fff03b6a3105c025248422043497b9b272
source_snapshot/problems/numeric/mprime/instances/pfile05.pddl,2131,1535558adb508374d77e2ba9e89a02e184f8841e21e6e77fa4f0b8b64444f1fa,b66f50562edef0aad4d98fe33498cf8946cfc6093e2ab1231b08f1a73111a9c4
source_snapshot/problems/numeric/mprime/instances/pfile09.pddl,1835,c429538d4be1ee08f7cdf3c9ba349c1e02835329e862ebd351ab7c6cef12d6fd,6613c83313eed23cc060cd10769aa709eb97bfaca8adc9458a8b5f73371e9ad6
source_snapshot/problems/numeric/mprime/instances/pfile13.pddl,5491,31e8f59ccaae77c9d5581f7cedf39cd80cd2171fc14035373e32d126b792bc5c,c102e3c853f8dbb9c605ad5a33db547857cab684d0fcac1090e93146f31afa6a
source_snapshot/problems/numeric/mprime/instances/pfile14.pddl,5706,f4273f5438902510ac40303f12a910248d03ddac9da455977151c5c86494e181,c6f40ddc8fee57b7e6a99c60825d140d255d576b6cae47f958c1b38f81a29ec8
source_snapshot/problems/numeric/mprime/instances/pfile15.pddl,3535,0e08074047f5cf7459029ca0fdf18e87ed462e9a9fd71561e9e57a593deedd6b,5477eb48cbbec6d583f8038054e1d1703511786bee487cdd1ed73d256b5d99af
source_snapshot/problems/numeric/mprime/instances/pfile16.pddl,2387,ce9acdfc9d550cebd4c1eff1217cf8e4b321f23550c5ba77f8552ec45e423221,c1bb93ef5f26f5d36323606610f509620546fa3cd2074381d19b66729a85c3b7
source_snapshot/problems/numeric/mprime/instances/pfile18.pddl,3644,2950dae4bf58200cc878d9935080a7099df83a82ccd7e4f8cc4fb977eadedce1,9dc35744665357af7ca32695666eb8e3d144e0ea912cfb6437552f6cdd6373f2
source_snapshot/problems/numeric/mprime/instances/pfile19.pddl,3211,705c07aca0413622d1058636588cec58e182804e90a2aa36a9d9b642362d0438,e9558ec897f9d1f207f51f930d46fc2585d745ddc6b95daab529e2e4bc97ef92
source_snapshot/problems/numeric/mprime/instances/pfile20.pddl,3366,c15621747aaeb29e192f67975cbde0ca9264efcb8fc33647760e26dcbefc6517,4f72b2e99c9960cc59e8467adee2b6532f60a77e81b34bfd691e114755e5e238
source_snapshot/problems/numeric/mprime/instances/pfile21.pddl,3668,340d06cc33ec9cacc42909ab831a525862438368f73d61a648cfe389e8898eab,426acb5713fdd6ab8b0a83fcf6fbe05254026a0b1eac4bd942524425a51a7b67
source_snapshot/problems/numeric/mprime/instances/pfile22.pddl,4985,06e4ec6b5f2800d4ce8b7eef161f38a6850d9adbc3872593903ada24ac237365,87c387a971b47b2cf435badd5d359134b751413d26b7e9a2c594ac2541f1a70d
source_snapshot/problems/numeric/mprime/instances/pfile23.pddl,3696,9f710aad27055a099be9411f5a356cd34672af35465319615510262bd5907d5c,2b70591baba0267e18dcadb48a8bbd6a4b49714fc8bd97120de13d82a1d8f28b
source_snapshot/problems/numeric/mprime/instances/pfile24.pddl,4021,3544a1c995775bf3d02be7e5548d7d63ff8abdce4b32f2f5a6e4cdd7a605139e,720ac725b0dab6b183e987f0c7fb8a006126b5268051ea640c0c30efd94a7a7e
source_snapshot/problems/numeric/mprime/instances/pfile25.pddl,880,3c96808326904b3300cc8f27402e3dfc895885fc5547b82168207aac5afa4872,195c2d93396c41752601ed26896ce760247ae7d552be61f957eec8b2937dd77c
source_snapshot/problems/numeric/mprime/instances/pfile26.pddl,2356,46821c9d9c31fdd3109622683db954ae01aa3c8bb30f5a28f3dd263818920c48,83d555b0fd4b3c4f7ce48ecf2e39126f4136c545bb4e319f58d32a81975742e4
source_snapshot/problems/numeric/mprime/instances/pfile27.pddl,1499,7a9a2f1e6c533ddb83dc47387ea420b6a28aa43a152b1b74d082f5d76fcaee6b,63a3d9fbeb976f0b2349ae5d53d5499478eb4bad7532fffc401b5a26d9c0dc32
source_snapshot/problems/numeric/mprime/instances/pfile28.pddl,1128,0ed8486a7365d5a5147cb722bad8628fe383eb4760406a9aee066c84fd7e7498,082267e6486fd7ed82d6d21d37967c1a9a0e7370cd11741595ecfe11e34e30ae
source_snapshot/problems/numeric/mprime/valid_easy/pfile0.pddl,918,3d59bb5da71ec67d937552cec02258a195c1d04c9bee3c530ac6a9f3c9f404eb,3d59bb5da71ec67d937552cec02258a195c1d04c9bee3c530ac6a9f3c9f404eb
source_snapshot/problems/numeric/mprime/valid_easy/pfile1.pddl,1012,8c1cc83493c2d708603534e36e3a28e9ea5fbf53d6dad8417e5b1e286fd80d76,8c1cc83493c2d708603534e36e3a28e9ea5fbf53d6dad8417e5b1e286fd80d76
source_snapshot/problems/numeric/mprime/valid_easy/pfile2.pddl,782,e076a622f4d90e8bc10211bbcd2efd3415a64424b7e188438e51228a08db473a,e076a622f4d90e8bc10211bbcd2efd3415a64424b7e188438e51228a08db473a
source_snapshot/problems/numeric/mprime/valid_easy/pfile3.pddl,944,eca197ea557a658b4152025313546dafb63f8f2e21daa14288ff1c0950bb9362,eca197ea557a658b4152025313546dafb63f8f2e21daa14288ff1c0950bb9362
source_snapshot/problems/numeric/mprime/valid_easy/pfile4.pddl,794,7e151fe3ab49f123c7d850adfa4573c4b0cffef228434487c68309d727f0da3e,7e151fe3ab49f123c7d850adfa4573c4b0cffef228434487c68309d727f0da3e
source_snapshot/problems/numeric/mprime/valid_easy/pfile5.pddl,950,ca4f996526cd8dd2ffc980c7d9fe0010fef0352b4e667505bac575e5daa416f2,ca4f996526cd8dd2ffc980c7d9fe0010fef0352b4e667505bac575e5daa416f2
source_snapshot/problems/numeric/mprime/valid_easy/pfile6.pddl,908,878c18eefe24eaf851840edaa94235157bf265a59f3b7d70cf558000ab9bdf73,878c18eefe24eaf851840edaa94235157bf265a59f3b7d70cf558000ab9bdf73
source_snapshot/problems/numeric/mprime/valid_easy/pfile7.pddl,944,10235c146d8be703e6ffbd658a2b812cbee0eac409acf29e6b5a60915b33caad,10235c146d8be703e6ffbd658a2b812cbee0eac409acf29e6b5a60915b33caad
source_snapshot/problems/numeric/mprime/valid_easy/pfile8.pddl,927,e6b5a80ec665d0f460ecb462378c1d326bb9ea678278dc0a0f3277b05e65b224,e6b5a80ec665d0f460ecb462378c1d326bb9ea678278dc0a0f3277b05e65b224
source_snapshot/problems/numeric/mprime/valid_easy/pfile9.pddl,844,3729502a909dd6a8e9a0365933da2bb44e22661b2d4f9a58dd3fd7a649997fc1,3729502a909dd6a8e9a0365933da2bb44e22661b2d4f9a58dd3fd7a649997fc1
source_snapshot/problems/numeric/mprime/valid_hard/pfile0.pddl,1067,d01e2b702a168db93605a0e2e2ea15b1cfeb49a36cefcff89c2af143bac70c14,d01e2b702a168db93605a0e2e2ea15b1cfeb49a36cefcff89c2af143bac70c14
source_snapshot/problems/numeric/mprime/valid_hard/pfile1.pddl,1642,0edfbfdfbf5df4cdf610e9f1f790492ced7046a965ef78fe2a33b2d708a6bfe2,0edfbfdfbf5df4cdf610e9f1f790492ced7046a965ef78fe2a33b2d708a6bfe2
source_snapshot/problems/numeric/mprime/valid_hard/pfile2.pddl,1695,31e8abff50e0c4f0466942d5118665c68f99ef217b8b3d5b18f1a456afda4e3f,31e8abff50e0c4f0466942d5118665c68f99ef217b8b3d5b18f1a456afda4e3f
source_snapshot/problems/numeric/mprime/valid_hard/pfile3.pddl,1579,1a8c2aab1b1dd31b136b88272f602627f89eb3634e5864adf89724375410ca16,1a8c2aab1b1dd31b136b88272f602627f89eb3634e5864adf89724375410ca16
source_snapshot/problems/numeric/mprime/valid_hard/pfile4.pddl,1229,45300705e647c0c69c148d6574cde045c03e3b850a0a77d4d5281062d6923ebb,45300705e647c0c69c148d6574cde045c03e3b850a0a77d4d5281062d6923ebb
source_snapshot/problems/numeric/mprime/valid_hard/pfile5.pddl,1425,36c6b7ae0d8c131201db6782f279efd3fb10a053ea3d88891e68579e92437b9e,36c6b7ae0d8c131201db6782f279efd3fb10a053ea3d88891e68579e92437b9e
source_snapshot/problems/numeric/mprime/valid_hard/pfile6.pddl,1401,5435d1a09f51a6896ef1aab79c9ecc94cdd4e37d6671d81bcf054b4dc5b46ca4,5435d1a09f51a6896ef1aab79c9ecc94cdd4e37d6671d81bcf054b4dc5b46ca4
source_snapshot/problems/numeric/mprime/valid_hard/pfile7.pddl,1236,5ce61ba8d9d39ea8a30a0819e7a0ffbfff56e85dbb92a5c03ba2e73cbbc94425,5ce61ba8d9d39ea8a30a0819e7a0ffbfff56e85dbb92a5c03ba2e73cbbc94425
source_snapshot/problems/numeric/mprime/valid_hard/pfile8.pddl,1202,13043e0cf155e04b31bacaffa4f8d92ebf8ff959d4fbf0d9b34d54841d37046d,13043e0cf155e04b31bacaffa4f8d92ebf8ff959d4fbf0d9b34d54841d37046d
source_snapshot/problems/numeric/mprime/valid_hard/pfile9.pddl,1407,ea1052b0ad35d428ea63337fb47f611c9e846554d468460b92e5486244f54935,ea1052b0ad35d428ea63337fb47f611c9e846554d468460b92e5486244f54935
source_snapshot/problems/numeric/mprime/valid_medium/pfile0.pddl,1141,6bd15fc244dc7f2c78036759b55280fe21d55b923cf9f974a4c3b44085951859,6bd15fc244dc7f2c78036759b55280fe21d55b923cf9f974a4c3b44085951859
source_snapshot/problems/numeric/mprime/valid_medium/pfile1.pddl,1065,7c947537ad8061495689a04a4a8eda33697dcf15a2874462b7242ee1ee10cc04,7c947537ad8061495689a04a4a8eda33697dcf15a2874462b7242ee1ee10cc04
source_snapshot/problems/numeric/mprime/valid_medium/pfile2.pddl,1141,d770556e278fe74ef32f5a03614cb387e7b4e217d53f7e8a601bad1e3969d231,d770556e278fe74ef32f5a03614cb387e7b4e217d53f7e8a601bad1e3969d231
source_snapshot/problems/numeric/mprime/valid_medium/pfile3.pddl,1065,c35a330c5a284859ab526cef224fe1ba37fee96e9b7fbbd3eb2a92cc587e9bbe,c35a330c5a284859ab526cef224fe1ba37fee96e9b7fbbd3eb2a92cc587e9bbe
source_snapshot/problems/numeric/mprime/valid_medium/pfile4.pddl,1132,65e5fe62fd0bf22f18acee416a27ee20b70dd998f142005c73b7002da4078c13,65e5fe62fd0bf22f18acee416a27ee20b70dd998f142005c73b7002da4078c13
source_snapshot/problems/numeric/mprime/valid_medium/pfile5.pddl,1087,b2eb618e2c1f9eac68cb71ddac62695e5fb581a8454dd3b3c1291e089192de02,b2eb618e2c1f9eac68cb71ddac62695e5fb581a8454dd3b3c1291e089192de02
source_snapshot/problems/numeric/mprime/valid_medium/pfile6.pddl,921,29a19ef5efb6de2893bec51c8b767d108b4fa9d31aae16a27405024f074b4678,29a19ef5efb6de2893bec51c8b767d108b4fa9d31aae16a27405024f074b4678
source_snapshot/problems/numeric/mprime/valid_medium/pfile7.pddl,962,660f61acf6457b74ae09225899bc31fa825e18ab682e9b483ab77c214669131e,660f61acf6457b74ae09225899bc31fa825e18ab682e9b483ab77c214669131e
source_snapshot/problems/numeric/mprime/valid_medium/pfile8.pddl,1218,f725d2e7aa66c3730d076b4d7d09b9899751a9543ae1b2565a8c8d52b661c3ab,f725d2e7aa66c3730d076b4d7d09b9899751a9543ae1b2565a8c8d52b661c3ab
source_snapshot/problems/numeric/mprime/valid_medium/pfile9.pddl,1119,2e78d91a9be46fc3ed443cf648c0a20a2c629c67c85d1f7c9530df77247937ec,2e78d91a9be46fc3ed443cf648c0a20a2c629c67c85d1f7c9530df77247937ec
source_snapshot/problems/numeric/mprime/validation_ipc_scale_v1/easy/pfile0.pddl,2028,2054441267c1e98ca4af4993ebba847a035245d54df0a0e27769c77b180cf8d8,da7c7a52a94534e39c11346ed9fdecbc7308a689bdcefd6fe612bfc15e9e1224
source_snapshot/problems/numeric/mprime/validation_ipc_scale_v1/easy/pfile1.pddl,1890,8ec9b245584e074796d2706e70388746070c0cef0d074a025d73f8308dfde101,6848cfab476cf154fb799e2cabea0c44de88f962d730be75878cac68ec80d207
source_snapshot/problems/numeric/mprime/validation_ipc_scale_v1/easy/pfile2.pddl,1516,3aa37467444ac7d323bc445bff65b67d9c93a2824035005b98b38e0a68013e9c,65318012f2e5ce0c5b2964e051bd0e91ff2aa9e59b85063bb933a88ed4550673
source_snapshot/problems/numeric/mprime/validation_ipc_scale_v1/easy/pfile3.pddl,1696,dfdec5029c685a1cf812ea6dec573f9887633a8507276763fb0926e60daf1d53,e7a4537d1ae17a1a46aa5286f631636564a6ec3b5cb28d6a8bc97749bc5162d7
source_snapshot/problems/numeric/mprime/validation_ipc_scale_v1/easy/pfile4.pddl,1852,4b293bc0150190fb14e40af7009b4fc2cc5fea92f5c279e96d8d2df5e5318b13,b1565aa4320b10a4e395b13fcd3175386fb7edfe69500f28a92f539d08e2801b
source_snapshot/problems/numeric/mprime/validation_ipc_scale_v1/easy/pfile5.pddl,1273,f7c23fd4b3897750b4afa31f3b2db6429b440fdb50a5e027c3cb2a530abf71e7,c063c0d432464a7d145eadcb5fe8fac6097f85d0e19f5222b0314da6e3953f8a
source_snapshot/problems/numeric/mprime/validation_ipc_scale_v1/easy/pfile6.pddl,1775,ddca89c63a14ca8537a9cc72621957ca41bc9eca34406ab5558da814049af978,39e19a22508cc51eb432c789e990e039cf3a15fed2f491c38a35140765c61249
source_snapshot/problems/numeric/mprime/validation_ipc_scale_v1/easy/pfile7.pddl,1877,8a3d07025f2c0f7f939ef0d359b3039fe4439b046de44fe4e1badeab265d21bc,86de415250992990b0d920146881a795e68fc1c65bead3656d16707ba9c469ab
source_snapshot/problems/numeric/mprime/validation_ipc_scale_v1/easy/pfile8.pddl,1750,fb398705772c504b08aa1d140442d9cfef4cb6297111a12fa930e4bf49a11eea,9f0e5473aec285e3d2265adda3cdf813af3f66b5dfb684c738a50181b40e5282
source_snapshot/problems/numeric/mprime/validation_ipc_scale_v1/easy/pfile9.pddl,1870,79d92d2adb8a5ced046b3e01c5e50385344e9259988f99bfa4f3635a4a1eb967,df026416f51fe00662a99e2d2c550856c6ec4104e5007ceadf287dceda4d63fb
source_snapshot/problems/numeric/mprime/validation_ipc_scale_v1/hard/pfile20.pddl,3681,023e10152456ff00da875e2ab1af4b8c4adbaf0ef39b36dd63e3852bf8c2b315,3eeee2641c39c9f1999bfaa9f8b31a2cf28f22d256949d32c062d7587708513a
source_snapshot/problems/numeric/mprime/validation_ipc_scale_v1/hard/pfile21.pddl,3102,b3b1f94da2f57063a59873a5ac44117a1eb6486f2ac486eb2068ac6f2ee34525,1f848942e4ba59741458b9770fa7e16d62cc1a82b1a5d5d6fbb7a46465f8bb3b
source_snapshot/problems/numeric/mprime/validation_ipc_scale_v1/hard/pfile22.pddl,3993,c70c3a74f8e457e7267d37126978d67ee2a512ba2b1e9dcd42e70385b93edca0,10bfecee6e92522520d7a56a66a1952130679558bc5cd4304d3ba7b66a22b2ea
source_snapshot/problems/numeric/mprime/validation_ipc_scale_v1/hard/pfile23.pddl,4406,73983d7718923db1c2f8aecdee604f831d45a345c618d1a3cb5e7765eb264e37,dc9a4e78ca2838dc0e21ef6dbbb1cd19b74043e61fc2f594f22a6850a3e6a370
source_snapshot/problems/numeric/mprime/validation_ipc_scale_v1/hard/pfile24.pddl,4943,afdebf855e18e81d5949a66dd9efb3d576ab7e974f46499baac55f618c1ca9cc,61dd157b776f26b3f881378c645decec429c56613b7fd133511b46a9b8a4ba3c
source_snapshot/problems/numeric/mprime/validation_ipc_scale_v1/hard/pfile25.pddl,3726,9948e8f540d4ae6682080e0e36761c2734902d4ee0107fad167ef201dcc515b6,9974a14f688e0108cbd8c47567a6e73308eeeda521e96696e0eea7e0348b4c9c
source_snapshot/problems/numeric/mprime/validation_ipc_scale_v1/hard/pfile26.pddl,3380,6cf78e448845c1afd66ba4c028a81042ca7455b20c43ad0c8a89e5e75c5cfa68,50bcbb170afa08b81a722bf35eb8fbacb1d7bee2c9a739df6f8298b42c52df89
source_snapshot/problems/numeric/mprime/validation_ipc_scale_v1/hard/pfile27.pddl,4616,aa0901a9cdb9721f70a5b4f47164f626b5ddcac1f22fd9477f5596126f9d733d,98aac9be01a2d6a67bbf301e6d1157450473e1b82a2bee3748f6be3e110fdbfd
source_snapshot/problems/numeric/mprime/validation_ipc_scale_v1/hard/pfile28.pddl,4060,1d56e1f2edca971c276265ab88de4f57947dcf06ec2b516a192321ab1cf4db34,918022d531373f12740372c7de3cecf16c4b4c4c056dd60bca53876687b179db
source_snapshot/problems/numeric/mprime/validation_ipc_scale_v1/hard/pfile29.pddl,3889,e72ad6bd77d5e9bc1ecc864a59ff8ee1a5b2b85a2f9f4ed933a9960639cced2a,5752a49695c298eb17a0762a00672ae03ab5f96adc768e8acb7ba72a43dd1b3d
source_snapshot/problems/numeric/mprime/validation_ipc_scale_v1/medium/pfile10.pddl,3201,9dde004df23ea5d816880edc0378598e41d9ee17ae1823af617c9ce7f203bd29,0efa952d4717fbb927a9157afba30e2921be518bd95c6934fc5b41041dc71e09
source_snapshot/problems/numeric/mprime/validation_ipc_scale_v1/medium/pfile11.pddl,2789,ce702dfc7076ba8265aad3220fe575cab5198a235dd1de142f0480cb3a81ce11,9f1d798e4d151042130fb27297ca99f710b19bad034d5da25278dc4f88ef8472
source_snapshot/problems/numeric/mprime/validation_ipc_scale_v1/medium/pfile12.pddl,2866,57cabdc7e6d1037ad3bcd9c3fc624b6a15281915c73a569c0563204b655932b5,05138c23b9f65d5c6f96c96cccfd625dbfa4b7e60d1e2e0d64516148fe36608b
source_snapshot/problems/numeric/mprime/validation_ipc_scale_v1/medium/pfile13.pddl,2235,13f1640d89605043fe8cd2f3aedfb9664d0d761bfe58e4042eb8485e068a27e1,1a58782a99a7c2764e8f23320dd4a394a14afe2f142b71c492eca4bf5613164c
source_snapshot/problems/numeric/mprime/validation_ipc_scale_v1/medium/pfile14.pddl,2404,ea935f74dab08fdceafb3101dca4d4f6b6ab922b650a696d909dd86095d3bfa8,b44ca37eb409c0c9d9e02e21276526b73678e24afebc449bfe4918612c05bb8b
source_snapshot/problems/numeric/mprime/validation_ipc_scale_v1/medium/pfile15.pddl,2338,872e6cd48b6fbfdbdadc6310e1e5b2a32738bd1c5cc882edc83f92e384411224,c48ea36375a5d37d34f367185d525bbf51434f3e7759179b47e3265a4cbe6ee5
source_snapshot/problems/numeric/mprime/validation_ipc_scale_v1/medium/pfile16.pddl,2638,d1564c7d0ff80926d8cef18052c9db26fe94eaef43fb4339928521b85e66453e,063c46bede21234321f863031d6164208a13c0db307d2643c13a9175d131b289
source_snapshot/problems/numeric/mprime/validation_ipc_scale_v1/medium/pfile17.pddl,2416,5260b6aea407074e6cf00dc3544e78f935c6be8b8bdd74c800d4ecd41086307c,3ef04b0b89baee7b62a6091410bf1cd67e7d4488b0fbb12aaccba5f6d672e78f
source_snapshot/problems/numeric/mprime/validation_ipc_scale_v1/medium/pfile18.pddl,2677,26c1d207b4d396b45843ecb7ed1f963f10930ed3e116579dcee9c66f40d12a13,6402f6214f38e8f32fa42144f3a115cdc57b3855a4a96560cb37567b35fdac4a
source_snapshot/problems/numeric/mprime/validation_ipc_scale_v1/medium/pfile19.pddl,3183,cc20169f1035bbbf75ff4ec683ef7f136be16eb4fb516c0ec443da7f8b8e79e6,d0409b835df20f55af61df026ca88707dacad9f821737adf9f2b77bbd22bd52c
source_snapshot/problems/numeric/rover/domain.pddl,4763,69c201e4d000029bfb69b359a66849e75e415d64a470761fa5ab11ade36411c5,5ce52dbad71ea090f785fca2cc6f84465144c999554444f9b36cfeea46cb7e99
source_snapshot/problems/numeric/rover/problems/pfile1.pddl,2036,c3e806f112f3e19588b3418af143195927cdc0dcd77c1be3b99364bd57cfa891,217b776fd9f7567e2164c1be0bc97162246953956bc714d8bc552afda4b13d21
source_snapshot/problems/numeric/rover/problems/pfile10.pddl,6040,f699a03dd0f39931a81e479db7e9babcab2a862c55b26f6291199ae761657337,f13d1122cb436c0acb84c533eb47b902ff669fadca32fb2d609cee533c449d36
source_snapshot/problems/numeric/rover/problems/pfile11.pddl,6936,0d081623a8e0f774c91c1d2b542098b7c3eda0e1c264547e29f6165815c37400,7e926a7ad2aa0cc5d08f7399c2a48d88640b1a59fbf4d0e151f7a683e2845c95
source_snapshot/problems/numeric/rover/problems/pfile12.pddl,6623,bf93c83d090358217ecb4de4c20c0f57eaed53a6c1a01fd079ad1837dbe110d3,5b03bcd45d1adbd9dd635bef3d87c5c23315f8d338f92a685f63788eb3a6dd00
source_snapshot/problems/numeric/rover/problems/pfile13.pddl,8062,2affe3419946a45af1300a2e32d04681c1f376beb1286a9f070b720a1106674b,5a806c31c04eb351fcda4d9a0519c92824efc2a63b02d703b4e849481e23c6e5
source_snapshot/problems/numeric/rover/problems/pfile14.pddl,8593,8c585e3722f46e8bc5dc84926e5f97437f018b36eca9783ca467078cf5ff049f,f85252ab34109a3d8ad4d2895f6a41619540ba05dfc6c2d1fd59cc4cd6bd0991
source_snapshot/problems/numeric/rover/problems/pfile15.pddl,10031,e71b0a04ad11c11dfffa1b6ab5167610bc506dbd8b7492b0721f00d7b9faddfc,99e81f36affa1595a59cd5820b2e63abd95e91abd54d2b49d6acf20081124253
source_snapshot/problems/numeric/rover/problems/pfile16.pddl,10649,cbcdfd0109bd464d1ad44c6d3bc0d0326e98c628871740d7177d0422c1655ed1,286613ab9eeb5545bcefdf314a079c5ed127ab953d58f5c0aaf68f7343988b57
source_snapshot/problems/numeric/rover/problems/pfile17.pddl,15918,55c54ead41c870d1c7c7f45d7ec8e45c49b69b2d29619b50556777209c4fb598,70ddadfca3e176c856898e9e78d114b8d6d70020c12ec8e08698dd79d880d184
source_snapshot/problems/numeric/rover/problems/pfile18.pddl,22299,bea956a66d1020254b39c1c762bb39fe4a311b34ef0bd260cdbbfa58e29847cc,fa99bdfa3a3390e200c3c029c47b77e1732510cc5d9c5ce589608a6be423ac53
source_snapshot/problems/numeric/rover/problems/pfile19.pddl,23240,33d33d3a1e27731f3d873645358216aa6a0be4820dbee5cc6838d62d3dd87951,dca6833a3569959527c1f176351ffe8a6b50630c3150d3383097902846cba25e
source_snapshot/problems/numeric/rover/problems/pfile2.pddl,1925,de856d0469af32920a97425b2cddf97e871439004926d5e4ff021bcc93890362,313417c6001b61b8fc7010563e63b46643cbec88144a7d7a6d8d523194e6895d
source_snapshot/problems/numeric/rover/problems/pfile20.pddl,33965,69598fee921a69559e6fb9e62c5d1be81a71d0c3959751c094ad97ff04a83b18,6d38362fbd31221334e3bc2d39b48d9ec9758a4c94b8420dcc58e5c4c5249edc
source_snapshot/problems/numeric/rover/problems/pfile3.pddl,2408,91c050819efbb36cc147aa6dd7cc87e1f438a1b44e6e028d5ed1edaa539a549a,b38f07327141418243dee1ee67346730cc402539eff11e7929245f73e37755eb
source_snapshot/problems/numeric/rover/problems/pfile4.pddl,2463,c22460b52d5380c87eb7217e4fc32456f270a1f344ccd163bada5c6885c4a86d,252bda8de6252b58d89bace588c43466a7af3b9cea26dd0b9a903a49e20bd4f9
source_snapshot/problems/numeric/rover/problems/pfile5.pddl,2911,82be06a8cac180c7f84b1bba18523b45737211e47408b725cb540f0af5341e76,c59d87bfb06a955b20154025e578ba5efb201f8bb3197e6a9900fb1945d3e683
source_snapshot/problems/numeric/rover/problems/pfile6.pddl,3794,37861c52da80c2f57a30a4ce0c6a799b74299dd85e05989ffce19d5df647bad2,f44a2294abcd6ece231f10861ebe21c91f60835bbbb16b02d01bcc6cca077bc2
source_snapshot/problems/numeric/rover/problems/pfile7.pddl,4118,6ce427559433af643668142e3b41cec88ea7e2e393c308d43a4f4743c96d9e2f,6f6f935220545b7e444fbc0c22cc878b9734e91ab2dab7dc3133ecb96e44a074
source_snapshot/problems/numeric/rover/problems/pfile8.pddl,5354,3c2e2c7f6004fed9989e91f301d8c9ce5f0827ab4509943aba9809e2e314ea69,fce06037269e2b5f5cd4d32a452edd0aab51ee777a959d6b879c7727a7a4539e
source_snapshot/problems/numeric/rover/problems/pfile9.pddl,6248,4152f701d70e15e255f6b3585aa2eecb9ba518638bc281c0d79c8c8480ef5620,69576c43dba1dc7841700d199f5db0296778cd5c8b2bf27338a2d0e66d3bf43b
source_snapshot/problems/numeric/rover/valid_easy/pfile0.pddl,2960,eadecf3d059df3ee41fc34a9624617f393bf94f3c05b673a7b9c67b0e8980291,eadecf3d059df3ee41fc34a9624617f393bf94f3c05b673a7b9c67b0e8980291
source_snapshot/problems/numeric/rover/valid_easy/pfile1.pddl,3231,ef0f6bfc7493b072d31f7dad86dd348d87e3d4c797629b177d0a0883e131f456,ef0f6bfc7493b072d31f7dad86dd348d87e3d4c797629b177d0a0883e131f456
source_snapshot/problems/numeric/rover/valid_easy/pfile2.pddl,1856,f9540fa2bd39af97cd2b36d6748a4049aee9a11693fcb25571589349f81e4592,f9540fa2bd39af97cd2b36d6748a4049aee9a11693fcb25571589349f81e4592
source_snapshot/problems/numeric/rover/valid_easy/pfile3.pddl,2333,92867dc81b0316133e95333acc51c2e40e0776862e838a16a65f59303ad596a6,92867dc81b0316133e95333acc51c2e40e0776862e838a16a65f59303ad596a6
source_snapshot/problems/numeric/rover/valid_easy/pfile4.pddl,3139,6c80781b66a47db020f9ae2b8a130e0d9e5ce2db57b4ddf6219169c856bca642,6c80781b66a47db020f9ae2b8a130e0d9e5ce2db57b4ddf6219169c856bca642
source_snapshot/problems/numeric/rover/valid_easy/pfile5.pddl,2602,d2819efec97ed804263d142796e6ee404017253e05592efddf8dbbf290040db1,d2819efec97ed804263d142796e6ee404017253e05592efddf8dbbf290040db1
source_snapshot/problems/numeric/rover/valid_easy/pfile6.pddl,2008,f3ba31da67522113f8cb790864576baa0ef3de6ada4761046599a5006446c075,f3ba31da67522113f8cb790864576baa0ef3de6ada4761046599a5006446c075
source_snapshot/problems/numeric/rover/valid_easy/pfile7.pddl,2812,0cac0cd6ce1392680228ebc93ca6a8fac8f6d64b2ee8a18714a94b63739f8f68,0cac0cd6ce1392680228ebc93ca6a8fac8f6d64b2ee8a18714a94b63739f8f68
source_snapshot/problems/numeric/rover/valid_easy/pfile8.pddl,3475,d699e50110c7763a459ce10560056f67098a51f87604cbd9e3cabbb46b4a3975,d699e50110c7763a459ce10560056f67098a51f87604cbd9e3cabbb46b4a3975
source_snapshot/problems/numeric/rover/valid_easy/pfile9.pddl,3285,5806b257cc321dd86ddf1459bc21d61bb541496531f238c45fa3de0c8c081c09,5806b257cc321dd86ddf1459bc21d61bb541496531f238c45fa3de0c8c081c09
source_snapshot/problems/numeric/rover/valid_hard/pfile0.pddl,10724,6573e488be67d383a4dba14faf97449f7aa43b1ccf1972b926446af88d152ace,6573e488be67d383a4dba14faf97449f7aa43b1ccf1972b926446af88d152ace
source_snapshot/problems/numeric/rover/valid_hard/pfile1.pddl,17712,60a1ef809413739fd87b34640d11913ce1dc594b5d7265c7cdfaf1e31ad17315,60a1ef809413739fd87b34640d11913ce1dc594b5d7265c7cdfaf1e31ad17315
source_snapshot/problems/numeric/rover/valid_hard/pfile2.pddl,8384,e0e6c09a5531ea81571995357691b2c5945677c088b72756cc98bb4f589d0ce7,e0e6c09a5531ea81571995357691b2c5945677c088b72756cc98bb4f589d0ce7
source_snapshot/problems/numeric/rover/valid_hard/pfile3.pddl,9320,1a13c0cab6c5857f6e1815857ea65d9e570a907f1427aaac341ecb79f4d6b4fa,1a13c0cab6c5857f6e1815857ea65d9e570a907f1427aaac341ecb79f4d6b4fa
source_snapshot/problems/numeric/rover/valid_hard/pfile4.pddl,7696,17887d898803d52fa9e044a2b99525782f2ee69b5e4351935de806eb4b3bdf36,17887d898803d52fa9e044a2b99525782f2ee69b5e4351935de806eb4b3bdf36
source_snapshot/problems/numeric/rover/valid_hard/pfile5.pddl,9497,1c6cfa9048490074c517608fb4963e81a0b6048982ba9a5fe68258e15e0ddc62,1c6cfa9048490074c517608fb4963e81a0b6048982ba9a5fe68258e15e0ddc62
source_snapshot/problems/numeric/rover/valid_hard/pfile6.pddl,12027,e33e0c20a2bd9f2e754439af9075abc0c188a3326ed54c57f1d9b93b54dbb6fe,e33e0c20a2bd9f2e754439af9075abc0c188a3326ed54c57f1d9b93b54dbb6fe
source_snapshot/problems/numeric/rover/valid_hard/pfile7.pddl,16431,994ec3405c589cebfb834d129e76eca6991ced3c051c3cee5bbc68fa169c4956,994ec3405c589cebfb834d129e76eca6991ced3c051c3cee5bbc68fa169c4956
source_snapshot/problems/numeric/rover/valid_hard/pfile8.pddl,15838,c7bafa6bf770e36926ee0447f6fb030c1f7802971f5ee208e571106033050112,c7bafa6bf770e36926ee0447f6fb030c1f7802971f5ee208e571106033050112
source_snapshot/problems/numeric/rover/valid_hard/pfile9.pddl,10701,42574f136b708ed4778f840f7dc1ab5b880a647729a02b634c5fb7af08b7ef11,42574f136b708ed4778f840f7dc1ab5b880a647729a02b634c5fb7af08b7ef11
source_snapshot/problems/numeric/rover/valid_medium/pfile0.pddl,4184,f108b8ab8c247ef63b74972bdf53a49a20ecdbf4045826fad991dfcf4e66f51e,f108b8ab8c247ef63b74972bdf53a49a20ecdbf4045826fad991dfcf4e66f51e
source_snapshot/problems/numeric/rover/valid_medium/pfile1.pddl,5721,4816f1642e8f2cbbee47b8567110c548e21260bd96aeb67248012e9ca397cd2d,4816f1642e8f2cbbee47b8567110c548e21260bd96aeb67248012e9ca397cd2d
source_snapshot/problems/numeric/rover/valid_medium/pfile2.pddl,4571,b8f21786a76cb3073938e5139451226a5dff026fd9174b4815eb737acca2e7b5,b8f21786a76cb3073938e5139451226a5dff026fd9174b4815eb737acca2e7b5
source_snapshot/problems/numeric/rover/valid_medium/pfile3.pddl,4750,4239bece8d3a71a4f92c84097089ad1c25800d506ac42986dd98b599a65de255,4239bece8d3a71a4f92c84097089ad1c25800d506ac42986dd98b599a65de255
source_snapshot/problems/numeric/rover/valid_medium/pfile4.pddl,5204,da972bb5bf4dbd0c60219cfe8249ca13ddd8bd2f1f5e0bb6cd7e96df03b95c27,da972bb5bf4dbd0c60219cfe8249ca13ddd8bd2f1f5e0bb6cd7e96df03b95c27
source_snapshot/problems/numeric/rover/valid_medium/pfile5.pddl,3988,19a7e7622ac2a85d1ae88f0a05e46c1c7c6d296aeb942695ff842dd7d78ee277,19a7e7622ac2a85d1ae88f0a05e46c1c7c6d296aeb942695ff842dd7d78ee277
source_snapshot/problems/numeric/rover/valid_medium/pfile6.pddl,5815,39dd6051413b199d820afac7334b6ef1c0f00cd2a97f44beef93436a84f71b67,39dd6051413b199d820afac7334b6ef1c0f00cd2a97f44beef93436a84f71b67
source_snapshot/problems/numeric/rover/valid_medium/pfile7.pddl,3568,c83da45c4055c45cae8d0bf90875a2c556dea2ef7393ee0f903b9a69f000f219,c83da45c4055c45cae8d0bf90875a2c556dea2ef7393ee0f903b9a69f000f219
source_snapshot/problems/numeric/rover/valid_medium/pfile8.pddl,5453,9418f1aa4379c47f59277722b6da369560469aaf5df6160d4e4b6496961ff711,9418f1aa4379c47f59277722b6da369560469aaf5df6160d4e4b6496961ff711
source_snapshot/problems/numeric/rover/valid_medium/pfile9.pddl,3756,88e8eefcaea259a3b2e131dd34a426b1a5b4a050ffc71ca26aef301c2ab2154f,88e8eefcaea259a3b2e131dd34a426b1a5b4a050ffc71ca26aef301c2ab2154f
statistics_replay_receipt.json,231,fc3649aa34741d9b3688de2d13d1efb1eaaf1d45ca552912bf243bcb0f9ef7b7,2aa68a68998eee87a33e9f6da94d3f7c5c6323af714fb58fb87853d8bc074fed
value_estimation_objectives_and_calibration_future_work_20261003.md,5500,97ad98ae97a32ea2213f41a729763e45b21ea6e636c5008c04d8706750429a55,97ad98ae97a32ea2213f41a729763e45b21ea6e636c5008c04d8706750429a55
