search,seed,instance,hit_goal,elapsed_seconds,checkpoint_sha256,source
pw,1510771779,1,True,6.2743222799908835,9ece5e4fa66b40e5c57623eb175a64d9dfec05fa2a1d88ad8552385bb07aa3e2,/home/hersco/training_new_domains/2026-09-30/campaign_closure/results/counters-repaired-on-1510771779-a10-pw-e0/attempt_21982786/result.json
pw,1510771779,2,True,7.7812543000036385,9ece5e4fa66b40e5c57623eb175a64d9dfec05fa2a1d88ad8552385bb07aa3e2,/home/hersco/training_new_domains/2026-09-30/campaign_closure/results/counters-repaired-on-1510771779-a10-pw-e0/attempt_21982786/result.json
pw,1510771779,3,True,8.79204882698832,9ece5e4fa66b40e5c57623eb175a64d9dfec05fa2a1d88ad8552385bb07aa3e2,/home/hersco/training_new_domains/2026-09-30/campaign_closure/results/counters-repaired-on-1510771779-a10-pw-e0/attempt_21982786/result.json
pw,1510771779,4,True,11.077448161988286,9ece5e4fa66b40e5c57623eb175a64d9dfec05fa2a1d88ad8552385bb07aa3e2,/home/hersco/training_new_domains/2026-09-30/campaign_closure/results/counters-repaired-on-1510771779-a10-pw-e0/attempt_21982786/result.json
pw,1510771779,5,True,11.324268447991926,9ece5e4fa66b40e5c57623eb175a64d9dfec05fa2a1d88ad8552385bb07aa3e2,/home/hersco/training_new_domains/2026-09-30/campaign_closure/results/counters-repaired-on-1510771779-a10-pw-e0/attempt_21982786/result.json
pw,1510771779,6,True,11.549942945013754,9ece5e4fa66b40e5c57623eb175a64d9dfec05fa2a1d88ad8552385bb07aa3e2,/home/hersco/training_new_domains/2026-09-30/campaign_closure/results/counters-repaired-on-1510771779-a10-pw-e0/attempt_21982786/result.json
pw,1510771779,7,True,14.55950548700639,9ece5e4fa66b40e5c57623eb175a64d9dfec05fa2a1d88ad8552385bb07aa3e2,/home/hersco/training_new_domains/2026-09-30/campaign_closure/results/counters-repaired-on-1510771779-a10-pw-e0/attempt_21982786/result.json
pw,1510771779,8,True,14.303940116980812,9ece5e4fa66b40e5c57623eb175a64d9dfec05fa2a1d88ad8552385bb07aa3e2,/home/hersco/training_new_domains/2026-09-30/campaign_closure/results/counters-repaired-on-1510771779-a10-pw-e0/attempt_21982786/result.json
pw,1510771779,9,True,15.552943620976293,9ece5e4fa66b40e5c57623eb175a64d9dfec05fa2a1d88ad8552385bb07aa3e2,/home/hersco/training_new_domains/2026-09-30/campaign_closure/results/counters-repaired-on-1510771779-a10-pw-e0/attempt_21982786/result.json
pw,1510771779,10,True,19.810925097001018,9ece5e4fa66b40e5c57623eb175a64d9dfec05fa2a1d88ad8552385bb07aa3e2,/home/hersco/training_new_domains/2026-09-30/campaign_closure/results/counters-repaired-on-1510771779-a10-pw-e0/attempt_21982786/result.json
pw,1510771779,11,True,21.084289592981804,9ece5e4fa66b40e5c57623eb175a64d9dfec05fa2a1d88ad8552385bb07aa3e2,/home/hersco/training_new_domains/2026-09-30/campaign_closure/results/counters-repaired-on-1510771779-a10-pw-e0/attempt_21982786/result.json
pw,1510771779,12,True,23.334582448005676,9ece5e4fa66b40e5c57623eb175a64d9dfec05fa2a1d88ad8552385bb07aa3e2,/home/hersco/training_new_domains/2026-09-30/campaign_closure/results/counters-repaired-on-1510771779-a10-pw-e0/attempt_21982786/result.json
pw,1510771779,13,True,26.56870048600831,9ece5e4fa66b40e5c57623eb175a64d9dfec05fa2a1d88ad8552385bb07aa3e2,/home/hersco/training_new_domains/2026-09-30/campaign_closure/results/counters-repaired-on-1510771779-a10-pw-e0/attempt_21982786/result.json
pw,1510771779,14,True,30.575695420993725,9ece5e4fa66b40e5c57623eb175a64d9dfec05fa2a1d88ad8552385bb07aa3e2,/home/hersco/training_new_domains/2026-09-30/campaign_closure/results/counters-repaired-on-1510771779-a10-pw-e0/attempt_21982786/result.json
pw,1510771779,15,True,32.32831282602274,9ece5e4fa66b40e5c57623eb175a64d9dfec05fa2a1d88ad8552385bb07aa3e2,/home/hersco/training_new_domains/2026-09-30/campaign_closure/results/counters-repaired-on-1510771779-a10-pw-e0/attempt_21982786/result.json
pw,1510771779,16,True,32.83155509599601,9ece5e4fa66b40e5c57623eb175a64d9dfec05fa2a1d88ad8552385bb07aa3e2,/home/hersco/training_new_domains/2026-09-30/campaign_closure/results/counters-repaired-on-1510771779-a10-pw-e0/attempt_21982786/result.json
pw,1510771779,17,True,35.83978862699587,9ece5e4fa66b40e5c57623eb175a64d9dfec05fa2a1d88ad8552385bb07aa3e2,/home/hersco/training_new_domains/2026-09-30/campaign_closure/results/counters-repaired-on-1510771779-a10-pw-e0/attempt_21982786/result.json
pw,1510771779,18,True,39.348112965002656,9ece5e4fa66b40e5c57623eb175a64d9dfec05fa2a1d88ad8552385bb07aa3e2,/home/hersco/training_new_domains/2026-09-30/campaign_closure/results/counters-repaired-on-1510771779-a10-pw-e0/attempt_21982786/result.json
pw,1510771779,19,True,42.59992664100719,9ece5e4fa66b40e5c57623eb175a64d9dfec05fa2a1d88ad8552385bb07aa3e2,/home/hersco/training_new_domains/2026-09-30/campaign_closure/results/counters-repaired-on-1510771779-a10-pw-e0/attempt_21982786/result.json
pw,1510771779,20,True,49.35633609100478,9ece5e4fa66b40e5c57623eb175a64d9dfec05fa2a1d88ad8552385bb07aa3e2,/home/hersco/training_new_domains/2026-09-30/campaign_closure/results/counters-repaired-on-1510771779-a10-pw-e0/attempt_21982786/result.json
pw,1510771779,21,True,54.865718843997456,9ece5e4fa66b40e5c57623eb175a64d9dfec05fa2a1d88ad8552385bb07aa3e2,/home/hersco/training_new_domains/2026-09-30/campaign_closure/results/counters-repaired-on-1510771779-a10-pw-e0/attempt_21982786/result.json
pw,1510771779,22,True,59.878071565006394,9ece5e4fa66b40e5c57623eb175a64d9dfec05fa2a1d88ad8552385bb07aa3e2,/home/hersco/training_new_domains/2026-09-30/campaign_closure/results/counters-repaired-on-1510771779-a10-pw-e0/attempt_21982786/result.json
pw,1510771779,23,True,67.39154759500525,9ece5e4fa66b40e5c57623eb175a64d9dfec05fa2a1d88ad8552385bb07aa3e2,/home/hersco/training_new_domains/2026-09-30/campaign_closure/results/counters-repaired-on-1510771779-a10-pw-e0/attempt_21982786/result.json
pw,1510771779,24,True,73.65602228799253,9ece5e4fa66b40e5c57623eb175a64d9dfec05fa2a1d88ad8552385bb07aa3e2,/home/hersco/training_new_domains/2026-09-30/campaign_closure/results/counters-repaired-on-1510771779-a10-pw-e0/attempt_21982786/result.json
pw,1510771779,25,True,81.16584097000305,9ece5e4fa66b40e5c57623eb175a64d9dfec05fa2a1d88ad8552385bb07aa3e2,/home/hersco/training_new_domains/2026-09-30/campaign_closure/results/counters-repaired-on-1510771779-a10-pw-e0/attempt_21982786/result.json
pw,1510771779,26,True,91.93161862401757,9ece5e4fa66b40e5c57623eb175a64d9dfec05fa2a1d88ad8552385bb07aa3e2,/home/hersco/training_new_domains/2026-09-30/campaign_closure/results/counters-repaired-on-1510771779-a10-pw-e0/attempt_21982786/result.json
pw,1510771779,27,True,98.24432954500662,9ece5e4fa66b40e5c57623eb175a64d9dfec05fa2a1d88ad8552385bb07aa3e2,/home/hersco/training_new_domains/2026-09-30/campaign_closure/results/counters-repaired-on-1510771779-a10-pw-e0/attempt_21982786/result.json
pw,1510771779,28,True,111.7508778689953,9ece5e4fa66b40e5c57623eb175a64d9dfec05fa2a1d88ad8552385bb07aa3e2,/home/hersco/training_new_domains/2026-09-30/campaign_closure/results/counters-repaired-on-1510771779-a10-pw-e0/attempt_21982786/result.json
pw,1510771779,29,True,133.22773645300185,9ece5e4fa66b40e5c57623eb175a64d9dfec05fa2a1d88ad8552385bb07aa3e2,/home/hersco/training_new_domains/2026-09-30/campaign_closure/results/counters-repaired-on-1510771779-a10-pw-e0/attempt_21982786/result.json
pw,1510771779,30,True,142.2419155020034,9ece5e4fa66b40e5c57623eb175a64d9dfec05fa2a1d88ad8552385bb07aa3e2,/home/hersco/training_new_domains/2026-09-30/campaign_closure/results/counters-repaired-on-1510771779-a10-pw-e0/attempt_21982786/result.json
pw,1510771779,31,True,161.5214230499987,9ece5e4fa66b40e5c57623eb175a64d9dfec05fa2a1d88ad8552385bb07aa3e2,/home/hersco/training_new_domains/2026-09-30/campaign_closure/results/counters-repaired-on-1510771779-a10-pw-e0/attempt_21982786/result.json
pw,1510771779,32,True,186.38019160999102,9ece5e4fa66b40e5c57623eb175a64d9dfec05fa2a1d88ad8552385bb07aa3e2,/home/hersco/training_new_domains/2026-09-30/campaign_closure/results/counters-repaired-on-1510771779-a10-pw-e0/attempt_21982786/result.json
pw,1510771779,33,True,188.39213544499944,9ece5e4fa66b40e5c57623eb175a64d9dfec05fa2a1d88ad8552385bb07aa3e2,/home/hersco/training_new_domains/2026-09-30/campaign_closure/results/counters-repaired-on-1510771779-a10-pw-e0/attempt_21982786/result.json
pw,1510771779,34,True,216.63840164599242,9ece5e4fa66b40e5c57623eb175a64d9dfec05fa2a1d88ad8552385bb07aa3e2,/home/hersco/training_new_domains/2026-09-30/campaign_closure/results/counters-repaired-on-1510771779-a10-pw-e0/attempt_21982786/result.json
pw,1510771779,35,True,245.96217205599532,9ece5e4fa66b40e5c57623eb175a64d9dfec05fa2a1d88ad8552385bb07aa3e2,/home/hersco/training_new_domains/2026-09-30/campaign_closure/results/counters-repaired-on-1510771779-a10-pw-e0/attempt_21982786/result.json
pw,1510771779,36,True,244.4762141579995,9ece5e4fa66b40e5c57623eb175a64d9dfec05fa2a1d88ad8552385bb07aa3e2,/home/hersco/training_new_domains/2026-09-30/campaign_closure/results/counters-repaired-on-1510771779-a10-pw-e0/attempt_21982786/result.json
pw,1510771779,37,True,355.1910554720089,9ece5e4fa66b40e5c57623eb175a64d9dfec05fa2a1d88ad8552385bb07aa3e2,/home/hersco/training_new_domains/2026-09-30/campaign_closure/results/counters-repaired-on-1510771779-a10-pw-e0/attempt_21982786/result.json
pw,1510771779,38,True,366.011184803996,9ece5e4fa66b40e5c57623eb175a64d9dfec05fa2a1d88ad8552385bb07aa3e2,/home/hersco/training_new_domains/2026-09-30/campaign_closure/results/counters-repaired-on-1510771779-a10-pw-e0/attempt_21982786/result.json
pw,1510771779,39,True,465.96257871499984,9ece5e4fa66b40e5c57623eb175a64d9dfec05fa2a1d88ad8552385bb07aa3e2,/home/hersco/training_new_domains/2026-09-30/campaign_closure/results/counters-repaired-on-1510771779-a10-pw-e0/attempt_21982786/result.json
pw,1510771779,40,True,546.0701590060198,9ece5e4fa66b40e5c57623eb175a64d9dfec05fa2a1d88ad8552385bb07aa3e2,/home/hersco/training_new_domains/2026-09-30/campaign_closure/results/counters-repaired-on-1510771779-a10-pw-e0/attempt_21982786/result.json
pw,1510771779,41,True,519.0730605910067,9ece5e4fa66b40e5c57623eb175a64d9dfec05fa2a1d88ad8552385bb07aa3e2,/home/hersco/training_new_domains/2026-09-30/campaign_closure/results/counters-repaired-on-1510771779-a10-pw-e0/attempt_21982786/result.json
pw,1510771779,42,True,646.9087697300129,9ece5e4fa66b40e5c57623eb175a64d9dfec05fa2a1d88ad8552385bb07aa3e2,/home/hersco/training_new_domains/2026-09-30/campaign_closure/results/counters-repaired-on-1510771779-a10-pw-e0/attempt_21982786/result.json
pw,1510771779,43,True,660.7324189050123,9ece5e4fa66b40e5c57623eb175a64d9dfec05fa2a1d88ad8552385bb07aa3e2,/home/hersco/training_new_domains/2026-09-30/campaign_closure/results/counters-repaired-on-1510771779-a10-pw-e0/attempt_21982786/result.json
pw,1510771779,44,True,730.5164153060177,9ece5e4fa66b40e5c57623eb175a64d9dfec05fa2a1d88ad8552385bb07aa3e2,/home/hersco/training_new_domains/2026-09-30/campaign_closure/results/counters-repaired-on-1510771779-a10-pw-e0/attempt_21982786/result.json
pw,1510771779,45,True,797.9423359709908,9ece5e4fa66b40e5c57623eb175a64d9dfec05fa2a1d88ad8552385bb07aa3e2,/home/hersco/training_new_domains/2026-09-30/campaign_closure/results/counters-repaired-on-1510771779-a10-pw-e0/attempt_21982786/result.json
pw,1510771779,46,True,927.1617078470008,9ece5e4fa66b40e5c57623eb175a64d9dfec05fa2a1d88ad8552385bb07aa3e2,/home/hersco/training_new_domains/2026-09-30/campaign_closure/results/counters-repaired-on-1510771779-a10-pw-e0/attempt_21982786/result.json
pw,1510771779,47,True,1054.7120505470084,9ece5e4fa66b40e5c57623eb175a64d9dfec05fa2a1d88ad8552385bb07aa3e2,/home/hersco/training_new_domains/2026-09-30/campaign_closure/results/counters-repaired-on-1510771779-a10-pw-e0/attempt_21982786/result.json
pw,1510771779,48,True,1157.3605428790033,9ece5e4fa66b40e5c57623eb175a64d9dfec05fa2a1d88ad8552385bb07aa3e2,/home/hersco/training_new_domains/2026-09-30/campaign_closure/results/counters-repaired-on-1510771779-a10-pw-e0/attempt_21982786/result.json
pw,1510771779,49,True,1286.8005453450023,9ece5e4fa66b40e5c57623eb175a64d9dfec05fa2a1d88ad8552385bb07aa3e2,/home/hersco/training_new_domains/2026-09-30/campaign_closure/results/counters-repaired-on-1510771779-a10-pw-e0/attempt_21982786/result.json
pw,1510771779,50,True,1466.1093525309989,9ece5e4fa66b40e5c57623eb175a64d9dfec05fa2a1d88ad8552385bb07aa3e2,/home/hersco/training_new_domains/2026-09-30/campaign_closure/results/counters-repaired-on-1510771779-a10-pw-e0/attempt_21982786/result.json
pw,1510771779,51,True,1481.116778362979,9ece5e4fa66b40e5c57623eb175a64d9dfec05fa2a1d88ad8552385bb07aa3e2,/home/hersco/training_new_domains/2026-09-30/campaign_closure/results/counters-repaired-on-1510771779-a10-pw-e0/attempt_21982786/result.json
pw,1510771779,52,True,1690.5680407290056,9ece5e4fa66b40e5c57623eb175a64d9dfec05fa2a1d88ad8552385bb07aa3e2,/home/hersco/training_new_domains/2026-09-30/campaign_closure/results/counters-repaired-on-1510771779-a10-pw-e0/attempt_21982786/result.json
pw,1510771779,53,True,1800.9516522320046,9ece5e4fa66b40e5c57623eb175a64d9dfec05fa2a1d88ad8552385bb07aa3e2,/home/hersco/training_new_domains/2026-09-30/campaign_closure/results/counters-repaired-on-1510771779-a10-pw-e0/attempt_21982786/result.json
pw,1510771779,54,True,2121.5524339799886,9ece5e4fa66b40e5c57623eb175a64d9dfec05fa2a1d88ad8552385bb07aa3e2,/home/hersco/training_new_domains/2026-09-30/campaign_closure/results/counters-repaired-on-1510771779-a10-pw-e0/attempt_21982786/result.json
pw,1510771779,55,True,2183.795294331998,9ece5e4fa66b40e5c57623eb175a64d9dfec05fa2a1d88ad8552385bb07aa3e2,/home/hersco/training_new_domains/2026-09-30/campaign_closure/results/counters-repaired-on-1510771779-a10-pw-e0/attempt_21982786/result.json
pw,1510771779,56,True,2727.5401073959947,9ece5e4fa66b40e5c57623eb175a64d9dfec05fa2a1d88ad8552385bb07aa3e2,/home/hersco/training_new_domains/2026-09-30/campaign_closure/results/counters-repaired-on-1510771779-a10-pw-e0/attempt_21982786/result.json
pw,1510771779,57,True,3385.815395363985,9ece5e4fa66b40e5c57623eb175a64d9dfec05fa2a1d88ad8552385bb07aa3e2,/home/hersco/training_new_domains/2026-09-30/campaign_closure/results/counters-repaired-on-1510771779-a10-pw-e0/attempt_21982786/result.json
pw,1510771779,58,True,3969.816437731002,9ece5e4fa66b40e5c57623eb175a64d9dfec05fa2a1d88ad8552385bb07aa3e2,/home/hersco/training_new_domains/2026-09-30/campaign_closure/results/counters-repaired-on-1510771779-a10-pw-e0/attempt_21982786/result.json
pw,1510771779,59,True,4108.820593466982,9ece5e4fa66b40e5c57623eb175a64d9dfec05fa2a1d88ad8552385bb07aa3e2,/home/hersco/training_new_domains/2026-09-30/campaign_closure/results/counters-repaired-on-1510771779-a10-pw-e0/attempt_21982786/result.json
pw,1972442430,1,True,7.039855760987848,68db50d378810a84bf1d25e5e3dbec7737b790dd2acfb01d45e8c0140bc3d4a3,/home/hersco/training_new_domains/2026-09-30/campaign_closure/results/counters-repaired-on-1972442430-a10-pw-e0/attempt_21988432/result.json
pw,1972442430,2,True,9.045290059002582,68db50d378810a84bf1d25e5e3dbec7737b790dd2acfb01d45e8c0140bc3d4a3,/home/hersco/training_new_domains/2026-09-30/campaign_closure/results/counters-repaired-on-1972442430-a10-pw-e0/attempt_21988432/result.json
pw,1972442430,3,True,10.566458699991927,68db50d378810a84bf1d25e5e3dbec7737b790dd2acfb01d45e8c0140bc3d4a3,/home/hersco/training_new_domains/2026-09-30/campaign_closure/results/counters-repaired-on-1972442430-a10-pw-e0/attempt_21988432/result.json
pw,1972442430,4,True,11.817279696988408,68db50d378810a84bf1d25e5e3dbec7737b790dd2acfb01d45e8c0140bc3d4a3,/home/hersco/training_new_domains/2026-09-30/campaign_closure/results/counters-repaired-on-1972442430-a10-pw-e0/attempt_21988432/result.json
pw,1972442430,6,True,11.293032446003053,68db50d378810a84bf1d25e5e3dbec7737b790dd2acfb01d45e8c0140bc3d4a3,/home/hersco/training_new_domains/2026-09-30/campaign_closure/results/counters-repaired-on-1972442430-a10-pw-e0/attempt_21988432/result.json
pw,1972442430,5,True,13.073602740012575,68db50d378810a84bf1d25e5e3dbec7737b790dd2acfb01d45e8c0140bc3d4a3,/home/hersco/training_new_domains/2026-09-30/campaign_closure/results/counters-repaired-on-1972442430-a10-pw-e0/attempt_21988432/result.json
pw,1972442430,7,True,15.821195119991899,68db50d378810a84bf1d25e5e3dbec7737b790dd2acfb01d45e8c0140bc3d4a3,/home/hersco/training_new_domains/2026-09-30/campaign_closure/results/counters-repaired-on-1972442430-a10-pw-e0/attempt_21988432/result.json
pw,1972442430,8,True,16.096951421000995,68db50d378810a84bf1d25e5e3dbec7737b790dd2acfb01d45e8c0140bc3d4a3,/home/hersco/training_new_domains/2026-09-30/campaign_closure/results/counters-repaired-on-1972442430-a10-pw-e0/attempt_21988432/result.json
pw,1972442430,9,True,16.84985089104157,68db50d378810a84bf1d25e5e3dbec7737b790dd2acfb01d45e8c0140bc3d4a3,/home/hersco/training_new_domains/2026-09-30/campaign_closure/results/counters-repaired-on-1972442430-a10-pw-e0/attempt_21988432/result.json
pw,1972442430,10,True,20.567138821003027,68db50d378810a84bf1d25e5e3dbec7737b790dd2acfb01d45e8c0140bc3d4a3,/home/hersco/training_new_domains/2026-09-30/campaign_closure/results/counters-repaired-on-1972442430-a10-pw-e0/attempt_21988432/result.json
pw,1972442430,11,True,22.57362339901738,68db50d378810a84bf1d25e5e3dbec7737b790dd2acfb01d45e8c0140bc3d4a3,/home/hersco/training_new_domains/2026-09-30/campaign_closure/results/counters-repaired-on-1972442430-a10-pw-e0/attempt_21988432/result.json
pw,1972442430,12,True,25.833359581010882,68db50d378810a84bf1d25e5e3dbec7737b790dd2acfb01d45e8c0140bc3d4a3,/home/hersco/training_new_domains/2026-09-30/campaign_closure/results/counters-repaired-on-1972442430-a10-pw-e0/attempt_21988432/result.json
pw,1972442430,13,True,29.840138591011055,68db50d378810a84bf1d25e5e3dbec7737b790dd2acfb01d45e8c0140bc3d4a3,/home/hersco/training_new_domains/2026-09-30/campaign_closure/results/counters-repaired-on-1972442430-a10-pw-e0/attempt_21988432/result.json
pw,1972442430,14,True,31.09293352998793,68db50d378810a84bf1d25e5e3dbec7737b790dd2acfb01d45e8c0140bc3d4a3,/home/hersco/training_new_domains/2026-09-30/campaign_closure/results/counters-repaired-on-1972442430-a10-pw-e0/attempt_21988432/result.json
pw,1972442430,15,True,37.871184065996204,68db50d378810a84bf1d25e5e3dbec7737b790dd2acfb01d45e8c0140bc3d4a3,/home/hersco/training_new_domains/2026-09-30/campaign_closure/results/counters-repaired-on-1972442430-a10-pw-e0/attempt_21988432/result.json
pw,1972442430,16,True,34.86397266597487,68db50d378810a84bf1d25e5e3dbec7737b790dd2acfb01d45e8c0140bc3d4a3,/home/hersco/training_new_domains/2026-09-30/campaign_closure/results/counters-repaired-on-1972442430-a10-pw-e0/attempt_21988432/result.json
pw,1972442430,17,True,40.10821458202554,68db50d378810a84bf1d25e5e3dbec7737b790dd2acfb01d45e8c0140bc3d4a3,/home/hersco/training_new_domains/2026-09-30/campaign_closure/results/counters-repaired-on-1972442430-a10-pw-e0/attempt_21988432/result.json
pw,1972442430,18,True,44.11254039296182,68db50d378810a84bf1d25e5e3dbec7737b790dd2acfb01d45e8c0140bc3d4a3,/home/hersco/training_new_domains/2026-09-30/campaign_closure/results/counters-repaired-on-1972442430-a10-pw-e0/attempt_21988432/result.json
pw,1972442430,19,True,50.119331427966245,68db50d378810a84bf1d25e5e3dbec7737b790dd2acfb01d45e8c0140bc3d4a3,/home/hersco/training_new_domains/2026-09-30/campaign_closure/results/counters-repaired-on-1972442430-a10-pw-e0/attempt_21988432/result.json
pw,1972442430,20,True,56.674226918956265,68db50d378810a84bf1d25e5e3dbec7737b790dd2acfb01d45e8c0140bc3d4a3,/home/hersco/training_new_domains/2026-09-30/campaign_closure/results/counters-repaired-on-1972442430-a10-pw-e0/attempt_21988432/result.json
pw,1972442430,21,True,63.71783312095795,68db50d378810a84bf1d25e5e3dbec7737b790dd2acfb01d45e8c0140bc3d4a3,/home/hersco/training_new_domains/2026-09-30/campaign_closure/results/counters-repaired-on-1972442430-a10-pw-e0/attempt_21988432/result.json
pw,1972442430,22,True,74.72959038900444,68db50d378810a84bf1d25e5e3dbec7737b790dd2acfb01d45e8c0140bc3d4a3,/home/hersco/training_new_domains/2026-09-30/campaign_closure/results/counters-repaired-on-1972442430-a10-pw-e0/attempt_21988432/result.json
pw,1972442430,23,True,79.7078070260468,68db50d378810a84bf1d25e5e3dbec7737b790dd2acfb01d45e8c0140bc3d4a3,/home/hersco/training_new_domains/2026-09-30/campaign_closure/results/counters-repaired-on-1972442430-a10-pw-e0/attempt_21988432/result.json
pw,1972442430,24,True,83.93050987302558,68db50d378810a84bf1d25e5e3dbec7737b790dd2acfb01d45e8c0140bc3d4a3,/home/hersco/training_new_domains/2026-09-30/campaign_closure/results/counters-repaired-on-1972442430-a10-pw-e0/attempt_21988432/result.json
pw,1972442430,25,True,88.44356462301221,68db50d378810a84bf1d25e5e3dbec7737b790dd2acfb01d45e8c0140bc3d4a3,/home/hersco/training_new_domains/2026-09-30/campaign_closure/results/counters-repaired-on-1972442430-a10-pw-e0/attempt_21988432/result.json
pw,1972442430,26,True,94.70399631100008,68db50d378810a84bf1d25e5e3dbec7737b790dd2acfb01d45e8c0140bc3d4a3,/home/hersco/training_new_domains/2026-09-30/campaign_closure/results/counters-repaired-on-1972442430-a10-pw-e0/attempt_21988432/result.json
pw,1972442430,27,True,104.54839593701763,68db50d378810a84bf1d25e5e3dbec7737b790dd2acfb01d45e8c0140bc3d4a3,/home/hersco/training_new_domains/2026-09-30/campaign_closure/results/counters-repaired-on-1972442430-a10-pw-e0/attempt_21988432/result.json
pw,1972442430,28,True,111.35230985400267,68db50d378810a84bf1d25e5e3dbec7737b790dd2acfb01d45e8c0140bc3d4a3,/home/hersco/training_new_domains/2026-09-30/campaign_closure/results/counters-repaired-on-1972442430-a10-pw-e0/attempt_21988432/result.json
pw,1972442430,29,True,128.8172164929565,68db50d378810a84bf1d25e5e3dbec7737b790dd2acfb01d45e8c0140bc3d4a3,/home/hersco/training_new_domains/2026-09-30/campaign_closure/results/counters-repaired-on-1972442430-a10-pw-e0/attempt_21988432/result.json
pw,1972442430,30,True,135.03438122896478,68db50d378810a84bf1d25e5e3dbec7737b790dd2acfb01d45e8c0140bc3d4a3,/home/hersco/training_new_domains/2026-09-30/campaign_closure/results/counters-repaired-on-1972442430-a10-pw-e0/attempt_21988432/result.json
pw,1972442430,31,True,153.63392063899664,68db50d378810a84bf1d25e5e3dbec7737b790dd2acfb01d45e8c0140bc3d4a3,/home/hersco/training_new_domains/2026-09-30/campaign_closure/results/counters-repaired-on-1972442430-a10-pw-e0/attempt_21988432/result.json
pw,1972442430,32,True,180.44867178500863,68db50d378810a84bf1d25e5e3dbec7737b790dd2acfb01d45e8c0140bc3d4a3,/home/hersco/training_new_domains/2026-09-30/campaign_closure/results/counters-repaired-on-1972442430-a10-pw-e0/attempt_21988432/result.json
pw,1972442430,33,True,180.093091028044,68db50d378810a84bf1d25e5e3dbec7737b790dd2acfb01d45e8c0140bc3d4a3,/home/hersco/training_new_domains/2026-09-30/campaign_closure/results/counters-repaired-on-1972442430-a10-pw-e0/attempt_21988432/result.json
pw,1972442430,34,True,210.85136416001478,68db50d378810a84bf1d25e5e3dbec7737b790dd2acfb01d45e8c0140bc3d4a3,/home/hersco/training_new_domains/2026-09-30/campaign_closure/results/counters-repaired-on-1972442430-a10-pw-e0/attempt_21988432/result.json
pw,1972442430,35,True,222.62870341097005,68db50d378810a84bf1d25e5e3dbec7737b790dd2acfb01d45e8c0140bc3d4a3,/home/hersco/training_new_domains/2026-09-30/campaign_closure/results/counters-repaired-on-1972442430-a10-pw-e0/attempt_21988432/result.json
pw,1972442430,36,True,224.15486628003418,68db50d378810a84bf1d25e5e3dbec7737b790dd2acfb01d45e8c0140bc3d4a3,/home/hersco/training_new_domains/2026-09-30/campaign_closure/results/counters-repaired-on-1972442430-a10-pw-e0/attempt_21988432/result.json
pw,1972442430,37,True,269.12805238197325,68db50d378810a84bf1d25e5e3dbec7737b790dd2acfb01d45e8c0140bc3d4a3,/home/hersco/training_new_domains/2026-09-30/campaign_closure/results/counters-repaired-on-1972442430-a10-pw-e0/attempt_21988432/result.json
pw,1972442430,38,True,276.778286810033,68db50d378810a84bf1d25e5e3dbec7737b790dd2acfb01d45e8c0140bc3d4a3,/home/hersco/training_new_domains/2026-09-30/campaign_closure/results/counters-repaired-on-1972442430-a10-pw-e0/attempt_21988432/result.json
pw,1972442430,39,True,331.0120607689605,68db50d378810a84bf1d25e5e3dbec7737b790dd2acfb01d45e8c0140bc3d4a3,/home/hersco/training_new_domains/2026-09-30/campaign_closure/results/counters-repaired-on-1972442430-a10-pw-e0/attempt_21988432/result.json
pw,1972442430,40,True,389.2901627169922,68db50d378810a84bf1d25e5e3dbec7737b790dd2acfb01d45e8c0140bc3d4a3,/home/hersco/training_new_domains/2026-09-30/campaign_closure/results/counters-repaired-on-1972442430-a10-pw-e0/attempt_21988432/result.json
pw,1972442430,41,True,363.13498060498387,68db50d378810a84bf1d25e5e3dbec7737b790dd2acfb01d45e8c0140bc3d4a3,/home/hersco/training_new_domains/2026-09-30/campaign_closure/results/counters-repaired-on-1972442430-a10-pw-e0/attempt_21988432/result.json
pw,1972442430,42,True,436.1623651669943,68db50d378810a84bf1d25e5e3dbec7737b790dd2acfb01d45e8c0140bc3d4a3,/home/hersco/training_new_domains/2026-09-30/campaign_closure/results/counters-repaired-on-1972442430-a10-pw-e0/attempt_21988432/result.json
pw,1972442430,43,True,425.0792127259774,68db50d378810a84bf1d25e5e3dbec7737b790dd2acfb01d45e8c0140bc3d4a3,/home/hersco/training_new_domains/2026-09-30/campaign_closure/results/counters-repaired-on-1972442430-a10-pw-e0/attempt_21988432/result.json
pw,1972442430,44,True,480.57241212995723,68db50d378810a84bf1d25e5e3dbec7737b790dd2acfb01d45e8c0140bc3d4a3,/home/hersco/training_new_domains/2026-09-30/campaign_closure/results/counters-repaired-on-1972442430-a10-pw-e0/attempt_21988432/result.json
pw,1972442430,45,True,558.8056745709619,68db50d378810a84bf1d25e5e3dbec7737b790dd2acfb01d45e8c0140bc3d4a3,/home/hersco/training_new_domains/2026-09-30/campaign_closure/results/counters-repaired-on-1972442430-a10-pw-e0/attempt_21988432/result.json
pw,1972442430,46,True,616.5322224789998,68db50d378810a84bf1d25e5e3dbec7737b790dd2acfb01d45e8c0140bc3d4a3,/home/hersco/training_new_domains/2026-09-30/campaign_closure/results/counters-repaired-on-1972442430-a10-pw-e0/attempt_21988432/result.json
pw,1972442430,47,True,715.7465679119923,68db50d378810a84bf1d25e5e3dbec7737b790dd2acfb01d45e8c0140bc3d4a3,/home/hersco/training_new_domains/2026-09-30/campaign_closure/results/counters-repaired-on-1972442430-a10-pw-e0/attempt_21988432/result.json
pw,1972442430,48,True,810.981680353987,68db50d378810a84bf1d25e5e3dbec7737b790dd2acfb01d45e8c0140bc3d4a3,/home/hersco/training_new_domains/2026-09-30/campaign_closure/results/counters-repaired-on-1972442430-a10-pw-e0/attempt_21988432/result.json
pw,1972442430,49,True,967.7693089270033,68db50d378810a84bf1d25e5e3dbec7737b790dd2acfb01d45e8c0140bc3d4a3,/home/hersco/training_new_domains/2026-09-30/campaign_closure/results/counters-repaired-on-1972442430-a10-pw-e0/attempt_21988432/result.json
pw,1972442430,50,True,1118.8111080640228,68db50d378810a84bf1d25e5e3dbec7737b790dd2acfb01d45e8c0140bc3d4a3,/home/hersco/training_new_domains/2026-09-30/campaign_closure/results/counters-repaired-on-1972442430-a10-pw-e0/attempt_21988432/result.json
pw,1972442430,51,True,1090.5769077789737,68db50d378810a84bf1d25e5e3dbec7737b790dd2acfb01d45e8c0140bc3d4a3,/home/hersco/training_new_domains/2026-09-30/campaign_closure/results/counters-repaired-on-1972442430-a10-pw-e0/attempt_21988432/result.json
pw,1972442430,52,True,1203.136916271993,68db50d378810a84bf1d25e5e3dbec7737b790dd2acfb01d45e8c0140bc3d4a3,/home/hersco/training_new_domains/2026-09-30/campaign_closure/results/counters-repaired-on-1972442430-a10-pw-e0/attempt_21988432/result.json
pw,1972442430,55,True,6624.448730165022,68db50d378810a84bf1d25e5e3dbec7737b790dd2acfb01d45e8c0140bc3d4a3,/home/hersco/training_new_domains/2026-09-30/campaign_closure/results/counters-repaired-on-1972442430-a10-pw-e0/attempt_21988432/result.json
pw,1972442430,54,True,9127.829554618977,68db50d378810a84bf1d25e5e3dbec7737b790dd2acfb01d45e8c0140bc3d4a3,/home/hersco/training_new_domains/2026-09-30/campaign_closure/results/counters-repaired-on-1972442430-a10-pw-e0/attempt_21988432/result.json
pw,1972442430,56,True,8223.07721050299,68db50d378810a84bf1d25e5e3dbec7737b790dd2acfb01d45e8c0140bc3d4a3,/home/hersco/training_new_domains/2026-09-30/campaign_closure/results/counters-repaired-on-1972442430-a10-pw-e0/attempt_21988432/result.json
pw,1972442430,57,True,7524.104025752982,68db50d378810a84bf1d25e5e3dbec7737b790dd2acfb01d45e8c0140bc3d4a3,/home/hersco/training_new_domains/2026-09-30/campaign_closure/results/counters-repaired-on-1972442430-a10-pw-e0/attempt_21988432/result.json
pw,1972442430,58,True,9329.544748736022,68db50d378810a84bf1d25e5e3dbec7737b790dd2acfb01d45e8c0140bc3d4a3,/home/hersco/training_new_domains/2026-09-30/campaign_closure/results/counters-repaired-on-1972442430-a10-pw-e0/attempt_21988432/result.json
pw,1972442430,53,False,,68db50d378810a84bf1d25e5e3dbec7737b790dd2acfb01d45e8c0140bc3d4a3,/home/hersco/training_new_domains/2026-09-30/campaign_closure/results/counters-repaired-on-1972442430-a10-pw-e0/attempt_21988432/result.json
pw,1972442430,59,False,,68db50d378810a84bf1d25e5e3dbec7737b790dd2acfb01d45e8c0140bc3d4a3,/home/hersco/training_new_domains/2026-09-30/campaign_closure/results/counters-repaired-on-1972442430-a10-pw-e0/attempt_21988432/result.json
pw,2082152039,1,True,6.5358344390115235,8d36aa46dedc2669643728d542cb549c7c6d9ef31c8c09a519e0501ab4fd0904,/home/hersco/training_new_domains/2026-09-30/campaign_closure/results/counters-repaired-on-2082152039-a10-pw-e1/attempt_21988762/result.json
pw,2082152039,2,True,8.29176327600726,8d36aa46dedc2669643728d542cb549c7c6d9ef31c8c09a519e0501ab4fd0904,/home/hersco/training_new_domains/2026-09-30/campaign_closure/results/counters-repaired-on-2082152039-a10-pw-e1/attempt_21988762/result.json
pw,2082152039,3,True,8.543641330994433,8d36aa46dedc2669643728d542cb549c7c6d9ef31c8c09a519e0501ab4fd0904,/home/hersco/training_new_domains/2026-09-30/campaign_closure/results/counters-repaired-on-2082152039-a10-pw-e1/attempt_21988762/result.json
pw,2082152039,4,True,9.297058363998076,8d36aa46dedc2669643728d542cb549c7c6d9ef31c8c09a519e0501ab4fd0904,/home/hersco/training_new_domains/2026-09-30/campaign_closure/results/counters-repaired-on-2082152039-a10-pw-e1/attempt_21988762/result.json
pw,2082152039,5,True,9.301988215011079,8d36aa46dedc2669643728d542cb549c7c6d9ef31c8c09a519e0501ab4fd0904,/home/hersco/training_new_domains/2026-09-30/campaign_closure/results/counters-repaired-on-2082152039-a10-pw-e1/attempt_21988762/result.json
pw,2082152039,6,True,11.559597374987788,8d36aa46dedc2669643728d542cb549c7c6d9ef31c8c09a519e0501ab4fd0904,/home/hersco/training_new_domains/2026-09-30/campaign_closure/results/counters-repaired-on-2082152039-a10-pw-e1/attempt_21988762/result.json
pw,2082152039,7,True,14.054718068015063,8d36aa46dedc2669643728d542cb549c7c6d9ef31c8c09a519e0501ab4fd0904,/home/hersco/training_new_domains/2026-09-30/campaign_closure/results/counters-repaired-on-2082152039-a10-pw-e1/attempt_21988762/result.json
pw,2082152039,8,True,14.546057035011472,8d36aa46dedc2669643728d542cb549c7c6d9ef31c8c09a519e0501ab4fd0904,/home/hersco/training_new_domains/2026-09-30/campaign_closure/results/counters-repaired-on-2082152039-a10-pw-e1/attempt_21988762/result.json
pw,2082152039,9,True,15.547257284983061,8d36aa46dedc2669643728d542cb549c7c6d9ef31c8c09a519e0501ab4fd0904,/home/hersco/training_new_domains/2026-09-30/campaign_closure/results/counters-repaired-on-2082152039-a10-pw-e1/attempt_21988762/result.json
pw,2082152039,10,True,17.81034649698995,8d36aa46dedc2669643728d542cb549c7c6d9ef31c8c09a519e0501ab4fd0904,/home/hersco/training_new_domains/2026-09-30/campaign_closure/results/counters-repaired-on-2082152039-a10-pw-e1/attempt_21988762/result.json
pw,2082152039,11,True,20.31806320598116,8d36aa46dedc2669643728d542cb549c7c6d9ef31c8c09a519e0501ab4fd0904,/home/hersco/training_new_domains/2026-09-30/campaign_closure/results/counters-repaired-on-2082152039-a10-pw-e1/attempt_21988762/result.json
pw,2082152039,12,True,22.10868138098158,8d36aa46dedc2669643728d542cb549c7c6d9ef31c8c09a519e0501ab4fd0904,/home/hersco/training_new_domains/2026-09-30/campaign_closure/results/counters-repaired-on-2082152039-a10-pw-e1/attempt_21988762/result.json
pw,2082152039,13,True,25.612309591000667,8d36aa46dedc2669643728d542cb549c7c6d9ef31c8c09a519e0501ab4fd0904,/home/hersco/training_new_domains/2026-09-30/campaign_closure/results/counters-repaired-on-2082152039-a10-pw-e1/attempt_21988762/result.json
pw,2082152039,14,True,27.626639586989768,8d36aa46dedc2669643728d542cb549c7c6d9ef31c8c09a519e0501ab4fd0904,/home/hersco/training_new_domains/2026-09-30/campaign_closure/results/counters-repaired-on-2082152039-a10-pw-e1/attempt_21988762/result.json
pw,2082152039,15,True,30.871327302011196,8d36aa46dedc2669643728d542cb549c7c6d9ef31c8c09a519e0501ab4fd0904,/home/hersco/training_new_domains/2026-09-30/campaign_closure/results/counters-repaired-on-2082152039-a10-pw-e1/attempt_21988762/result.json
pw,2082152039,16,True,33.57463499097503,8d36aa46dedc2669643728d542cb549c7c6d9ef31c8c09a519e0501ab4fd0904,/home/hersco/training_new_domains/2026-09-30/campaign_closure/results/counters-repaired-on-2082152039-a10-pw-e1/attempt_21988762/result.json
pw,2082152039,17,True,37.583392693981295,8d36aa46dedc2669643728d542cb549c7c6d9ef31c8c09a519e0501ab4fd0904,/home/hersco/training_new_domains/2026-09-30/campaign_closure/results/counters-repaired-on-2082152039-a10-pw-e1/attempt_21988762/result.json
pw,2082152039,18,True,38.86660258498159,8d36aa46dedc2669643728d542cb549c7c6d9ef31c8c09a519e0501ab4fd0904,/home/hersco/training_new_domains/2026-09-30/campaign_closure/results/counters-repaired-on-2082152039-a10-pw-e1/attempt_21988762/result.json
pw,2082152039,19,True,41.67498322800384,8d36aa46dedc2669643728d542cb549c7c6d9ef31c8c09a519e0501ab4fd0904,/home/hersco/training_new_domains/2026-09-30/campaign_closure/results/counters-repaired-on-2082152039-a10-pw-e1/attempt_21988762/result.json
pw,2082152039,20,True,49.68317211000249,8d36aa46dedc2669643728d542cb549c7c6d9ef31c8c09a519e0501ab4fd0904,/home/hersco/training_new_domains/2026-09-30/campaign_closure/results/counters-repaired-on-2082152039-a10-pw-e1/attempt_21988762/result.json
pw,2082152039,21,True,54.885930494987406,8d36aa46dedc2669643728d542cb549c7c6d9ef31c8c09a519e0501ab4fd0904,/home/hersco/training_new_domains/2026-09-30/campaign_closure/results/counters-repaired-on-2082152039-a10-pw-e1/attempt_21988762/result.json
pw,2082152039,22,True,59.12950639700284,8d36aa46dedc2669643728d542cb549c7c6d9ef31c8c09a519e0501ab4fd0904,/home/hersco/training_new_domains/2026-09-30/campaign_closure/results/counters-repaired-on-2082152039-a10-pw-e1/attempt_21988762/result.json
pw,2082152039,23,True,64.68723864399362,8d36aa46dedc2669643728d542cb549c7c6d9ef31c8c09a519e0501ab4fd0904,/home/hersco/training_new_domains/2026-09-30/campaign_closure/results/counters-repaired-on-2082152039-a10-pw-e1/attempt_21988762/result.json
pw,2082152039,24,True,70.69608442002209,8d36aa46dedc2669643728d542cb549c7c6d9ef31c8c09a519e0501ab4fd0904,/home/hersco/training_new_domains/2026-09-30/campaign_closure/results/counters-repaired-on-2082152039-a10-pw-e1/attempt_21988762/result.json
pw,2082152039,25,True,75.90006498698494,8d36aa46dedc2669643728d542cb549c7c6d9ef31c8c09a519e0501ab4fd0904,/home/hersco/training_new_domains/2026-09-30/campaign_closure/results/counters-repaired-on-2082152039-a10-pw-e1/attempt_21988762/result.json
pw,2082152039,26,True,86.44787576800445,8d36aa46dedc2669643728d542cb549c7c6d9ef31c8c09a519e0501ab4fd0904,/home/hersco/training_new_domains/2026-09-30/campaign_closure/results/counters-repaired-on-2082152039-a10-pw-e1/attempt_21988762/result.json
pw,2082152039,27,True,95.26267560798442,8d36aa46dedc2669643728d542cb549c7c6d9ef31c8c09a519e0501ab4fd0904,/home/hersco/training_new_domains/2026-09-30/campaign_closure/results/counters-repaired-on-2082152039-a10-pw-e1/attempt_21988762/result.json
pw,2082152039,28,True,103.49319068700424,8d36aa46dedc2669643728d542cb549c7c6d9ef31c8c09a519e0501ab4fd0904,/home/hersco/training_new_domains/2026-09-30/campaign_closure/results/counters-repaired-on-2082152039-a10-pw-e1/attempt_21988762/result.json
pw,2082152039,29,True,124.32595977099845,8d36aa46dedc2669643728d542cb549c7c6d9ef31c8c09a519e0501ab4fd0904,/home/hersco/training_new_domains/2026-09-30/campaign_closure/results/counters-repaired-on-2082152039-a10-pw-e1/attempt_21988762/result.json
pw,2082152039,30,True,129.33739163799328,8d36aa46dedc2669643728d542cb549c7c6d9ef31c8c09a519e0501ab4fd0904,/home/hersco/training_new_domains/2026-09-30/campaign_closure/results/counters-repaired-on-2082152039-a10-pw-e1/attempt_21988762/result.json
pw,2082152039,31,True,143.54004225699464,8d36aa46dedc2669643728d542cb549c7c6d9ef31c8c09a519e0501ab4fd0904,/home/hersco/training_new_domains/2026-09-30/campaign_closure/results/counters-repaired-on-2082152039-a10-pw-e1/attempt_21988762/result.json
pw,2082152039,32,True,169.8253487199836,8d36aa46dedc2669643728d542cb549c7c6d9ef31c8c09a519e0501ab4fd0904,/home/hersco/training_new_domains/2026-09-30/campaign_closure/results/counters-repaired-on-2082152039-a10-pw-e1/attempt_21988762/result.json
pw,2082152039,33,True,173.31769325799542,8d36aa46dedc2669643728d542cb549c7c6d9ef31c8c09a519e0501ab4fd0904,/home/hersco/training_new_domains/2026-09-30/campaign_closure/results/counters-repaired-on-2082152039-a10-pw-e1/attempt_21988762/result.json
pw,2082152039,34,True,202.09413808301906,8d36aa46dedc2669643728d542cb549c7c6d9ef31c8c09a519e0501ab4fd0904,/home/hersco/training_new_domains/2026-09-30/campaign_closure/results/counters-repaired-on-2082152039-a10-pw-e1/attempt_21988762/result.json
pw,2082152039,35,True,218.88682214499568,8d36aa46dedc2669643728d542cb549c7c6d9ef31c8c09a519e0501ab4fd0904,/home/hersco/training_new_domains/2026-09-30/campaign_closure/results/counters-repaired-on-2082152039-a10-pw-e1/attempt_21988762/result.json
pw,2082152039,36,True,221.1805831969832,8d36aa46dedc2669643728d542cb549c7c6d9ef31c8c09a519e0501ab4fd0904,/home/hersco/training_new_domains/2026-09-30/campaign_closure/results/counters-repaired-on-2082152039-a10-pw-e1/attempt_21988762/result.json
pw,2082152039,37,True,264.80981797899585,8d36aa46dedc2669643728d542cb549c7c6d9ef31c8c09a519e0501ab4fd0904,/home/hersco/training_new_domains/2026-09-30/campaign_closure/results/counters-repaired-on-2082152039-a10-pw-e1/attempt_21988762/result.json
pw,2082152039,38,True,270.0665167779953,8d36aa46dedc2669643728d542cb549c7c6d9ef31c8c09a519e0501ab4fd0904,/home/hersco/training_new_domains/2026-09-30/campaign_closure/results/counters-repaired-on-2082152039-a10-pw-e1/attempt_21988762/result.json
pw,2082152039,39,True,334.6666804069828,8d36aa46dedc2669643728d542cb549c7c6d9ef31c8c09a519e0501ab4fd0904,/home/hersco/training_new_domains/2026-09-30/campaign_closure/results/counters-repaired-on-2082152039-a10-pw-e1/attempt_21988762/result.json
pw,2082152039,40,True,399.817648118973,8d36aa46dedc2669643728d542cb549c7c6d9ef31c8c09a519e0501ab4fd0904,/home/hersco/training_new_domains/2026-09-30/campaign_closure/results/counters-repaired-on-2082152039-a10-pw-e1/attempt_21988762/result.json
pw,2082152039,41,True,375.1270862770034,8d36aa46dedc2669643728d542cb549c7c6d9ef31c8c09a519e0501ab4fd0904,/home/hersco/training_new_domains/2026-09-30/campaign_closure/results/counters-repaired-on-2082152039-a10-pw-e1/attempt_21988762/result.json
pw,2082152039,42,True,430.6251028809929,8d36aa46dedc2669643728d542cb549c7c6d9ef31c8c09a519e0501ab4fd0904,/home/hersco/training_new_domains/2026-09-30/campaign_closure/results/counters-repaired-on-2082152039-a10-pw-e1/attempt_21988762/result.json
pw,2082152039,43,True,432.3926282739849,8d36aa46dedc2669643728d542cb549c7c6d9ef31c8c09a519e0501ab4fd0904,/home/hersco/training_new_domains/2026-09-30/campaign_closure/results/counters-repaired-on-2082152039-a10-pw-e1/attempt_21988762/result.json
pw,2082152039,44,True,453.8893631169922,8d36aa46dedc2669643728d542cb549c7c6d9ef31c8c09a519e0501ab4fd0904,/home/hersco/training_new_domains/2026-09-30/campaign_closure/results/counters-repaired-on-2082152039-a10-pw-e1/attempt_21988762/result.json
pw,2082152039,45,True,533.4393499650178,8d36aa46dedc2669643728d542cb549c7c6d9ef31c8c09a519e0501ab4fd0904,/home/hersco/training_new_domains/2026-09-30/campaign_closure/results/counters-repaired-on-2082152039-a10-pw-e1/attempt_21988762/result.json
pw,2082152039,46,True,629.821400432993,8d36aa46dedc2669643728d542cb549c7c6d9ef31c8c09a519e0501ab4fd0904,/home/hersco/training_new_domains/2026-09-30/campaign_closure/results/counters-repaired-on-2082152039-a10-pw-e1/attempt_21988762/result.json
pw,2082152039,47,True,755.684989138972,8d36aa46dedc2669643728d542cb549c7c6d9ef31c8c09a519e0501ab4fd0904,/home/hersco/training_new_domains/2026-09-30/campaign_closure/results/counters-repaired-on-2082152039-a10-pw-e1/attempt_21988762/result.json
pw,2082152039,48,True,817.5160172070027,8d36aa46dedc2669643728d542cb549c7c6d9ef31c8c09a519e0501ab4fd0904,/home/hersco/training_new_domains/2026-09-30/campaign_closure/results/counters-repaired-on-2082152039-a10-pw-e1/attempt_21988762/result.json
pw,2082152039,49,True,991.9364549219899,8d36aa46dedc2669643728d542cb549c7c6d9ef31c8c09a519e0501ab4fd0904,/home/hersco/training_new_domains/2026-09-30/campaign_closure/results/counters-repaired-on-2082152039-a10-pw-e1/attempt_21988762/result.json
pw,2082152039,50,True,1116.7501054049935,8d36aa46dedc2669643728d542cb549c7c6d9ef31c8c09a519e0501ab4fd0904,/home/hersco/training_new_domains/2026-09-30/campaign_closure/results/counters-repaired-on-2082152039-a10-pw-e1/attempt_21988762/result.json
pw,2082152039,51,True,1077.505736156978,8d36aa46dedc2669643728d542cb549c7c6d9ef31c8c09a519e0501ab4fd0904,/home/hersco/training_new_domains/2026-09-30/campaign_closure/results/counters-repaired-on-2082152039-a10-pw-e1/attempt_21988762/result.json
pw,2082152039,52,True,1224.1227568850154,8d36aa46dedc2669643728d542cb549c7c6d9ef31c8c09a519e0501ab4fd0904,/home/hersco/training_new_domains/2026-09-30/campaign_closure/results/counters-repaired-on-2082152039-a10-pw-e1/attempt_21988762/result.json
pw,2082152039,53,True,1351.2263800810033,8d36aa46dedc2669643728d542cb549c7c6d9ef31c8c09a519e0501ab4fd0904,/home/hersco/training_new_domains/2026-09-30/campaign_closure/results/counters-repaired-on-2082152039-a10-pw-e1/attempt_21988762/result.json
pw,2082152039,54,True,1636.270380980015,8d36aa46dedc2669643728d542cb549c7c6d9ef31c8c09a519e0501ab4fd0904,/home/hersco/training_new_domains/2026-09-30/campaign_closure/results/counters-repaired-on-2082152039-a10-pw-e1/attempt_21988762/result.json
pw,2082152039,55,True,1636.8215955909982,8d36aa46dedc2669643728d542cb549c7c6d9ef31c8c09a519e0501ab4fd0904,/home/hersco/training_new_domains/2026-09-30/campaign_closure/results/counters-repaired-on-2082152039-a10-pw-e1/attempt_21988762/result.json
pw,2082152039,56,True,2268.7748221000074,8d36aa46dedc2669643728d542cb549c7c6d9ef31c8c09a519e0501ab4fd0904,/home/hersco/training_new_domains/2026-09-30/campaign_closure/results/counters-repaired-on-2082152039-a10-pw-e1/attempt_21988762/result.json
pw,2082152039,57,True,2336.1560787670023,8d36aa46dedc2669643728d542cb549c7c6d9ef31c8c09a519e0501ab4fd0904,/home/hersco/training_new_domains/2026-09-30/campaign_closure/results/counters-repaired-on-2082152039-a10-pw-e1/attempt_21988762/result.json
pw,2082152039,58,True,2287.1530623519793,8d36aa46dedc2669643728d542cb549c7c6d9ef31c8c09a519e0501ab4fd0904,/home/hersco/training_new_domains/2026-09-30/campaign_closure/results/counters-repaired-on-2082152039-a10-pw-e1/attempt_21988762/result.json
pw,2082152039,59,True,1971.1961304650176,8d36aa46dedc2669643728d542cb549c7c6d9ef31c8c09a519e0501ab4fd0904,/home/hersco/training_new_domains/2026-09-30/campaign_closure/results/counters-repaired-on-2082152039-a10-pw-e1/attempt_21988762/result.json
fixed,2011206605,1,True,8.033381761983037,51e01224b50d3e24308f91b0a62c4d9276cbdffb9f6ee261549e21fe8cc7fead,/home/hersco/training_new_domains/2026-09-30/campaign_closure/results/counters-repaired-on-2011206605-a10-fixed-e0/attempt_21969174/result.json
fixed,2011206605,3,True,10.28698637499474,51e01224b50d3e24308f91b0a62c4d9276cbdffb9f6ee261549e21fe8cc7fead,/home/hersco/training_new_domains/2026-09-30/campaign_closure/results/counters-repaired-on-2011206605-a10-fixed-e0/attempt_21969174/result.json
fixed,2011206605,2,True,10.81149225498666,51e01224b50d3e24308f91b0a62c4d9276cbdffb9f6ee261549e21fe8cc7fead,/home/hersco/training_new_domains/2026-09-30/campaign_closure/results/counters-repaired-on-2011206605-a10-fixed-e0/attempt_21969174/result.json
fixed,2011206605,4,True,10.80308142901049,51e01224b50d3e24308f91b0a62c4d9276cbdffb9f6ee261549e21fe8cc7fead,/home/hersco/training_new_domains/2026-09-30/campaign_closure/results/counters-repaired-on-2011206605-a10-fixed-e0/attempt_21969174/result.json
fixed,2011206605,5,True,12.557554517989047,51e01224b50d3e24308f91b0a62c4d9276cbdffb9f6ee261549e21fe8cc7fead,/home/hersco/training_new_domains/2026-09-30/campaign_closure/results/counters-repaired-on-2011206605-a10-fixed-e0/attempt_21969174/result.json
fixed,2011206605,6,True,16.06474426802015,51e01224b50d3e24308f91b0a62c4d9276cbdffb9f6ee261549e21fe8cc7fead,/home/hersco/training_new_domains/2026-09-30/campaign_closure/results/counters-repaired-on-2011206605-a10-fixed-e0/attempt_21969174/result.json
fixed,2011206605,7,True,16.57295998398331,51e01224b50d3e24308f91b0a62c4d9276cbdffb9f6ee261549e21fe8cc7fead,/home/hersco/training_new_domains/2026-09-30/campaign_closure/results/counters-repaired-on-2011206605-a10-fixed-e0/attempt_21969174/result.json
fixed,2011206605,8,True,18.33351733998279,51e01224b50d3e24308f91b0a62c4d9276cbdffb9f6ee261549e21fe8cc7fead,/home/hersco/training_new_domains/2026-09-30/campaign_closure/results/counters-repaired-on-2011206605-a10-fixed-e0/attempt_21969174/result.json
fixed,2011206605,9,True,23.304906086006667,51e01224b50d3e24308f91b0a62c4d9276cbdffb9f6ee261549e21fe8cc7fead,/home/hersco/training_new_domains/2026-09-30/campaign_closure/results/counters-repaired-on-2011206605-a10-fixed-e0/attempt_21969174/result.json
fixed,2011206605,10,True,24.552812612993876,51e01224b50d3e24308f91b0a62c4d9276cbdffb9f6ee261549e21fe8cc7fead,/home/hersco/training_new_domains/2026-09-30/campaign_closure/results/counters-repaired-on-2011206605-a10-fixed-e0/attempt_21969174/result.json
fixed,2011206605,11,True,29.35196417197585,51e01224b50d3e24308f91b0a62c4d9276cbdffb9f6ee261549e21fe8cc7fead,/home/hersco/training_new_domains/2026-09-30/campaign_closure/results/counters-repaired-on-2011206605-a10-fixed-e0/attempt_21969174/result.json
fixed,2011206605,12,True,32.354251312004635,51e01224b50d3e24308f91b0a62c4d9276cbdffb9f6ee261549e21fe8cc7fead,/home/hersco/training_new_domains/2026-09-30/campaign_closure/results/counters-repaired-on-2011206605-a10-fixed-e0/attempt_21969174/result.json
fixed,2011206605,13,True,35.35134252900025,51e01224b50d3e24308f91b0a62c4d9276cbdffb9f6ee261549e21fe8cc7fead,/home/hersco/training_new_domains/2026-09-30/campaign_closure/results/counters-repaired-on-2011206605-a10-fixed-e0/attempt_21969174/result.json
fixed,2011206605,14,True,34.34349657999701,51e01224b50d3e24308f91b0a62c4d9276cbdffb9f6ee261549e21fe8cc7fead,/home/hersco/training_new_domains/2026-09-30/campaign_closure/results/counters-repaired-on-2011206605-a10-fixed-e0/attempt_21969174/result.json
fixed,2011206605,15,True,35.34192238099058,51e01224b50d3e24308f91b0a62c4d9276cbdffb9f6ee261549e21fe8cc7fead,/home/hersco/training_new_domains/2026-09-30/campaign_closure/results/counters-repaired-on-2011206605-a10-fixed-e0/attempt_21969174/result.json
fixed,2011206605,16,True,39.35286776800058,51e01224b50d3e24308f91b0a62c4d9276cbdffb9f6ee261549e21fe8cc7fead,/home/hersco/training_new_domains/2026-09-30/campaign_closure/results/counters-repaired-on-2011206605-a10-fixed-e0/attempt_21969174/result.json
fixed,2011206605,17,True,43.85549473500578,51e01224b50d3e24308f91b0a62c4d9276cbdffb9f6ee261549e21fe8cc7fead,/home/hersco/training_new_domains/2026-09-30/campaign_closure/results/counters-repaired-on-2011206605-a10-fixed-e0/attempt_21969174/result.json
fixed,2011206605,18,False,8034.450858005002,51e01224b50d3e24308f91b0a62c4d9276cbdffb9f6ee261549e21fe8cc7fead,/home/hersco/training_new_domains/2026-09-30/campaign_closure/results/counters-repaired-on-2011206605-a10-fixed-e0/attempt_21969174/result.json
fixed,2011206605,23,False,8039.211375072016,51e01224b50d3e24308f91b0a62c4d9276cbdffb9f6ee261549e21fe8cc7fead,/home/hersco/training_new_domains/2026-09-30/campaign_closure/results/counters-repaired-on-2011206605-a10-fixed-e0/attempt_21969174/result.json
fixed,2011206605,24,False,3976.9166350270098,51e01224b50d3e24308f91b0a62c4d9276cbdffb9f6ee261549e21fe8cc7fead,/home/hersco/training_new_domains/2026-09-30/campaign_closure/results/counters-repaired-on-2011206605-a10-fixed-e0/attempt_21969174/result.json
fixed,2011206605,25,False,5832.1534367650165,51e01224b50d3e24308f91b0a62c4d9276cbdffb9f6ee261549e21fe8cc7fead,/home/hersco/training_new_domains/2026-09-30/campaign_closure/results/counters-repaired-on-2011206605-a10-fixed-e0/attempt_21969174/result.json
fixed,2011206605,22,False,17439.381013139995,51e01224b50d3e24308f91b0a62c4d9276cbdffb9f6ee261549e21fe8cc7fead,/home/hersco/training_new_domains/2026-09-30/campaign_closure/results/counters-repaired-on-2011206605-a10-fixed-e0/attempt_21969174/result.json
fixed,2011206605,27,False,7296.391670794983,51e01224b50d3e24308f91b0a62c4d9276cbdffb9f6ee261549e21fe8cc7fead,/home/hersco/training_new_domains/2026-09-30/campaign_closure/results/counters-repaired-on-2011206605-a10-fixed-e0/attempt_21969174/result.json
fixed,2011206605,28,False,6753.056379018002,51e01224b50d3e24308f91b0a62c4d9276cbdffb9f6ee261549e21fe8cc7fead,/home/hersco/training_new_domains/2026-09-30/campaign_closure/results/counters-repaired-on-2011206605-a10-fixed-e0/attempt_21969174/result.json
fixed,2011206605,29,False,5978.543293897994,51e01224b50d3e24308f91b0a62c4d9276cbdffb9f6ee261549e21fe8cc7fead,/home/hersco/training_new_domains/2026-09-30/campaign_closure/results/counters-repaired-on-2011206605-a10-fixed-e0/attempt_21969174/result.json
fixed,2011206605,30,False,4809.138975260983,51e01224b50d3e24308f91b0a62c4d9276cbdffb9f6ee261549e21fe8cc7fead,/home/hersco/training_new_domains/2026-09-30/campaign_closure/results/counters-repaired-on-2011206605-a10-fixed-e0/attempt_21969174/result.json
fixed,2011206605,26,False,20170.29160008501,51e01224b50d3e24308f91b0a62c4d9276cbdffb9f6ee261549e21fe8cc7fead,/home/hersco/training_new_domains/2026-09-30/campaign_closure/results/counters-repaired-on-2011206605-a10-fixed-e0/attempt_21969174/result.json
fixed,2011206605,31,False,8167.560907633015,51e01224b50d3e24308f91b0a62c4d9276cbdffb9f6ee261549e21fe8cc7fead,/home/hersco/training_new_domains/2026-09-30/campaign_closure/results/counters-repaired-on-2011206605-a10-fixed-e0/attempt_21969174/result.json
fixed,2011206605,33,False,8072.009568302019,51e01224b50d3e24308f91b0a62c4d9276cbdffb9f6ee261549e21fe8cc7fead,/home/hersco/training_new_domains/2026-09-30/campaign_closure/results/counters-repaired-on-2011206605-a10-fixed-e0/attempt_21969174/result.json
fixed,2011206605,32,False,11563.562226131995,51e01224b50d3e24308f91b0a62c4d9276cbdffb9f6ee261549e21fe8cc7fead,/home/hersco/training_new_domains/2026-09-30/campaign_closure/results/counters-repaired-on-2011206605-a10-fixed-e0/attempt_21969174/result.json
fixed,2011206605,34,False,8513.867946664977,51e01224b50d3e24308f91b0a62c4d9276cbdffb9f6ee261549e21fe8cc7fead,/home/hersco/training_new_domains/2026-09-30/campaign_closure/results/counters-repaired-on-2011206605-a10-fixed-e0/attempt_21969174/result.json
fixed,2011206605,36,False,8842.23339378601,51e01224b50d3e24308f91b0a62c4d9276cbdffb9f6ee261549e21fe8cc7fead,/home/hersco/training_new_domains/2026-09-30/campaign_closure/results/counters-repaired-on-2011206605-a10-fixed-e0/attempt_21969174/result.json
fixed,2011206605,35,False,12040.644875055994,51e01224b50d3e24308f91b0a62c4d9276cbdffb9f6ee261549e21fe8cc7fead,/home/hersco/training_new_domains/2026-09-30/campaign_closure/results/counters-repaired-on-2011206605-a10-fixed-e0/attempt_21969174/result.json
fixed,2011206605,37,False,8526.828507244005,51e01224b50d3e24308f91b0a62c4d9276cbdffb9f6ee261549e21fe8cc7fead,/home/hersco/training_new_domains/2026-09-30/campaign_closure/results/counters-repaired-on-2011206605-a10-fixed-e0/attempt_21969174/result.json
fixed,2011206605,38,False,8269.53450261103,51e01224b50d3e24308f91b0a62c4d9276cbdffb9f6ee261549e21fe8cc7fead,/home/hersco/training_new_domains/2026-09-30/campaign_closure/results/counters-repaired-on-2011206605-a10-fixed-e0/attempt_21969174/result.json
fixed,2011206605,39,False,8450.105997092964,51e01224b50d3e24308f91b0a62c4d9276cbdffb9f6ee261549e21fe8cc7fead,/home/hersco/training_new_domains/2026-09-30/campaign_closure/results/counters-repaired-on-2011206605-a10-fixed-e0/attempt_21969174/result.json
fixed,2011206605,40,False,8580.362212556996,51e01224b50d3e24308f91b0a62c4d9276cbdffb9f6ee261549e21fe8cc7fead,/home/hersco/training_new_domains/2026-09-30/campaign_closure/results/counters-repaired-on-2011206605-a10-fixed-e0/attempt_21969174/result.json
fixed,2011206605,41,False,12952.152910898032,51e01224b50d3e24308f91b0a62c4d9276cbdffb9f6ee261549e21fe8cc7fead,/home/hersco/training_new_domains/2026-09-30/campaign_closure/results/counters-repaired-on-2011206605-a10-fixed-e0/attempt_21969174/result.json
fixed,2011206605,42,False,10739.804959314002,51e01224b50d3e24308f91b0a62c4d9276cbdffb9f6ee261549e21fe8cc7fead,/home/hersco/training_new_domains/2026-09-30/campaign_closure/results/counters-repaired-on-2011206605-a10-fixed-e0/attempt_21969174/result.json
fixed,2011206605,43,False,11380.042192384019,51e01224b50d3e24308f91b0a62c4d9276cbdffb9f6ee261549e21fe8cc7fead,/home/hersco/training_new_domains/2026-09-30/campaign_closure/results/counters-repaired-on-2011206605-a10-fixed-e0/attempt_21969174/result.json
fixed,2011206605,45,False,15752.775706966,51e01224b50d3e24308f91b0a62c4d9276cbdffb9f6ee261549e21fe8cc7fead,/home/hersco/training_new_domains/2026-09-30/campaign_closure/results/counters-repaired-on-2011206605-a10-fixed-e0/attempt_21969174/result.json
fixed,2011206605,46,False,18058.17215632199,51e01224b50d3e24308f91b0a62c4d9276cbdffb9f6ee261549e21fe8cc7fead,/home/hersco/training_new_domains/2026-09-30/campaign_closure/results/counters-repaired-on-2011206605-a10-fixed-e0/attempt_21969174/result.json
fixed,2011206605,47,False,15890.202923748002,51e01224b50d3e24308f91b0a62c4d9276cbdffb9f6ee261549e21fe8cc7fead,/home/hersco/training_new_domains/2026-09-30/campaign_closure/results/counters-repaired-on-2011206605-a10-fixed-e0/attempt_21969174/result.json
fixed,2011206605,48,False,17305.532005896966,51e01224b50d3e24308f91b0a62c4d9276cbdffb9f6ee261549e21fe8cc7fead,/home/hersco/training_new_domains/2026-09-30/campaign_closure/results/counters-repaired-on-2011206605-a10-fixed-e0/attempt_21969174/result.json
fixed,2011206605,49,False,17760.333816168015,51e01224b50d3e24308f91b0a62c4d9276cbdffb9f6ee261549e21fe8cc7fead,/home/hersco/training_new_domains/2026-09-30/campaign_closure/results/counters-repaired-on-2011206605-a10-fixed-e0/attempt_21969174/result.json
fixed,2011206605,50,False,16058.594209147966,51e01224b50d3e24308f91b0a62c4d9276cbdffb9f6ee261549e21fe8cc7fead,/home/hersco/training_new_domains/2026-09-30/campaign_closure/results/counters-repaired-on-2011206605-a10-fixed-e0/attempt_21969174/result.json
fixed,2011206605,51,False,15633.655592880037,51e01224b50d3e24308f91b0a62c4d9276cbdffb9f6ee261549e21fe8cc7fead,/home/hersco/training_new_domains/2026-09-30/campaign_closure/results/counters-repaired-on-2011206605-a10-fixed-e0/attempt_21969174/result.json
fixed,2011206605,52,False,18078.893987115996,51e01224b50d3e24308f91b0a62c4d9276cbdffb9f6ee261549e21fe8cc7fead,/home/hersco/training_new_domains/2026-09-30/campaign_closure/results/counters-repaired-on-2011206605-a10-fixed-e0/attempt_21969174/result.json
fixed,2011206605,53,False,17321.009707005054,51e01224b50d3e24308f91b0a62c4d9276cbdffb9f6ee261549e21fe8cc7fead,/home/hersco/training_new_domains/2026-09-30/campaign_closure/results/counters-repaired-on-2011206605-a10-fixed-e0/attempt_21969174/result.json
fixed,2011206605,54,False,18192.149335803,51e01224b50d3e24308f91b0a62c4d9276cbdffb9f6ee261549e21fe8cc7fead,/home/hersco/training_new_domains/2026-09-30/campaign_closure/results/counters-repaired-on-2011206605-a10-fixed-e0/attempt_21969174/result.json
fixed,2011206605,55,False,13530.39984734403,51e01224b50d3e24308f91b0a62c4d9276cbdffb9f6ee261549e21fe8cc7fead,/home/hersco/training_new_domains/2026-09-30/campaign_closure/results/counters-repaired-on-2011206605-a10-fixed-e0/attempt_21969174/result.json
fixed,2011206605,57,False,15168.71404895297,51e01224b50d3e24308f91b0a62c4d9276cbdffb9f6ee261549e21fe8cc7fead,/home/hersco/training_new_domains/2026-09-30/campaign_closure/results/counters-repaired-on-2011206605-a10-fixed-e0/attempt_21969174/result.json
fixed,2011206605,59,False,13814.956055835995,51e01224b50d3e24308f91b0a62c4d9276cbdffb9f6ee261549e21fe8cc7fead,/home/hersco/training_new_domains/2026-09-30/campaign_closure/results/counters-repaired-on-2011206605-a10-fixed-e0/attempt_21969174/result.json
fixed,2011206605,19,False,,51e01224b50d3e24308f91b0a62c4d9276cbdffb9f6ee261549e21fe8cc7fead,/home/hersco/training_new_domains/2026-09-30/campaign_closure/results/counters-repaired-on-2011206605-a10-fixed-e0/attempt_21969174/result.json
fixed,2011206605,20,False,,51e01224b50d3e24308f91b0a62c4d9276cbdffb9f6ee261549e21fe8cc7fead,/home/hersco/training_new_domains/2026-09-30/campaign_closure/results/counters-repaired-on-2011206605-a10-fixed-e0/attempt_21969174/result.json
fixed,2011206605,21,False,,51e01224b50d3e24308f91b0a62c4d9276cbdffb9f6ee261549e21fe8cc7fead,/home/hersco/training_new_domains/2026-09-30/campaign_closure/results/counters-repaired-on-2011206605-a10-fixed-e0/attempt_21969174/result.json
fixed,2011206605,44,False,,51e01224b50d3e24308f91b0a62c4d9276cbdffb9f6ee261549e21fe8cc7fead,/home/hersco/training_new_domains/2026-09-30/campaign_closure/results/counters-repaired-on-2011206605-a10-fixed-e0/attempt_21969174/result.json
fixed,2011206605,56,False,,51e01224b50d3e24308f91b0a62c4d9276cbdffb9f6ee261549e21fe8cc7fead,/home/hersco/training_new_domains/2026-09-30/campaign_closure/results/counters-repaired-on-2011206605-a10-fixed-e0/attempt_21969174/result.json
fixed,2011206605,58,False,,51e01224b50d3e24308f91b0a62c4d9276cbdffb9f6ee261549e21fe8cc7fead,/home/hersco/training_new_domains/2026-09-30/campaign_closure/results/counters-repaired-on-2011206605-a10-fixed-e0/attempt_21969174/result.json
fixed,2082152039,2,True,8.278559612983372,8d36aa46dedc2669643728d542cb549c7c6d9ef31c8c09a519e0501ab4fd0904,/home/hersco/training_new_domains/2026-09-30/campaign_closure/results/counters-repaired-on-2082152039-a10-fixed-e1/attempt_21988756/result.json
fixed,2082152039,1,True,8.553384489001473,8d36aa46dedc2669643728d542cb549c7c6d9ef31c8c09a519e0501ab4fd0904,/home/hersco/training_new_domains/2026-09-30/campaign_closure/results/counters-repaired-on-2082152039-a10-fixed-e1/attempt_21988756/result.json
fixed,2082152039,3,True,8.551972385001136,8d36aa46dedc2669643728d542cb549c7c6d9ef31c8c09a519e0501ab4fd0904,/home/hersco/training_new_domains/2026-09-30/campaign_closure/results/counters-repaired-on-2082152039-a10-fixed-e1/attempt_21988756/result.json
fixed,2082152039,4,True,8.313568428013241,8d36aa46dedc2669643728d542cb549c7c6d9ef31c8c09a519e0501ab4fd0904,/home/hersco/training_new_domains/2026-09-30/campaign_closure/results/counters-repaired-on-2082152039-a10-fixed-e1/attempt_21988756/result.json
fixed,2082152039,5,True,10.557211664010538,8d36aa46dedc2669643728d542cb549c7c6d9ef31c8c09a519e0501ab4fd0904,/home/hersco/training_new_domains/2026-09-30/campaign_closure/results/counters-repaired-on-2082152039-a10-fixed-e1/attempt_21988756/result.json
fixed,2082152039,6,True,12.30205859799753,8d36aa46dedc2669643728d542cb549c7c6d9ef31c8c09a519e0501ab4fd0904,/home/hersco/training_new_domains/2026-09-30/campaign_closure/results/counters-repaired-on-2082152039-a10-fixed-e1/attempt_21988756/result.json
fixed,2082152039,7,True,14.802111462020548,8d36aa46dedc2669643728d542cb549c7c6d9ef31c8c09a519e0501ab4fd0904,/home/hersco/training_new_domains/2026-09-30/campaign_closure/results/counters-repaired-on-2082152039-a10-fixed-e1/attempt_21988756/result.json
fixed,2082152039,8,True,17.315182972000912,8d36aa46dedc2669643728d542cb549c7c6d9ef31c8c09a519e0501ab4fd0904,/home/hersco/training_new_domains/2026-09-30/campaign_closure/results/counters-repaired-on-2082152039-a10-fixed-e1/attempt_21988756/result.json
fixed,2082152039,9,True,19.32510907301912,8d36aa46dedc2669643728d542cb549c7c6d9ef31c8c09a519e0501ab4fd0904,/home/hersco/training_new_domains/2026-09-30/campaign_closure/results/counters-repaired-on-2082152039-a10-fixed-e1/attempt_21988756/result.json
fixed,2082152039,10,True,24.07800788601162,8d36aa46dedc2669643728d542cb549c7c6d9ef31c8c09a519e0501ab4fd0904,/home/hersco/training_new_domains/2026-09-30/campaign_closure/results/counters-repaired-on-2082152039-a10-fixed-e1/attempt_21988756/result.json
fixed,2082152039,11,True,28.074821084999712,8d36aa46dedc2669643728d542cb549c7c6d9ef31c8c09a519e0501ab4fd0904,/home/hersco/training_new_domains/2026-09-30/campaign_closure/results/counters-repaired-on-2082152039-a10-fixed-e1/attempt_21988756/result.json
fixed,2082152039,12,True,35.59876564500155,8d36aa46dedc2669643728d542cb549c7c6d9ef31c8c09a519e0501ab4fd0904,/home/hersco/training_new_domains/2026-09-30/campaign_closure/results/counters-repaired-on-2082152039-a10-fixed-e1/attempt_21988756/result.json
fixed,2082152039,13,True,37.60715464799432,8d36aa46dedc2669643728d542cb549c7c6d9ef31c8c09a519e0501ab4fd0904,/home/hersco/training_new_domains/2026-09-30/campaign_closure/results/counters-repaired-on-2082152039-a10-fixed-e1/attempt_21988756/result.json
fixed,2082152039,14,True,45.611218211008236,8d36aa46dedc2669643728d542cb549c7c6d9ef31c8c09a519e0501ab4fd0904,/home/hersco/training_new_domains/2026-09-30/campaign_closure/results/counters-repaired-on-2082152039-a10-fixed-e1/attempt_21988756/result.json
fixed,2082152039,15,True,50.86905503901653,8d36aa46dedc2669643728d542cb549c7c6d9ef31c8c09a519e0501ab4fd0904,/home/hersco/training_new_domains/2026-09-30/campaign_closure/results/counters-repaired-on-2082152039-a10-fixed-e1/attempt_21988756/result.json
fixed,2082152039,16,True,60.63520829900517,8d36aa46dedc2669643728d542cb549c7c6d9ef31c8c09a519e0501ab4fd0904,/home/hersco/training_new_domains/2026-09-30/campaign_closure/results/counters-repaired-on-2082152039-a10-fixed-e1/attempt_21988756/result.json
fixed,2082152039,17,True,70.1557093070005,8d36aa46dedc2669643728d542cb549c7c6d9ef31c8c09a519e0501ab4fd0904,/home/hersco/training_new_domains/2026-09-30/campaign_closure/results/counters-repaired-on-2082152039-a10-fixed-e1/attempt_21988756/result.json
fixed,2082152039,18,True,73.40729616599856,8d36aa46dedc2669643728d542cb549c7c6d9ef31c8c09a519e0501ab4fd0904,/home/hersco/training_new_domains/2026-09-30/campaign_closure/results/counters-repaired-on-2082152039-a10-fixed-e1/attempt_21988756/result.json
fixed,2082152039,19,True,80.4083241079934,8d36aa46dedc2669643728d542cb549c7c6d9ef31c8c09a519e0501ab4fd0904,/home/hersco/training_new_domains/2026-09-30/campaign_closure/results/counters-repaired-on-2082152039-a10-fixed-e1/attempt_21988756/result.json
fixed,2082152039,20,True,94.17440883698873,8d36aa46dedc2669643728d542cb549c7c6d9ef31c8c09a519e0501ab4fd0904,/home/hersco/training_new_domains/2026-09-30/campaign_closure/results/counters-repaired-on-2082152039-a10-fixed-e1/attempt_21988756/result.json
fixed,2082152039,21,True,123.98890736399335,8d36aa46dedc2669643728d542cb549c7c6d9ef31c8c09a519e0501ab4fd0904,/home/hersco/training_new_domains/2026-09-30/campaign_closure/results/counters-repaired-on-2082152039-a10-fixed-e1/attempt_21988756/result.json
fixed,2082152039,22,True,122.73580064001726,8d36aa46dedc2669643728d542cb549c7c6d9ef31c8c09a519e0501ab4fd0904,/home/hersco/training_new_domains/2026-09-30/campaign_closure/results/counters-repaired-on-2082152039-a10-fixed-e1/attempt_21988756/result.json
fixed,2082152039,23,True,141.27564783100388,8d36aa46dedc2669643728d542cb549c7c6d9ef31c8c09a519e0501ab4fd0904,/home/hersco/training_new_domains/2026-09-30/campaign_closure/results/counters-repaired-on-2082152039-a10-fixed-e1/attempt_21988756/result.json
fixed,2082152039,24,True,140.52600020900718,8d36aa46dedc2669643728d542cb549c7c6d9ef31c8c09a519e0501ab4fd0904,/home/hersco/training_new_domains/2026-09-30/campaign_closure/results/counters-repaired-on-2082152039-a10-fixed-e1/attempt_21988756/result.json
fixed,2082152039,25,True,167.06424008100294,8d36aa46dedc2669643728d542cb549c7c6d9ef31c8c09a519e0501ab4fd0904,/home/hersco/training_new_domains/2026-09-30/campaign_closure/results/counters-repaired-on-2082152039-a10-fixed-e1/attempt_21988756/result.json
fixed,2082152039,26,True,191.85845635901205,8d36aa46dedc2669643728d542cb549c7c6d9ef31c8c09a519e0501ab4fd0904,/home/hersco/training_new_domains/2026-09-30/campaign_closure/results/counters-repaired-on-2082152039-a10-fixed-e1/attempt_21988756/result.json
fixed,2082152039,27,True,227.65764635399682,8d36aa46dedc2669643728d542cb549c7c6d9ef31c8c09a519e0501ab4fd0904,/home/hersco/training_new_domains/2026-09-30/campaign_closure/results/counters-repaired-on-2082152039-a10-fixed-e1/attempt_21988756/result.json
fixed,2082152039,28,True,234.0000313889759,8d36aa46dedc2669643728d542cb549c7c6d9ef31c8c09a519e0501ab4fd0904,/home/hersco/training_new_domains/2026-09-30/campaign_closure/results/counters-repaired-on-2082152039-a10-fixed-e1/attempt_21988756/result.json
fixed,2082152039,29,True,249.82579406400328,8d36aa46dedc2669643728d542cb549c7c6d9ef31c8c09a519e0501ab4fd0904,/home/hersco/training_new_domains/2026-09-30/campaign_closure/results/counters-repaired-on-2082152039-a10-fixed-e1/attempt_21988756/result.json
fixed,2082152039,30,True,277.0990507559909,8d36aa46dedc2669643728d542cb549c7c6d9ef31c8c09a519e0501ab4fd0904,/home/hersco/training_new_domains/2026-09-30/campaign_closure/results/counters-repaired-on-2082152039-a10-fixed-e1/attempt_21988756/result.json
fixed,2082152039,31,True,280.8877363879874,8d36aa46dedc2669643728d542cb549c7c6d9ef31c8c09a519e0501ab4fd0904,/home/hersco/training_new_domains/2026-09-30/campaign_closure/results/counters-repaired-on-2082152039-a10-fixed-e1/attempt_21988756/result.json
fixed,2082152039,32,True,323.1636533459823,8d36aa46dedc2669643728d542cb549c7c6d9ef31c8c09a519e0501ab4fd0904,/home/hersco/training_new_domains/2026-09-30/campaign_closure/results/counters-repaired-on-2082152039-a10-fixed-e1/attempt_21988756/result.json
fixed,2082152039,33,True,358.90007569198497,8d36aa46dedc2669643728d542cb549c7c6d9ef31c8c09a519e0501ab4fd0904,/home/hersco/training_new_domains/2026-09-30/campaign_closure/results/counters-repaired-on-2082152039-a10-fixed-e1/attempt_21988756/result.json
fixed,2082152039,34,True,361.9038989629771,8d36aa46dedc2669643728d542cb549c7c6d9ef31c8c09a519e0501ab4fd0904,/home/hersco/training_new_domains/2026-09-30/campaign_closure/results/counters-repaired-on-2082152039-a10-fixed-e1/attempt_21988756/result.json
fixed,2082152039,35,True,372.67368854701635,8d36aa46dedc2669643728d542cb549c7c6d9ef31c8c09a519e0501ab4fd0904,/home/hersco/training_new_domains/2026-09-30/campaign_closure/results/counters-repaired-on-2082152039-a10-fixed-e1/attempt_21988756/result.json
fixed,2082152039,36,True,471.89426972199,8d36aa46dedc2669643728d542cb549c7c6d9ef31c8c09a519e0501ab4fd0904,/home/hersco/training_new_domains/2026-09-30/campaign_closure/results/counters-repaired-on-2082152039-a10-fixed-e1/attempt_21988756/result.json
fixed,2082152039,37,True,475.26472767299856,8d36aa46dedc2669643728d542cb549c7c6d9ef31c8c09a519e0501ab4fd0904,/home/hersco/training_new_domains/2026-09-30/campaign_closure/results/counters-repaired-on-2082152039-a10-fixed-e1/attempt_21988756/result.json
fixed,2082152039,38,True,493.78359685398755,8d36aa46dedc2669643728d542cb549c7c6d9ef31c8c09a519e0501ab4fd0904,/home/hersco/training_new_domains/2026-09-30/campaign_closure/results/counters-repaired-on-2082152039-a10-fixed-e1/attempt_21988756/result.json
fixed,2082152039,39,True,538.7483730509994,8d36aa46dedc2669643728d542cb549c7c6d9ef31c8c09a519e0501ab4fd0904,/home/hersco/training_new_domains/2026-09-30/campaign_closure/results/counters-repaired-on-2082152039-a10-fixed-e1/attempt_21988756/result.json
fixed,2082152039,40,True,534.888321772014,8d36aa46dedc2669643728d542cb549c7c6d9ef31c8c09a519e0501ab4fd0904,/home/hersco/training_new_domains/2026-09-30/campaign_closure/results/counters-repaired-on-2082152039-a10-fixed-e1/attempt_21988756/result.json
fixed,2082152039,41,True,608.3889094869955,8d36aa46dedc2669643728d542cb549c7c6d9ef31c8c09a519e0501ab4fd0904,/home/hersco/training_new_domains/2026-09-30/campaign_closure/results/counters-repaired-on-2082152039-a10-fixed-e1/attempt_21988756/result.json
fixed,2082152039,42,True,673.7908025739889,8d36aa46dedc2669643728d542cb549c7c6d9ef31c8c09a519e0501ab4fd0904,/home/hersco/training_new_domains/2026-09-30/campaign_closure/results/counters-repaired-on-2082152039-a10-fixed-e1/attempt_21988756/result.json
fixed,2082152039,43,True,730.3796527209925,8d36aa46dedc2669643728d542cb549c7c6d9ef31c8c09a519e0501ab4fd0904,/home/hersco/training_new_domains/2026-09-30/campaign_closure/results/counters-repaired-on-2082152039-a10-fixed-e1/attempt_21988756/result.json
fixed,2082152039,44,True,760.3334176630015,8d36aa46dedc2669643728d542cb549c7c6d9ef31c8c09a519e0501ab4fd0904,/home/hersco/training_new_domains/2026-09-30/campaign_closure/results/counters-repaired-on-2082152039-a10-fixed-e1/attempt_21988756/result.json
fixed,2082152039,45,True,774.520255950978,8d36aa46dedc2669643728d542cb549c7c6d9ef31c8c09a519e0501ab4fd0904,/home/hersco/training_new_domains/2026-09-30/campaign_closure/results/counters-repaired-on-2082152039-a10-fixed-e1/attempt_21988756/result.json
fixed,2082152039,46,True,881.631419909012,8d36aa46dedc2669643728d542cb549c7c6d9ef31c8c09a519e0501ab4fd0904,/home/hersco/training_new_domains/2026-09-30/campaign_closure/results/counters-repaired-on-2082152039-a10-fixed-e1/attempt_21988756/result.json
fixed,2082152039,47,True,1174.5631355030055,8d36aa46dedc2669643728d542cb549c7c6d9ef31c8c09a519e0501ab4fd0904,/home/hersco/training_new_domains/2026-09-30/campaign_closure/results/counters-repaired-on-2082152039-a10-fixed-e1/attempt_21988756/result.json
fixed,2082152039,48,True,1264.0055651039875,8d36aa46dedc2669643728d542cb549c7c6d9ef31c8c09a519e0501ab4fd0904,/home/hersco/training_new_domains/2026-09-30/campaign_closure/results/counters-repaired-on-2082152039-a10-fixed-e1/attempt_21988756/result.json
fixed,2082152039,49,True,1359.1879015230224,8d36aa46dedc2669643728d542cb549c7c6d9ef31c8c09a519e0501ab4fd0904,/home/hersco/training_new_domains/2026-09-30/campaign_closure/results/counters-repaired-on-2082152039-a10-fixed-e1/attempt_21988756/result.json
fixed,2082152039,50,True,1660.583444807009,8d36aa46dedc2669643728d542cb549c7c6d9ef31c8c09a519e0501ab4fd0904,/home/hersco/training_new_domains/2026-09-30/campaign_closure/results/counters-repaired-on-2082152039-a10-fixed-e1/attempt_21988756/result.json
fixed,2082152039,51,True,1400.392128278996,8d36aa46dedc2669643728d542cb549c7c6d9ef31c8c09a519e0501ab4fd0904,/home/hersco/training_new_domains/2026-09-30/campaign_closure/results/counters-repaired-on-2082152039-a10-fixed-e1/attempt_21988756/result.json
fixed,2082152039,52,True,1288.0170391779975,8d36aa46dedc2669643728d542cb549c7c6d9ef31c8c09a519e0501ab4fd0904,/home/hersco/training_new_domains/2026-09-30/campaign_closure/results/counters-repaired-on-2082152039-a10-fixed-e1/attempt_21988756/result.json
fixed,2082152039,53,True,1308.3837501749804,8d36aa46dedc2669643728d542cb549c7c6d9ef31c8c09a519e0501ab4fd0904,/home/hersco/training_new_domains/2026-09-30/campaign_closure/results/counters-repaired-on-2082152039-a10-fixed-e1/attempt_21988756/result.json
fixed,2082152039,54,True,2596.076204060024,8d36aa46dedc2669643728d542cb549c7c6d9ef31c8c09a519e0501ab4fd0904,/home/hersco/training_new_domains/2026-09-30/campaign_closure/results/counters-repaired-on-2082152039-a10-fixed-e1/attempt_21988756/result.json
fixed,2082152039,55,True,2815.2471127549943,8d36aa46dedc2669643728d542cb549c7c6d9ef31c8c09a519e0501ab4fd0904,/home/hersco/training_new_domains/2026-09-30/campaign_closure/results/counters-repaired-on-2082152039-a10-fixed-e1/attempt_21988756/result.json
fixed,2082152039,56,True,4222.6628275050025,8d36aa46dedc2669643728d542cb549c7c6d9ef31c8c09a519e0501ab4fd0904,/home/hersco/training_new_domains/2026-09-30/campaign_closure/results/counters-repaired-on-2082152039-a10-fixed-e1/attempt_21988756/result.json
fixed,2082152039,57,True,3634.322950547008,8d36aa46dedc2669643728d542cb549c7c6d9ef31c8c09a519e0501ab4fd0904,/home/hersco/training_new_domains/2026-09-30/campaign_closure/results/counters-repaired-on-2082152039-a10-fixed-e1/attempt_21988756/result.json
fixed,2082152039,58,True,3823.6146443590114,8d36aa46dedc2669643728d542cb549c7c6d9ef31c8c09a519e0501ab4fd0904,/home/hersco/training_new_domains/2026-09-30/campaign_closure/results/counters-repaired-on-2082152039-a10-fixed-e1/attempt_21988756/result.json
fixed,2082152039,59,True,3466.105852684006,8d36aa46dedc2669643728d542cb549c7c6d9ef31c8c09a519e0501ab4fd0904,/home/hersco/training_new_domains/2026-09-30/campaign_closure/results/counters-repaired-on-2082152039-a10-fixed-e1/attempt_21988756/result.json
fixed,1963100312,1,True,8.537412359000882,dfe1e4f841733e0fe57b3f4bfe1838f8cf2c2b20e33d6774205a66e73fabb34c,/home/hersco/training_new_domains/2026-09-30/campaign_closure/results/counters-repaired-on-1963100312-a10-fixed-e1/attempt_21969466/result.json
fixed,1963100312,2,True,9.538430309999967,dfe1e4f841733e0fe57b3f4bfe1838f8cf2c2b20e33d6774205a66e73fabb34c,/home/hersco/training_new_domains/2026-09-30/campaign_closure/results/counters-repaired-on-1963100312-a10-fixed-e1/attempt_21969466/result.json
fixed,1963100312,3,True,11.044122593011707,dfe1e4f841733e0fe57b3f4bfe1838f8cf2c2b20e33d6774205a66e73fabb34c,/home/hersco/training_new_domains/2026-09-30/campaign_closure/results/counters-repaired-on-1963100312-a10-fixed-e1/attempt_21969466/result.json
fixed,1963100312,4,True,10.797199635009747,dfe1e4f841733e0fe57b3f4bfe1838f8cf2c2b20e33d6774205a66e73fabb34c,/home/hersco/training_new_domains/2026-09-30/campaign_closure/results/counters-repaired-on-1963100312-a10-fixed-e1/attempt_21969466/result.json
fixed,1963100312,5,True,13.04979931600974,dfe1e4f841733e0fe57b3f4bfe1838f8cf2c2b20e33d6774205a66e73fabb34c,/home/hersco/training_new_domains/2026-09-30/campaign_closure/results/counters-repaired-on-1963100312-a10-fixed-e1/attempt_21969466/result.json
fixed,1963100312,6,True,14.051891524984967,dfe1e4f841733e0fe57b3f4bfe1838f8cf2c2b20e33d6774205a66e73fabb34c,/home/hersco/training_new_domains/2026-09-30/campaign_closure/results/counters-repaired-on-1963100312-a10-fixed-e1/attempt_21969466/result.json
fixed,1963100312,7,True,15.316828265000368,dfe1e4f841733e0fe57b3f4bfe1838f8cf2c2b20e33d6774205a66e73fabb34c,/home/hersco/training_new_domains/2026-09-30/campaign_closure/results/counters-repaired-on-1963100312-a10-fixed-e1/attempt_21969466/result.json
fixed,1963100312,8,True,17.574066041008336,dfe1e4f841733e0fe57b3f4bfe1838f8cf2c2b20e33d6774205a66e73fabb34c,/home/hersco/training_new_domains/2026-09-30/campaign_closure/results/counters-repaired-on-1963100312-a10-fixed-e1/attempt_21969466/result.json
fixed,1963100312,9,True,20.33057641799678,dfe1e4f841733e0fe57b3f4bfe1838f8cf2c2b20e33d6774205a66e73fabb34c,/home/hersco/training_new_domains/2026-09-30/campaign_closure/results/counters-repaired-on-1963100312-a10-fixed-e1/attempt_21969466/result.json
fixed,1963100312,10,True,25.344714354985626,dfe1e4f841733e0fe57b3f4bfe1838f8cf2c2b20e33d6774205a66e73fabb34c,/home/hersco/training_new_domains/2026-09-30/campaign_closure/results/counters-repaired-on-1963100312-a10-fixed-e1/attempt_21969466/result.json
fixed,1963100312,11,True,28.849370713025564,dfe1e4f841733e0fe57b3f4bfe1838f8cf2c2b20e33d6774205a66e73fabb34c,/home/hersco/training_new_domains/2026-09-30/campaign_closure/results/counters-repaired-on-1963100312-a10-fixed-e1/attempt_21969466/result.json
fixed,1963100312,12,True,31.603418334998423,dfe1e4f841733e0fe57b3f4bfe1838f8cf2c2b20e33d6774205a66e73fabb34c,/home/hersco/training_new_domains/2026-09-30/campaign_closure/results/counters-repaired-on-1963100312-a10-fixed-e1/attempt_21969466/result.json
fixed,1963100312,13,True,38.364498465991346,dfe1e4f841733e0fe57b3f4bfe1838f8cf2c2b20e33d6774205a66e73fabb34c,/home/hersco/training_new_domains/2026-09-30/campaign_closure/results/counters-repaired-on-1963100312-a10-fixed-e1/attempt_21969466/result.json
fixed,1963100312,14,True,48.37864316400373,dfe1e4f841733e0fe57b3f4bfe1838f8cf2c2b20e33d6774205a66e73fabb34c,/home/hersco/training_new_domains/2026-09-30/campaign_closure/results/counters-repaired-on-1963100312-a10-fixed-e1/attempt_21969466/result.json
fixed,1963100312,15,True,55.14690936799161,dfe1e4f841733e0fe57b3f4bfe1838f8cf2c2b20e33d6774205a66e73fabb34c,/home/hersco/training_new_domains/2026-09-30/campaign_closure/results/counters-repaired-on-1963100312-a10-fixed-e1/attempt_21969466/result.json
fixed,1963100312,16,True,46.37523902201792,dfe1e4f841733e0fe57b3f4bfe1838f8cf2c2b20e33d6774205a66e73fabb34c,/home/hersco/training_new_domains/2026-09-30/campaign_closure/results/counters-repaired-on-1963100312-a10-fixed-e1/attempt_21969466/result.json
fixed,1963100312,17,True,71.42532735399436,dfe1e4f841733e0fe57b3f4bfe1838f8cf2c2b20e33d6774205a66e73fabb34c,/home/hersco/training_new_domains/2026-09-30/campaign_closure/results/counters-repaired-on-1963100312-a10-fixed-e1/attempt_21969466/result.json
fixed,1963100312,18,True,74.6721952240041,dfe1e4f841733e0fe57b3f4bfe1838f8cf2c2b20e33d6774205a66e73fabb34c,/home/hersco/training_new_domains/2026-09-30/campaign_closure/results/counters-repaired-on-1963100312-a10-fixed-e1/attempt_21969466/result.json
fixed,1963100312,19,True,94.05587663399638,dfe1e4f841733e0fe57b3f4bfe1838f8cf2c2b20e33d6774205a66e73fabb34c,/home/hersco/training_new_domains/2026-09-30/campaign_closure/results/counters-repaired-on-1963100312-a10-fixed-e1/attempt_21969466/result.json
fixed,1963100312,20,True,104.82177790699643,dfe1e4f841733e0fe57b3f4bfe1838f8cf2c2b20e33d6774205a66e73fabb34c,/home/hersco/training_new_domains/2026-09-30/campaign_closure/results/counters-repaired-on-1963100312-a10-fixed-e1/attempt_21969466/result.json
fixed,1963100312,21,True,118.74429721900378,dfe1e4f841733e0fe57b3f4bfe1838f8cf2c2b20e33d6774205a66e73fabb34c,/home/hersco/training_new_domains/2026-09-30/campaign_closure/results/counters-repaired-on-1963100312-a10-fixed-e1/attempt_21969466/result.json
fixed,1963100312,23,False,6316.327221541025,dfe1e4f841733e0fe57b3f4bfe1838f8cf2c2b20e33d6774205a66e73fabb34c,/home/hersco/training_new_domains/2026-09-30/campaign_closure/results/counters-repaired-on-1963100312-a10-fixed-e1/attempt_21969466/result.json
fixed,1963100312,22,False,10106.06943318501,dfe1e4f841733e0fe57b3f4bfe1838f8cf2c2b20e33d6774205a66e73fabb34c,/home/hersco/training_new_domains/2026-09-30/campaign_closure/results/counters-repaired-on-1963100312-a10-fixed-e1/attempt_21969466/result.json
fixed,1963100312,24,False,10187.43688890399,dfe1e4f841733e0fe57b3f4bfe1838f8cf2c2b20e33d6774205a66e73fabb34c,/home/hersco/training_new_domains/2026-09-30/campaign_closure/results/counters-repaired-on-1963100312-a10-fixed-e1/attempt_21969466/result.json
fixed,1963100312,25,False,4705.46450054599,dfe1e4f841733e0fe57b3f4bfe1838f8cf2c2b20e33d6774205a66e73fabb34c,/home/hersco/training_new_domains/2026-09-30/campaign_closure/results/counters-repaired-on-1963100312-a10-fixed-e1/attempt_21969466/result.json
fixed,1963100312,28,False,3742.0862779540184,dfe1e4f841733e0fe57b3f4bfe1838f8cf2c2b20e33d6774205a66e73fabb34c,/home/hersco/training_new_domains/2026-09-30/campaign_closure/results/counters-repaired-on-1963100312-a10-fixed-e1/attempt_21969466/result.json
fixed,1963100312,27,False,5112.469163039001,dfe1e4f841733e0fe57b3f4bfe1838f8cf2c2b20e33d6774205a66e73fabb34c,/home/hersco/training_new_domains/2026-09-30/campaign_closure/results/counters-repaired-on-1963100312-a10-fixed-e1/attempt_21969466/result.json
fixed,1963100312,26,False,5594.933011996996,dfe1e4f841733e0fe57b3f4bfe1838f8cf2c2b20e33d6774205a66e73fabb34c,/home/hersco/training_new_domains/2026-09-30/campaign_closure/results/counters-repaired-on-1963100312-a10-fixed-e1/attempt_21969466/result.json
fixed,1963100312,29,False,5810.991252910986,dfe1e4f841733e0fe57b3f4bfe1838f8cf2c2b20e33d6774205a66e73fabb34c,/home/hersco/training_new_domains/2026-09-30/campaign_closure/results/counters-repaired-on-1963100312-a10-fixed-e1/attempt_21969466/result.json
fixed,1963100312,30,False,7231.439423901029,dfe1e4f841733e0fe57b3f4bfe1838f8cf2c2b20e33d6774205a66e73fabb34c,/home/hersco/training_new_domains/2026-09-30/campaign_closure/results/counters-repaired-on-1963100312-a10-fixed-e1/attempt_21969466/result.json
fixed,1963100312,31,False,9122.791363455006,dfe1e4f841733e0fe57b3f4bfe1838f8cf2c2b20e33d6774205a66e73fabb34c,/home/hersco/training_new_domains/2026-09-30/campaign_closure/results/counters-repaired-on-1963100312-a10-fixed-e1/attempt_21969466/result.json
fixed,1963100312,32,False,5130.870915415988,dfe1e4f841733e0fe57b3f4bfe1838f8cf2c2b20e33d6774205a66e73fabb34c,/home/hersco/training_new_domains/2026-09-30/campaign_closure/results/counters-repaired-on-1963100312-a10-fixed-e1/attempt_21969466/result.json
fixed,1963100312,33,False,6544.428230469988,dfe1e4f841733e0fe57b3f4bfe1838f8cf2c2b20e33d6774205a66e73fabb34c,/home/hersco/training_new_domains/2026-09-30/campaign_closure/results/counters-repaired-on-1963100312-a10-fixed-e1/attempt_21969466/result.json
fixed,1963100312,35,False,5897.358895404992,dfe1e4f841733e0fe57b3f4bfe1838f8cf2c2b20e33d6774205a66e73fabb34c,/home/hersco/training_new_domains/2026-09-30/campaign_closure/results/counters-repaired-on-1963100312-a10-fixed-e1/attempt_21969466/result.json
fixed,1963100312,34,False,7294.513290534989,dfe1e4f841733e0fe57b3f4bfe1838f8cf2c2b20e33d6774205a66e73fabb34c,/home/hersco/training_new_domains/2026-09-30/campaign_closure/results/counters-repaired-on-1963100312-a10-fixed-e1/attempt_21969466/result.json
fixed,1963100312,37,False,5801.123474651977,dfe1e4f841733e0fe57b3f4bfe1838f8cf2c2b20e33d6774205a66e73fabb34c,/home/hersco/training_new_domains/2026-09-30/campaign_closure/results/counters-repaired-on-1963100312-a10-fixed-e1/attempt_21969466/result.json
fixed,1963100312,36,False,8766.657522416004,dfe1e4f841733e0fe57b3f4bfe1838f8cf2c2b20e33d6774205a66e73fabb34c,/home/hersco/training_new_domains/2026-09-30/campaign_closure/results/counters-repaired-on-1963100312-a10-fixed-e1/attempt_21969466/result.json
fixed,1963100312,38,False,6378.827362454991,dfe1e4f841733e0fe57b3f4bfe1838f8cf2c2b20e33d6774205a66e73fabb34c,/home/hersco/training_new_domains/2026-09-30/campaign_closure/results/counters-repaired-on-1963100312-a10-fixed-e1/attempt_21969466/result.json
fixed,1963100312,39,False,6666.659438754985,dfe1e4f841733e0fe57b3f4bfe1838f8cf2c2b20e33d6774205a66e73fabb34c,/home/hersco/training_new_domains/2026-09-30/campaign_closure/results/counters-repaired-on-1963100312-a10-fixed-e1/attempt_21969466/result.json
fixed,1963100312,41,False,9861.75243920798,dfe1e4f841733e0fe57b3f4bfe1838f8cf2c2b20e33d6774205a66e73fabb34c,/home/hersco/training_new_domains/2026-09-30/campaign_closure/results/counters-repaired-on-1963100312-a10-fixed-e1/attempt_21969466/result.json
fixed,1963100312,40,False,13613.055248776014,dfe1e4f841733e0fe57b3f4bfe1838f8cf2c2b20e33d6774205a66e73fabb34c,/home/hersco/training_new_domains/2026-09-30/campaign_closure/results/counters-repaired-on-1963100312-a10-fixed-e1/attempt_21969466/result.json
fixed,1963100312,42,False,7418.364423664025,dfe1e4f841733e0fe57b3f4bfe1838f8cf2c2b20e33d6774205a66e73fabb34c,/home/hersco/training_new_domains/2026-09-30/campaign_closure/results/counters-repaired-on-1963100312-a10-fixed-e1/attempt_21969466/result.json
fixed,1963100312,43,False,7595.589590891963,dfe1e4f841733e0fe57b3f4bfe1838f8cf2c2b20e33d6774205a66e73fabb34c,/home/hersco/training_new_domains/2026-09-30/campaign_closure/results/counters-repaired-on-1963100312-a10-fixed-e1/attempt_21969466/result.json
fixed,1963100312,44,False,8738.571244805993,dfe1e4f841733e0fe57b3f4bfe1838f8cf2c2b20e33d6774205a66e73fabb34c,/home/hersco/training_new_domains/2026-09-30/campaign_closure/results/counters-repaired-on-1963100312-a10-fixed-e1/attempt_21969466/result.json
fixed,1963100312,45,False,9124.928312487027,dfe1e4f841733e0fe57b3f4bfe1838f8cf2c2b20e33d6774205a66e73fabb34c,/home/hersco/training_new_domains/2026-09-30/campaign_closure/results/counters-repaired-on-1963100312-a10-fixed-e1/attempt_21969466/result.json
fixed,1963100312,46,False,7028.917424954998,dfe1e4f841733e0fe57b3f4bfe1838f8cf2c2b20e33d6774205a66e73fabb34c,/home/hersco/training_new_domains/2026-09-30/campaign_closure/results/counters-repaired-on-1963100312-a10-fixed-e1/attempt_21969466/result.json
fixed,1963100312,47,False,8025.413913592987,dfe1e4f841733e0fe57b3f4bfe1838f8cf2c2b20e33d6774205a66e73fabb34c,/home/hersco/training_new_domains/2026-09-30/campaign_closure/results/counters-repaired-on-1963100312-a10-fixed-e1/attempt_21969466/result.json
fixed,1963100312,48,False,10374.631292850012,dfe1e4f841733e0fe57b3f4bfe1838f8cf2c2b20e33d6774205a66e73fabb34c,/home/hersco/training_new_domains/2026-09-30/campaign_closure/results/counters-repaired-on-1963100312-a10-fixed-e1/attempt_21969466/result.json
fixed,1963100312,49,False,12079.490641706972,dfe1e4f841733e0fe57b3f4bfe1838f8cf2c2b20e33d6774205a66e73fabb34c,/home/hersco/training_new_domains/2026-09-30/campaign_closure/results/counters-repaired-on-1963100312-a10-fixed-e1/attempt_21969466/result.json
fixed,1963100312,50,False,13010.395999389992,dfe1e4f841733e0fe57b3f4bfe1838f8cf2c2b20e33d6774205a66e73fabb34c,/home/hersco/training_new_domains/2026-09-30/campaign_closure/results/counters-repaired-on-1963100312-a10-fixed-e1/attempt_21969466/result.json
fixed,1963100312,52,False,12926.478613779007,dfe1e4f841733e0fe57b3f4bfe1838f8cf2c2b20e33d6774205a66e73fabb34c,/home/hersco/training_new_domains/2026-09-30/campaign_closure/results/counters-repaired-on-1963100312-a10-fixed-e1/attempt_21969466/result.json
fixed,1963100312,51,False,17690.96794886299,dfe1e4f841733e0fe57b3f4bfe1838f8cf2c2b20e33d6774205a66e73fabb34c,/home/hersco/training_new_domains/2026-09-30/campaign_closure/results/counters-repaired-on-1963100312-a10-fixed-e1/attempt_21969466/result.json
fixed,1963100312,53,False,19041.31756597699,dfe1e4f841733e0fe57b3f4bfe1838f8cf2c2b20e33d6774205a66e73fabb34c,/home/hersco/training_new_domains/2026-09-30/campaign_closure/results/counters-repaired-on-1963100312-a10-fixed-e1/attempt_21969466/result.json
fixed,1963100312,54,False,,dfe1e4f841733e0fe57b3f4bfe1838f8cf2c2b20e33d6774205a66e73fabb34c,/home/hersco/training_new_domains/2026-09-30/campaign_closure/results/counters-repaired-on-1963100312-a10-fixed-e1/attempt_21969466/result.json
fixed,1963100312,55,False,,dfe1e4f841733e0fe57b3f4bfe1838f8cf2c2b20e33d6774205a66e73fabb34c,/home/hersco/training_new_domains/2026-09-30/campaign_closure/results/counters-repaired-on-1963100312-a10-fixed-e1/attempt_21969466/result.json
fixed,1963100312,56,False,,dfe1e4f841733e0fe57b3f4bfe1838f8cf2c2b20e33d6774205a66e73fabb34c,/home/hersco/training_new_domains/2026-09-30/campaign_closure/results/counters-repaired-on-1963100312-a10-fixed-e1/attempt_21969466/result.json
fixed,1963100312,57,False,,dfe1e4f841733e0fe57b3f4bfe1838f8cf2c2b20e33d6774205a66e73fabb34c,/home/hersco/training_new_domains/2026-09-30/campaign_closure/results/counters-repaired-on-1963100312-a10-fixed-e1/attempt_21969466/result.json
fixed,1963100312,58,False,,dfe1e4f841733e0fe57b3f4bfe1838f8cf2c2b20e33d6774205a66e73fabb34c,/home/hersco/training_new_domains/2026-09-30/campaign_closure/results/counters-repaired-on-1963100312-a10-fixed-e1/attempt_21969466/result.json
fixed,1963100312,59,False,,dfe1e4f841733e0fe57b3f4bfe1838f8cf2c2b20e33d6774205a66e73fabb34c,/home/hersco/training_new_domains/2026-09-30/campaign_closure/results/counters-repaired-on-1963100312-a10-fixed-e1/attempt_21969466/result.json
pw,1963100312,1,True,7.525479502975941,dfe1e4f841733e0fe57b3f4bfe1838f8cf2c2b20e33d6774205a66e73fabb34c,/home/hersco/training_new_domains/2026-09-30/campaign_closure/results/counters-repaired-on-1963100312-a10-pw-e1/attempt_21969572/result.json
pw,1963100312,2,True,8.035511383786798,dfe1e4f841733e0fe57b3f4bfe1838f8cf2c2b20e33d6774205a66e73fabb34c,/home/hersco/training_new_domains/2026-09-30/campaign_closure/results/counters-repaired-on-1963100312-a10-pw-e1/attempt_21969572/result.json
pw,1963100312,3,True,9.290879221167415,dfe1e4f841733e0fe57b3f4bfe1838f8cf2c2b20e33d6774205a66e73fabb34c,/home/hersco/training_new_domains/2026-09-30/campaign_closure/results/counters-repaired-on-1963100312-a10-pw-e1/attempt_21969572/result.json
pw,1963100312,4,True,8.790817019995302,dfe1e4f841733e0fe57b3f4bfe1838f8cf2c2b20e33d6774205a66e73fabb34c,/home/hersco/training_new_domains/2026-09-30/campaign_closure/results/counters-repaired-on-1963100312-a10-pw-e1/attempt_21969572/result.json
pw,1963100312,5,True,11.313850931823254,dfe1e4f841733e0fe57b3f4bfe1838f8cf2c2b20e33d6774205a66e73fabb34c,/home/hersco/training_new_domains/2026-09-30/campaign_closure/results/counters-repaired-on-1963100312-a10-pw-e1/attempt_21969572/result.json
pw,1963100312,6,True,12.312467395793647,dfe1e4f841733e0fe57b3f4bfe1838f8cf2c2b20e33d6774205a66e73fabb34c,/home/hersco/training_new_domains/2026-09-30/campaign_closure/results/counters-repaired-on-1963100312-a10-pw-e1/attempt_21969572/result.json
pw,1963100312,7,True,13.792892336845398,dfe1e4f841733e0fe57b3f4bfe1838f8cf2c2b20e33d6774205a66e73fabb34c,/home/hersco/training_new_domains/2026-09-30/campaign_closure/results/counters-repaired-on-1963100312-a10-pw-e1/attempt_21969572/result.json
pw,1963100312,8,True,16.564631181769073,dfe1e4f841733e0fe57b3f4bfe1838f8cf2c2b20e33d6774205a66e73fabb34c,/home/hersco/training_new_domains/2026-09-30/campaign_closure/results/counters-repaired-on-1963100312-a10-pw-e1/attempt_21969572/result.json
pw,1963100312,9,True,17.066775722429156,dfe1e4f841733e0fe57b3f4bfe1838f8cf2c2b20e33d6774205a66e73fabb34c,/home/hersco/training_new_domains/2026-09-30/campaign_closure/results/counters-repaired-on-1963100312-a10-pw-e1/attempt_21969572/result.json
pw,1963100312,10,True,20.576336087659,dfe1e4f841733e0fe57b3f4bfe1838f8cf2c2b20e33d6774205a66e73fabb34c,/home/hersco/training_new_domains/2026-09-30/campaign_closure/results/counters-repaired-on-1963100312-a10-pw-e1/attempt_21969572/result.json
pw,1963100312,11,True,23.061977664008737,dfe1e4f841733e0fe57b3f4bfe1838f8cf2c2b20e33d6774205a66e73fabb34c,/home/hersco/training_new_domains/2026-09-30/campaign_closure/results/counters-repaired-on-1963100312-a10-pw-e1/attempt_21969572/result.json
pw,1963100312,12,True,26.568452624604106,dfe1e4f841733e0fe57b3f4bfe1838f8cf2c2b20e33d6774205a66e73fabb34c,/home/hersco/training_new_domains/2026-09-30/campaign_closure/results/counters-repaired-on-1963100312-a10-pw-e1/attempt_21969572/result.json
pw,1963100312,13,True,30.818704115226865,dfe1e4f841733e0fe57b3f4bfe1838f8cf2c2b20e33d6774205a66e73fabb34c,/home/hersco/training_new_domains/2026-09-30/campaign_closure/results/counters-repaired-on-1963100312-a10-pw-e1/attempt_21969572/result.json
pw,1963100312,14,True,31.0723886070773,dfe1e4f841733e0fe57b3f4bfe1838f8cf2c2b20e33d6774205a66e73fabb34c,/home/hersco/training_new_domains/2026-09-30/campaign_closure/results/counters-repaired-on-1963100312-a10-pw-e1/attempt_21969572/result.json
pw,1963100312,15,True,33.58611050480977,dfe1e4f841733e0fe57b3f4bfe1838f8cf2c2b20e33d6774205a66e73fabb34c,/home/hersco/training_new_domains/2026-09-30/campaign_closure/results/counters-repaired-on-1963100312-a10-pw-e1/attempt_21969572/result.json
pw,1963100312,16,True,38.61130884382874,dfe1e4f841733e0fe57b3f4bfe1838f8cf2c2b20e33d6774205a66e73fabb34c,/home/hersco/training_new_domains/2026-09-30/campaign_closure/results/counters-repaired-on-1963100312-a10-pw-e1/attempt_21969572/result.json
pw,1963100312,17,True,41.867324945982546,dfe1e4f841733e0fe57b3f4bfe1838f8cf2c2b20e33d6774205a66e73fabb34c,/home/hersco/training_new_domains/2026-09-30/campaign_closure/results/counters-repaired-on-1963100312-a10-pw-e1/attempt_21969572/result.json
pw,1963100312,18,True,46.126558573916554,dfe1e4f841733e0fe57b3f4bfe1838f8cf2c2b20e33d6774205a66e73fabb34c,/home/hersco/training_new_domains/2026-09-30/campaign_closure/results/counters-repaired-on-1963100312-a10-pw-e1/attempt_21969572/result.json
pw,1963100312,19,True,49.613598441239446,dfe1e4f841733e0fe57b3f4bfe1838f8cf2c2b20e33d6774205a66e73fabb34c,/home/hersco/training_new_domains/2026-09-30/campaign_closure/results/counters-repaired-on-1963100312-a10-pw-e1/attempt_21969572/result.json
pw,1963100312,20,True,54.86198549484834,dfe1e4f841733e0fe57b3f4bfe1838f8cf2c2b20e33d6774205a66e73fabb34c,/home/hersco/training_new_domains/2026-09-30/campaign_closure/results/counters-repaired-on-1963100312-a10-pw-e1/attempt_21969572/result.json
pw,1963100312,21,True,61.6201759967953,dfe1e4f841733e0fe57b3f4bfe1838f8cf2c2b20e33d6774205a66e73fabb34c,/home/hersco/training_new_domains/2026-09-30/campaign_closure/results/counters-repaired-on-1963100312-a10-pw-e1/attempt_21969572/result.json
pw,1963100312,22,False,4046.3984638378024,dfe1e4f841733e0fe57b3f4bfe1838f8cf2c2b20e33d6774205a66e73fabb34c,/home/hersco/training_new_domains/2026-09-30/campaign_closure/results/counters-repaired-on-1963100312-a10-pw-e1/attempt_21969572/result.json
pw,1963100312,24,False,5594.077282160986,dfe1e4f841733e0fe57b3f4bfe1838f8cf2c2b20e33d6774205a66e73fabb34c,/home/hersco/training_new_domains/2026-09-30/campaign_closure/results/counters-repaired-on-1963100312-a10-pw-e1/attempt_21969572/result.json
pw,1963100312,23,False,10098.7297318778,dfe1e4f841733e0fe57b3f4bfe1838f8cf2c2b20e33d6774205a66e73fabb34c,/home/hersco/training_new_domains/2026-09-30/campaign_closure/results/counters-repaired-on-1963100312-a10-pw-e1/attempt_21969572/result.json
pw,1963100312,26,False,6006.673362211324,dfe1e4f841733e0fe57b3f4bfe1838f8cf2c2b20e33d6774205a66e73fabb34c,/home/hersco/training_new_domains/2026-09-30/campaign_closure/results/counters-repaired-on-1963100312-a10-pw-e1/attempt_21969572/result.json
pw,1963100312,28,False,5845.5927144978195,dfe1e4f841733e0fe57b3f4bfe1838f8cf2c2b20e33d6774205a66e73fabb34c,/home/hersco/training_new_domains/2026-09-30/campaign_closure/results/counters-repaired-on-1963100312-a10-pw-e1/attempt_21969572/result.json
pw,1963100312,25,False,17131.19103334006,dfe1e4f841733e0fe57b3f4bfe1838f8cf2c2b20e33d6774205a66e73fabb34c,/home/hersco/training_new_domains/2026-09-30/campaign_closure/results/counters-repaired-on-1963100312-a10-pw-e1/attempt_21969572/result.json
pw,1963100312,27,False,13497.726222889964,dfe1e4f841733e0fe57b3f4bfe1838f8cf2c2b20e33d6774205a66e73fabb34c,/home/hersco/training_new_domains/2026-09-30/campaign_closure/results/counters-repaired-on-1963100312-a10-pw-e1/attempt_21969572/result.json
pw,1963100312,29,False,8402.203561472706,dfe1e4f841733e0fe57b3f4bfe1838f8cf2c2b20e33d6774205a66e73fabb34c,/home/hersco/training_new_domains/2026-09-30/campaign_closure/results/counters-repaired-on-1963100312-a10-pw-e1/attempt_21969572/result.json
pw,1963100312,30,False,7448.933913526125,dfe1e4f841733e0fe57b3f4bfe1838f8cf2c2b20e33d6774205a66e73fabb34c,/home/hersco/training_new_domains/2026-09-30/campaign_closure/results/counters-repaired-on-1963100312-a10-pw-e1/attempt_21969572/result.json
pw,1963100312,31,False,6671.40994487796,dfe1e4f841733e0fe57b3f4bfe1838f8cf2c2b20e33d6774205a66e73fabb34c,/home/hersco/training_new_domains/2026-09-30/campaign_closure/results/counters-repaired-on-1963100312-a10-pw-e1/attempt_21969572/result.json
pw,1963100312,34,False,5701.664508475922,dfe1e4f841733e0fe57b3f4bfe1838f8cf2c2b20e33d6774205a66e73fabb34c,/home/hersco/training_new_domains/2026-09-30/campaign_closure/results/counters-repaired-on-1963100312-a10-pw-e1/attempt_21969572/result.json
pw,1963100312,32,False,10996.501093127765,dfe1e4f841733e0fe57b3f4bfe1838f8cf2c2b20e33d6774205a66e73fabb34c,/home/hersco/training_new_domains/2026-09-30/campaign_closure/results/counters-repaired-on-1963100312-a10-pw-e1/attempt_21969572/result.json
pw,1963100312,33,False,8899.841534659266,dfe1e4f841733e0fe57b3f4bfe1838f8cf2c2b20e33d6774205a66e73fabb34c,/home/hersco/training_new_domains/2026-09-30/campaign_closure/results/counters-repaired-on-1963100312-a10-pw-e1/attempt_21969572/result.json
pw,1963100312,36,False,8166.991178870201,dfe1e4f841733e0fe57b3f4bfe1838f8cf2c2b20e33d6774205a66e73fabb34c,/home/hersco/training_new_domains/2026-09-30/campaign_closure/results/counters-repaired-on-1963100312-a10-pw-e1/attempt_21969572/result.json
pw,1963100312,38,False,9027.95511251036,dfe1e4f841733e0fe57b3f4bfe1838f8cf2c2b20e33d6774205a66e73fabb34c,/home/hersco/training_new_domains/2026-09-30/campaign_closure/results/counters-repaired-on-1963100312-a10-pw-e1/attempt_21969572/result.json
pw,1963100312,41,False,14564.869419252966,dfe1e4f841733e0fe57b3f4bfe1838f8cf2c2b20e33d6774205a66e73fabb34c,/home/hersco/training_new_domains/2026-09-30/campaign_closure/results/counters-repaired-on-1963100312-a10-pw-e1/attempt_21969572/result.json
pw,1963100312,40,False,19316.05113535095,dfe1e4f841733e0fe57b3f4bfe1838f8cf2c2b20e33d6774205a66e73fabb34c,/home/hersco/training_new_domains/2026-09-30/campaign_closure/results/counters-repaired-on-1963100312-a10-pw-e1/attempt_21969572/result.json
pw,1963100312,43,False,8311.93880943628,dfe1e4f841733e0fe57b3f4bfe1838f8cf2c2b20e33d6774205a66e73fabb34c,/home/hersco/training_new_domains/2026-09-30/campaign_closure/results/counters-repaired-on-1963100312-a10-pw-e1/attempt_21969572/result.json
pw,1963100312,42,False,10528.477219071705,dfe1e4f841733e0fe57b3f4bfe1838f8cf2c2b20e33d6774205a66e73fabb34c,/home/hersco/training_new_domains/2026-09-30/campaign_closure/results/counters-repaired-on-1963100312-a10-pw-e1/attempt_21969572/result.json
pw,1963100312,45,False,11820.160358896945,dfe1e4f841733e0fe57b3f4bfe1838f8cf2c2b20e33d6774205a66e73fabb34c,/home/hersco/training_new_domains/2026-09-30/campaign_closure/results/counters-repaired-on-1963100312-a10-pw-e1/attempt_21969572/result.json
pw,1963100312,46,False,13758.389881545212,dfe1e4f841733e0fe57b3f4bfe1838f8cf2c2b20e33d6774205a66e73fabb34c,/home/hersco/training_new_domains/2026-09-30/campaign_closure/results/counters-repaired-on-1963100312-a10-pw-e1/attempt_21969572/result.json
pw,1963100312,48,False,12698.447518920992,dfe1e4f841733e0fe57b3f4bfe1838f8cf2c2b20e33d6774205a66e73fabb34c,/home/hersco/training_new_domains/2026-09-30/campaign_closure/results/counters-repaired-on-1963100312-a10-pw-e1/attempt_21969572/result.json
pw,1963100312,49,False,16323.109886419028,dfe1e4f841733e0fe57b3f4bfe1838f8cf2c2b20e33d6774205a66e73fabb34c,/home/hersco/training_new_domains/2026-09-30/campaign_closure/results/counters-repaired-on-1963100312-a10-pw-e1/attempt_21969572/result.json
pw,1963100312,51,False,17697.309269941878,dfe1e4f841733e0fe57b3f4bfe1838f8cf2c2b20e33d6774205a66e73fabb34c,/home/hersco/training_new_domains/2026-09-30/campaign_closure/results/counters-repaired-on-1963100312-a10-pw-e1/attempt_21969572/result.json
pw,1963100312,52,False,19554.02193702804,dfe1e4f841733e0fe57b3f4bfe1838f8cf2c2b20e33d6774205a66e73fabb34c,/home/hersco/training_new_domains/2026-09-30/campaign_closure/results/counters-repaired-on-1963100312-a10-pw-e1/attempt_21969572/result.json
pw,1963100312,59,False,16384.481889457908,dfe1e4f841733e0fe57b3f4bfe1838f8cf2c2b20e33d6774205a66e73fabb34c,/home/hersco/training_new_domains/2026-09-30/campaign_closure/results/counters-repaired-on-1963100312-a10-pw-e1/attempt_21969572/result.json
pw,1963100312,35,False,,dfe1e4f841733e0fe57b3f4bfe1838f8cf2c2b20e33d6774205a66e73fabb34c,/home/hersco/training_new_domains/2026-09-30/campaign_closure/results/counters-repaired-on-1963100312-a10-pw-e1/attempt_21969572/result.json
pw,1963100312,37,False,,dfe1e4f841733e0fe57b3f4bfe1838f8cf2c2b20e33d6774205a66e73fabb34c,/home/hersco/training_new_domains/2026-09-30/campaign_closure/results/counters-repaired-on-1963100312-a10-pw-e1/attempt_21969572/result.json
pw,1963100312,39,False,,dfe1e4f841733e0fe57b3f4bfe1838f8cf2c2b20e33d6774205a66e73fabb34c,/home/hersco/training_new_domains/2026-09-30/campaign_closure/results/counters-repaired-on-1963100312-a10-pw-e1/attempt_21969572/result.json
pw,1963100312,44,False,,dfe1e4f841733e0fe57b3f4bfe1838f8cf2c2b20e33d6774205a66e73fabb34c,/home/hersco/training_new_domains/2026-09-30/campaign_closure/results/counters-repaired-on-1963100312-a10-pw-e1/attempt_21969572/result.json
pw,1963100312,47,False,,dfe1e4f841733e0fe57b3f4bfe1838f8cf2c2b20e33d6774205a66e73fabb34c,/home/hersco/training_new_domains/2026-09-30/campaign_closure/results/counters-repaired-on-1963100312-a10-pw-e1/attempt_21969572/result.json
pw,1963100312,50,False,,dfe1e4f841733e0fe57b3f4bfe1838f8cf2c2b20e33d6774205a66e73fabb34c,/home/hersco/training_new_domains/2026-09-30/campaign_closure/results/counters-repaired-on-1963100312-a10-pw-e1/attempt_21969572/result.json
pw,1963100312,53,False,,dfe1e4f841733e0fe57b3f4bfe1838f8cf2c2b20e33d6774205a66e73fabb34c,/home/hersco/training_new_domains/2026-09-30/campaign_closure/results/counters-repaired-on-1963100312-a10-pw-e1/attempt_21969572/result.json
pw,1963100312,54,False,,dfe1e4f841733e0fe57b3f4bfe1838f8cf2c2b20e33d6774205a66e73fabb34c,/home/hersco/training_new_domains/2026-09-30/campaign_closure/results/counters-repaired-on-1963100312-a10-pw-e1/attempt_21969572/result.json
pw,1963100312,55,False,,dfe1e4f841733e0fe57b3f4bfe1838f8cf2c2b20e33d6774205a66e73fabb34c,/home/hersco/training_new_domains/2026-09-30/campaign_closure/results/counters-repaired-on-1963100312-a10-pw-e1/attempt_21969572/result.json
pw,1963100312,56,False,,dfe1e4f841733e0fe57b3f4bfe1838f8cf2c2b20e33d6774205a66e73fabb34c,/home/hersco/training_new_domains/2026-09-30/campaign_closure/results/counters-repaired-on-1963100312-a10-pw-e1/attempt_21969572/result.json
pw,1963100312,57,False,,dfe1e4f841733e0fe57b3f4bfe1838f8cf2c2b20e33d6774205a66e73fabb34c,/home/hersco/training_new_domains/2026-09-30/campaign_closure/results/counters-repaired-on-1963100312-a10-pw-e1/attempt_21969572/result.json
pw,1963100312,58,False,,dfe1e4f841733e0fe57b3f4bfe1838f8cf2c2b20e33d6774205a66e73fabb34c,/home/hersco/training_new_domains/2026-09-30/campaign_closure/results/counters-repaired-on-1963100312-a10-pw-e1/attempt_21969572/result.json
pw,2011206605,1,True,8.03553518600529,51e01224b50d3e24308f91b0a62c4d9276cbdffb9f6ee261549e21fe8cc7fead,/home/hersco/training_new_domains/2026-09-30/campaign_closure/results/counters-repaired-on-2011206605-a10-pw-e0/attempt_21969320/result.json
pw,2011206605,2,True,10.54189929299173,51e01224b50d3e24308f91b0a62c4d9276cbdffb9f6ee261549e21fe8cc7fead,/home/hersco/training_new_domains/2026-09-30/campaign_closure/results/counters-repaired-on-2011206605-a10-pw-e0/attempt_21969320/result.json
pw,2011206605,3,True,11.544744337006705,51e01224b50d3e24308f91b0a62c4d9276cbdffb9f6ee261549e21fe8cc7fead,/home/hersco/training_new_domains/2026-09-30/campaign_closure/results/counters-repaired-on-2011206605-a10-pw-e0/attempt_21969320/result.json
pw,2011206605,4,True,11.548618271015584,51e01224b50d3e24308f91b0a62c4d9276cbdffb9f6ee261549e21fe8cc7fead,/home/hersco/training_new_domains/2026-09-30/campaign_closure/results/counters-repaired-on-2011206605-a10-pw-e0/attempt_21969320/result.json
pw,2011206605,5,True,12.105566518002888,51e01224b50d3e24308f91b0a62c4d9276cbdffb9f6ee261549e21fe8cc7fead,/home/hersco/training_new_domains/2026-09-30/campaign_closure/results/counters-repaired-on-2011206605-a10-pw-e0/attempt_21969320/result.json
pw,2011206605,6,True,13.854902652994497,51e01224b50d3e24308f91b0a62c4d9276cbdffb9f6ee261549e21fe8cc7fead,/home/hersco/training_new_domains/2026-09-30/campaign_closure/results/counters-repaired-on-2011206605-a10-pw-e0/attempt_21969320/result.json
pw,2011206605,7,True,12.546849970996846,51e01224b50d3e24308f91b0a62c4d9276cbdffb9f6ee261549e21fe8cc7fead,/home/hersco/training_new_domains/2026-09-30/campaign_closure/results/counters-repaired-on-2011206605-a10-pw-e0/attempt_21969320/result.json
pw,2011206605,8,True,15.053053454990732,51e01224b50d3e24308f91b0a62c4d9276cbdffb9f6ee261549e21fe8cc7fead,/home/hersco/training_new_domains/2026-09-30/campaign_closure/results/counters-repaired-on-2011206605-a10-pw-e0/attempt_21969320/result.json
pw,2011206605,9,True,14.302549156011082,51e01224b50d3e24308f91b0a62c4d9276cbdffb9f6ee261549e21fe8cc7fead,/home/hersco/training_new_domains/2026-09-30/campaign_closure/results/counters-repaired-on-2011206605-a10-pw-e0/attempt_21969320/result.json
pw,2011206605,10,True,19.322194148000563,51e01224b50d3e24308f91b0a62c4d9276cbdffb9f6ee261549e21fe8cc7fead,/home/hersco/training_new_domains/2026-09-30/campaign_closure/results/counters-repaired-on-2011206605-a10-pw-e0/attempt_21969320/result.json
pw,2011206605,11,True,18.574261522007873,51e01224b50d3e24308f91b0a62c4d9276cbdffb9f6ee261549e21fe8cc7fead,/home/hersco/training_new_domains/2026-09-30/campaign_closure/results/counters-repaired-on-2011206605-a10-pw-e0/attempt_21969320/result.json
pw,2011206605,12,True,22.070152050990146,51e01224b50d3e24308f91b0a62c4d9276cbdffb9f6ee261549e21fe8cc7fead,/home/hersco/training_new_domains/2026-09-30/campaign_closure/results/counters-repaired-on-2011206605-a10-pw-e0/attempt_21969320/result.json
pw,2011206605,13,True,24.57557518701651,51e01224b50d3e24308f91b0a62c4d9276cbdffb9f6ee261549e21fe8cc7fead,/home/hersco/training_new_domains/2026-09-30/campaign_closure/results/counters-repaired-on-2011206605-a10-pw-e0/attempt_21969320/result.json
pw,2011206605,14,True,26.074759634997463,51e01224b50d3e24308f91b0a62c4d9276cbdffb9f6ee261549e21fe8cc7fead,/home/hersco/training_new_domains/2026-09-30/campaign_closure/results/counters-repaired-on-2011206605-a10-pw-e0/attempt_21969320/result.json
pw,2011206605,15,True,28.576742570003262,51e01224b50d3e24308f91b0a62c4d9276cbdffb9f6ee261549e21fe8cc7fead,/home/hersco/training_new_domains/2026-09-30/campaign_closure/results/counters-repaired-on-2011206605-a10-pw-e0/attempt_21969320/result.json
pw,2011206605,16,True,29.82380534001277,51e01224b50d3e24308f91b0a62c4d9276cbdffb9f6ee261549e21fe8cc7fead,/home/hersco/training_new_domains/2026-09-30/campaign_closure/results/counters-repaired-on-2011206605-a10-pw-e0/attempt_21969320/result.json
pw,2011206605,17,True,32.587737955997,51e01224b50d3e24308f91b0a62c4d9276cbdffb9f6ee261549e21fe8cc7fead,/home/hersco/training_new_domains/2026-09-30/campaign_closure/results/counters-repaired-on-2011206605-a10-pw-e0/attempt_21969320/result.json
pw,2011206605,19,False,4919.643551228015,51e01224b50d3e24308f91b0a62c4d9276cbdffb9f6ee261549e21fe8cc7fead,/home/hersco/training_new_domains/2026-09-30/campaign_closure/results/counters-repaired-on-2011206605-a10-pw-e0/attempt_21969320/result.json
pw,2011206605,18,False,6088.171411642979,51e01224b50d3e24308f91b0a62c4d9276cbdffb9f6ee261549e21fe8cc7fead,/home/hersco/training_new_domains/2026-09-30/campaign_closure/results/counters-repaired-on-2011206605-a10-pw-e0/attempt_21969320/result.json
pw,2011206605,20,False,6692.447153581976,51e01224b50d3e24308f91b0a62c4d9276cbdffb9f6ee261549e21fe8cc7fead,/home/hersco/training_new_domains/2026-09-30/campaign_closure/results/counters-repaired-on-2011206605-a10-pw-e0/attempt_21969320/result.json
pw,2011206605,21,False,8137.210916184995,51e01224b50d3e24308f91b0a62c4d9276cbdffb9f6ee261549e21fe8cc7fead,/home/hersco/training_new_domains/2026-09-30/campaign_closure/results/counters-repaired-on-2011206605-a10-pw-e0/attempt_21969320/result.json
pw,2011206605,22,False,7416.441810696997,51e01224b50d3e24308f91b0a62c4d9276cbdffb9f6ee261549e21fe8cc7fead,/home/hersco/training_new_domains/2026-09-30/campaign_closure/results/counters-repaired-on-2011206605-a10-pw-e0/attempt_21969320/result.json
pw,2011206605,23,False,8262.346576335985,51e01224b50d3e24308f91b0a62c4d9276cbdffb9f6ee261549e21fe8cc7fead,/home/hersco/training_new_domains/2026-09-30/campaign_closure/results/counters-repaired-on-2011206605-a10-pw-e0/attempt_21969320/result.json
pw,2011206605,25,False,5430.694096563006,51e01224b50d3e24308f91b0a62c4d9276cbdffb9f6ee261549e21fe8cc7fead,/home/hersco/training_new_domains/2026-09-30/campaign_closure/results/counters-repaired-on-2011206605-a10-pw-e0/attempt_21969320/result.json
pw,2011206605,24,False,6573.525377312006,51e01224b50d3e24308f91b0a62c4d9276cbdffb9f6ee261549e21fe8cc7fead,/home/hersco/training_new_domains/2026-09-30/campaign_closure/results/counters-repaired-on-2011206605-a10-pw-e0/attempt_21969320/result.json
pw,2011206605,26,False,6470.209227404994,51e01224b50d3e24308f91b0a62c4d9276cbdffb9f6ee261549e21fe8cc7fead,/home/hersco/training_new_domains/2026-09-30/campaign_closure/results/counters-repaired-on-2011206605-a10-pw-e0/attempt_21969320/result.json
pw,2011206605,27,False,5007.480564321013,51e01224b50d3e24308f91b0a62c4d9276cbdffb9f6ee261549e21fe8cc7fead,/home/hersco/training_new_domains/2026-09-30/campaign_closure/results/counters-repaired-on-2011206605-a10-pw-e0/attempt_21969320/result.json
pw,2011206605,28,False,7482.005893311987,51e01224b50d3e24308f91b0a62c4d9276cbdffb9f6ee261549e21fe8cc7fead,/home/hersco/training_new_domains/2026-09-30/campaign_closure/results/counters-repaired-on-2011206605-a10-pw-e0/attempt_21969320/result.json
pw,2011206605,29,False,11599.062006076012,51e01224b50d3e24308f91b0a62c4d9276cbdffb9f6ee261549e21fe8cc7fead,/home/hersco/training_new_domains/2026-09-30/campaign_closure/results/counters-repaired-on-2011206605-a10-pw-e0/attempt_21969320/result.json
pw,2011206605,30,False,9349.399569383007,51e01224b50d3e24308f91b0a62c4d9276cbdffb9f6ee261549e21fe8cc7fead,/home/hersco/training_new_domains/2026-09-30/campaign_closure/results/counters-repaired-on-2011206605-a10-pw-e0/attempt_21969320/result.json
pw,2011206605,31,False,8781.125828602992,51e01224b50d3e24308f91b0a62c4d9276cbdffb9f6ee261549e21fe8cc7fead,/home/hersco/training_new_domains/2026-09-30/campaign_closure/results/counters-repaired-on-2011206605-a10-pw-e0/attempt_21969320/result.json
pw,2011206605,33,False,7196.649540100014,51e01224b50d3e24308f91b0a62c4d9276cbdffb9f6ee261549e21fe8cc7fead,/home/hersco/training_new_domains/2026-09-30/campaign_closure/results/counters-repaired-on-2011206605-a10-pw-e0/attempt_21969320/result.json
pw,2011206605,34,False,7304.890658944991,51e01224b50d3e24308f91b0a62c4d9276cbdffb9f6ee261549e21fe8cc7fead,/home/hersco/training_new_domains/2026-09-30/campaign_closure/results/counters-repaired-on-2011206605-a10-pw-e0/attempt_21969320/result.json
pw,2011206605,32,False,11249.247140564985,51e01224b50d3e24308f91b0a62c4d9276cbdffb9f6ee261549e21fe8cc7fead,/home/hersco/training_new_domains/2026-09-30/campaign_closure/results/counters-repaired-on-2011206605-a10-pw-e0/attempt_21969320/result.json
pw,2011206605,35,False,8837.462753013999,51e01224b50d3e24308f91b0a62c4d9276cbdffb9f6ee261549e21fe8cc7fead,/home/hersco/training_new_domains/2026-09-30/campaign_closure/results/counters-repaired-on-2011206605-a10-pw-e0/attempt_21969320/result.json
pw,2011206605,36,False,7040.666729135992,51e01224b50d3e24308f91b0a62c4d9276cbdffb9f6ee261549e21fe8cc7fead,/home/hersco/training_new_domains/2026-09-30/campaign_closure/results/counters-repaired-on-2011206605-a10-pw-e0/attempt_21969320/result.json
pw,2011206605,37,False,7462.861080586998,51e01224b50d3e24308f91b0a62c4d9276cbdffb9f6ee261549e21fe8cc7fead,/home/hersco/training_new_domains/2026-09-30/campaign_closure/results/counters-repaired-on-2011206605-a10-pw-e0/attempt_21969320/result.json
pw,2011206605,38,False,8492.112350264972,51e01224b50d3e24308f91b0a62c4d9276cbdffb9f6ee261549e21fe8cc7fead,/home/hersco/training_new_domains/2026-09-30/campaign_closure/results/counters-repaired-on-2011206605-a10-pw-e0/attempt_21969320/result.json
pw,2011206605,39,False,8580.318990800995,51e01224b50d3e24308f91b0a62c4d9276cbdffb9f6ee261549e21fe8cc7fead,/home/hersco/training_new_domains/2026-09-30/campaign_closure/results/counters-repaired-on-2011206605-a10-pw-e0/attempt_21969320/result.json
pw,2011206605,40,False,10354.882058006013,51e01224b50d3e24308f91b0a62c4d9276cbdffb9f6ee261549e21fe8cc7fead,/home/hersco/training_new_domains/2026-09-30/campaign_closure/results/counters-repaired-on-2011206605-a10-pw-e0/attempt_21969320/result.json
pw,2011206605,41,False,8925.384386137011,51e01224b50d3e24308f91b0a62c4d9276cbdffb9f6ee261549e21fe8cc7fead,/home/hersco/training_new_domains/2026-09-30/campaign_closure/results/counters-repaired-on-2011206605-a10-pw-e0/attempt_21969320/result.json
pw,2011206605,44,False,1678.5905145389843,51e01224b50d3e24308f91b0a62c4d9276cbdffb9f6ee261549e21fe8cc7fead,/home/hersco/training_new_domains/2026-09-30/campaign_closure/results/counters-repaired-on-2011206605-a10-pw-e0/attempt_21969320/result.json
pw,2011206605,42,False,10928.033985704009,51e01224b50d3e24308f91b0a62c4d9276cbdffb9f6ee261549e21fe8cc7fead,/home/hersco/training_new_domains/2026-09-30/campaign_closure/results/counters-repaired-on-2011206605-a10-pw-e0/attempt_21969320/result.json
pw,2011206605,43,False,8768.202138807043,51e01224b50d3e24308f91b0a62c4d9276cbdffb9f6ee261549e21fe8cc7fead,/home/hersco/training_new_domains/2026-09-30/campaign_closure/results/counters-repaired-on-2011206605-a10-pw-e0/attempt_21969320/result.json
pw,2011206605,47,False,11660.543996163004,51e01224b50d3e24308f91b0a62c4d9276cbdffb9f6ee261549e21fe8cc7fead,/home/hersco/training_new_domains/2026-09-30/campaign_closure/results/counters-repaired-on-2011206605-a10-pw-e0/attempt_21969320/result.json
pw,2011206605,45,False,14490.906737744983,51e01224b50d3e24308f91b0a62c4d9276cbdffb9f6ee261549e21fe8cc7fead,/home/hersco/training_new_domains/2026-09-30/campaign_closure/results/counters-repaired-on-2011206605-a10-pw-e0/attempt_21969320/result.json
pw,2011206605,49,False,15556.655443319003,51e01224b50d3e24308f91b0a62c4d9276cbdffb9f6ee261549e21fe8cc7fead,/home/hersco/training_new_domains/2026-09-30/campaign_closure/results/counters-repaired-on-2011206605-a10-pw-e0/attempt_21969320/result.json
pw,2011206605,50,False,16642.735236126,51e01224b50d3e24308f91b0a62c4d9276cbdffb9f6ee261549e21fe8cc7fead,/home/hersco/training_new_domains/2026-09-30/campaign_closure/results/counters-repaired-on-2011206605-a10-pw-e0/attempt_21969320/result.json
pw,2011206605,51,False,19988.569599066977,51e01224b50d3e24308f91b0a62c4d9276cbdffb9f6ee261549e21fe8cc7fead,/home/hersco/training_new_domains/2026-09-30/campaign_closure/results/counters-repaired-on-2011206605-a10-pw-e0/attempt_21969320/result.json
pw,2011206605,53,False,17249.186680644983,51e01224b50d3e24308f91b0a62c4d9276cbdffb9f6ee261549e21fe8cc7fead,/home/hersco/training_new_domains/2026-09-30/campaign_closure/results/counters-repaired-on-2011206605-a10-pw-e0/attempt_21969320/result.json
pw,2011206605,54,False,18145.45174113504,51e01224b50d3e24308f91b0a62c4d9276cbdffb9f6ee261549e21fe8cc7fead,/home/hersco/training_new_domains/2026-09-30/campaign_closure/results/counters-repaired-on-2011206605-a10-pw-e0/attempt_21969320/result.json
pw,2011206605,57,False,18317.746472055966,51e01224b50d3e24308f91b0a62c4d9276cbdffb9f6ee261549e21fe8cc7fead,/home/hersco/training_new_domains/2026-09-30/campaign_closure/results/counters-repaired-on-2011206605-a10-pw-e0/attempt_21969320/result.json
pw,2011206605,58,False,17016.753261505044,51e01224b50d3e24308f91b0a62c4d9276cbdffb9f6ee261549e21fe8cc7fead,/home/hersco/training_new_domains/2026-09-30/campaign_closure/results/counters-repaired-on-2011206605-a10-pw-e0/attempt_21969320/result.json
pw,2011206605,46,False,,51e01224b50d3e24308f91b0a62c4d9276cbdffb9f6ee261549e21fe8cc7fead,/home/hersco/training_new_domains/2026-09-30/campaign_closure/results/counters-repaired-on-2011206605-a10-pw-e0/attempt_21969320/result.json
pw,2011206605,48,False,,51e01224b50d3e24308f91b0a62c4d9276cbdffb9f6ee261549e21fe8cc7fead,/home/hersco/training_new_domains/2026-09-30/campaign_closure/results/counters-repaired-on-2011206605-a10-pw-e0/attempt_21969320/result.json
pw,2011206605,52,False,,51e01224b50d3e24308f91b0a62c4d9276cbdffb9f6ee261549e21fe8cc7fead,/home/hersco/training_new_domains/2026-09-30/campaign_closure/results/counters-repaired-on-2011206605-a10-pw-e0/attempt_21969320/result.json
pw,2011206605,55,False,,51e01224b50d3e24308f91b0a62c4d9276cbdffb9f6ee261549e21fe8cc7fead,/home/hersco/training_new_domains/2026-09-30/campaign_closure/results/counters-repaired-on-2011206605-a10-pw-e0/attempt_21969320/result.json
pw,2011206605,56,False,,51e01224b50d3e24308f91b0a62c4d9276cbdffb9f6ee261549e21fe8cc7fead,/home/hersco/training_new_domains/2026-09-30/campaign_closure/results/counters-repaired-on-2011206605-a10-pw-e0/attempt_21969320/result.json
pw,2011206605,59,False,,51e01224b50d3e24308f91b0a62c4d9276cbdffb9f6ee261549e21fe8cc7fead,/home/hersco/training_new_domains/2026-09-30/campaign_closure/results/counters-repaired-on-2011206605-a10-pw-e0/attempt_21969320/result.json
fixed,1972442430,1,True,10.80047979799565,68db50d378810a84bf1d25e5e3dbec7737b790dd2acfb01d45e8c0140bc3d4a3,/home/hersco/training_new_domains/2026-09-30/campaign_closure/results/counters-repaired-on-1972442430-a10-fixed-e0/attempt_21986742/result.json
fixed,1972442430,2,True,12.062507010006811,68db50d378810a84bf1d25e5e3dbec7737b790dd2acfb01d45e8c0140bc3d4a3,/home/hersco/training_new_domains/2026-09-30/campaign_closure/results/counters-repaired-on-1972442430-a10-fixed-e0/attempt_21986742/result.json
fixed,1972442430,3,True,12.320651421992807,68db50d378810a84bf1d25e5e3dbec7737b790dd2acfb01d45e8c0140bc3d4a3,/home/hersco/training_new_domains/2026-09-30/campaign_closure/results/counters-repaired-on-1972442430-a10-fixed-e0/attempt_21986742/result.json
fixed,1972442430,4,True,13.316863776999526,68db50d378810a84bf1d25e5e3dbec7737b790dd2acfb01d45e8c0140bc3d4a3,/home/hersco/training_new_domains/2026-09-30/campaign_closure/results/counters-repaired-on-1972442430-a10-fixed-e0/attempt_21986742/result.json
fixed,1972442430,5,True,13.315324152994435,68db50d378810a84bf1d25e5e3dbec7737b790dd2acfb01d45e8c0140bc3d4a3,/home/hersco/training_new_domains/2026-09-30/campaign_closure/results/counters-repaired-on-1972442430-a10-fixed-e0/attempt_21986742/result.json
fixed,1972442430,6,True,17.57464397099102,68db50d378810a84bf1d25e5e3dbec7737b790dd2acfb01d45e8c0140bc3d4a3,/home/hersco/training_new_domains/2026-09-30/campaign_closure/results/counters-repaired-on-1972442430-a10-fixed-e0/attempt_21986742/result.json
fixed,1972442430,7,True,20.572976642026333,68db50d378810a84bf1d25e5e3dbec7737b790dd2acfb01d45e8c0140bc3d4a3,/home/hersco/training_new_domains/2026-09-30/campaign_closure/results/counters-repaired-on-1972442430-a10-fixed-e0/attempt_21986742/result.json
fixed,1972442430,8,True,23.32430007698713,68db50d378810a84bf1d25e5e3dbec7737b790dd2acfb01d45e8c0140bc3d4a3,/home/hersco/training_new_domains/2026-09-30/campaign_closure/results/counters-repaired-on-1972442430-a10-fixed-e0/attempt_21986742/result.json
fixed,1972442430,9,True,26.077375201013638,68db50d378810a84bf1d25e5e3dbec7737b790dd2acfb01d45e8c0140bc3d4a3,/home/hersco/training_new_domains/2026-09-30/campaign_closure/results/counters-repaired-on-1972442430-a10-fixed-e0/attempt_21986742/result.json
fixed,1972442430,10,True,29.099245396006154,68db50d378810a84bf1d25e5e3dbec7737b790dd2acfb01d45e8c0140bc3d4a3,/home/hersco/training_new_domains/2026-09-30/campaign_closure/results/counters-repaired-on-1972442430-a10-fixed-e0/attempt_21986742/result.json
fixed,1972442430,11,True,33.606110431981506,68db50d378810a84bf1d25e5e3dbec7737b790dd2acfb01d45e8c0140bc3d4a3,/home/hersco/training_new_domains/2026-09-30/campaign_closure/results/counters-repaired-on-1972442430-a10-fixed-e0/attempt_21986742/result.json
fixed,1972442430,12,True,40.370864411001094,68db50d378810a84bf1d25e5e3dbec7737b790dd2acfb01d45e8c0140bc3d4a3,/home/hersco/training_new_domains/2026-09-30/campaign_closure/results/counters-repaired-on-1972442430-a10-fixed-e0/attempt_21986742/result.json
fixed,1972442430,13,True,48.91223875299329,68db50d378810a84bf1d25e5e3dbec7737b790dd2acfb01d45e8c0140bc3d4a3,/home/hersco/training_new_domains/2026-09-30/campaign_closure/results/counters-repaired-on-1972442430-a10-fixed-e0/attempt_21986742/result.json
fixed,1972442430,14,True,54.68283792902366,68db50d378810a84bf1d25e5e3dbec7737b790dd2acfb01d45e8c0140bc3d4a3,/home/hersco/training_new_domains/2026-09-30/campaign_closure/results/counters-repaired-on-1972442430-a10-fixed-e0/attempt_21986742/result.json
fixed,1972442430,15,True,63.19260531500913,68db50d378810a84bf1d25e5e3dbec7737b790dd2acfb01d45e8c0140bc3d4a3,/home/hersco/training_new_domains/2026-09-30/campaign_closure/results/counters-repaired-on-1972442430-a10-fixed-e0/attempt_21986742/result.json
fixed,1972442430,16,True,79.71992109299754,68db50d378810a84bf1d25e5e3dbec7737b790dd2acfb01d45e8c0140bc3d4a3,/home/hersco/training_new_domains/2026-09-30/campaign_closure/results/counters-repaired-on-1972442430-a10-fixed-e0/attempt_21986742/result.json
fixed,1972442430,17,True,95.24032862699823,68db50d378810a84bf1d25e5e3dbec7737b790dd2acfb01d45e8c0140bc3d4a3,/home/hersco/training_new_domains/2026-09-30/campaign_closure/results/counters-repaired-on-1972442430-a10-fixed-e0/attempt_21986742/result.json
fixed,1972442430,18,True,108.78142021701206,68db50d378810a84bf1d25e5e3dbec7737b790dd2acfb01d45e8c0140bc3d4a3,/home/hersco/training_new_domains/2026-09-30/campaign_closure/results/counters-repaired-on-1972442430-a10-fixed-e0/attempt_21986742/result.json
fixed,1972442430,19,True,119.806031694985,68db50d378810a84bf1d25e5e3dbec7737b790dd2acfb01d45e8c0140bc3d4a3,/home/hersco/training_new_domains/2026-09-30/campaign_closure/results/counters-repaired-on-1972442430-a10-fixed-e0/attempt_21986742/result.json
fixed,1972442430,20,True,157.38726176298223,68db50d378810a84bf1d25e5e3dbec7737b790dd2acfb01d45e8c0140bc3d4a3,/home/hersco/training_new_domains/2026-09-30/campaign_closure/results/counters-repaired-on-1972442430-a10-fixed-e0/attempt_21986742/result.json
fixed,1972442430,21,True,135.8201451789937,68db50d378810a84bf1d25e5e3dbec7737b790dd2acfb01d45e8c0140bc3d4a3,/home/hersco/training_new_domains/2026-09-30/campaign_closure/results/counters-repaired-on-1972442430-a10-fixed-e0/attempt_21986742/result.json
fixed,1972442430,22,True,138.0960778860026,68db50d378810a84bf1d25e5e3dbec7737b790dd2acfb01d45e8c0140bc3d4a3,/home/hersco/training_new_domains/2026-09-30/campaign_closure/results/counters-repaired-on-1972442430-a10-fixed-e0/attempt_21986742/result.json
fixed,1972442430,23,True,191.97678795701358,68db50d378810a84bf1d25e5e3dbec7737b790dd2acfb01d45e8c0140bc3d4a3,/home/hersco/training_new_domains/2026-09-30/campaign_closure/results/counters-repaired-on-1972442430-a10-fixed-e0/attempt_21986742/result.json
fixed,1972442430,24,True,248.57140477601206,68db50d378810a84bf1d25e5e3dbec7737b790dd2acfb01d45e8c0140bc3d4a3,/home/hersco/training_new_domains/2026-09-30/campaign_closure/results/counters-repaired-on-1972442430-a10-fixed-e0/attempt_21986742/result.json
fixed,1972442430,25,True,333.52856334199896,68db50d378810a84bf1d25e5e3dbec7737b790dd2acfb01d45e8c0140bc3d4a3,/home/hersco/training_new_domains/2026-09-30/campaign_closure/results/counters-repaired-on-1972442430-a10-fixed-e0/attempt_21986742/result.json
fixed,1972442430,26,True,301.23052664499846,68db50d378810a84bf1d25e5e3dbec7737b790dd2acfb01d45e8c0140bc3d4a3,/home/hersco/training_new_domains/2026-09-30/campaign_closure/results/counters-repaired-on-1972442430-a10-fixed-e0/attempt_21986742/result.json
fixed,1972442430,27,True,422.9912319209834,68db50d378810a84bf1d25e5e3dbec7737b790dd2acfb01d45e8c0140bc3d4a3,/home/hersco/training_new_domains/2026-09-30/campaign_closure/results/counters-repaired-on-1972442430-a10-fixed-e0/attempt_21986742/result.json
fixed,1972442430,28,True,404.6499463559885,68db50d378810a84bf1d25e5e3dbec7737b790dd2acfb01d45e8c0140bc3d4a3,/home/hersco/training_new_domains/2026-09-30/campaign_closure/results/counters-repaired-on-1972442430-a10-fixed-e0/attempt_21986742/result.json
fixed,1972442430,29,True,384.648441871017,68db50d378810a84bf1d25e5e3dbec7737b790dd2acfb01d45e8c0140bc3d4a3,/home/hersco/training_new_domains/2026-09-30/campaign_closure/results/counters-repaired-on-1972442430-a10-fixed-e0/attempt_21986742/result.json
fixed,1972442430,30,True,359.326474461006,68db50d378810a84bf1d25e5e3dbec7737b790dd2acfb01d45e8c0140bc3d4a3,/home/hersco/training_new_domains/2026-09-30/campaign_closure/results/counters-repaired-on-1972442430-a10-fixed-e0/attempt_21986742/result.json
fixed,1972442430,31,True,424.88612459402066,68db50d378810a84bf1d25e5e3dbec7737b790dd2acfb01d45e8c0140bc3d4a3,/home/hersco/training_new_domains/2026-09-30/campaign_closure/results/counters-repaired-on-1972442430-a10-fixed-e0/attempt_21986742/result.json
fixed,1972442430,32,True,522.5684320479922,68db50d378810a84bf1d25e5e3dbec7737b790dd2acfb01d45e8c0140bc3d4a3,/home/hersco/training_new_domains/2026-09-30/campaign_closure/results/counters-repaired-on-1972442430-a10-fixed-e0/attempt_21986742/result.json
fixed,1972442430,33,True,494.34595688199624,68db50d378810a84bf1d25e5e3dbec7737b790dd2acfb01d45e8c0140bc3d4a3,/home/hersco/training_new_domains/2026-09-30/campaign_closure/results/counters-repaired-on-1972442430-a10-fixed-e0/attempt_21986742/result.json
fixed,1972442430,34,True,730.2849045330076,68db50d378810a84bf1d25e5e3dbec7737b790dd2acfb01d45e8c0140bc3d4a3,/home/hersco/training_new_domains/2026-09-30/campaign_closure/results/counters-repaired-on-1972442430-a10-fixed-e0/attempt_21986742/result.json
fixed,1972442430,35,True,765.0153419830021,68db50d378810a84bf1d25e5e3dbec7737b790dd2acfb01d45e8c0140bc3d4a3,/home/hersco/training_new_domains/2026-09-30/campaign_closure/results/counters-repaired-on-1972442430-a10-fixed-e0/attempt_21986742/result.json
fixed,1972442430,36,True,867.0038174880028,68db50d378810a84bf1d25e5e3dbec7737b790dd2acfb01d45e8c0140bc3d4a3,/home/hersco/training_new_domains/2026-09-30/campaign_closure/results/counters-repaired-on-1972442430-a10-fixed-e0/attempt_21986742/result.json
fixed,1972442430,37,True,801.3296183890197,68db50d378810a84bf1d25e5e3dbec7737b790dd2acfb01d45e8c0140bc3d4a3,/home/hersco/training_new_domains/2026-09-30/campaign_closure/results/counters-repaired-on-1972442430-a10-fixed-e0/attempt_21986742/result.json
fixed,1972442430,38,True,817.0745698390238,68db50d378810a84bf1d25e5e3dbec7737b790dd2acfb01d45e8c0140bc3d4a3,/home/hersco/training_new_domains/2026-09-30/campaign_closure/results/counters-repaired-on-1972442430-a10-fixed-e0/attempt_21986742/result.json
fixed,1972442430,39,True,817.5874711149954,68db50d378810a84bf1d25e5e3dbec7737b790dd2acfb01d45e8c0140bc3d4a3,/home/hersco/training_new_domains/2026-09-30/campaign_closure/results/counters-repaired-on-1972442430-a10-fixed-e0/attempt_21986742/result.json
fixed,1972442430,40,True,973.807342406013,68db50d378810a84bf1d25e5e3dbec7737b790dd2acfb01d45e8c0140bc3d4a3,/home/hersco/training_new_domains/2026-09-30/campaign_closure/results/counters-repaired-on-1972442430-a10-fixed-e0/attempt_21986742/result.json
fixed,1972442430,41,True,1094.7102224419941,68db50d378810a84bf1d25e5e3dbec7737b790dd2acfb01d45e8c0140bc3d4a3,/home/hersco/training_new_domains/2026-09-30/campaign_closure/results/counters-repaired-on-1972442430-a10-fixed-e0/attempt_21986742/result.json
fixed,1972442430,42,True,1094.4418011170055,68db50d378810a84bf1d25e5e3dbec7737b790dd2acfb01d45e8c0140bc3d4a3,/home/hersco/training_new_domains/2026-09-30/campaign_closure/results/counters-repaired-on-1972442430-a10-fixed-e0/attempt_21986742/result.json
fixed,1972442430,43,True,1588.8664725979907,68db50d378810a84bf1d25e5e3dbec7737b790dd2acfb01d45e8c0140bc3d4a3,/home/hersco/training_new_domains/2026-09-30/campaign_closure/results/counters-repaired-on-1972442430-a10-fixed-e0/attempt_21986742/result.json
fixed,1972442430,44,True,2072.7607044239994,68db50d378810a84bf1d25e5e3dbec7737b790dd2acfb01d45e8c0140bc3d4a3,/home/hersco/training_new_domains/2026-09-30/campaign_closure/results/counters-repaired-on-1972442430-a10-fixed-e0/attempt_21986742/result.json
fixed,1972442430,45,True,1954.6187326369982,68db50d378810a84bf1d25e5e3dbec7737b790dd2acfb01d45e8c0140bc3d4a3,/home/hersco/training_new_domains/2026-09-30/campaign_closure/results/counters-repaired-on-1972442430-a10-fixed-e0/attempt_21986742/result.json
fixed,1972442430,46,True,1820.7741154799878,68db50d378810a84bf1d25e5e3dbec7737b790dd2acfb01d45e8c0140bc3d4a3,/home/hersco/training_new_domains/2026-09-30/campaign_closure/results/counters-repaired-on-1972442430-a10-fixed-e0/attempt_21986742/result.json
fixed,1972442430,47,True,1849.4358392859867,68db50d378810a84bf1d25e5e3dbec7737b790dd2acfb01d45e8c0140bc3d4a3,/home/hersco/training_new_domains/2026-09-30/campaign_closure/results/counters-repaired-on-1972442430-a10-fixed-e0/attempt_21986742/result.json
fixed,1972442430,48,True,2171.6823860850127,68db50d378810a84bf1d25e5e3dbec7737b790dd2acfb01d45e8c0140bc3d4a3,/home/hersco/training_new_domains/2026-09-30/campaign_closure/results/counters-repaired-on-1972442430-a10-fixed-e0/attempt_21986742/result.json
fixed,1972442430,49,True,2933.0663688679924,68db50d378810a84bf1d25e5e3dbec7737b790dd2acfb01d45e8c0140bc3d4a3,/home/hersco/training_new_domains/2026-09-30/campaign_closure/results/counters-repaired-on-1972442430-a10-fixed-e0/attempt_21986742/result.json
fixed,1972442430,50,True,3215.9496718249866,68db50d378810a84bf1d25e5e3dbec7737b790dd2acfb01d45e8c0140bc3d4a3,/home/hersco/training_new_domains/2026-09-30/campaign_closure/results/counters-repaired-on-1972442430-a10-fixed-e0/attempt_21986742/result.json
fixed,1972442430,51,True,5762.090242516017,68db50d378810a84bf1d25e5e3dbec7737b790dd2acfb01d45e8c0140bc3d4a3,/home/hersco/training_new_domains/2026-09-30/campaign_closure/results/counters-repaired-on-1972442430-a10-fixed-e0/attempt_21986742/result.json
fixed,1972442430,53,True,4622.7819973219885,68db50d378810a84bf1d25e5e3dbec7737b790dd2acfb01d45e8c0140bc3d4a3,/home/hersco/training_new_domains/2026-09-30/campaign_closure/results/counters-repaired-on-1972442430-a10-fixed-e0/attempt_21986742/result.json
fixed,1972442430,52,True,8677.429365991004,68db50d378810a84bf1d25e5e3dbec7737b790dd2acfb01d45e8c0140bc3d4a3,/home/hersco/training_new_domains/2026-09-30/campaign_closure/results/counters-repaired-on-1972442430-a10-fixed-e0/attempt_21986742/result.json
fixed,1972442430,54,True,4617.540359763021,68db50d378810a84bf1d25e5e3dbec7737b790dd2acfb01d45e8c0140bc3d4a3,/home/hersco/training_new_domains/2026-09-30/campaign_closure/results/counters-repaired-on-1972442430-a10-fixed-e0/attempt_21986742/result.json
fixed,1972442430,55,False,,68db50d378810a84bf1d25e5e3dbec7737b790dd2acfb01d45e8c0140bc3d4a3,/home/hersco/training_new_domains/2026-09-30/campaign_closure/results/counters-repaired-on-1972442430-a10-fixed-e0/attempt_21986742/result.json
fixed,1972442430,56,False,,68db50d378810a84bf1d25e5e3dbec7737b790dd2acfb01d45e8c0140bc3d4a3,/home/hersco/training_new_domains/2026-09-30/campaign_closure/results/counters-repaired-on-1972442430-a10-fixed-e0/attempt_21986742/result.json
fixed,1972442430,57,False,,68db50d378810a84bf1d25e5e3dbec7737b790dd2acfb01d45e8c0140bc3d4a3,/home/hersco/training_new_domains/2026-09-30/campaign_closure/results/counters-repaired-on-1972442430-a10-fixed-e0/attempt_21986742/result.json
fixed,1972442430,58,False,,68db50d378810a84bf1d25e5e3dbec7737b790dd2acfb01d45e8c0140bc3d4a3,/home/hersco/training_new_domains/2026-09-30/campaign_closure/results/counters-repaired-on-1972442430-a10-fixed-e0/attempt_21986742/result.json
fixed,1972442430,59,False,,68db50d378810a84bf1d25e5e3dbec7737b790dd2acfb01d45e8c0140bc3d4a3,/home/hersco/training_new_domains/2026-09-30/campaign_closure/results/counters-repaired-on-1972442430-a10-fixed-e0/attempt_21986742/result.json
fixed,534933607,1,True,7.527007927012164,926c73979d5dda08ec2e5d97b1fa7a5f5a0bb4a81a6d687219f6a8901aa5dff5,/home/hersco/training_new_domains/2026-09-30/campaign_closure/results/counters-repaired-on-534933607-a10-fixed-e2/attempt_21983063/result.json
fixed,534933607,2,True,8.787181467982009,926c73979d5dda08ec2e5d97b1fa7a5f5a0bb4a81a6d687219f6a8901aa5dff5,/home/hersco/training_new_domains/2026-09-30/campaign_closure/results/counters-repaired-on-534933607-a10-fixed-e2/attempt_21983063/result.json
fixed,534933607,3,True,11.047589341003913,926c73979d5dda08ec2e5d97b1fa7a5f5a0bb4a81a6d687219f6a8901aa5dff5,/home/hersco/training_new_domains/2026-09-30/campaign_closure/results/counters-repaired-on-534933607-a10-fixed-e2/attempt_21983063/result.json
fixed,534933607,4,True,9.040740483993432,926c73979d5dda08ec2e5d97b1fa7a5f5a0bb4a81a6d687219f6a8901aa5dff5,/home/hersco/training_new_domains/2026-09-30/campaign_closure/results/counters-repaired-on-534933607-a10-fixed-e2/attempt_21983063/result.json
fixed,534933607,5,True,10.041882096993504,926c73979d5dda08ec2e5d97b1fa7a5f5a0bb4a81a6d687219f6a8901aa5dff5,/home/hersco/training_new_domains/2026-09-30/campaign_closure/results/counters-repaired-on-534933607-a10-fixed-e2/attempt_21983063/result.json
fixed,534933607,6,True,12.07899937001639,926c73979d5dda08ec2e5d97b1fa7a5f5a0bb4a81a6d687219f6a8901aa5dff5,/home/hersco/training_new_domains/2026-09-30/campaign_closure/results/counters-repaired-on-534933607-a10-fixed-e2/attempt_21983063/result.json
fixed,534933607,7,True,14.083110225008568,926c73979d5dda08ec2e5d97b1fa7a5f5a0bb4a81a6d687219f6a8901aa5dff5,/home/hersco/training_new_domains/2026-09-30/campaign_closure/results/counters-repaired-on-534933607-a10-fixed-e2/attempt_21983063/result.json
fixed,534933607,8,True,16.309561119007412,926c73979d5dda08ec2e5d97b1fa7a5f5a0bb4a81a6d687219f6a8901aa5dff5,/home/hersco/training_new_domains/2026-09-30/campaign_closure/results/counters-repaired-on-534933607-a10-fixed-e2/attempt_21983063/result.json
fixed,534933607,9,True,19.815842520998558,926c73979d5dda08ec2e5d97b1fa7a5f5a0bb4a81a6d687219f6a8901aa5dff5,/home/hersco/training_new_domains/2026-09-30/campaign_closure/results/counters-repaired-on-534933607-a10-fixed-e2/attempt_21983063/result.json
fixed,534933607,10,True,23.315377391001675,926c73979d5dda08ec2e5d97b1fa7a5f5a0bb4a81a6d687219f6a8901aa5dff5,/home/hersco/training_new_domains/2026-09-30/campaign_closure/results/counters-repaired-on-534933607-a10-fixed-e2/attempt_21983063/result.json
fixed,534933607,11,True,27.338267316983547,926c73979d5dda08ec2e5d97b1fa7a5f5a0bb4a81a6d687219f6a8901aa5dff5,/home/hersco/training_new_domains/2026-09-30/campaign_closure/results/counters-repaired-on-534933607-a10-fixed-e2/attempt_21983063/result.json
fixed,534933607,12,True,31.347282834001817,926c73979d5dda08ec2e5d97b1fa7a5f5a0bb4a81a6d687219f6a8901aa5dff5,/home/hersco/training_new_domains/2026-09-30/campaign_closure/results/counters-repaired-on-534933607-a10-fixed-e2/attempt_21983063/result.json
fixed,534933607,13,True,36.59218850900652,926c73979d5dda08ec2e5d97b1fa7a5f5a0bb4a81a6d687219f6a8901aa5dff5,/home/hersco/training_new_domains/2026-09-30/campaign_closure/results/counters-repaired-on-534933607-a10-fixed-e2/attempt_21983063/result.json
fixed,534933607,14,True,39.097874203987885,926c73979d5dda08ec2e5d97b1fa7a5f5a0bb4a81a6d687219f6a8901aa5dff5,/home/hersco/training_new_domains/2026-09-30/campaign_closure/results/counters-repaired-on-534933607-a10-fixed-e2/attempt_21983063/result.json
fixed,534933607,15,True,49.1275676220248,926c73979d5dda08ec2e5d97b1fa7a5f5a0bb4a81a6d687219f6a8901aa5dff5,/home/hersco/training_new_domains/2026-09-30/campaign_closure/results/counters-repaired-on-534933607-a10-fixed-e2/attempt_21983063/result.json
fixed,534933607,16,True,50.628836033982225,926c73979d5dda08ec2e5d97b1fa7a5f5a0bb4a81a6d687219f6a8901aa5dff5,/home/hersco/training_new_domains/2026-09-30/campaign_closure/results/counters-repaired-on-534933607-a10-fixed-e2/attempt_21983063/result.json
fixed,534933607,17,True,61.62974273102009,926c73979d5dda08ec2e5d97b1fa7a5f5a0bb4a81a6d687219f6a8901aa5dff5,/home/hersco/training_new_domains/2026-09-30/campaign_closure/results/counters-repaired-on-534933607-a10-fixed-e2/attempt_21983063/result.json
fixed,534933607,18,True,69.64232101698872,926c73979d5dda08ec2e5d97b1fa7a5f5a0bb4a81a6d687219f6a8901aa5dff5,/home/hersco/training_new_domains/2026-09-30/campaign_closure/results/counters-repaired-on-534933607-a10-fixed-e2/attempt_21983063/result.json
fixed,534933607,19,True,74.90117183397524,926c73979d5dda08ec2e5d97b1fa7a5f5a0bb4a81a6d687219f6a8901aa5dff5,/home/hersco/training_new_domains/2026-09-30/campaign_closure/results/counters-repaired-on-534933607-a10-fixed-e2/attempt_21983063/result.json
fixed,534933607,21,False,12594.455952012999,926c73979d5dda08ec2e5d97b1fa7a5f5a0bb4a81a6d687219f6a8901aa5dff5,/home/hersco/training_new_domains/2026-09-30/campaign_closure/results/counters-repaired-on-534933607-a10-fixed-e2/attempt_21983063/result.json
fixed,534933607,23,False,6263.7176360489975,926c73979d5dda08ec2e5d97b1fa7a5f5a0bb4a81a6d687219f6a8901aa5dff5,/home/hersco/training_new_domains/2026-09-30/campaign_closure/results/counters-repaired-on-534933607-a10-fixed-e2/attempt_21983063/result.json
fixed,534933607,22,False,19133.428344918997,926c73979d5dda08ec2e5d97b1fa7a5f5a0bb4a81a6d687219f6a8901aa5dff5,/home/hersco/training_new_domains/2026-09-30/campaign_closure/results/counters-repaired-on-534933607-a10-fixed-e2/attempt_21983063/result.json
fixed,534933607,24,False,6241.564118937997,926c73979d5dda08ec2e5d97b1fa7a5f5a0bb4a81a6d687219f6a8901aa5dff5,/home/hersco/training_new_domains/2026-09-30/campaign_closure/results/counters-repaired-on-534933607-a10-fixed-e2/attempt_21983063/result.json
fixed,534933607,25,False,7665.59771218698,926c73979d5dda08ec2e5d97b1fa7a5f5a0bb4a81a6d687219f6a8901aa5dff5,/home/hersco/training_new_domains/2026-09-30/campaign_closure/results/counters-repaired-on-534933607-a10-fixed-e2/attempt_21983063/result.json
fixed,534933607,26,False,7095.127746756014,926c73979d5dda08ec2e5d97b1fa7a5f5a0bb4a81a6d687219f6a8901aa5dff5,/home/hersco/training_new_domains/2026-09-30/campaign_closure/results/counters-repaired-on-534933607-a10-fixed-e2/attempt_21983063/result.json
fixed,534933607,27,False,7769.343718001008,926c73979d5dda08ec2e5d97b1fa7a5f5a0bb4a81a6d687219f6a8901aa5dff5,/home/hersco/training_new_domains/2026-09-30/campaign_closure/results/counters-repaired-on-534933607-a10-fixed-e2/attempt_21983063/result.json
fixed,534933607,28,False,6433.896331341006,926c73979d5dda08ec2e5d97b1fa7a5f5a0bb4a81a6d687219f6a8901aa5dff5,/home/hersco/training_new_domains/2026-09-30/campaign_closure/results/counters-repaired-on-534933607-a10-fixed-e2/attempt_21983063/result.json
fixed,534933607,29,False,5229.867890007998,926c73979d5dda08ec2e5d97b1fa7a5f5a0bb4a81a6d687219f6a8901aa5dff5,/home/hersco/training_new_domains/2026-09-30/campaign_closure/results/counters-repaired-on-534933607-a10-fixed-e2/attempt_21983063/result.json
fixed,534933607,30,False,7250.402439753001,926c73979d5dda08ec2e5d97b1fa7a5f5a0bb4a81a6d687219f6a8901aa5dff5,/home/hersco/training_new_domains/2026-09-30/campaign_closure/results/counters-repaired-on-534933607-a10-fixed-e2/attempt_21983063/result.json
fixed,534933607,32,False,7066.1020692229795,926c73979d5dda08ec2e5d97b1fa7a5f5a0bb4a81a6d687219f6a8901aa5dff5,/home/hersco/training_new_domains/2026-09-30/campaign_closure/results/counters-repaired-on-534933607-a10-fixed-e2/attempt_21983063/result.json
fixed,534933607,31,False,8078.609129372984,926c73979d5dda08ec2e5d97b1fa7a5f5a0bb4a81a6d687219f6a8901aa5dff5,/home/hersco/training_new_domains/2026-09-30/campaign_closure/results/counters-repaired-on-534933607-a10-fixed-e2/attempt_21983063/result.json
fixed,534933607,33,False,7927.562283231993,926c73979d5dda08ec2e5d97b1fa7a5f5a0bb4a81a6d687219f6a8901aa5dff5,/home/hersco/training_new_domains/2026-09-30/campaign_closure/results/counters-repaired-on-534933607-a10-fixed-e2/attempt_21983063/result.json
fixed,534933607,34,False,9060.033448087022,926c73979d5dda08ec2e5d97b1fa7a5f5a0bb4a81a6d687219f6a8901aa5dff5,/home/hersco/training_new_domains/2026-09-30/campaign_closure/results/counters-repaired-on-534933607-a10-fixed-e2/attempt_21983063/result.json
fixed,534933607,35,False,8918.375329172995,926c73979d5dda08ec2e5d97b1fa7a5f5a0bb4a81a6d687219f6a8901aa5dff5,/home/hersco/training_new_domains/2026-09-30/campaign_closure/results/counters-repaired-on-534933607-a10-fixed-e2/attempt_21983063/result.json
fixed,534933607,36,False,8652.593203527009,926c73979d5dda08ec2e5d97b1fa7a5f5a0bb4a81a6d687219f6a8901aa5dff5,/home/hersco/training_new_domains/2026-09-30/campaign_closure/results/counters-repaired-on-534933607-a10-fixed-e2/attempt_21983063/result.json
fixed,534933607,37,False,8067.699133406975,926c73979d5dda08ec2e5d97b1fa7a5f5a0bb4a81a6d687219f6a8901aa5dff5,/home/hersco/training_new_domains/2026-09-30/campaign_closure/results/counters-repaired-on-534933607-a10-fixed-e2/attempt_21983063/result.json
fixed,534933607,38,False,8535.05795240702,926c73979d5dda08ec2e5d97b1fa7a5f5a0bb4a81a6d687219f6a8901aa5dff5,/home/hersco/training_new_domains/2026-09-30/campaign_closure/results/counters-repaired-on-534933607-a10-fixed-e2/attempt_21983063/result.json
fixed,534933607,39,False,8173.420201375993,926c73979d5dda08ec2e5d97b1fa7a5f5a0bb4a81a6d687219f6a8901aa5dff5,/home/hersco/training_new_domains/2026-09-30/campaign_closure/results/counters-repaired-on-534933607-a10-fixed-e2/attempt_21983063/result.json
fixed,534933607,40,False,7830.814359826996,926c73979d5dda08ec2e5d97b1fa7a5f5a0bb4a81a6d687219f6a8901aa5dff5,/home/hersco/training_new_domains/2026-09-30/campaign_closure/results/counters-repaired-on-534933607-a10-fixed-e2/attempt_21983063/result.json
fixed,534933607,41,False,8303.668342409015,926c73979d5dda08ec2e5d97b1fa7a5f5a0bb4a81a6d687219f6a8901aa5dff5,/home/hersco/training_new_domains/2026-09-30/campaign_closure/results/counters-repaired-on-534933607-a10-fixed-e2/attempt_21983063/result.json
fixed,534933607,42,False,9055.323828653025,926c73979d5dda08ec2e5d97b1fa7a5f5a0bb4a81a6d687219f6a8901aa5dff5,/home/hersco/training_new_domains/2026-09-30/campaign_closure/results/counters-repaired-on-534933607-a10-fixed-e2/attempt_21983063/result.json
fixed,534933607,43,False,8358.451129013003,926c73979d5dda08ec2e5d97b1fa7a5f5a0bb4a81a6d687219f6a8901aa5dff5,/home/hersco/training_new_domains/2026-09-30/campaign_closure/results/counters-repaired-on-534933607-a10-fixed-e2/attempt_21983063/result.json
fixed,534933607,44,False,9937.318162609998,926c73979d5dda08ec2e5d97b1fa7a5f5a0bb4a81a6d687219f6a8901aa5dff5,/home/hersco/training_new_domains/2026-09-30/campaign_closure/results/counters-repaired-on-534933607-a10-fixed-e2/attempt_21983063/result.json
fixed,534933607,45,False,9012.751089861005,926c73979d5dda08ec2e5d97b1fa7a5f5a0bb4a81a6d687219f6a8901aa5dff5,/home/hersco/training_new_domains/2026-09-30/campaign_closure/results/counters-repaired-on-534933607-a10-fixed-e2/attempt_21983063/result.json
fixed,534933607,46,False,9811.526113209984,926c73979d5dda08ec2e5d97b1fa7a5f5a0bb4a81a6d687219f6a8901aa5dff5,/home/hersco/training_new_domains/2026-09-30/campaign_closure/results/counters-repaired-on-534933607-a10-fixed-e2/attempt_21983063/result.json
fixed,534933607,47,False,10044.68491135398,926c73979d5dda08ec2e5d97b1fa7a5f5a0bb4a81a6d687219f6a8901aa5dff5,/home/hersco/training_new_domains/2026-09-30/campaign_closure/results/counters-repaired-on-534933607-a10-fixed-e2/attempt_21983063/result.json
fixed,534933607,48,False,8983.518091286998,926c73979d5dda08ec2e5d97b1fa7a5f5a0bb4a81a6d687219f6a8901aa5dff5,/home/hersco/training_new_domains/2026-09-30/campaign_closure/results/counters-repaired-on-534933607-a10-fixed-e2/attempt_21983063/result.json
fixed,534933607,49,False,9885.23950409796,926c73979d5dda08ec2e5d97b1fa7a5f5a0bb4a81a6d687219f6a8901aa5dff5,/home/hersco/training_new_domains/2026-09-30/campaign_closure/results/counters-repaired-on-534933607-a10-fixed-e2/attempt_21983063/result.json
fixed,534933607,50,False,10601.597434366005,926c73979d5dda08ec2e5d97b1fa7a5f5a0bb4a81a6d687219f6a8901aa5dff5,/home/hersco/training_new_domains/2026-09-30/campaign_closure/results/counters-repaired-on-534933607-a10-fixed-e2/attempt_21983063/result.json
fixed,534933607,51,False,9147.497998503037,926c73979d5dda08ec2e5d97b1fa7a5f5a0bb4a81a6d687219f6a8901aa5dff5,/home/hersco/training_new_domains/2026-09-30/campaign_closure/results/counters-repaired-on-534933607-a10-fixed-e2/attempt_21983063/result.json
fixed,534933607,52,False,9710.041613843001,926c73979d5dda08ec2e5d97b1fa7a5f5a0bb4a81a6d687219f6a8901aa5dff5,/home/hersco/training_new_domains/2026-09-30/campaign_closure/results/counters-repaired-on-534933607-a10-fixed-e2/attempt_21983063/result.json
fixed,534933607,53,False,10444.534784887976,926c73979d5dda08ec2e5d97b1fa7a5f5a0bb4a81a6d687219f6a8901aa5dff5,/home/hersco/training_new_domains/2026-09-30/campaign_closure/results/counters-repaired-on-534933607-a10-fixed-e2/attempt_21983063/result.json
fixed,534933607,54,False,10557.379932457989,926c73979d5dda08ec2e5d97b1fa7a5f5a0bb4a81a6d687219f6a8901aa5dff5,/home/hersco/training_new_domains/2026-09-30/campaign_closure/results/counters-repaired-on-534933607-a10-fixed-e2/attempt_21983063/result.json
fixed,534933607,55,False,8980.580338673026,926c73979d5dda08ec2e5d97b1fa7a5f5a0bb4a81a6d687219f6a8901aa5dff5,/home/hersco/training_new_domains/2026-09-30/campaign_closure/results/counters-repaired-on-534933607-a10-fixed-e2/attempt_21983063/result.json
fixed,534933607,56,False,10648.459844902973,926c73979d5dda08ec2e5d97b1fa7a5f5a0bb4a81a6d687219f6a8901aa5dff5,/home/hersco/training_new_domains/2026-09-30/campaign_closure/results/counters-repaired-on-534933607-a10-fixed-e2/attempt_21983063/result.json
fixed,534933607,57,False,10520.540276732994,926c73979d5dda08ec2e5d97b1fa7a5f5a0bb4a81a6d687219f6a8901aa5dff5,/home/hersco/training_new_domains/2026-09-30/campaign_closure/results/counters-repaired-on-534933607-a10-fixed-e2/attempt_21983063/result.json
fixed,534933607,58,False,10833.739770175016,926c73979d5dda08ec2e5d97b1fa7a5f5a0bb4a81a6d687219f6a8901aa5dff5,/home/hersco/training_new_domains/2026-09-30/campaign_closure/results/counters-repaired-on-534933607-a10-fixed-e2/attempt_21983063/result.json
fixed,534933607,59,False,8055.684147933032,926c73979d5dda08ec2e5d97b1fa7a5f5a0bb4a81a6d687219f6a8901aa5dff5,/home/hersco/training_new_domains/2026-09-30/campaign_closure/results/counters-repaired-on-534933607-a10-fixed-e2/attempt_21983063/result.json
fixed,534933607,20,False,,926c73979d5dda08ec2e5d97b1fa7a5f5a0bb4a81a6d687219f6a8901aa5dff5,/home/hersco/training_new_domains/2026-09-30/campaign_closure/results/counters-repaired-on-534933607-a10-fixed-e2/attempt_21983063/result.json
fixed,1510771779,1,True,7.526325067010475,9ece5e4fa66b40e5c57623eb175a64d9dfec05fa2a1d88ad8552385bb07aa3e2,/home/hersco/training_new_domains/2026-09-30/campaign_closure/results/counters-repaired-on-1510771779-a10-fixed-e0/attempt_21977773/result.json
fixed,1510771779,2,True,7.782912591006607,9ece5e4fa66b40e5c57623eb175a64d9dfec05fa2a1d88ad8552385bb07aa3e2,/home/hersco/training_new_domains/2026-09-30/campaign_closure/results/counters-repaired-on-1510771779-a10-fixed-e0/attempt_21977773/result.json
fixed,1510771779,3,True,8.540431639994495,9ece5e4fa66b40e5c57623eb175a64d9dfec05fa2a1d88ad8552385bb07aa3e2,/home/hersco/training_new_domains/2026-09-30/campaign_closure/results/counters-repaired-on-1510771779-a10-fixed-e0/attempt_21977773/result.json
fixed,1510771779,4,True,9.562000847014133,9ece5e4fa66b40e5c57623eb175a64d9dfec05fa2a1d88ad8552385bb07aa3e2,/home/hersco/training_new_domains/2026-09-30/campaign_closure/results/counters-repaired-on-1510771779-a10-fixed-e0/attempt_21977773/result.json
fixed,1510771779,5,True,10.813620733999414,9ece5e4fa66b40e5c57623eb175a64d9dfec05fa2a1d88ad8552385bb07aa3e2,/home/hersco/training_new_domains/2026-09-30/campaign_closure/results/counters-repaired-on-1510771779-a10-fixed-e0/attempt_21977773/result.json
fixed,1510771779,6,True,12.29448335498455,9ece5e4fa66b40e5c57623eb175a64d9dfec05fa2a1d88ad8552385bb07aa3e2,/home/hersco/training_new_domains/2026-09-30/campaign_closure/results/counters-repaired-on-1510771779-a10-fixed-e0/attempt_21977773/result.json
fixed,1510771779,7,True,15.811724016995868,9ece5e4fa66b40e5c57623eb175a64d9dfec05fa2a1d88ad8552385bb07aa3e2,/home/hersco/training_new_domains/2026-09-30/campaign_closure/results/counters-repaired-on-1510771779-a10-fixed-e0/attempt_21977773/result.json
fixed,1510771779,8,True,17.068679799005622,9ece5e4fa66b40e5c57623eb175a64d9dfec05fa2a1d88ad8552385bb07aa3e2,/home/hersco/training_new_domains/2026-09-30/campaign_closure/results/counters-repaired-on-1510771779-a10-fixed-e0/attempt_21977773/result.json
fixed,1510771779,9,True,17.561930157011375,9ece5e4fa66b40e5c57623eb175a64d9dfec05fa2a1d88ad8552385bb07aa3e2,/home/hersco/training_new_domains/2026-09-30/campaign_closure/results/counters-repaired-on-1510771779-a10-fixed-e0/attempt_21977773/result.json
fixed,1510771779,10,True,22.326778679009294,9ece5e4fa66b40e5c57623eb175a64d9dfec05fa2a1d88ad8552385bb07aa3e2,/home/hersco/training_new_domains/2026-09-30/campaign_closure/results/counters-repaired-on-1510771779-a10-fixed-e0/attempt_21977773/result.json
fixed,1510771779,11,True,25.328146125975763,9ece5e4fa66b40e5c57623eb175a64d9dfec05fa2a1d88ad8552385bb07aa3e2,/home/hersco/training_new_domains/2026-09-30/campaign_closure/results/counters-repaired-on-1510771779-a10-fixed-e0/attempt_21977773/result.json
fixed,1510771779,12,True,35.59545084001729,9ece5e4fa66b40e5c57623eb175a64d9dfec05fa2a1d88ad8552385bb07aa3e2,/home/hersco/training_new_domains/2026-09-30/campaign_closure/results/counters-repaired-on-1510771779-a10-fixed-e0/attempt_21977773/result.json
fixed,1510771779,13,True,35.33421807200648,9ece5e4fa66b40e5c57623eb175a64d9dfec05fa2a1d88ad8552385bb07aa3e2,/home/hersco/training_new_domains/2026-09-30/campaign_closure/results/counters-repaired-on-1510771779-a10-fixed-e0/attempt_21977773/result.json
fixed,1510771779,14,True,43.598220073996345,9ece5e4fa66b40e5c57623eb175a64d9dfec05fa2a1d88ad8552385bb07aa3e2,/home/hersco/training_new_domains/2026-09-30/campaign_closure/results/counters-repaired-on-1510771779-a10-fixed-e0/attempt_21977773/result.json
fixed,1510771779,15,True,49.36029679101193,9ece5e4fa66b40e5c57623eb175a64d9dfec05fa2a1d88ad8552385bb07aa3e2,/home/hersco/training_new_domains/2026-09-30/campaign_closure/results/counters-repaired-on-1510771779-a10-fixed-e0/attempt_21977773/result.json
fixed,1510771779,16,True,56.12241311901016,9ece5e4fa66b40e5c57623eb175a64d9dfec05fa2a1d88ad8552385bb07aa3e2,/home/hersco/training_new_domains/2026-09-30/campaign_closure/results/counters-repaired-on-1510771779-a10-fixed-e0/attempt_21977773/result.json
fixed,1510771779,17,True,69.64149174297927,9ece5e4fa66b40e5c57623eb175a64d9dfec05fa2a1d88ad8552385bb07aa3e2,/home/hersco/training_new_domains/2026-09-30/campaign_closure/results/counters-repaired-on-1510771779-a10-fixed-e0/attempt_21977773/result.json
fixed,1510771779,18,True,69.14351335298852,9ece5e4fa66b40e5c57623eb175a64d9dfec05fa2a1d88ad8552385bb07aa3e2,/home/hersco/training_new_domains/2026-09-30/campaign_closure/results/counters-repaired-on-1510771779-a10-fixed-e0/attempt_21977773/result.json
fixed,1510771779,19,True,95.43666234400007,9ece5e4fa66b40e5c57623eb175a64d9dfec05fa2a1d88ad8552385bb07aa3e2,/home/hersco/training_new_domains/2026-09-30/campaign_closure/results/counters-repaired-on-1510771779-a10-fixed-e0/attempt_21977773/result.json
fixed,1510771779,20,True,110.46402449300513,9ece5e4fa66b40e5c57623eb175a64d9dfec05fa2a1d88ad8552385bb07aa3e2,/home/hersco/training_new_domains/2026-09-30/campaign_closure/results/counters-repaired-on-1510771779-a10-fixed-e0/attempt_21977773/result.json
fixed,1510771779,21,True,117.51398909799173,9ece5e4fa66b40e5c57623eb175a64d9dfec05fa2a1d88ad8552385bb07aa3e2,/home/hersco/training_new_domains/2026-09-30/campaign_closure/results/counters-repaired-on-1510771779-a10-fixed-e0/attempt_21977773/result.json
fixed,1510771779,22,True,107.76179357600631,9ece5e4fa66b40e5c57623eb175a64d9dfec05fa2a1d88ad8552385bb07aa3e2,/home/hersco/training_new_domains/2026-09-30/campaign_closure/results/counters-repaired-on-1510771779-a10-fixed-e0/attempt_21977773/result.json
fixed,1510771779,23,True,161.81652371399105,9ece5e4fa66b40e5c57623eb175a64d9dfec05fa2a1d88ad8552385bb07aa3e2,/home/hersco/training_new_domains/2026-09-30/campaign_closure/results/counters-repaired-on-1510771779-a10-fixed-e0/attempt_21977773/result.json
fixed,1510771779,24,True,178.82929604902165,9ece5e4fa66b40e5c57623eb175a64d9dfec05fa2a1d88ad8552385bb07aa3e2,/home/hersco/training_new_domains/2026-09-30/campaign_closure/results/counters-repaired-on-1510771779-a10-fixed-e0/attempt_21977773/result.json
fixed,1510771779,25,True,184.08665114099858,9ece5e4fa66b40e5c57623eb175a64d9dfec05fa2a1d88ad8552385bb07aa3e2,/home/hersco/training_new_domains/2026-09-30/campaign_closure/results/counters-repaired-on-1510771779-a10-fixed-e0/attempt_21977773/result.json
fixed,1510771779,26,True,192.85857026500162,9ece5e4fa66b40e5c57623eb175a64d9dfec05fa2a1d88ad8552385bb07aa3e2,/home/hersco/training_new_domains/2026-09-30/campaign_closure/results/counters-repaired-on-1510771779-a10-fixed-e0/attempt_21977773/result.json
fixed,1510771779,27,True,218.93943274900084,9ece5e4fa66b40e5c57623eb175a64d9dfec05fa2a1d88ad8552385bb07aa3e2,/home/hersco/training_new_domains/2026-09-30/campaign_closure/results/counters-repaired-on-1510771779-a10-fixed-e0/attempt_21977773/result.json
fixed,1510771779,28,True,266.5254178389732,9ece5e4fa66b40e5c57623eb175a64d9dfec05fa2a1d88ad8552385bb07aa3e2,/home/hersco/training_new_domains/2026-09-30/campaign_closure/results/counters-repaired-on-1510771779-a10-fixed-e0/attempt_21977773/result.json
fixed,1510771779,29,True,301.5575258450117,9ece5e4fa66b40e5c57623eb175a64d9dfec05fa2a1d88ad8552385bb07aa3e2,/home/hersco/training_new_domains/2026-09-30/campaign_closure/results/counters-repaired-on-1510771779-a10-fixed-e0/attempt_21977773/result.json
fixed,1510771779,30,True,378.1957002340059,9ece5e4fa66b40e5c57623eb175a64d9dfec05fa2a1d88ad8552385bb07aa3e2,/home/hersco/training_new_domains/2026-09-30/campaign_closure/results/counters-repaired-on-1510771779-a10-fixed-e0/attempt_21977773/result.json
fixed,1510771779,31,True,331.36244289498427,9ece5e4fa66b40e5c57623eb175a64d9dfec05fa2a1d88ad8552385bb07aa3e2,/home/hersco/training_new_domains/2026-09-30/campaign_closure/results/counters-repaired-on-1510771779-a10-fixed-e0/attempt_21977773/result.json
fixed,1510771779,32,True,362.1839868169918,9ece5e4fa66b40e5c57623eb175a64d9dfec05fa2a1d88ad8552385bb07aa3e2,/home/hersco/training_new_domains/2026-09-30/campaign_closure/results/counters-repaired-on-1510771779-a10-fixed-e0/attempt_21977773/result.json
fixed,1510771779,33,True,421.03709365898976,9ece5e4fa66b40e5c57623eb175a64d9dfec05fa2a1d88ad8552385bb07aa3e2,/home/hersco/training_new_domains/2026-09-30/campaign_closure/results/counters-repaired-on-1510771779-a10-fixed-e0/attempt_21977773/result.json
fixed,1510771779,34,True,467.1198811669892,9ece5e4fa66b40e5c57623eb175a64d9dfec05fa2a1d88ad8552385bb07aa3e2,/home/hersco/training_new_domains/2026-09-30/campaign_closure/results/counters-repaired-on-1510771779-a10-fixed-e0/attempt_21977773/result.json
fixed,1510771779,35,True,465.34754596700077,9ece5e4fa66b40e5c57623eb175a64d9dfec05fa2a1d88ad8552385bb07aa3e2,/home/hersco/training_new_domains/2026-09-30/campaign_closure/results/counters-repaired-on-1510771779-a10-fixed-e0/attempt_21977773/result.json
fixed,1510771779,36,True,567.0266790349851,9ece5e4fa66b40e5c57623eb175a64d9dfec05fa2a1d88ad8552385bb07aa3e2,/home/hersco/training_new_domains/2026-09-30/campaign_closure/results/counters-repaired-on-1510771779-a10-fixed-e0/attempt_21977773/result.json
fixed,1510771779,37,True,566.5317901480012,9ece5e4fa66b40e5c57623eb175a64d9dfec05fa2a1d88ad8552385bb07aa3e2,/home/hersco/training_new_domains/2026-09-30/campaign_closure/results/counters-repaired-on-1510771779-a10-fixed-e0/attempt_21977773/result.json
fixed,1510771779,38,True,620.8832259899937,9ece5e4fa66b40e5c57623eb175a64d9dfec05fa2a1d88ad8552385bb07aa3e2,/home/hersco/training_new_domains/2026-09-30/campaign_closure/results/counters-repaired-on-1510771779-a10-fixed-e0/attempt_21977773/result.json
fixed,1510771779,39,True,777.1561714670097,9ece5e4fa66b40e5c57623eb175a64d9dfec05fa2a1d88ad8552385bb07aa3e2,/home/hersco/training_new_domains/2026-09-30/campaign_closure/results/counters-repaired-on-1510771779-a10-fixed-e0/attempt_21977773/result.json
fixed,1510771779,40,True,758.6118268100254,9ece5e4fa66b40e5c57623eb175a64d9dfec05fa2a1d88ad8552385bb07aa3e2,/home/hersco/training_new_domains/2026-09-30/campaign_closure/results/counters-repaired-on-1510771779-a10-fixed-e0/attempt_21977773/result.json
fixed,1510771779,41,True,760.6609422320034,9ece5e4fa66b40e5c57623eb175a64d9dfec05fa2a1d88ad8552385bb07aa3e2,/home/hersco/training_new_domains/2026-09-30/campaign_closure/results/counters-repaired-on-1510771779-a10-fixed-e0/attempt_21977773/result.json
fixed,1510771779,42,True,867.1052775309945,9ece5e4fa66b40e5c57623eb175a64d9dfec05fa2a1d88ad8552385bb07aa3e2,/home/hersco/training_new_domains/2026-09-30/campaign_closure/results/counters-repaired-on-1510771779-a10-fixed-e0/attempt_21977773/result.json
fixed,1510771779,43,True,877.1597942950029,9ece5e4fa66b40e5c57623eb175a64d9dfec05fa2a1d88ad8552385bb07aa3e2,/home/hersco/training_new_domains/2026-09-30/campaign_closure/results/counters-repaired-on-1510771779-a10-fixed-e0/attempt_21977773/result.json
fixed,1510771779,44,True,917.6983377889846,9ece5e4fa66b40e5c57623eb175a64d9dfec05fa2a1d88ad8552385bb07aa3e2,/home/hersco/training_new_domains/2026-09-30/campaign_closure/results/counters-repaired-on-1510771779-a10-fixed-e0/attempt_21977773/result.json
fixed,1510771779,45,True,1054.6899531490053,9ece5e4fa66b40e5c57623eb175a64d9dfec05fa2a1d88ad8552385bb07aa3e2,/home/hersco/training_new_domains/2026-09-30/campaign_closure/results/counters-repaired-on-1510771779-a10-fixed-e0/attempt_21977773/result.json
fixed,1510771779,46,True,1185.4153563249856,9ece5e4fa66b40e5c57623eb175a64d9dfec05fa2a1d88ad8552385bb07aa3e2,/home/hersco/training_new_domains/2026-09-30/campaign_closure/results/counters-repaired-on-1510771779-a10-fixed-e0/attempt_21977773/result.json
fixed,1510771779,47,True,1281.6007242299966,9ece5e4fa66b40e5c57623eb175a64d9dfec05fa2a1d88ad8552385bb07aa3e2,/home/hersco/training_new_domains/2026-09-30/campaign_closure/results/counters-repaired-on-1510771779-a10-fixed-e0/attempt_21977773/result.json
fixed,1510771779,48,True,1306.3593938879785,9ece5e4fa66b40e5c57623eb175a64d9dfec05fa2a1d88ad8552385bb07aa3e2,/home/hersco/training_new_domains/2026-09-30/campaign_closure/results/counters-repaired-on-1510771779-a10-fixed-e0/attempt_21977773/result.json
fixed,1510771779,49,True,1299.067244122998,9ece5e4fa66b40e5c57623eb175a64d9dfec05fa2a1d88ad8552385bb07aa3e2,/home/hersco/training_new_domains/2026-09-30/campaign_closure/results/counters-repaired-on-1510771779-a10-fixed-e0/attempt_21977773/result.json
fixed,1510771779,50,True,1510.4408970919903,9ece5e4fa66b40e5c57623eb175a64d9dfec05fa2a1d88ad8552385bb07aa3e2,/home/hersco/training_new_domains/2026-09-30/campaign_closure/results/counters-repaired-on-1510771779-a10-fixed-e0/attempt_21977773/result.json
fixed,1510771779,51,True,1599.607793526986,9ece5e4fa66b40e5c57623eb175a64d9dfec05fa2a1d88ad8552385bb07aa3e2,/home/hersco/training_new_domains/2026-09-30/campaign_closure/results/counters-repaired-on-1510771779-a10-fixed-e0/attempt_21977773/result.json
fixed,1510771779,52,True,1666.448828734021,9ece5e4fa66b40e5c57623eb175a64d9dfec05fa2a1d88ad8552385bb07aa3e2,/home/hersco/training_new_domains/2026-09-30/campaign_closure/results/counters-repaired-on-1510771779-a10-fixed-e0/attempt_21977773/result.json
fixed,1510771779,53,True,1643.1584305510041,9ece5e4fa66b40e5c57623eb175a64d9dfec05fa2a1d88ad8552385bb07aa3e2,/home/hersco/training_new_domains/2026-09-30/campaign_closure/results/counters-repaired-on-1510771779-a10-fixed-e0/attempt_21977773/result.json
fixed,1510771779,54,True,1861.4991827929916,9ece5e4fa66b40e5c57623eb175a64d9dfec05fa2a1d88ad8552385bb07aa3e2,/home/hersco/training_new_domains/2026-09-30/campaign_closure/results/counters-repaired-on-1510771779-a10-fixed-e0/attempt_21977773/result.json
fixed,1510771779,55,True,1945.3897151289857,9ece5e4fa66b40e5c57623eb175a64d9dfec05fa2a1d88ad8552385bb07aa3e2,/home/hersco/training_new_domains/2026-09-30/campaign_closure/results/counters-repaired-on-1510771779-a10-fixed-e0/attempt_21977773/result.json
fixed,1510771779,56,True,1877.2635230699962,9ece5e4fa66b40e5c57623eb175a64d9dfec05fa2a1d88ad8552385bb07aa3e2,/home/hersco/training_new_domains/2026-09-30/campaign_closure/results/counters-repaired-on-1510771779-a10-fixed-e0/attempt_21977773/result.json
fixed,1510771779,57,True,3029.1325129359902,9ece5e4fa66b40e5c57623eb175a64d9dfec05fa2a1d88ad8552385bb07aa3e2,/home/hersco/training_new_domains/2026-09-30/campaign_closure/results/counters-repaired-on-1510771779-a10-fixed-e0/attempt_21977773/result.json
fixed,1510771779,58,True,2992.0216991269845,9ece5e4fa66b40e5c57623eb175a64d9dfec05fa2a1d88ad8552385bb07aa3e2,/home/hersco/training_new_domains/2026-09-30/campaign_closure/results/counters-repaired-on-1510771779-a10-fixed-e0/attempt_21977773/result.json
fixed,1510771779,59,True,4754.532935780007,9ece5e4fa66b40e5c57623eb175a64d9dfec05fa2a1d88ad8552385bb07aa3e2,/home/hersco/training_new_domains/2026-09-30/campaign_closure/results/counters-repaired-on-1510771779-a10-fixed-e0/attempt_21977773/result.json
pw,1239739722,1,True,6.274581866979133,2e4b9ace8115695c3ec6b79149142a6016d40f2d5e7e7cde9a18177a1e906f15,/home/hersco/training_new_domains/2026-09-30/campaign_closure/results/counters-repaired-on-1239739722-a10-pw-e0/attempt_21976494/completion.jsonl
pw,1239739722,2,True,6.784209567995276,2e4b9ace8115695c3ec6b79149142a6016d40f2d5e7e7cde9a18177a1e906f15,/home/hersco/training_new_domains/2026-09-30/campaign_closure/results/counters-repaired-on-1239739722-a10-pw-e0/attempt_21976494/completion.jsonl
pw,1239739722,3,True,8.319718314014608,2e4b9ace8115695c3ec6b79149142a6016d40f2d5e7e7cde9a18177a1e906f15,/home/hersco/training_new_domains/2026-09-30/campaign_closure/results/counters-repaired-on-1239739722-a10-pw-e0/attempt_21976494/completion.jsonl
pw,1239739722,4,True,8.565989684982924,2e4b9ace8115695c3ec6b79149142a6016d40f2d5e7e7cde9a18177a1e906f15,/home/hersco/training_new_domains/2026-09-30/campaign_closure/results/counters-repaired-on-1239739722-a10-pw-e0/attempt_21976494/completion.jsonl
pw,1239739722,5,True,10.297499375999905,2e4b9ace8115695c3ec6b79149142a6016d40f2d5e7e7cde9a18177a1e906f15,/home/hersco/training_new_domains/2026-09-30/campaign_closure/results/counters-repaired-on-1239739722-a10-pw-e0/attempt_21976494/completion.jsonl
pw,1239739722,6,True,11.302016783010913,2e4b9ace8115695c3ec6b79149142a6016d40f2d5e7e7cde9a18177a1e906f15,/home/hersco/training_new_domains/2026-09-30/campaign_closure/results/counters-repaired-on-1239739722-a10-pw-e0/attempt_21976494/completion.jsonl
pw,1239739722,7,True,13.549836227000924,2e4b9ace8115695c3ec6b79149142a6016d40f2d5e7e7cde9a18177a1e906f15,/home/hersco/training_new_domains/2026-09-30/campaign_closure/results/counters-repaired-on-1239739722-a10-pw-e0/attempt_21976494/completion.jsonl
pw,1239739722,8,True,13.795680073992116,2e4b9ace8115695c3ec6b79149142a6016d40f2d5e7e7cde9a18177a1e906f15,/home/hersco/training_new_domains/2026-09-30/campaign_closure/results/counters-repaired-on-1239739722-a10-pw-e0/attempt_21976494/completion.jsonl
pw,1239739722,9,True,15.553122517972952,2e4b9ace8115695c3ec6b79149142a6016d40f2d5e7e7cde9a18177a1e906f15,/home/hersco/training_new_domains/2026-09-30/campaign_closure/results/counters-repaired-on-1239739722-a10-pw-e0/attempt_21976494/completion.jsonl
pw,1239739722,10,True,18.095076308003627,2e4b9ace8115695c3ec6b79149142a6016d40f2d5e7e7cde9a18177a1e906f15,/home/hersco/training_new_domains/2026-09-30/campaign_closure/results/counters-repaired-on-1239739722-a10-pw-e0/attempt_21976494/completion.jsonl
pw,1239739722,11,True,19.10019554302562,2e4b9ace8115695c3ec6b79149142a6016d40f2d5e7e7cde9a18177a1e906f15,/home/hersco/training_new_domains/2026-09-30/campaign_closure/results/counters-repaired-on-1239739722-a10-pw-e0/attempt_21976494/completion.jsonl
pw,1239739722,12,True,23.070369727007346,2e4b9ace8115695c3ec6b79149142a6016d40f2d5e7e7cde9a18177a1e906f15,/home/hersco/training_new_domains/2026-09-30/campaign_closure/results/counters-repaired-on-1239739722-a10-pw-e0/attempt_21976494/completion.jsonl
pw,1239739722,13,True,24.818218955013435,2e4b9ace8115695c3ec6b79149142a6016d40f2d5e7e7cde9a18177a1e906f15,/home/hersco/training_new_domains/2026-09-30/campaign_closure/results/counters-repaired-on-1239739722-a10-pw-e0/attempt_21976494/completion.jsonl
pw,1239739722,14,True,26.070519915985642,2e4b9ace8115695c3ec6b79149142a6016d40f2d5e7e7cde9a18177a1e906f15,/home/hersco/training_new_domains/2026-09-30/campaign_closure/results/counters-repaired-on-1239739722-a10-pw-e0/attempt_21976494/completion.jsonl
pw,1239739722,15,True,27.066027950000716,2e4b9ace8115695c3ec6b79149142a6016d40f2d5e7e7cde9a18177a1e906f15,/home/hersco/training_new_domains/2026-09-30/campaign_closure/results/counters-repaired-on-1239739722-a10-pw-e0/attempt_21976494/completion.jsonl
pw,1239739722,16,True,30.831340999982785,2e4b9ace8115695c3ec6b79149142a6016d40f2d5e7e7cde9a18177a1e906f15,/home/hersco/training_new_domains/2026-09-30/campaign_closure/results/counters-repaired-on-1239739722-a10-pw-e0/attempt_21976494/completion.jsonl
pw,1239739722,17,True,33.83723887099768,2e4b9ace8115695c3ec6b79149142a6016d40f2d5e7e7cde9a18177a1e906f15,/home/hersco/training_new_domains/2026-09-30/campaign_closure/results/counters-repaired-on-1239739722-a10-pw-e0/attempt_21976494/completion.jsonl
pw,1239739722,18,True,35.6015278470004,2e4b9ace8115695c3ec6b79149142a6016d40f2d5e7e7cde9a18177a1e906f15,/home/hersco/training_new_domains/2026-09-30/campaign_closure/results/counters-repaired-on-1239739722-a10-pw-e0/attempt_21976494/completion.jsonl
pw,1239739722,19,False,9353.192891398969,2e4b9ace8115695c3ec6b79149142a6016d40f2d5e7e7cde9a18177a1e906f15,/home/hersco/training_new_domains/2026-09-30/campaign_closure/results/counters-repaired-on-1239739722-a10-pw-e0/attempt_21976494/completion.jsonl
pw,1239739722,21,False,10603.91653569098,2e4b9ace8115695c3ec6b79149142a6016d40f2d5e7e7cde9a18177a1e906f15,/home/hersco/training_new_domains/2026-09-30/campaign_closure/results/counters-repaired-on-1239739722-a10-pw-e0/attempt_21976494/completion.jsonl
pw,1239739722,20,False,11303.344508733979,2e4b9ace8115695c3ec6b79149142a6016d40f2d5e7e7cde9a18177a1e906f15,/home/hersco/training_new_domains/2026-09-30/campaign_closure/results/counters-repaired-on-1239739722-a10-pw-e0/attempt_21976494/completion.jsonl
pw,1239739722,22,False,10898.151451663987,2e4b9ace8115695c3ec6b79149142a6016d40f2d5e7e7cde9a18177a1e906f15,/home/hersco/training_new_domains/2026-09-30/campaign_closure/results/counters-repaired-on-1239739722-a10-pw-e0/attempt_21976494/completion.jsonl
pw,1239739722,23,False,13620.067313806969,2e4b9ace8115695c3ec6b79149142a6016d40f2d5e7e7cde9a18177a1e906f15,/home/hersco/training_new_domains/2026-09-30/campaign_closure/results/counters-repaired-on-1239739722-a10-pw-e0/attempt_21976494/completion.jsonl
pw,1239739722,24,False,13615.475346293999,2e4b9ace8115695c3ec6b79149142a6016d40f2d5e7e7cde9a18177a1e906f15,/home/hersco/training_new_domains/2026-09-30/campaign_closure/results/counters-repaired-on-1239739722-a10-pw-e0/attempt_21976494/completion.jsonl
pw,1239739722,27,False,1158.1346094610053,2e4b9ace8115695c3ec6b79149142a6016d40f2d5e7e7cde9a18177a1e906f15,/home/hersco/training_new_domains/2026-09-30/campaign_closure/results/counters-repaired-on-1239739722-a10-pw-e0/attempt_21976494/completion.jsonl
pw,1239739722,25,False,9035.787104473042,2e4b9ace8115695c3ec6b79149142a6016d40f2d5e7e7cde9a18177a1e906f15,/home/hersco/training_new_domains/2026-09-30/campaign_closure/results/counters-repaired-on-1239739722-a10-pw-e0/attempt_21976494/completion.jsonl
pw,1239739722,26,False,14462.492691471009,2e4b9ace8115695c3ec6b79149142a6016d40f2d5e7e7cde9a18177a1e906f15,/home/hersco/training_new_domains/2026-09-30/campaign_closure/results/counters-repaired-on-1239739722-a10-pw-e0/attempt_21976494/completion.jsonl
pw,1239739722,28,False,14104.072626905981,2e4b9ace8115695c3ec6b79149142a6016d40f2d5e7e7cde9a18177a1e906f15,/home/hersco/training_new_domains/2026-09-30/campaign_closure/results/counters-repaired-on-1239739722-a10-pw-e0/attempt_21976494/completion.jsonl
pw,1239739722,31,False,2328.25693745201,2e4b9ace8115695c3ec6b79149142a6016d40f2d5e7e7cde9a18177a1e906f15,/home/hersco/training_new_domains/2026-09-30/campaign_closure/results/counters-repaired-on-1239739722-a10-pw-e0/attempt_21976494/completion.jsonl
pw,1239739722,29,False,16146.762107372982,2e4b9ace8115695c3ec6b79149142a6016d40f2d5e7e7cde9a18177a1e906f15,/home/hersco/training_new_domains/2026-09-30/campaign_closure/results/counters-repaired-on-1239739722-a10-pw-e0/attempt_21976494/completion.jsonl
pw,1239739722,30,False,21565.773993267037,2e4b9ace8115695c3ec6b79149142a6016d40f2d5e7e7cde9a18177a1e906f15,/home/hersco/training_new_domains/2026-09-30/campaign_closure/results/counters-repaired-on-1239739722-a10-pw-e0/attempt_21976494/completion.jsonl
pw,1239739722,34,False,9299.067211012996,2e4b9ace8115695c3ec6b79149142a6016d40f2d5e7e7cde9a18177a1e906f15,/home/hersco/training_new_domains/2026-09-30/campaign_closure/results/counters-repaired-on-1239739722-a10-pw-e0/attempt_21976494/completion.jsonl
pw,1239739722,41,False,6019.88958972902,2e4b9ace8115695c3ec6b79149142a6016d40f2d5e7e7cde9a18177a1e906f15,/home/hersco/training_new_domains/2026-09-30/campaign_closure/results/counters-repaired-on-1239739722-a10-pw-e0/attempt_21976494/completion.jsonl
pw,534933607,1,True,8.030278777005151,926c73979d5dda08ec2e5d97b1fa7a5f5a0bb4a81a6d687219f6a8901aa5dff5,/home/hersco/training_new_domains/2026-09-30/campaign_closure/results/counters-repaired-on-534933607-a10-pw-e2/attempt_21984039/completion.jsonl
pw,534933607,2,True,10.79040147998603,926c73979d5dda08ec2e5d97b1fa7a5f5a0bb4a81a6d687219f6a8901aa5dff5,/home/hersco/training_new_domains/2026-09-30/campaign_closure/results/counters-repaired-on-534933607-a10-pw-e2/attempt_21984039/completion.jsonl
pw,534933607,3,True,12.295032967987936,926c73979d5dda08ec2e5d97b1fa7a5f5a0bb4a81a6d687219f6a8901aa5dff5,/home/hersco/training_new_domains/2026-09-30/campaign_closure/results/counters-repaired-on-534933607-a10-pw-e2/attempt_21984039/completion.jsonl
pw,534933607,4,True,12.291192097007297,926c73979d5dda08ec2e5d97b1fa7a5f5a0bb4a81a6d687219f6a8901aa5dff5,/home/hersco/training_new_domains/2026-09-30/campaign_closure/results/counters-repaired-on-534933607-a10-pw-e2/attempt_21984039/completion.jsonl
pw,534933607,5,True,13.293612668989226,926c73979d5dda08ec2e5d97b1fa7a5f5a0bb4a81a6d687219f6a8901aa5dff5,/home/hersco/training_new_domains/2026-09-30/campaign_closure/results/counters-repaired-on-534933607-a10-pw-e2/attempt_21984039/completion.jsonl
pw,534933607,6,True,14.295109478000086,926c73979d5dda08ec2e5d97b1fa7a5f5a0bb4a81a6d687219f6a8901aa5dff5,/home/hersco/training_new_domains/2026-09-30/campaign_closure/results/counters-repaired-on-534933607-a10-pw-e2/attempt_21984039/completion.jsonl
pw,534933607,7,True,16.803948043001583,926c73979d5dda08ec2e5d97b1fa7a5f5a0bb4a81a6d687219f6a8901aa5dff5,/home/hersco/training_new_domains/2026-09-30/campaign_closure/results/counters-repaired-on-534933607-a10-pw-e2/attempt_21984039/completion.jsonl
pw,534933607,8,True,19.8103497439879,926c73979d5dda08ec2e5d97b1fa7a5f5a0bb4a81a6d687219f6a8901aa5dff5,/home/hersco/training_new_domains/2026-09-30/campaign_closure/results/counters-repaired-on-534933607-a10-pw-e2/attempt_21984039/completion.jsonl
pw,534933607,9,True,22.317436225013807,926c73979d5dda08ec2e5d97b1fa7a5f5a0bb4a81a6d687219f6a8901aa5dff5,/home/hersco/training_new_domains/2026-09-30/campaign_closure/results/counters-repaired-on-534933607-a10-pw-e2/attempt_21984039/completion.jsonl
pw,534933607,10,True,24.82046813701163,926c73979d5dda08ec2e5d97b1fa7a5f5a0bb4a81a6d687219f6a8901aa5dff5,/home/hersco/training_new_domains/2026-09-30/campaign_closure/results/counters-repaired-on-534933607-a10-pw-e2/attempt_21984039/completion.jsonl
pw,534933607,11,True,27.335139946982963,926c73979d5dda08ec2e5d97b1fa7a5f5a0bb4a81a6d687219f6a8901aa5dff5,/home/hersco/training_new_domains/2026-09-30/campaign_closure/results/counters-repaired-on-534933607-a10-pw-e2/attempt_21984039/completion.jsonl
pw,534933607,12,True,29.341174911998678,926c73979d5dda08ec2e5d97b1fa7a5f5a0bb4a81a6d687219f6a8901aa5dff5,/home/hersco/training_new_domains/2026-09-30/campaign_closure/results/counters-repaired-on-534933607-a10-pw-e2/attempt_21984039/completion.jsonl
pw,534933607,13,True,33.85097291399143,926c73979d5dda08ec2e5d97b1fa7a5f5a0bb4a81a6d687219f6a8901aa5dff5,/home/hersco/training_new_domains/2026-09-30/campaign_closure/results/counters-repaired-on-534933607-a10-pw-e2/attempt_21984039/completion.jsonl
pw,534933607,14,True,37.84984598099254,926c73979d5dda08ec2e5d97b1fa7a5f5a0bb4a81a6d687219f6a8901aa5dff5,/home/hersco/training_new_domains/2026-09-30/campaign_closure/results/counters-repaired-on-534933607-a10-pw-e2/attempt_21984039/completion.jsonl
pw,534933607,15,True,41.10681657399982,926c73979d5dda08ec2e5d97b1fa7a5f5a0bb4a81a6d687219f6a8901aa5dff5,/home/hersco/training_new_domains/2026-09-30/campaign_closure/results/counters-repaired-on-534933607-a10-pw-e2/attempt_21984039/completion.jsonl
pw,534933607,16,True,42.109617123991484,926c73979d5dda08ec2e5d97b1fa7a5f5a0bb4a81a6d687219f6a8901aa5dff5,/home/hersco/training_new_domains/2026-09-30/campaign_closure/results/counters-repaired-on-534933607-a10-pw-e2/attempt_21984039/completion.jsonl
pw,534933607,17,True,44.10858155900496,926c73979d5dda08ec2e5d97b1fa7a5f5a0bb4a81a6d687219f6a8901aa5dff5,/home/hersco/training_new_domains/2026-09-30/campaign_closure/results/counters-repaired-on-534933607-a10-pw-e2/attempt_21984039/completion.jsonl
pw,534933607,18,True,2796.860121987993,926c73979d5dda08ec2e5d97b1fa7a5f5a0bb4a81a6d687219f6a8901aa5dff5,/home/hersco/training_new_domains/2026-09-30/campaign_closure/results/counters-repaired-on-534933607-a10-pw-e2/attempt_21984039/completion.jsonl
pw,534933607,20,False,6980.784220441012,926c73979d5dda08ec2e5d97b1fa7a5f5a0bb4a81a6d687219f6a8901aa5dff5,/home/hersco/training_new_domains/2026-09-30/campaign_closure/results/counters-repaired-on-534933607-a10-pw-e2/attempt_21984039/completion.jsonl
pw,534933607,19,False,7400.011137319991,926c73979d5dda08ec2e5d97b1fa7a5f5a0bb4a81a6d687219f6a8901aa5dff5,/home/hersco/training_new_domains/2026-09-30/campaign_closure/results/counters-repaired-on-534933607-a10-pw-e2/attempt_21984039/completion.jsonl
pw,534933607,21,False,8128.251981873997,926c73979d5dda08ec2e5d97b1fa7a5f5a0bb4a81a6d687219f6a8901aa5dff5,/home/hersco/training_new_domains/2026-09-30/campaign_closure/results/counters-repaired-on-534933607-a10-pw-e2/attempt_21984039/completion.jsonl
pw,534933607,22,False,7218.1286215370055,926c73979d5dda08ec2e5d97b1fa7a5f5a0bb4a81a6d687219f6a8901aa5dff5,/home/hersco/training_new_domains/2026-09-30/campaign_closure/results/counters-repaired-on-534933607-a10-pw-e2/attempt_21984039/completion.jsonl
pw,534933607,23,False,7790.607022134005,926c73979d5dda08ec2e5d97b1fa7a5f5a0bb4a81a6d687219f6a8901aa5dff5,/home/hersco/training_new_domains/2026-09-30/campaign_closure/results/counters-repaired-on-534933607-a10-pw-e2/attempt_21984039/completion.jsonl
pw,534933607,24,False,8855.18482222801,926c73979d5dda08ec2e5d97b1fa7a5f5a0bb4a81a6d687219f6a8901aa5dff5,/home/hersco/training_new_domains/2026-09-30/campaign_closure/results/counters-repaired-on-534933607-a10-pw-e2/attempt_21984039/completion.jsonl
pw,534933607,25,False,6262.185388876998,926c73979d5dda08ec2e5d97b1fa7a5f5a0bb4a81a6d687219f6a8901aa5dff5,/home/hersco/training_new_domains/2026-09-30/campaign_closure/results/counters-repaired-on-534933607-a10-pw-e2/attempt_21984039/completion.jsonl
pw,534933607,26,False,8520.754065542016,926c73979d5dda08ec2e5d97b1fa7a5f5a0bb4a81a6d687219f6a8901aa5dff5,/home/hersco/training_new_domains/2026-09-30/campaign_closure/results/counters-repaired-on-534933607-a10-pw-e2/attempt_21984039/completion.jsonl
pw,534933607,27,False,8814.748250335018,926c73979d5dda08ec2e5d97b1fa7a5f5a0bb4a81a6d687219f6a8901aa5dff5,/home/hersco/training_new_domains/2026-09-30/campaign_closure/results/counters-repaired-on-534933607-a10-pw-e2/attempt_21984039/completion.jsonl
pw,534933607,28,False,9597.637863411015,926c73979d5dda08ec2e5d97b1fa7a5f5a0bb4a81a6d687219f6a8901aa5dff5,/home/hersco/training_new_domains/2026-09-30/campaign_closure/results/counters-repaired-on-534933607-a10-pw-e2/attempt_21984039/completion.jsonl
pw,534933607,29,False,8369.67023815299,926c73979d5dda08ec2e5d97b1fa7a5f5a0bb4a81a6d687219f6a8901aa5dff5,/home/hersco/training_new_domains/2026-09-30/campaign_closure/results/counters-repaired-on-534933607-a10-pw-e2/attempt_21984039/completion.jsonl
pw,534933607,30,False,9949.463118685002,926c73979d5dda08ec2e5d97b1fa7a5f5a0bb4a81a6d687219f6a8901aa5dff5,/home/hersco/training_new_domains/2026-09-30/campaign_closure/results/counters-repaired-on-534933607-a10-pw-e2/attempt_21984039/completion.jsonl
pw,534933607,31,False,9943.777404491993,926c73979d5dda08ec2e5d97b1fa7a5f5a0bb4a81a6d687219f6a8901aa5dff5,/home/hersco/training_new_domains/2026-09-30/campaign_closure/results/counters-repaired-on-534933607-a10-pw-e2/attempt_21984039/completion.jsonl
pw,534933607,32,False,10003.73274879501,926c73979d5dda08ec2e5d97b1fa7a5f5a0bb4a81a6d687219f6a8901aa5dff5,/home/hersco/training_new_domains/2026-09-30/campaign_closure/results/counters-repaired-on-534933607-a10-pw-e2/attempt_21984039/completion.jsonl
pw,534933607,33,False,10024.364972502022,926c73979d5dda08ec2e5d97b1fa7a5f5a0bb4a81a6d687219f6a8901aa5dff5,/home/hersco/training_new_domains/2026-09-30/campaign_closure/results/counters-repaired-on-534933607-a10-pw-e2/attempt_21984039/completion.jsonl
pw,534933607,34,False,10710.104366373009,926c73979d5dda08ec2e5d97b1fa7a5f5a0bb4a81a6d687219f6a8901aa5dff5,/home/hersco/training_new_domains/2026-09-30/campaign_closure/results/counters-repaired-on-534933607-a10-pw-e2/attempt_21984039/completion.jsonl
pw,534933607,35,False,11023.191436561989,926c73979d5dda08ec2e5d97b1fa7a5f5a0bb4a81a6d687219f6a8901aa5dff5,/home/hersco/training_new_domains/2026-09-30/campaign_closure/results/counters-repaired-on-534933607-a10-pw-e2/attempt_21984039/completion.jsonl
pw,534933607,36,False,10225.123360663012,926c73979d5dda08ec2e5d97b1fa7a5f5a0bb4a81a6d687219f6a8901aa5dff5,/home/hersco/training_new_domains/2026-09-30/campaign_closure/results/counters-repaired-on-534933607-a10-pw-e2/attempt_21984039/completion.jsonl
pw,534933607,37,False,11565.86225971501,926c73979d5dda08ec2e5d97b1fa7a5f5a0bb4a81a6d687219f6a8901aa5dff5,/home/hersco/training_new_domains/2026-09-30/campaign_closure/results/counters-repaired-on-534933607-a10-pw-e2/attempt_21984039/completion.jsonl
pw,534933607,38,False,11783.756263602001,926c73979d5dda08ec2e5d97b1fa7a5f5a0bb4a81a6d687219f6a8901aa5dff5,/home/hersco/training_new_domains/2026-09-30/campaign_closure/results/counters-repaired-on-534933607-a10-pw-e2/attempt_21984039/completion.jsonl
pw,534933607,39,False,11246.259451060992,926c73979d5dda08ec2e5d97b1fa7a5f5a0bb4a81a6d687219f6a8901aa5dff5,/home/hersco/training_new_domains/2026-09-30/campaign_closure/results/counters-repaired-on-534933607-a10-pw-e2/attempt_21984039/completion.jsonl
pw,534933607,40,False,13072.485152538982,926c73979d5dda08ec2e5d97b1fa7a5f5a0bb4a81a6d687219f6a8901aa5dff5,/home/hersco/training_new_domains/2026-09-30/campaign_closure/results/counters-repaired-on-534933607-a10-pw-e2/attempt_21984039/completion.jsonl
pw,534933607,41,False,11785.878808699985,926c73979d5dda08ec2e5d97b1fa7a5f5a0bb4a81a6d687219f6a8901aa5dff5,/home/hersco/training_new_domains/2026-09-30/campaign_closure/results/counters-repaired-on-534933607-a10-pw-e2/attempt_21984039/completion.jsonl
pw,534933607,42,False,11811.958561582986,926c73979d5dda08ec2e5d97b1fa7a5f5a0bb4a81a6d687219f6a8901aa5dff5,/home/hersco/training_new_domains/2026-09-30/campaign_closure/results/counters-repaired-on-534933607-a10-pw-e2/attempt_21984039/completion.jsonl
pw,534933607,44,False,10850.939603384002,926c73979d5dda08ec2e5d97b1fa7a5f5a0bb4a81a6d687219f6a8901aa5dff5,/home/hersco/training_new_domains/2026-09-30/campaign_closure/results/counters-repaired-on-534933607-a10-pw-e2/attempt_21984039/completion.jsonl
pw,534933607,45,False,11647.46289725101,926c73979d5dda08ec2e5d97b1fa7a5f5a0bb4a81a6d687219f6a8901aa5dff5,/home/hersco/training_new_domains/2026-09-30/campaign_closure/results/counters-repaired-on-534933607-a10-pw-e2/attempt_21984039/completion.jsonl
pw,534933607,43,False,19365.600791242963,926c73979d5dda08ec2e5d97b1fa7a5f5a0bb4a81a6d687219f6a8901aa5dff5,/home/hersco/training_new_domains/2026-09-30/campaign_closure/results/counters-repaired-on-534933607-a10-pw-e2/attempt_21984039/completion.jsonl
pw,534933607,46,False,12976.169597558968,926c73979d5dda08ec2e5d97b1fa7a5f5a0bb4a81a6d687219f6a8901aa5dff5,/home/hersco/training_new_domains/2026-09-30/campaign_closure/results/counters-repaired-on-534933607-a10-pw-e2/attempt_21984039/completion.jsonl
pw,534933607,48,False,13753.338760897983,926c73979d5dda08ec2e5d97b1fa7a5f5a0bb4a81a6d687219f6a8901aa5dff5,/home/hersco/training_new_domains/2026-09-30/campaign_closure/results/counters-repaired-on-534933607-a10-pw-e2/attempt_21984039/completion.jsonl
pw,534933607,47,False,16490.69262016099,926c73979d5dda08ec2e5d97b1fa7a5f5a0bb4a81a6d687219f6a8901aa5dff5,/home/hersco/training_new_domains/2026-09-30/campaign_closure/results/counters-repaired-on-534933607-a10-pw-e2/attempt_21984039/completion.jsonl
pw,534933607,49,False,14114.584676289,926c73979d5dda08ec2e5d97b1fa7a5f5a0bb4a81a6d687219f6a8901aa5dff5,/home/hersco/training_new_domains/2026-09-30/campaign_closure/results/counters-repaired-on-534933607-a10-pw-e2/attempt_21984039/completion.jsonl
pw,534933607,50,False,12880.517948449007,926c73979d5dda08ec2e5d97b1fa7a5f5a0bb4a81a6d687219f6a8901aa5dff5,/home/hersco/training_new_domains/2026-09-30/campaign_closure/results/counters-repaired-on-534933607-a10-pw-e2/attempt_21984039/completion.jsonl
pw,534933607,51,False,14528.484386156953,926c73979d5dda08ec2e5d97b1fa7a5f5a0bb4a81a6d687219f6a8901aa5dff5,/home/hersco/training_new_domains/2026-09-30/campaign_closure/results/counters-repaired-on-534933607-a10-pw-e2/attempt_21984039/completion.jsonl
pw,534933607,52,False,13504.980894255044,926c73979d5dda08ec2e5d97b1fa7a5f5a0bb4a81a6d687219f6a8901aa5dff5,/home/hersco/training_new_domains/2026-09-30/campaign_closure/results/counters-repaired-on-534933607-a10-pw-e2/attempt_21984039/completion.jsonl
fixed,1472491096,1,True,7.785088865988655,62ed74076ad36fd2672599fbe9534e7594fec2c161b414fcb6e1bb0450587232,/home/hersco/training_new_domains/2026-09-30/campaign_closure/results/counters-repaired-on-1472491096-a10-fixed-e81/attempt_21977750/completion.jsonl
fixed,1472491096,3,True,9.28582665801514,62ed74076ad36fd2672599fbe9534e7594fec2c161b414fcb6e1bb0450587232,/home/hersco/training_new_domains/2026-09-30/campaign_closure/results/counters-repaired-on-1472491096-a10-fixed-e81/attempt_21977750/completion.jsonl
fixed,1472491096,2,True,9.80660816602176,62ed74076ad36fd2672599fbe9534e7594fec2c161b414fcb6e1bb0450587232,/home/hersco/training_new_domains/2026-09-30/campaign_closure/results/counters-repaired-on-1472491096-a10-fixed-e81/attempt_21977750/completion.jsonl
fixed,1472491096,4,True,9.039652127976296,62ed74076ad36fd2672599fbe9534e7594fec2c161b414fcb6e1bb0450587232,/home/hersco/training_new_domains/2026-09-30/campaign_closure/results/counters-repaired-on-1472491096-a10-fixed-e81/attempt_21977750/completion.jsonl
fixed,1472491096,5,True,12.296701800980372,62ed74076ad36fd2672599fbe9534e7594fec2c161b414fcb6e1bb0450587232,/home/hersco/training_new_domains/2026-09-30/campaign_closure/results/counters-repaired-on-1472491096-a10-fixed-e81/attempt_21977750/completion.jsonl
fixed,1472491096,6,True,14.576082004990894,62ed74076ad36fd2672599fbe9534e7594fec2c161b414fcb6e1bb0450587232,/home/hersco/training_new_domains/2026-09-30/campaign_closure/results/counters-repaired-on-1472491096-a10-fixed-e81/attempt_21977750/completion.jsonl
fixed,1472491096,7,True,16.090498382982332,62ed74076ad36fd2672599fbe9534e7594fec2c161b414fcb6e1bb0450587232,/home/hersco/training_new_domains/2026-09-30/campaign_closure/results/counters-repaired-on-1472491096-a10-fixed-e81/attempt_21977750/completion.jsonl
fixed,1472491096,8,True,18.568823328998405,62ed74076ad36fd2672599fbe9534e7594fec2c161b414fcb6e1bb0450587232,/home/hersco/training_new_domains/2026-09-30/campaign_closure/results/counters-repaired-on-1472491096-a10-fixed-e81/attempt_21977750/completion.jsonl
fixed,1472491096,9,True,22.075032771012047,62ed74076ad36fd2672599fbe9534e7594fec2c161b414fcb6e1bb0450587232,/home/hersco/training_new_domains/2026-09-30/campaign_closure/results/counters-repaired-on-1472491096-a10-fixed-e81/attempt_21977750/completion.jsonl
fixed,1472491096,10,True,29.590858015988488,62ed74076ad36fd2672599fbe9534e7594fec2c161b414fcb6e1bb0450587232,/home/hersco/training_new_domains/2026-09-30/campaign_closure/results/counters-repaired-on-1472491096-a10-fixed-e81/attempt_21977750/completion.jsonl
fixed,1472491096,11,True,32.60364398898673,62ed74076ad36fd2672599fbe9534e7594fec2c161b414fcb6e1bb0450587232,/home/hersco/training_new_domains/2026-09-30/campaign_closure/results/counters-repaired-on-1472491096-a10-fixed-e81/attempt_21977750/completion.jsonl
fixed,1472491096,12,True,53.13623377800104,62ed74076ad36fd2672599fbe9534e7594fec2c161b414fcb6e1bb0450587232,/home/hersco/training_new_domains/2026-09-30/campaign_closure/results/counters-repaired-on-1472491096-a10-fixed-e81/attempt_21977750/completion.jsonl
fixed,1472491096,13,True,55.126739362982335,62ed74076ad36fd2672599fbe9534e7594fec2c161b414fcb6e1bb0450587232,/home/hersco/training_new_domains/2026-09-30/campaign_closure/results/counters-repaired-on-1472491096-a10-fixed-e81/attempt_21977750/completion.jsonl
fixed,1472491096,14,True,50.36071550400811,62ed74076ad36fd2672599fbe9534e7594fec2c161b414fcb6e1bb0450587232,/home/hersco/training_new_domains/2026-09-30/campaign_closure/results/counters-repaired-on-1472491096-a10-fixed-e81/attempt_21977750/completion.jsonl
fixed,1472491096,15,True,73.40241444797721,62ed74076ad36fd2672599fbe9534e7594fec2c161b414fcb6e1bb0450587232,/home/hersco/training_new_domains/2026-09-30/campaign_closure/results/counters-repaired-on-1472491096-a10-fixed-e81/attempt_21977750/completion.jsonl
fixed,1472491096,16,True,65.13956002498162,62ed74076ad36fd2672599fbe9534e7594fec2c161b414fcb6e1bb0450587232,/home/hersco/training_new_domains/2026-09-30/campaign_closure/results/counters-repaired-on-1472491096-a10-fixed-e81/attempt_21977750/completion.jsonl
fixed,1472491096,17,True,138.51669685501838,62ed74076ad36fd2672599fbe9534e7594fec2c161b414fcb6e1bb0450587232,/home/hersco/training_new_domains/2026-09-30/campaign_closure/results/counters-repaired-on-1472491096-a10-fixed-e81/attempt_21977750/completion.jsonl
fixed,1472491096,19,True,112.95438016799744,62ed74076ad36fd2672599fbe9534e7594fec2c161b414fcb6e1bb0450587232,/home/hersco/training_new_domains/2026-09-30/campaign_closure/results/counters-repaired-on-1472491096-a10-fixed-e81/attempt_21977750/completion.jsonl
fixed,1472491096,18,True,123.0383892969985,62ed74076ad36fd2672599fbe9534e7594fec2c161b414fcb6e1bb0450587232,/home/hersco/training_new_domains/2026-09-30/campaign_closure/results/counters-repaired-on-1472491096-a10-fixed-e81/attempt_21977750/completion.jsonl
fixed,1472491096,20,True,183.40322669799207,62ed74076ad36fd2672599fbe9534e7594fec2c161b414fcb6e1bb0450587232,/home/hersco/training_new_domains/2026-09-30/campaign_closure/results/counters-repaired-on-1472491096-a10-fixed-e81/attempt_21977750/completion.jsonl
fixed,1472491096,22,True,276.4935001429985,62ed74076ad36fd2672599fbe9534e7594fec2c161b414fcb6e1bb0450587232,/home/hersco/training_new_domains/2026-09-30/campaign_closure/results/counters-repaired-on-1472491096-a10-fixed-e81/attempt_21977750/completion.jsonl
fixed,1472491096,21,True,321.62489696001285,62ed74076ad36fd2672599fbe9534e7594fec2c161b414fcb6e1bb0450587232,/home/hersco/training_new_domains/2026-09-30/campaign_closure/results/counters-repaired-on-1472491096-a10-fixed-e81/attempt_21977750/completion.jsonl
fixed,1472491096,23,True,182.6162222730054,62ed74076ad36fd2672599fbe9534e7594fec2c161b414fcb6e1bb0450587232,/home/hersco/training_new_domains/2026-09-30/campaign_closure/results/counters-repaired-on-1472491096-a10-fixed-e81/attempt_21977750/completion.jsonl
fixed,1472491096,24,True,227.44815019800444,62ed74076ad36fd2672599fbe9534e7594fec2c161b414fcb6e1bb0450587232,/home/hersco/training_new_domains/2026-09-30/campaign_closure/results/counters-repaired-on-1472491096-a10-fixed-e81/attempt_21977750/completion.jsonl
fixed,1472491096,25,True,213.22088582799188,62ed74076ad36fd2672599fbe9534e7594fec2c161b414fcb6e1bb0450587232,/home/hersco/training_new_domains/2026-09-30/campaign_closure/results/counters-repaired-on-1472491096-a10-fixed-e81/attempt_21977750/completion.jsonl
fixed,1472491096,26,True,425.3901659009862,62ed74076ad36fd2672599fbe9534e7594fec2c161b414fcb6e1bb0450587232,/home/hersco/training_new_domains/2026-09-30/campaign_closure/results/counters-repaired-on-1472491096-a10-fixed-e81/attempt_21977750/completion.jsonl
fixed,1472491096,27,True,291.6559496319969,62ed74076ad36fd2672599fbe9534e7594fec2c161b414fcb6e1bb0450587232,/home/hersco/training_new_domains/2026-09-30/campaign_closure/results/counters-repaired-on-1472491096-a10-fixed-e81/attempt_21977750/completion.jsonl
fixed,1472491096,28,True,606.142802449991,62ed74076ad36fd2672599fbe9534e7594fec2c161b414fcb6e1bb0450587232,/home/hersco/training_new_domains/2026-09-30/campaign_closure/results/counters-repaired-on-1472491096-a10-fixed-e81/attempt_21977750/completion.jsonl
pw,923500475,1,True,8.794564674026333,dd89fba4c1c368ac4051caa0b60296cfee1a0f92e8adc48bde9023bc1bcdf049,/home/hersco/training_new_domains/2026-09-30/campaign_closure/results/counters-repaired-on-923500475-a10-pw-e0/attempt_21947251/completion.jsonl
pw,923500475,2,True,10.55606017401442,dd89fba4c1c368ac4051caa0b60296cfee1a0f92e8adc48bde9023bc1bcdf049,/home/hersco/training_new_domains/2026-09-30/campaign_closure/results/counters-repaired-on-923500475-a10-pw-e0/attempt_21947251/completion.jsonl
pw,923500475,3,True,12.060493544006022,dd89fba4c1c368ac4051caa0b60296cfee1a0f92e8adc48bde9023bc1bcdf049,/home/hersco/training_new_domains/2026-09-30/campaign_closure/results/counters-repaired-on-923500475-a10-pw-e0/attempt_21947251/completion.jsonl
pw,923500475,5,True,11.073936391010648,dd89fba4c1c368ac4051caa0b60296cfee1a0f92e8adc48bde9023bc1bcdf049,/home/hersco/training_new_domains/2026-09-30/campaign_closure/results/counters-repaired-on-923500475-a10-pw-e0/attempt_21947251/completion.jsonl
pw,923500475,4,True,13.352265265013557,dd89fba4c1c368ac4051caa0b60296cfee1a0f92e8adc48bde9023bc1bcdf049,/home/hersco/training_new_domains/2026-09-30/campaign_closure/results/counters-repaired-on-923500475-a10-pw-e0/attempt_21947251/completion.jsonl
pw,923500475,6,True,12.557169890002115,dd89fba4c1c368ac4051caa0b60296cfee1a0f92e8adc48bde9023bc1bcdf049,/home/hersco/training_new_domains/2026-09-30/campaign_closure/results/counters-repaired-on-923500475-a10-pw-e0/attempt_21947251/completion.jsonl
pw,923500475,7,True,14.058166745002382,dd89fba4c1c368ac4051caa0b60296cfee1a0f92e8adc48bde9023bc1bcdf049,/home/hersco/training_new_domains/2026-09-30/campaign_closure/results/counters-repaired-on-923500475-a10-pw-e0/attempt_21947251/completion.jsonl
pw,923500475,8,True,15.565296676009893,dd89fba4c1c368ac4051caa0b60296cfee1a0f92e8adc48bde9023bc1bcdf049,/home/hersco/training_new_domains/2026-09-30/campaign_closure/results/counters-repaired-on-923500475-a10-pw-e0/attempt_21947251/completion.jsonl
pw,923500475,9,True,19.82882399301161,dd89fba4c1c368ac4051caa0b60296cfee1a0f92e8adc48bde9023bc1bcdf049,/home/hersco/training_new_domains/2026-09-30/campaign_closure/results/counters-repaired-on-923500475-a10-pw-e0/attempt_21947251/completion.jsonl
pw,923500475,10,True,20.57166667000274,dd89fba4c1c368ac4051caa0b60296cfee1a0f92e8adc48bde9023bc1bcdf049,/home/hersco/training_new_domains/2026-09-30/campaign_closure/results/counters-repaired-on-923500475-a10-pw-e0/attempt_21947251/completion.jsonl
pw,923500475,11,True,22.320061880978756,dd89fba4c1c368ac4051caa0b60296cfee1a0f92e8adc48bde9023bc1bcdf049,/home/hersco/training_new_domains/2026-09-30/campaign_closure/results/counters-repaired-on-923500475-a10-pw-e0/attempt_21947251/completion.jsonl
pw,923500475,12,True,24.584329826000612,dd89fba4c1c368ac4051caa0b60296cfee1a0f92e8adc48bde9023bc1bcdf049,/home/hersco/training_new_domains/2026-09-30/campaign_closure/results/counters-repaired-on-923500475-a10-pw-e0/attempt_21947251/completion.jsonl
pw,923500475,13,True,26.586863339995034,dd89fba4c1c368ac4051caa0b60296cfee1a0f92e8adc48bde9023bc1bcdf049,/home/hersco/training_new_domains/2026-09-30/campaign_closure/results/counters-repaired-on-923500475-a10-pw-e0/attempt_21947251/completion.jsonl
pw,923500475,14,True,27.103228647989454,dd89fba4c1c368ac4051caa0b60296cfee1a0f92e8adc48bde9023bc1bcdf049,/home/hersco/training_new_domains/2026-09-30/campaign_closure/results/counters-repaired-on-923500475-a10-pw-e0/attempt_21947251/completion.jsonl
pw,923500475,15,True,32.191155034000985,dd89fba4c1c368ac4051caa0b60296cfee1a0f92e8adc48bde9023bc1bcdf049,/home/hersco/training_new_domains/2026-09-30/campaign_closure/results/counters-repaired-on-923500475-a10-pw-e0/attempt_21947251/completion.jsonl
pw,923500475,16,True,36.23241878199042,dd89fba4c1c368ac4051caa0b60296cfee1a0f92e8adc48bde9023bc1bcdf049,/home/hersco/training_new_domains/2026-09-30/campaign_closure/results/counters-repaired-on-923500475-a10-pw-e0/attempt_21947251/completion.jsonl
pw,923500475,17,True,39.413665090018185,dd89fba4c1c368ac4051caa0b60296cfee1a0f92e8adc48bde9023bc1bcdf049,/home/hersco/training_new_domains/2026-09-30/campaign_closure/results/counters-repaired-on-923500475-a10-pw-e0/attempt_21947251/completion.jsonl
pw,923500475,18,True,42.35786174199893,dd89fba4c1c368ac4051caa0b60296cfee1a0f92e8adc48bde9023bc1bcdf049,/home/hersco/training_new_domains/2026-09-30/campaign_closure/results/counters-repaired-on-923500475-a10-pw-e0/attempt_21947251/completion.jsonl
pw,923500475,19,True,44.35683572801645,dd89fba4c1c368ac4051caa0b60296cfee1a0f92e8adc48bde9023bc1bcdf049,/home/hersco/training_new_domains/2026-09-30/campaign_closure/results/counters-repaired-on-923500475-a10-pw-e0/attempt_21947251/completion.jsonl
pw,923500475,20,True,50.36569608800346,dd89fba4c1c368ac4051caa0b60296cfee1a0f92e8adc48bde9023bc1bcdf049,/home/hersco/training_new_domains/2026-09-30/campaign_closure/results/counters-repaired-on-923500475-a10-pw-e0/attempt_21947251/completion.jsonl
pw,923500475,21,True,56.87897493800847,dd89fba4c1c368ac4051caa0b60296cfee1a0f92e8adc48bde9023bc1bcdf049,/home/hersco/training_new_domains/2026-09-30/campaign_closure/results/counters-repaired-on-923500475-a10-pw-e0/attempt_21947251/completion.jsonl
pw,923500475,22,True,59.38208326802123,dd89fba4c1c368ac4051caa0b60296cfee1a0f92e8adc48bde9023bc1bcdf049,/home/hersco/training_new_domains/2026-09-30/campaign_closure/results/counters-repaired-on-923500475-a10-pw-e0/attempt_21947251/completion.jsonl
pw,923500475,23,True,65.45032849599374,dd89fba4c1c368ac4051caa0b60296cfee1a0f92e8adc48bde9023bc1bcdf049,/home/hersco/training_new_domains/2026-09-30/campaign_closure/results/counters-repaired-on-923500475-a10-pw-e0/attempt_21947251/completion.jsonl
pw,923500475,24,True,70.94974013598403,dd89fba4c1c368ac4051caa0b60296cfee1a0f92e8adc48bde9023bc1bcdf049,/home/hersco/training_new_domains/2026-09-30/campaign_closure/results/counters-repaired-on-923500475-a10-pw-e0/attempt_21947251/completion.jsonl
pw,923500475,25,True,78.42195583198918,dd89fba4c1c368ac4051caa0b60296cfee1a0f92e8adc48bde9023bc1bcdf049,/home/hersco/training_new_domains/2026-09-30/campaign_closure/results/counters-repaired-on-923500475-a10-pw-e0/attempt_21947251/completion.jsonl
pw,923500475,26,True,85.68888217999483,dd89fba4c1c368ac4051caa0b60296cfee1a0f92e8adc48bde9023bc1bcdf049,/home/hersco/training_new_domains/2026-09-30/campaign_closure/results/counters-repaired-on-923500475-a10-pw-e0/attempt_21947251/completion.jsonl
pw,923500475,27,True,87.16435997499502,dd89fba4c1c368ac4051caa0b60296cfee1a0f92e8adc48bde9023bc1bcdf049,/home/hersco/training_new_domains/2026-09-30/campaign_closure/results/counters-repaired-on-923500475-a10-pw-e0/attempt_21947251/completion.jsonl
pw,923500475,28,True,99.18930487899343,dd89fba4c1c368ac4051caa0b60296cfee1a0f92e8adc48bde9023bc1bcdf049,/home/hersco/training_new_domains/2026-09-30/campaign_closure/results/counters-repaired-on-923500475-a10-pw-e0/attempt_21947251/completion.jsonl
pw,923500475,29,True,112.22149132500635,dd89fba4c1c368ac4051caa0b60296cfee1a0f92e8adc48bde9023bc1bcdf049,/home/hersco/training_new_domains/2026-09-30/campaign_closure/results/counters-repaired-on-923500475-a10-pw-e0/attempt_21947251/completion.jsonl
pw,923500475,30,True,120.48930384701816,dd89fba4c1c368ac4051caa0b60296cfee1a0f92e8adc48bde9023bc1bcdf049,/home/hersco/training_new_domains/2026-09-30/campaign_closure/results/counters-repaired-on-923500475-a10-pw-e0/attempt_21947251/completion.jsonl
pw,923500475,31,True,139.7600574749813,dd89fba4c1c368ac4051caa0b60296cfee1a0f92e8adc48bde9023bc1bcdf049,/home/hersco/training_new_domains/2026-09-30/campaign_closure/results/counters-repaired-on-923500475-a10-pw-e0/attempt_21947251/completion.jsonl
pw,923500475,32,False,8631.989670170005,dd89fba4c1c368ac4051caa0b60296cfee1a0f92e8adc48bde9023bc1bcdf049,/home/hersco/training_new_domains/2026-09-30/campaign_closure/results/counters-repaired-on-923500475-a10-pw-e0/attempt_21947251/completion.jsonl
pw,923500475,34,False,9490.338492300012,dd89fba4c1c368ac4051caa0b60296cfee1a0f92e8adc48bde9023bc1bcdf049,/home/hersco/training_new_domains/2026-09-30/campaign_closure/results/counters-repaired-on-923500475-a10-pw-e0/attempt_21947251/completion.jsonl
pw,923500475,33,False,10118.213982558023,dd89fba4c1c368ac4051caa0b60296cfee1a0f92e8adc48bde9023bc1bcdf049,/home/hersco/training_new_domains/2026-09-30/campaign_closure/results/counters-repaired-on-923500475-a10-pw-e0/attempt_21947251/completion.jsonl
pw,923500475,35,False,6727.107757148013,dd89fba4c1c368ac4051caa0b60296cfee1a0f92e8adc48bde9023bc1bcdf049,/home/hersco/training_new_domains/2026-09-30/campaign_closure/results/counters-repaired-on-923500475-a10-pw-e0/attempt_21947251/completion.jsonl
pw,923500475,36,False,7385.653782992973,dd89fba4c1c368ac4051caa0b60296cfee1a0f92e8adc48bde9023bc1bcdf049,/home/hersco/training_new_domains/2026-09-30/campaign_closure/results/counters-repaired-on-923500475-a10-pw-e0/attempt_21947251/completion.jsonl
pw,923500475,37,False,7122.012998393999,dd89fba4c1c368ac4051caa0b60296cfee1a0f92e8adc48bde9023bc1bcdf049,/home/hersco/training_new_domains/2026-09-30/campaign_closure/results/counters-repaired-on-923500475-a10-pw-e0/attempt_21947251/completion.jsonl
pw,923500475,38,False,7445.815909687983,dd89fba4c1c368ac4051caa0b60296cfee1a0f92e8adc48bde9023bc1bcdf049,/home/hersco/training_new_domains/2026-09-30/campaign_closure/results/counters-repaired-on-923500475-a10-pw-e0/attempt_21947251/completion.jsonl
pw,923500475,39,False,7927.032253974001,dd89fba4c1c368ac4051caa0b60296cfee1a0f92e8adc48bde9023bc1bcdf049,/home/hersco/training_new_domains/2026-09-30/campaign_closure/results/counters-repaired-on-923500475-a10-pw-e0/attempt_21947251/completion.jsonl
pw,923500475,40,False,10192.695746529964,dd89fba4c1c368ac4051caa0b60296cfee1a0f92e8adc48bde9023bc1bcdf049,/home/hersco/training_new_domains/2026-09-30/campaign_closure/results/counters-repaired-on-923500475-a10-pw-e0/attempt_21947251/completion.jsonl
pw,923500475,41,False,7611.9268985009985,dd89fba4c1c368ac4051caa0b60296cfee1a0f92e8adc48bde9023bc1bcdf049,/home/hersco/training_new_domains/2026-09-30/campaign_closure/results/counters-repaired-on-923500475-a10-pw-e0/attempt_21947251/completion.jsonl
pw,923500475,42,False,9215.746816152998,dd89fba4c1c368ac4051caa0b60296cfee1a0f92e8adc48bde9023bc1bcdf049,/home/hersco/training_new_domains/2026-09-30/campaign_closure/results/counters-repaired-on-923500475-a10-pw-e0/attempt_21947251/completion.jsonl
pw,923500475,43,False,9521.978612167994,dd89fba4c1c368ac4051caa0b60296cfee1a0f92e8adc48bde9023bc1bcdf049,/home/hersco/training_new_domains/2026-09-30/campaign_closure/results/counters-repaired-on-923500475-a10-pw-e0/attempt_21947251/completion.jsonl
pw,923500475,44,False,8518.835001536994,dd89fba4c1c368ac4051caa0b60296cfee1a0f92e8adc48bde9023bc1bcdf049,/home/hersco/training_new_domains/2026-09-30/campaign_closure/results/counters-repaired-on-923500475-a10-pw-e0/attempt_21947251/completion.jsonl
pw,923500475,46,False,8869.022716825013,dd89fba4c1c368ac4051caa0b60296cfee1a0f92e8adc48bde9023bc1bcdf049,/home/hersco/training_new_domains/2026-09-30/campaign_closure/results/counters-repaired-on-923500475-a10-pw-e0/attempt_21947251/completion.jsonl
pw,923500475,45,False,12992.785132221004,dd89fba4c1c368ac4051caa0b60296cfee1a0f92e8adc48bde9023bc1bcdf049,/home/hersco/training_new_domains/2026-09-30/campaign_closure/results/counters-repaired-on-923500475-a10-pw-e0/attempt_21947251/completion.jsonl
pw,923500475,47,False,14508.558675124019,dd89fba4c1c368ac4051caa0b60296cfee1a0f92e8adc48bde9023bc1bcdf049,/home/hersco/training_new_domains/2026-09-30/campaign_closure/results/counters-repaired-on-923500475-a10-pw-e0/attempt_21947251/completion.jsonl
pw,923500475,48,False,17015.703952901007,dd89fba4c1c368ac4051caa0b60296cfee1a0f92e8adc48bde9023bc1bcdf049,/home/hersco/training_new_domains/2026-09-30/campaign_closure/results/counters-repaired-on-923500475-a10-pw-e0/attempt_21947251/completion.jsonl
pw,923500475,49,False,16083.943917562952,dd89fba4c1c368ac4051caa0b60296cfee1a0f92e8adc48bde9023bc1bcdf049,/home/hersco/training_new_domains/2026-09-30/campaign_closure/results/counters-repaired-on-923500475-a10-pw-e0/attempt_21947251/completion.jsonl
pw,923500475,51,False,4653.944386669027,dd89fba4c1c368ac4051caa0b60296cfee1a0f92e8adc48bde9023bc1bcdf049,/home/hersco/training_new_domains/2026-09-30/campaign_closure/results/counters-repaired-on-923500475-a10-pw-e0/attempt_21947251/completion.jsonl
pw,923500475,50,False,21477.213666250987,dd89fba4c1c368ac4051caa0b60296cfee1a0f92e8adc48bde9023bc1bcdf049,/home/hersco/training_new_domains/2026-09-30/campaign_closure/results/counters-repaired-on-923500475-a10-pw-e0/attempt_21947251/completion.jsonl
pw,1472491096,1,True,7.537909979990218,62ed74076ad36fd2672599fbe9534e7594fec2c161b414fcb6e1bb0450587232,/home/hersco/training_new_domains/2026-09-30/campaign_closure/results/counters-repaired-on-1472491096-a10-pw-e81/attempt_21977751/completion.jsonl
pw,1472491096,3,True,8.782225298025878,62ed74076ad36fd2672599fbe9534e7594fec2c161b414fcb6e1bb0450587232,/home/hersco/training_new_domains/2026-09-30/campaign_closure/results/counters-repaired-on-1472491096-a10-pw-e81/attempt_21977751/completion.jsonl
pw,1472491096,2,True,9.31524121700204,62ed74076ad36fd2672599fbe9534e7594fec2c161b414fcb6e1bb0450587232,/home/hersco/training_new_domains/2026-09-30/campaign_closure/results/counters-repaired-on-1472491096-a10-pw-e81/attempt_21977751/completion.jsonl
pw,1472491096,4,True,10.819357411004603,62ed74076ad36fd2672599fbe9534e7594fec2c161b414fcb6e1bb0450587232,/home/hersco/training_new_domains/2026-09-30/campaign_closure/results/counters-repaired-on-1472491096-a10-pw-e81/attempt_21977751/completion.jsonl
pw,1472491096,5,True,9.818264978006482,62ed74076ad36fd2672599fbe9534e7594fec2c161b414fcb6e1bb0450587232,/home/hersco/training_new_domains/2026-09-30/campaign_closure/results/counters-repaired-on-1472491096-a10-pw-e81/attempt_21977751/completion.jsonl
pw,1472491096,6,True,13.577316905983025,62ed74076ad36fd2672599fbe9534e7594fec2c161b414fcb6e1bb0450587232,/home/hersco/training_new_domains/2026-09-30/campaign_closure/results/counters-repaired-on-1472491096-a10-pw-e81/attempt_21977751/completion.jsonl
pw,1472491096,7,True,13.073957715008873,62ed74076ad36fd2672599fbe9534e7594fec2c161b414fcb6e1bb0450587232,/home/hersco/training_new_domains/2026-09-30/campaign_closure/results/counters-repaired-on-1472491096-a10-pw-e81/attempt_21977751/completion.jsonl
pw,1472491096,8,True,12.80071672401391,62ed74076ad36fd2672599fbe9534e7594fec2c161b414fcb6e1bb0450587232,/home/hersco/training_new_domains/2026-09-30/campaign_closure/results/counters-repaired-on-1472491096-a10-pw-e81/attempt_21977751/completion.jsonl
pw,1472491096,9,True,16.30877969399444,62ed74076ad36fd2672599fbe9534e7594fec2c161b414fcb6e1bb0450587232,/home/hersco/training_new_domains/2026-09-30/campaign_closure/results/counters-repaired-on-1472491096-a10-pw-e81/attempt_21977751/completion.jsonl
pw,1472491096,10,True,17.059530313010328,62ed74076ad36fd2672599fbe9534e7594fec2c161b414fcb6e1bb0450587232,/home/hersco/training_new_domains/2026-09-30/campaign_closure/results/counters-repaired-on-1472491096-a10-pw-e81/attempt_21977751/completion.jsonl
pw,1472491096,11,True,21.06937590497546,62ed74076ad36fd2672599fbe9534e7594fec2c161b414fcb6e1bb0450587232,/home/hersco/training_new_domains/2026-09-30/campaign_closure/results/counters-repaired-on-1472491096-a10-pw-e81/attempt_21977751/completion.jsonl
pw,1472491096,12,True,23.575106634001713,62ed74076ad36fd2672599fbe9534e7594fec2c161b414fcb6e1bb0450587232,/home/hersco/training_new_domains/2026-09-30/campaign_closure/results/counters-repaired-on-1472491096-a10-pw-e81/attempt_21977751/completion.jsonl
pw,1472491096,13,True,24.601854256005026,62ed74076ad36fd2672599fbe9534e7594fec2c161b414fcb6e1bb0450587232,/home/hersco/training_new_domains/2026-09-30/campaign_closure/results/counters-repaired-on-1472491096-a10-pw-e81/attempt_21977751/completion.jsonl
pw,1472491096,14,True,27.388337170996238,62ed74076ad36fd2672599fbe9534e7594fec2c161b414fcb6e1bb0450587232,/home/hersco/training_new_domains/2026-09-30/campaign_closure/results/counters-repaired-on-1472491096-a10-pw-e81/attempt_21977751/completion.jsonl
pw,1472491096,15,True,32.8770556539821,62ed74076ad36fd2672599fbe9534e7594fec2c161b414fcb6e1bb0450587232,/home/hersco/training_new_domains/2026-09-30/campaign_closure/results/counters-repaired-on-1472491096-a10-pw-e81/attempt_21977751/completion.jsonl
pw,1472491096,16,True,33.593849966011476,62ed74076ad36fd2672599fbe9534e7594fec2c161b414fcb6e1bb0450587232,/home/hersco/training_new_domains/2026-09-30/campaign_closure/results/counters-repaired-on-1472491096-a10-pw-e81/attempt_21977751/completion.jsonl
pw,1472491096,17,True,35.38152642099885,62ed74076ad36fd2672599fbe9534e7594fec2c161b414fcb6e1bb0450587232,/home/hersco/training_new_domains/2026-09-30/campaign_closure/results/counters-repaired-on-1472491096-a10-pw-e81/attempt_21977751/completion.jsonl
pw,1472491096,18,True,40.64544516298338,62ed74076ad36fd2672599fbe9534e7594fec2c161b414fcb6e1bb0450587232,/home/hersco/training_new_domains/2026-09-30/campaign_closure/results/counters-repaired-on-1472491096-a10-pw-e81/attempt_21977751/completion.jsonl
pw,1472491096,19,True,42.854788111988455,62ed74076ad36fd2672599fbe9534e7594fec2c161b414fcb6e1bb0450587232,/home/hersco/training_new_domains/2026-09-30/campaign_closure/results/counters-repaired-on-1472491096-a10-pw-e81/attempt_21977751/completion.jsonl
pw,1472491096,20,True,55.13029505600571,62ed74076ad36fd2672599fbe9534e7594fec2c161b414fcb6e1bb0450587232,/home/hersco/training_new_domains/2026-09-30/campaign_closure/results/counters-repaired-on-1472491096-a10-pw-e81/attempt_21977751/completion.jsonl
pw,1472491096,21,True,60.401379017013824,62ed74076ad36fd2672599fbe9534e7594fec2c161b414fcb6e1bb0450587232,/home/hersco/training_new_domains/2026-09-30/campaign_closure/results/counters-repaired-on-1472491096-a10-pw-e81/attempt_21977751/completion.jsonl
pw,1472491096,22,True,75.68990391300758,62ed74076ad36fd2672599fbe9534e7594fec2c161b414fcb6e1bb0450587232,/home/hersco/training_new_domains/2026-09-30/campaign_closure/results/counters-repaired-on-1472491096-a10-pw-e81/attempt_21977751/completion.jsonl
pw,1472491096,23,True,87.67455916700419,62ed74076ad36fd2672599fbe9534e7594fec2c161b414fcb6e1bb0450587232,/home/hersco/training_new_domains/2026-09-30/campaign_closure/results/counters-repaired-on-1472491096-a10-pw-e81/attempt_21977751/completion.jsonl
pw,1472491096,24,True,72.40592713598744,62ed74076ad36fd2672599fbe9534e7594fec2c161b414fcb6e1bb0450587232,/home/hersco/training_new_domains/2026-09-30/campaign_closure/results/counters-repaired-on-1472491096-a10-pw-e81/attempt_21977751/completion.jsonl
pw,1472491096,25,True,75.20853151701158,62ed74076ad36fd2672599fbe9534e7594fec2c161b414fcb6e1bb0450587232,/home/hersco/training_new_domains/2026-09-30/campaign_closure/results/counters-repaired-on-1472491096-a10-pw-e81/attempt_21977751/completion.jsonl
pw,1472491096,26,True,85.71586112401565,62ed74076ad36fd2672599fbe9534e7594fec2c161b414fcb6e1bb0450587232,/home/hersco/training_new_domains/2026-09-30/campaign_closure/results/counters-repaired-on-1472491096-a10-pw-e81/attempt_21977751/completion.jsonl
pw,1472491096,27,True,175.79622823101818,62ed74076ad36fd2672599fbe9534e7594fec2c161b414fcb6e1bb0450587232,/home/hersco/training_new_domains/2026-09-30/campaign_closure/results/counters-repaired-on-1472491096-a10-pw-e81/attempt_21977751/completion.jsonl
pw,1472491096,29,True,1082.7095014420047,62ed74076ad36fd2672599fbe9534e7594fec2c161b414fcb6e1bb0450587232,/home/hersco/training_new_domains/2026-09-30/campaign_closure/results/counters-repaired-on-1472491096-a10-pw-e81/attempt_21977751/completion.jsonl
pw,1472491096,28,False,8669.319824858016,62ed74076ad36fd2672599fbe9534e7594fec2c161b414fcb6e1bb0450587232,/home/hersco/training_new_domains/2026-09-30/campaign_closure/results/counters-repaired-on-1472491096-a10-pw-e81/attempt_21977751/completion.jsonl
pw,1472491096,31,False,11831.622427730006,62ed74076ad36fd2672599fbe9534e7594fec2c161b414fcb6e1bb0450587232,/home/hersco/training_new_domains/2026-09-30/campaign_closure/results/counters-repaired-on-1472491096-a10-pw-e81/attempt_21977751/completion.jsonl
pw,1472491096,30,False,14867.70149327998,62ed74076ad36fd2672599fbe9534e7594fec2c161b414fcb6e1bb0450587232,/home/hersco/training_new_domains/2026-09-30/campaign_closure/results/counters-repaired-on-1472491096-a10-pw-e81/attempt_21977751/completion.jsonl
pw,1472491096,32,False,13471.15016859799,62ed74076ad36fd2672599fbe9534e7594fec2c161b414fcb6e1bb0450587232,/home/hersco/training_new_domains/2026-09-30/campaign_closure/results/counters-repaired-on-1472491096-a10-pw-e81/attempt_21977751/completion.jsonl
pw,1472491096,33,False,12942.329783989,62ed74076ad36fd2672599fbe9534e7594fec2c161b414fcb6e1bb0450587232,/home/hersco/training_new_domains/2026-09-30/campaign_closure/results/counters-repaired-on-1472491096-a10-pw-e81/attempt_21977751/completion.jsonl
pw,1472491096,34,False,15057.218485022982,62ed74076ad36fd2672599fbe9534e7594fec2c161b414fcb6e1bb0450587232,/home/hersco/training_new_domains/2026-09-30/campaign_closure/results/counters-repaired-on-1472491096-a10-pw-e81/attempt_21977751/completion.jsonl
pw,1472491096,35,False,13654.05407227602,62ed74076ad36fd2672599fbe9534e7594fec2c161b414fcb6e1bb0450587232,/home/hersco/training_new_domains/2026-09-30/campaign_closure/results/counters-repaired-on-1472491096-a10-pw-e81/attempt_21977751/completion.jsonl
pw,1472491096,36,False,15526.51296974899,62ed74076ad36fd2672599fbe9534e7594fec2c161b414fcb6e1bb0450587232,/home/hersco/training_new_domains/2026-09-30/campaign_closure/results/counters-repaired-on-1472491096-a10-pw-e81/attempt_21977751/completion.jsonl
pw,1472491096,37,False,16391.145517708006,62ed74076ad36fd2672599fbe9534e7594fec2c161b414fcb6e1bb0450587232,/home/hersco/training_new_domains/2026-09-30/campaign_closure/results/counters-repaired-on-1472491096-a10-pw-e81/attempt_21977751/completion.jsonl
pw,1472491096,38,False,12338.089688840992,62ed74076ad36fd2672599fbe9534e7594fec2c161b414fcb6e1bb0450587232,/home/hersco/training_new_domains/2026-09-30/campaign_closure/results/counters-repaired-on-1472491096-a10-pw-e81/attempt_21977751/completion.jsonl
pw,1472491096,39,False,14766.729429066996,62ed74076ad36fd2672599fbe9534e7594fec2c161b414fcb6e1bb0450587232,/home/hersco/training_new_domains/2026-09-30/campaign_closure/results/counters-repaired-on-1472491096-a10-pw-e81/attempt_21977751/completion.jsonl
pw,1472491096,41,False,8258.386331887014,62ed74076ad36fd2672599fbe9534e7594fec2c161b414fcb6e1bb0450587232,/home/hersco/training_new_domains/2026-09-30/campaign_closure/results/counters-repaired-on-1472491096-a10-pw-e81/attempt_21977751/completion.jsonl
pw,1472491096,40,False,15813.354537609994,62ed74076ad36fd2672599fbe9534e7594fec2c161b414fcb6e1bb0450587232,/home/hersco/training_new_domains/2026-09-30/campaign_closure/results/counters-repaired-on-1472491096-a10-pw-e81/attempt_21977751/completion.jsonl
pw,1472491096,43,False,12529.736309973989,62ed74076ad36fd2672599fbe9534e7594fec2c161b414fcb6e1bb0450587232,/home/hersco/training_new_domains/2026-09-30/campaign_closure/results/counters-repaired-on-1472491096-a10-pw-e81/attempt_21977751/completion.jsonl
pw,1472491096,42,False,16442.49052696,62ed74076ad36fd2672599fbe9534e7594fec2c161b414fcb6e1bb0450587232,/home/hersco/training_new_domains/2026-09-30/campaign_closure/results/counters-repaired-on-1472491096-a10-pw-e81/attempt_21977751/completion.jsonl
pw,1472491096,46,False,18842.615309324,62ed74076ad36fd2672599fbe9534e7594fec2c161b414fcb6e1bb0450587232,/home/hersco/training_new_domains/2026-09-30/campaign_closure/results/counters-repaired-on-1472491096-a10-pw-e81/attempt_21977751/completion.jsonl
pw,1472491096,47,False,18031.372084586998,62ed74076ad36fd2672599fbe9534e7594fec2c161b414fcb6e1bb0450587232,/home/hersco/training_new_domains/2026-09-30/campaign_closure/results/counters-repaired-on-1472491096-a10-pw-e81/attempt_21977751/completion.jsonl
pw,1472491096,48,False,21151.969093511987,62ed74076ad36fd2672599fbe9534e7594fec2c161b414fcb6e1bb0450587232,/home/hersco/training_new_domains/2026-09-30/campaign_closure/results/counters-repaired-on-1472491096-a10-pw-e81/attempt_21977751/completion.jsonl
pw,1472491096,52,False,20635.943110540044,62ed74076ad36fd2672599fbe9534e7594fec2c161b414fcb6e1bb0450587232,/home/hersco/training_new_domains/2026-09-30/campaign_closure/results/counters-repaired-on-1472491096-a10-pw-e81/attempt_21977751/completion.jsonl
fixed,1239739722,1,True,9.285189639311284,2e4b9ace8115695c3ec6b79149142a6016d40f2d5e7e7cde9a18177a1e906f15,/home/hersco/training_new_domains/2026-09-30/campaign_closure/results/counters-repaired-on-1239739722-a10-fixed-e0/attempt_21970716/completion.jsonl
fixed,1239739722,2,True,9.540470778942108,2e4b9ace8115695c3ec6b79149142a6016d40f2d5e7e7cde9a18177a1e906f15,/home/hersco/training_new_domains/2026-09-30/campaign_closure/results/counters-repaired-on-1239739722-a10-fixed-e0/attempt_21970716/completion.jsonl
fixed,1239739722,3,True,12.049234771169722,2e4b9ace8115695c3ec6b79149142a6016d40f2d5e7e7cde9a18177a1e906f15,/home/hersco/training_new_domains/2026-09-30/campaign_closure/results/counters-repaired-on-1239739722-a10-fixed-e0/attempt_21970716/completion.jsonl
fixed,1239739722,4,True,10.299871349241585,2e4b9ace8115695c3ec6b79149142a6016d40f2d5e7e7cde9a18177a1e906f15,/home/hersco/training_new_domains/2026-09-30/campaign_closure/results/counters-repaired-on-1239739722-a10-fixed-e0/attempt_21970716/completion.jsonl
fixed,1239739722,5,True,10.295155997388065,2e4b9ace8115695c3ec6b79149142a6016d40f2d5e7e7cde9a18177a1e906f15,/home/hersco/training_new_domains/2026-09-30/campaign_closure/results/counters-repaired-on-1239739722-a10-fixed-e0/attempt_21970716/completion.jsonl
fixed,1239739722,6,True,12.795102239120752,2e4b9ace8115695c3ec6b79149142a6016d40f2d5e7e7cde9a18177a1e906f15,/home/hersco/training_new_domains/2026-09-30/campaign_closure/results/counters-repaired-on-1239739722-a10-fixed-e0/attempt_21970716/completion.jsonl
fixed,1239739722,7,True,16.05052147107199,2e4b9ace8115695c3ec6b79149142a6016d40f2d5e7e7cde9a18177a1e906f15,/home/hersco/training_new_domains/2026-09-30/campaign_closure/results/counters-repaired-on-1239739722-a10-fixed-e0/attempt_21970716/completion.jsonl
fixed,1239739722,8,True,19.55893292510882,2e4b9ace8115695c3ec6b79149142a6016d40f2d5e7e7cde9a18177a1e906f15,/home/hersco/training_new_domains/2026-09-30/campaign_closure/results/counters-repaired-on-1239739722-a10-fixed-e0/attempt_21970716/completion.jsonl
fixed,1239739722,9,True,21.064486611634493,2e4b9ace8115695c3ec6b79149142a6016d40f2d5e7e7cde9a18177a1e906f15,/home/hersco/training_new_domains/2026-09-30/campaign_closure/results/counters-repaired-on-1239739722-a10-fixed-e0/attempt_21970716/completion.jsonl
fixed,1239739722,10,True,25.337253042962402,2e4b9ace8115695c3ec6b79149142a6016d40f2d5e7e7cde9a18177a1e906f15,/home/hersco/training_new_domains/2026-09-30/campaign_closure/results/counters-repaired-on-1239739722-a10-fixed-e0/attempt_21970716/completion.jsonl
fixed,1239739722,11,True,29.839873297605664,2e4b9ace8115695c3ec6b79149142a6016d40f2d5e7e7cde9a18177a1e906f15,/home/hersco/training_new_domains/2026-09-30/campaign_closure/results/counters-repaired-on-1239739722-a10-fixed-e0/attempt_21970716/completion.jsonl
fixed,1239739722,12,True,40.840131263714284,2e4b9ace8115695c3ec6b79149142a6016d40f2d5e7e7cde9a18177a1e906f15,/home/hersco/training_new_domains/2026-09-30/campaign_closure/results/counters-repaired-on-1239739722-a10-fixed-e0/attempt_21970716/completion.jsonl
fixed,1239739722,13,True,42.841348038986325,2e4b9ace8115695c3ec6b79149142a6016d40f2d5e7e7cde9a18177a1e906f15,/home/hersco/training_new_domains/2026-09-30/campaign_closure/results/counters-repaired-on-1239739722-a10-fixed-e0/attempt_21970716/completion.jsonl
fixed,1239739722,14,True,49.60070676216856,2e4b9ace8115695c3ec6b79149142a6016d40f2d5e7e7cde9a18177a1e906f15,/home/hersco/training_new_domains/2026-09-30/campaign_closure/results/counters-repaired-on-1239739722-a10-fixed-e0/attempt_21970716/completion.jsonl
fixed,1239739722,15,True,53.10192954912782,2e4b9ace8115695c3ec6b79149142a6016d40f2d5e7e7cde9a18177a1e906f15,/home/hersco/training_new_domains/2026-09-30/campaign_closure/results/counters-repaired-on-1239739722-a10-fixed-e0/attempt_21970716/completion.jsonl
fixed,1239739722,16,True,66.13187255291268,2e4b9ace8115695c3ec6b79149142a6016d40f2d5e7e7cde9a18177a1e906f15,/home/hersco/training_new_domains/2026-09-30/campaign_closure/results/counters-repaired-on-1239739722-a10-fixed-e0/attempt_21970716/completion.jsonl
fixed,1239739722,17,True,82.90897374972701,2e4b9ace8115695c3ec6b79149142a6016d40f2d5e7e7cde9a18177a1e906f15,/home/hersco/training_new_domains/2026-09-30/campaign_closure/results/counters-repaired-on-1239739722-a10-fixed-e0/attempt_21970716/completion.jsonl
fixed,1239739722,18,False,5291.610746792052,2e4b9ace8115695c3ec6b79149142a6016d40f2d5e7e7cde9a18177a1e906f15,/home/hersco/training_new_domains/2026-09-30/campaign_closure/results/counters-repaired-on-1239739722-a10-fixed-e0/attempt_21970716/completion.jsonl
fixed,1239739722,20,False,5466.553965164814,2e4b9ace8115695c3ec6b79149142a6016d40f2d5e7e7cde9a18177a1e906f15,/home/hersco/training_new_domains/2026-09-30/campaign_closure/results/counters-repaired-on-1239739722-a10-fixed-e0/attempt_21970716/completion.jsonl
fixed,1239739722,19,False,9398.845788845327,2e4b9ace8115695c3ec6b79149142a6016d40f2d5e7e7cde9a18177a1e906f15,/home/hersco/training_new_domains/2026-09-30/campaign_closure/results/counters-repaired-on-1239739722-a10-fixed-e0/attempt_21970716/completion.jsonl
fixed,1239739722,21,False,5622.062504193746,2e4b9ace8115695c3ec6b79149142a6016d40f2d5e7e7cde9a18177a1e906f15,/home/hersco/training_new_domains/2026-09-30/campaign_closure/results/counters-repaired-on-1239739722-a10-fixed-e0/attempt_21970716/completion.jsonl
fixed,1239739722,24,False,10363.86120823212,2e4b9ace8115695c3ec6b79149142a6016d40f2d5e7e7cde9a18177a1e906f15,/home/hersco/training_new_domains/2026-09-30/campaign_closure/results/counters-repaired-on-1239739722-a10-fixed-e0/attempt_21970716/completion.jsonl
fixed,1239739722,22,False,18733.574132469017,2e4b9ace8115695c3ec6b79149142a6016d40f2d5e7e7cde9a18177a1e906f15,/home/hersco/training_new_domains/2026-09-30/campaign_closure/results/counters-repaired-on-1239739722-a10-fixed-e0/attempt_21970716/completion.jsonl
fixed,1239739722,23,False,17627.497627705336,2e4b9ace8115695c3ec6b79149142a6016d40f2d5e7e7cde9a18177a1e906f15,/home/hersco/training_new_domains/2026-09-30/campaign_closure/results/counters-repaired-on-1239739722-a10-fixed-e0/attempt_21970716/completion.jsonl
fixed,1239739722,26,False,6563.0866423207335,2e4b9ace8115695c3ec6b79149142a6016d40f2d5e7e7cde9a18177a1e906f15,/home/hersco/training_new_domains/2026-09-30/campaign_closure/results/counters-repaired-on-1239739722-a10-fixed-e0/attempt_21970716/completion.jsonl
fixed,1239739722,25,False,16517.19637069013,2e4b9ace8115695c3ec6b79149142a6016d40f2d5e7e7cde9a18177a1e906f15,/home/hersco/training_new_domains/2026-09-30/campaign_closure/results/counters-repaired-on-1239739722-a10-fixed-e0/attempt_21970716/completion.jsonl
fixed,1239739722,27,False,13917.309432694688,2e4b9ace8115695c3ec6b79149142a6016d40f2d5e7e7cde9a18177a1e906f15,/home/hersco/training_new_domains/2026-09-30/campaign_closure/results/counters-repaired-on-1239739722-a10-fixed-e0/attempt_21970716/completion.jsonl
fixed,1239739722,30,False,4120.45984428376,2e4b9ace8115695c3ec6b79149142a6016d40f2d5e7e7cde9a18177a1e906f15,/home/hersco/training_new_domains/2026-09-30/campaign_closure/results/counters-repaired-on-1239739722-a10-fixed-e0/attempt_21970716/completion.jsonl
fixed,1239739722,29,False,14109.726722549181,2e4b9ace8115695c3ec6b79149142a6016d40f2d5e7e7cde9a18177a1e906f15,/home/hersco/training_new_domains/2026-09-30/campaign_closure/results/counters-repaired-on-1239739722-a10-fixed-e0/attempt_21970716/completion.jsonl
fixed,1239739722,31,False,9357.913185149897,2e4b9ace8115695c3ec6b79149142a6016d40f2d5e7e7cde9a18177a1e906f15,/home/hersco/training_new_domains/2026-09-30/campaign_closure/results/counters-repaired-on-1239739722-a10-fixed-e0/attempt_21970716/completion.jsonl
fixed,1239739722,32,False,3273.375112086069,2e4b9ace8115695c3ec6b79149142a6016d40f2d5e7e7cde9a18177a1e906f15,/home/hersco/training_new_domains/2026-09-30/campaign_closure/results/counters-repaired-on-1239739722-a10-fixed-e0/attempt_21970716/completion.jsonl
fixed,1239739722,33,False,4754.17374269478,2e4b9ace8115695c3ec6b79149142a6016d40f2d5e7e7cde9a18177a1e906f15,/home/hersco/training_new_domains/2026-09-30/campaign_closure/results/counters-repaired-on-1239739722-a10-fixed-e0/attempt_21970716/completion.jsonl
fixed,1239739722,34,False,3382.87158442894,2e4b9ace8115695c3ec6b79149142a6016d40f2d5e7e7cde9a18177a1e906f15,/home/hersco/training_new_domains/2026-09-30/campaign_closure/results/counters-repaired-on-1239739722-a10-fixed-e0/attempt_21970716/completion.jsonl
fixed,1239739722,35,False,4947.656451312825,2e4b9ace8115695c3ec6b79149142a6016d40f2d5e7e7cde9a18177a1e906f15,/home/hersco/training_new_domains/2026-09-30/campaign_closure/results/counters-repaired-on-1239739722-a10-fixed-e0/attempt_21970716/completion.jsonl
fixed,1239739722,39,False,5596.138714934234,2e4b9ace8115695c3ec6b79149142a6016d40f2d5e7e7cde9a18177a1e906f15,/home/hersco/training_new_domains/2026-09-30/campaign_closure/results/counters-repaired-on-1239739722-a10-fixed-e0/attempt_21970716/completion.jsonl
fixed,1239739722,41,False,13181.252422553953,2e4b9ace8115695c3ec6b79149142a6016d40f2d5e7e7cde9a18177a1e906f15,/home/hersco/training_new_domains/2026-09-30/campaign_closure/results/counters-repaired-on-1239739722-a10-fixed-e0/attempt_21970716/completion.jsonl
fixed,1239739722,42,False,15543.832643825095,2e4b9ace8115695c3ec6b79149142a6016d40f2d5e7e7cde9a18177a1e906f15,/home/hersco/training_new_domains/2026-09-30/campaign_closure/results/counters-repaired-on-1239739722-a10-fixed-e0/attempt_21970716/completion.jsonl
fixed,1239739722,40,False,21309.315074778162,2e4b9ace8115695c3ec6b79149142a6016d40f2d5e7e7cde9a18177a1e906f15,/home/hersco/training_new_domains/2026-09-30/campaign_closure/results/counters-repaired-on-1239739722-a10-fixed-e0/attempt_21970716/completion.jsonl
fixed,1239739722,44,False,6005.871339438949,2e4b9ace8115695c3ec6b79149142a6016d40f2d5e7e7cde9a18177a1e906f15,/home/hersco/training_new_domains/2026-09-30/campaign_closure/results/counters-repaired-on-1239739722-a10-fixed-e0/attempt_21970716/completion.jsonl
fixed,1239739722,45,False,11903.994591625873,2e4b9ace8115695c3ec6b79149142a6016d40f2d5e7e7cde9a18177a1e906f15,/home/hersco/training_new_domains/2026-09-30/campaign_closure/results/counters-repaired-on-1239739722-a10-fixed-e0/attempt_21970716/completion.jsonl
fixed,1239739722,46,False,12701.082166297827,2e4b9ace8115695c3ec6b79149142a6016d40f2d5e7e7cde9a18177a1e906f15,/home/hersco/training_new_domains/2026-09-30/campaign_closure/results/counters-repaired-on-1239739722-a10-fixed-e0/attempt_21970716/completion.jsonl
fixed,1239739722,48,False,8400.437454018276,2e4b9ace8115695c3ec6b79149142a6016d40f2d5e7e7cde9a18177a1e906f15,/home/hersco/training_new_domains/2026-09-30/campaign_closure/results/counters-repaired-on-1239739722-a10-fixed-e0/attempt_21970716/completion.jsonl
fixed,1239739722,47,False,14804.694751597941,2e4b9ace8115695c3ec6b79149142a6016d40f2d5e7e7cde9a18177a1e906f15,/home/hersco/training_new_domains/2026-09-30/campaign_closure/results/counters-repaired-on-1239739722-a10-fixed-e0/attempt_21970716/completion.jsonl
fixed,1239739722,49,False,18083.38507068297,2e4b9ace8115695c3ec6b79149142a6016d40f2d5e7e7cde9a18177a1e906f15,/home/hersco/training_new_domains/2026-09-30/campaign_closure/results/counters-repaired-on-1239739722-a10-fixed-e0/attempt_21970716/completion.jsonl
fixed,1239739722,50,False,17743.129908825736,2e4b9ace8115695c3ec6b79149142a6016d40f2d5e7e7cde9a18177a1e906f15,/home/hersco/training_new_domains/2026-09-30/campaign_closure/results/counters-repaired-on-1239739722-a10-fixed-e0/attempt_21970716/completion.jsonl
fixed,1239739722,53,False,17583.00005135173,2e4b9ace8115695c3ec6b79149142a6016d40f2d5e7e7cde9a18177a1e906f15,/home/hersco/training_new_domains/2026-09-30/campaign_closure/results/counters-repaired-on-1239739722-a10-fixed-e0/attempt_21970716/completion.jsonl
fixed,1073581256,1,True,10.298112318007043,c2ced2f757c8c7573e434521003ec88ecf2974e5656646ae28074096d58cc896,/home/hersco/training_new_domains/2026-09-30/campaign_closure/results/counters-repaired-on-1073581256-a10-fixed-e2/attempt_21969600/completion.jsonl
fixed,1073581256,3,True,10.53729258698877,c2ced2f757c8c7573e434521003ec88ecf2974e5656646ae28074096d58cc896,/home/hersco/training_new_domains/2026-09-30/campaign_closure/results/counters-repaired-on-1073581256-a10-fixed-e2/attempt_21969600/completion.jsonl
fixed,1073581256,2,True,11.314990294980817,c2ced2f757c8c7573e434521003ec88ecf2974e5656646ae28074096d58cc896,/home/hersco/training_new_domains/2026-09-30/campaign_closure/results/counters-repaired-on-1073581256-a10-fixed-e2/attempt_21969600/completion.jsonl
fixed,1073581256,4,True,12.81005011301022,c2ced2f757c8c7573e434521003ec88ecf2974e5656646ae28074096d58cc896,/home/hersco/training_new_domains/2026-09-30/campaign_closure/results/counters-repaired-on-1073581256-a10-fixed-e2/attempt_21969600/completion.jsonl
fixed,1073581256,5,True,12.561487299011787,c2ced2f757c8c7573e434521003ec88ecf2974e5656646ae28074096d58cc896,/home/hersco/training_new_domains/2026-09-30/campaign_closure/results/counters-repaired-on-1073581256-a10-fixed-e2/attempt_21969600/completion.jsonl
fixed,1073581256,6,True,16.57518629002152,c2ced2f757c8c7573e434521003ec88ecf2974e5656646ae28074096d58cc896,/home/hersco/training_new_domains/2026-09-30/campaign_closure/results/counters-repaired-on-1073581256-a10-fixed-e2/attempt_21969600/completion.jsonl
fixed,1073581256,8,True,23.316410782019375,c2ced2f757c8c7573e434521003ec88ecf2974e5656646ae28074096d58cc896,/home/hersco/training_new_domains/2026-09-30/campaign_closure/results/counters-repaired-on-1073581256-a10-fixed-e2/attempt_21969600/completion.jsonl
fixed,1073581256,7,True,24.09399117899011,c2ced2f757c8c7573e434521003ec88ecf2974e5656646ae28074096d58cc896,/home/hersco/training_new_domains/2026-09-30/campaign_closure/results/counters-repaired-on-1073581256-a10-fixed-e2/attempt_21969600/completion.jsonl
fixed,1073581256,9,True,36.10272932701628,c2ced2f757c8c7573e434521003ec88ecf2974e5656646ae28074096d58cc896,/home/hersco/training_new_domains/2026-09-30/campaign_closure/results/counters-repaired-on-1073581256-a10-fixed-e2/attempt_21969600/completion.jsonl
fixed,1073581256,11,True,49.6054884979967,c2ced2f757c8c7573e434521003ec88ecf2974e5656646ae28074096d58cc896,/home/hersco/training_new_domains/2026-09-30/campaign_closure/results/counters-repaired-on-1073581256-a10-fixed-e2/attempt_21969600/completion.jsonl
fixed,1073581256,10,True,52.38906769300229,c2ced2f757c8c7573e434521003ec88ecf2974e5656646ae28074096d58cc896,/home/hersco/training_new_domains/2026-09-30/campaign_closure/results/counters-repaired-on-1073581256-a10-fixed-e2/attempt_21969600/completion.jsonl
fixed,1073581256,13,True,58.905587322980864,c2ced2f757c8c7573e434521003ec88ecf2974e5656646ae28074096d58cc896,/home/hersco/training_new_domains/2026-09-30/campaign_closure/results/counters-repaired-on-1073581256-a10-fixed-e2/attempt_21969600/completion.jsonl
fixed,1073581256,12,True,159.6241260849929,c2ced2f757c8c7573e434521003ec88ecf2974e5656646ae28074096d58cc896,/home/hersco/training_new_domains/2026-09-30/campaign_closure/results/counters-repaired-on-1073581256-a10-fixed-e2/attempt_21969600/completion.jsonl
fixed,1073581256,16,True,423.53655535000144,c2ced2f757c8c7573e434521003ec88ecf2974e5656646ae28074096d58cc896,/home/hersco/training_new_domains/2026-09-30/campaign_closure/results/counters-repaired-on-1073581256-a10-fixed-e2/attempt_21969600/completion.jsonl
fixed,1073581256,14,False,739.8600406410114,c2ced2f757c8c7573e434521003ec88ecf2974e5656646ae28074096d58cc896,/home/hersco/training_new_domains/2026-09-30/campaign_closure/results/counters-repaired-on-1073581256-a10-fixed-e2/attempt_21969600/completion.jsonl
fixed,1073581256,18,False,6565.275374190998,c2ced2f757c8c7573e434521003ec88ecf2974e5656646ae28074096d58cc896,/home/hersco/training_new_domains/2026-09-30/campaign_closure/results/counters-repaired-on-1073581256-a10-fixed-e2/attempt_21969600/completion.jsonl
fixed,1073581256,15,False,8864.527000344999,c2ced2f757c8c7573e434521003ec88ecf2974e5656646ae28074096d58cc896,/home/hersco/training_new_domains/2026-09-30/campaign_closure/results/counters-repaired-on-1073581256-a10-fixed-e2/attempt_21969600/completion.jsonl
fixed,1073581256,17,False,13098.621402170014,c2ced2f757c8c7573e434521003ec88ecf2974e5656646ae28074096d58cc896,/home/hersco/training_new_domains/2026-09-30/campaign_closure/results/counters-repaired-on-1073581256-a10-fixed-e2/attempt_21969600/completion.jsonl
fixed,1073581256,19,False,14966.701058051985,c2ced2f757c8c7573e434521003ec88ecf2974e5656646ae28074096d58cc896,/home/hersco/training_new_domains/2026-09-30/campaign_closure/results/counters-repaired-on-1073581256-a10-fixed-e2/attempt_21969600/completion.jsonl
fixed,1073581256,20,False,18841.95239950702,c2ced2f757c8c7573e434521003ec88ecf2974e5656646ae28074096d58cc896,/home/hersco/training_new_domains/2026-09-30/campaign_closure/results/counters-repaired-on-1073581256-a10-fixed-e2/attempt_21969600/completion.jsonl
fixed,1073581256,21,False,20506.91161121399,c2ced2f757c8c7573e434521003ec88ecf2974e5656646ae28074096d58cc896,/home/hersco/training_new_domains/2026-09-30/campaign_closure/results/counters-repaired-on-1073581256-a10-fixed-e2/attempt_21969600/completion.jsonl
fixed,1073581256,22,False,19759.80434877501,c2ced2f757c8c7573e434521003ec88ecf2974e5656646ae28074096d58cc896,/home/hersco/training_new_domains/2026-09-30/campaign_closure/results/counters-repaired-on-1073581256-a10-fixed-e2/attempt_21969600/completion.jsonl
fixed,1073581256,26,False,10099.743401576008,c2ced2f757c8c7573e434521003ec88ecf2974e5656646ae28074096d58cc896,/home/hersco/training_new_domains/2026-09-30/campaign_closure/results/counters-repaired-on-1073581256-a10-fixed-e2/attempt_21969600/completion.jsonl
fixed,1073581256,32,False,3150.731076151016,c2ced2f757c8c7573e434521003ec88ecf2974e5656646ae28074096d58cc896,/home/hersco/training_new_domains/2026-09-30/campaign_closure/results/counters-repaired-on-1073581256-a10-fixed-e2/attempt_21969600/completion.jsonl
fixed,1073581256,33,False,19085.598501560016,c2ced2f757c8c7573e434521003ec88ecf2974e5656646ae28074096d58cc896,/home/hersco/training_new_domains/2026-09-30/campaign_closure/results/counters-repaired-on-1073581256-a10-fixed-e2/attempt_21969600/completion.jsonl
fixed,1073581256,39,False,19900.32550365402,c2ced2f757c8c7573e434521003ec88ecf2974e5656646ae28074096d58cc896,/home/hersco/training_new_domains/2026-09-30/campaign_closure/results/counters-repaired-on-1073581256-a10-fixed-e2/attempt_21969600/completion.jsonl
fixed,1073581256,41,False,9886.344434858998,c2ced2f757c8c7573e434521003ec88ecf2974e5656646ae28074096d58cc896,/home/hersco/training_new_domains/2026-09-30/campaign_closure/results/counters-repaired-on-1073581256-a10-fixed-e2/attempt_21969600/completion.jsonl
fixed,1073581256,42,False,14062.301010905008,c2ced2f757c8c7573e434521003ec88ecf2974e5656646ae28074096d58cc896,/home/hersco/training_new_domains/2026-09-30/campaign_closure/results/counters-repaired-on-1073581256-a10-fixed-e2/attempt_21969600/completion.jsonl
fixed,1073581256,43,False,18281.603899752023,c2ced2f757c8c7573e434521003ec88ecf2974e5656646ae28074096d58cc896,/home/hersco/training_new_domains/2026-09-30/campaign_closure/results/counters-repaired-on-1073581256-a10-fixed-e2/attempt_21969600/completion.jsonl
fixed,1073581256,44,False,13052.569902544026,c2ced2f757c8c7573e434521003ec88ecf2974e5656646ae28074096d58cc896,/home/hersco/training_new_domains/2026-09-30/campaign_closure/results/counters-repaired-on-1073581256-a10-fixed-e2/attempt_21969600/completion.jsonl
fixed,1073581256,46,False,11115.65411175997,c2ced2f757c8c7573e434521003ec88ecf2974e5656646ae28074096d58cc896,/home/hersco/training_new_domains/2026-09-30/campaign_closure/results/counters-repaired-on-1073581256-a10-fixed-e2/attempt_21969600/completion.jsonl
fixed,1073581256,47,False,16103.00067566603,c2ced2f757c8c7573e434521003ec88ecf2974e5656646ae28074096d58cc896,/home/hersco/training_new_domains/2026-09-30/campaign_closure/results/counters-repaired-on-1073581256-a10-fixed-e2/attempt_21969600/completion.jsonl
pw,1073581256,1,True,8.78536991099827,c2ced2f757c8c7573e434521003ec88ecf2974e5656646ae28074096d58cc896,/home/hersco/training_new_domains/2026-09-30/campaign_closure/results/counters-repaired-on-1073581256-a10-pw-e2/attempt_21970452/completion.jsonl
pw,1073581256,2,True,8.791798516002018,c2ced2f757c8c7573e434521003ec88ecf2974e5656646ae28074096d58cc896,/home/hersco/training_new_domains/2026-09-30/campaign_closure/results/counters-repaired-on-1073581256-a10-pw-e2/attempt_21970452/completion.jsonl
pw,1073581256,3,True,10.54948497901205,c2ced2f757c8c7573e434521003ec88ecf2974e5656646ae28074096d58cc896,/home/hersco/training_new_domains/2026-09-30/campaign_closure/results/counters-repaired-on-1073581256-a10-pw-e2/attempt_21970452/completion.jsonl
pw,1073581256,4,True,11.792748714011395,c2ced2f757c8c7573e434521003ec88ecf2974e5656646ae28074096d58cc896,/home/hersco/training_new_domains/2026-09-30/campaign_closure/results/counters-repaired-on-1073581256-a10-pw-e2/attempt_21970452/completion.jsonl
pw,1073581256,5,True,13.797548687987728,c2ced2f757c8c7573e434521003ec88ecf2974e5656646ae28074096d58cc896,/home/hersco/training_new_domains/2026-09-30/campaign_closure/results/counters-repaired-on-1073581256-a10-pw-e2/attempt_21970452/completion.jsonl
pw,1073581256,6,True,12.547761744004674,c2ced2f757c8c7573e434521003ec88ecf2974e5656646ae28074096d58cc896,/home/hersco/training_new_domains/2026-09-30/campaign_closure/results/counters-repaired-on-1073581256-a10-pw-e2/attempt_21970452/completion.jsonl
pw,1073581256,7,True,16.571078804990975,c2ced2f757c8c7573e434521003ec88ecf2974e5656646ae28074096d58cc896,/home/hersco/training_new_domains/2026-09-30/campaign_closure/results/counters-repaired-on-1073581256-a10-pw-e2/attempt_21970452/completion.jsonl
pw,1073581256,8,True,21.831126022996614,c2ced2f757c8c7573e434521003ec88ecf2974e5656646ae28074096d58cc896,/home/hersco/training_new_domains/2026-09-30/campaign_closure/results/counters-repaired-on-1073581256-a10-pw-e2/attempt_21970452/completion.jsonl
pw,1073581256,10,True,35.59534209201229,c2ced2f757c8c7573e434521003ec88ecf2974e5656646ae28074096d58cc896,/home/hersco/training_new_domains/2026-09-30/campaign_closure/results/counters-repaired-on-1073581256-a10-pw-e2/attempt_21970452/completion.jsonl
pw,1073581256,11,True,53.60302025298006,c2ced2f757c8c7573e434521003ec88ecf2974e5656646ae28074096d58cc896,/home/hersco/training_new_domains/2026-09-30/campaign_closure/results/counters-repaired-on-1073581256-a10-pw-e2/attempt_21970452/completion.jsonl
pw,1073581256,12,True,43.33297670597676,c2ced2f757c8c7573e434521003ec88ecf2974e5656646ae28074096d58cc896,/home/hersco/training_new_domains/2026-09-30/campaign_closure/results/counters-repaired-on-1073581256-a10-pw-e2/attempt_21970452/completion.jsonl
pw,1073581256,14,False,3323.274986069009,c2ced2f757c8c7573e434521003ec88ecf2974e5656646ae28074096d58cc896,/home/hersco/training_new_domains/2026-09-30/campaign_closure/results/counters-repaired-on-1073581256-a10-pw-e2/attempt_21970452/completion.jsonl
pw,1073581256,15,True,134.51158006998594,c2ced2f757c8c7573e434521003ec88ecf2974e5656646ae28074096d58cc896,/home/hersco/training_new_domains/2026-09-30/campaign_closure/results/counters-repaired-on-1073581256-a10-pw-e2/attempt_21970452/completion.jsonl
pw,1073581256,16,True,493.2781351899903,c2ced2f757c8c7573e434521003ec88ecf2974e5656646ae28074096d58cc896,/home/hersco/training_new_domains/2026-09-30/campaign_closure/results/counters-repaired-on-1073581256-a10-pw-e2/attempt_21970452/completion.jsonl
pw,1073581256,9,False,4324.289308000007,c2ced2f757c8c7573e434521003ec88ecf2974e5656646ae28074096d58cc896,/home/hersco/training_new_domains/2026-09-30/campaign_closure/results/counters-repaired-on-1073581256-a10-pw-e2/attempt_21970452/completion.jsonl
pw,1073581256,13,False,4577.42618378601,c2ced2f757c8c7573e434521003ec88ecf2974e5656646ae28074096d58cc896,/home/hersco/training_new_domains/2026-09-30/campaign_closure/results/counters-repaired-on-1073581256-a10-pw-e2/attempt_21970452/completion.jsonl
pw,1073581256,18,False,5942.803445822996,c2ced2f757c8c7573e434521003ec88ecf2974e5656646ae28074096d58cc896,/home/hersco/training_new_domains/2026-09-30/campaign_closure/results/counters-repaired-on-1073581256-a10-pw-e2/attempt_21970452/completion.jsonl
pw,1073581256,17,False,6843.289536330994,c2ced2f757c8c7573e434521003ec88ecf2974e5656646ae28074096d58cc896,/home/hersco/training_new_domains/2026-09-30/campaign_closure/results/counters-repaired-on-1073581256-a10-pw-e2/attempt_21970452/completion.jsonl
pw,1073581256,19,False,6733.126381396985,c2ced2f757c8c7573e434521003ec88ecf2974e5656646ae28074096d58cc896,/home/hersco/training_new_domains/2026-09-30/campaign_closure/results/counters-repaired-on-1073581256-a10-pw-e2/attempt_21970452/completion.jsonl
pw,1073581256,20,False,7665.866049695003,c2ced2f757c8c7573e434521003ec88ecf2974e5656646ae28074096d58cc896,/home/hersco/training_new_domains/2026-09-30/campaign_closure/results/counters-repaired-on-1073581256-a10-pw-e2/attempt_21970452/completion.jsonl
pw,1073581256,22,False,6650.070294938021,c2ced2f757c8c7573e434521003ec88ecf2974e5656646ae28074096d58cc896,/home/hersco/training_new_domains/2026-09-30/campaign_closure/results/counters-repaired-on-1073581256-a10-pw-e2/attempt_21970452/completion.jsonl
pw,1073581256,21,False,7481.6952518530015,c2ced2f757c8c7573e434521003ec88ecf2974e5656646ae28074096d58cc896,/home/hersco/training_new_domains/2026-09-30/campaign_closure/results/counters-repaired-on-1073581256-a10-pw-e2/attempt_21970452/completion.jsonl
pw,1073581256,23,False,8797.405617726996,c2ced2f757c8c7573e434521003ec88ecf2974e5656646ae28074096d58cc896,/home/hersco/training_new_domains/2026-09-30/campaign_closure/results/counters-repaired-on-1073581256-a10-pw-e2/attempt_21970452/completion.jsonl
pw,1073581256,25,False,8989.510189021006,c2ced2f757c8c7573e434521003ec88ecf2974e5656646ae28074096d58cc896,/home/hersco/training_new_domains/2026-09-30/campaign_closure/results/counters-repaired-on-1073581256-a10-pw-e2/attempt_21970452/completion.jsonl
pw,1073581256,24,False,9688.069391266006,c2ced2f757c8c7573e434521003ec88ecf2974e5656646ae28074096d58cc896,/home/hersco/training_new_domains/2026-09-30/campaign_closure/results/counters-repaired-on-1073581256-a10-pw-e2/attempt_21970452/completion.jsonl
pw,1073581256,27,False,8828.303720875003,c2ced2f757c8c7573e434521003ec88ecf2974e5656646ae28074096d58cc896,/home/hersco/training_new_domains/2026-09-30/campaign_closure/results/counters-repaired-on-1073581256-a10-pw-e2/attempt_21970452/completion.jsonl
pw,1073581256,26,False,11930.829836438003,c2ced2f757c8c7573e434521003ec88ecf2974e5656646ae28074096d58cc896,/home/hersco/training_new_domains/2026-09-30/campaign_closure/results/counters-repaired-on-1073581256-a10-pw-e2/attempt_21970452/completion.jsonl
pw,1073581256,28,False,14177.217191150005,c2ced2f757c8c7573e434521003ec88ecf2974e5656646ae28074096d58cc896,/home/hersco/training_new_domains/2026-09-30/campaign_closure/results/counters-repaired-on-1073581256-a10-pw-e2/attempt_21970452/completion.jsonl
pw,1073581256,29,False,11439.820143242978,c2ced2f757c8c7573e434521003ec88ecf2974e5656646ae28074096d58cc896,/home/hersco/training_new_domains/2026-09-30/campaign_closure/results/counters-repaired-on-1073581256-a10-pw-e2/attempt_21970452/completion.jsonl
pw,1073581256,30,False,10537.035226275999,c2ced2f757c8c7573e434521003ec88ecf2974e5656646ae28074096d58cc896,/home/hersco/training_new_domains/2026-09-30/campaign_closure/results/counters-repaired-on-1073581256-a10-pw-e2/attempt_21970452/completion.jsonl
pw,1073581256,31,False,14736.669669699011,c2ced2f757c8c7573e434521003ec88ecf2974e5656646ae28074096d58cc896,/home/hersco/training_new_domains/2026-09-30/campaign_closure/results/counters-repaired-on-1073581256-a10-pw-e2/attempt_21970452/completion.jsonl
pw,1073581256,32,False,14170.473748492019,c2ced2f757c8c7573e434521003ec88ecf2974e5656646ae28074096d58cc896,/home/hersco/training_new_domains/2026-09-30/campaign_closure/results/counters-repaired-on-1073581256-a10-pw-e2/attempt_21970452/completion.jsonl
pw,1073581256,33,False,12825.50759735101,c2ced2f757c8c7573e434521003ec88ecf2974e5656646ae28074096d58cc896,/home/hersco/training_new_domains/2026-09-30/campaign_closure/results/counters-repaired-on-1073581256-a10-pw-e2/attempt_21970452/completion.jsonl
pw,1073581256,34,False,11309.15990407599,c2ced2f757c8c7573e434521003ec88ecf2974e5656646ae28074096d58cc896,/home/hersco/training_new_domains/2026-09-30/campaign_closure/results/counters-repaired-on-1073581256-a10-pw-e2/attempt_21970452/completion.jsonl
pw,1073581256,35,False,12265.415845336014,c2ced2f757c8c7573e434521003ec88ecf2974e5656646ae28074096d58cc896,/home/hersco/training_new_domains/2026-09-30/campaign_closure/results/counters-repaired-on-1073581256-a10-pw-e2/attempt_21970452/completion.jsonl
pw,1073581256,36,False,12618.653520057007,c2ced2f757c8c7573e434521003ec88ecf2974e5656646ae28074096d58cc896,/home/hersco/training_new_domains/2026-09-30/campaign_closure/results/counters-repaired-on-1073581256-a10-pw-e2/attempt_21970452/completion.jsonl
pw,1073581256,37,False,10440.986750654003,c2ced2f757c8c7573e434521003ec88ecf2974e5656646ae28074096d58cc896,/home/hersco/training_new_domains/2026-09-30/campaign_closure/results/counters-repaired-on-1073581256-a10-pw-e2/attempt_21970452/completion.jsonl
pw,1073581256,38,False,9816.73756745801,c2ced2f757c8c7573e434521003ec88ecf2974e5656646ae28074096d58cc896,/home/hersco/training_new_domains/2026-09-30/campaign_closure/results/counters-repaired-on-1073581256-a10-pw-e2/attempt_21970452/completion.jsonl
pw,1073581256,39,False,17215.462442721997,c2ced2f757c8c7573e434521003ec88ecf2974e5656646ae28074096d58cc896,/home/hersco/training_new_domains/2026-09-30/campaign_closure/results/counters-repaired-on-1073581256-a10-pw-e2/attempt_21970452/completion.jsonl
pw,1073581256,41,False,8653.813312776008,c2ced2f757c8c7573e434521003ec88ecf2974e5656646ae28074096d58cc896,/home/hersco/training_new_domains/2026-09-30/campaign_closure/results/counters-repaired-on-1073581256-a10-pw-e2/attempt_21970452/completion.jsonl
pw,1073581256,40,False,18169.230015960027,c2ced2f757c8c7573e434521003ec88ecf2974e5656646ae28074096d58cc896,/home/hersco/training_new_domains/2026-09-30/campaign_closure/results/counters-repaired-on-1073581256-a10-pw-e2/attempt_21970452/completion.jsonl
pw,1073581256,42,False,7090.769113741,c2ced2f757c8c7573e434521003ec88ecf2974e5656646ae28074096d58cc896,/home/hersco/training_new_domains/2026-09-30/campaign_closure/results/counters-repaired-on-1073581256-a10-pw-e2/attempt_21970452/completion.jsonl
pw,1073581256,44,False,5728.461554637994,c2ced2f757c8c7573e434521003ec88ecf2974e5656646ae28074096d58cc896,/home/hersco/training_new_domains/2026-09-30/campaign_closure/results/counters-repaired-on-1073581256-a10-pw-e2/attempt_21970452/completion.jsonl
pw,1073581256,43,False,16434.49532797502,c2ced2f757c8c7573e434521003ec88ecf2974e5656646ae28074096d58cc896,/home/hersco/training_new_domains/2026-09-30/campaign_closure/results/counters-repaired-on-1073581256-a10-pw-e2/attempt_21970452/completion.jsonl
pw,1073581256,45,False,18312.801068839035,c2ced2f757c8c7573e434521003ec88ecf2974e5656646ae28074096d58cc896,/home/hersco/training_new_domains/2026-09-30/campaign_closure/results/counters-repaired-on-1073581256-a10-pw-e2/attempt_21970452/completion.jsonl
pw,1073581256,46,False,19056.642980795004,c2ced2f757c8c7573e434521003ec88ecf2974e5656646ae28074096d58cc896,/home/hersco/training_new_domains/2026-09-30/campaign_closure/results/counters-repaired-on-1073581256-a10-pw-e2/attempt_21970452/completion.jsonl
pw,1073581256,48,False,6091.104017401987,c2ced2f757c8c7573e434521003ec88ecf2974e5656646ae28074096d58cc896,/home/hersco/training_new_domains/2026-09-30/campaign_closure/results/counters-repaired-on-1073581256-a10-pw-e2/attempt_21970452/completion.jsonl
pw,1073581256,47,False,19573.676972316025,c2ced2f757c8c7573e434521003ec88ecf2974e5656646ae28074096d58cc896,/home/hersco/training_new_domains/2026-09-30/campaign_closure/results/counters-repaired-on-1073581256-a10-pw-e2/attempt_21970452/completion.jsonl
pw,1073581256,49,False,18010.166226584988,c2ced2f757c8c7573e434521003ec88ecf2974e5656646ae28074096d58cc896,/home/hersco/training_new_domains/2026-09-30/campaign_closure/results/counters-repaired-on-1073581256-a10-pw-e2/attempt_21970452/completion.jsonl
pw,1073581256,50,False,19115.112906001974,c2ced2f757c8c7573e434521003ec88ecf2974e5656646ae28074096d58cc896,/home/hersco/training_new_domains/2026-09-30/campaign_closure/results/counters-repaired-on-1073581256-a10-pw-e2/attempt_21970452/completion.jsonl
pw,1073581256,51,False,16644.336033712956,c2ced2f757c8c7573e434521003ec88ecf2974e5656646ae28074096d58cc896,/home/hersco/training_new_domains/2026-09-30/campaign_closure/results/counters-repaired-on-1073581256-a10-pw-e2/attempt_21970452/completion.jsonl
pw,1073581256,52,False,12583.753277434967,c2ced2f757c8c7573e434521003ec88ecf2974e5656646ae28074096d58cc896,/home/hersco/training_new_domains/2026-09-30/campaign_closure/results/counters-repaired-on-1073581256-a10-pw-e2/attempt_21970452/completion.jsonl
pw,1073581256,54,False,20148.286390088964,c2ced2f757c8c7573e434521003ec88ecf2974e5656646ae28074096d58cc896,/home/hersco/training_new_domains/2026-09-30/campaign_closure/results/counters-repaired-on-1073581256-a10-pw-e2/attempt_21970452/completion.jsonl
fixed,923500475,1,True,8.291181850014254,dd89fba4c1c368ac4051caa0b60296cfee1a0f92e8adc48bde9023bc1bcdf049,/home/hersco/training_new_domains/2026-09-30/campaign_closure/results/counters-repaired-on-923500475-a10-fixed-e0/attempt_21988939/completion.jsonl
fixed,923500475,2,True,8.293025811988628,dd89fba4c1c368ac4051caa0b60296cfee1a0f92e8adc48bde9023bc1bcdf049,/home/hersco/training_new_domains/2026-09-30/campaign_closure/results/counters-repaired-on-923500475-a10-fixed-e0/attempt_21988939/completion.jsonl
fixed,923500475,3,True,9.54073544300627,dd89fba4c1c368ac4051caa0b60296cfee1a0f92e8adc48bde9023bc1bcdf049,/home/hersco/training_new_domains/2026-09-30/campaign_closure/results/counters-repaired-on-923500475-a10-fixed-e0/attempt_21988939/completion.jsonl
fixed,923500475,4,True,9.54536782100331,dd89fba4c1c368ac4051caa0b60296cfee1a0f92e8adc48bde9023bc1bcdf049,/home/hersco/training_new_domains/2026-09-30/campaign_closure/results/counters-repaired-on-923500475-a10-fixed-e0/attempt_21988939/completion.jsonl
fixed,923500475,5,True,12.053239030996338,dd89fba4c1c368ac4051caa0b60296cfee1a0f92e8adc48bde9023bc1bcdf049,/home/hersco/training_new_domains/2026-09-30/campaign_closure/results/counters-repaired-on-923500475-a10-fixed-e0/attempt_21988939/completion.jsonl
fixed,923500475,6,True,14.803396097006043,dd89fba4c1c368ac4051caa0b60296cfee1a0f92e8adc48bde9023bc1bcdf049,/home/hersco/training_new_domains/2026-09-30/campaign_closure/results/counters-repaired-on-923500475-a10-fixed-e0/attempt_21988939/completion.jsonl
fixed,923500475,7,True,14.551815120008541,dd89fba4c1c368ac4051caa0b60296cfee1a0f92e8adc48bde9023bc1bcdf049,/home/hersco/training_new_domains/2026-09-30/campaign_closure/results/counters-repaired-on-923500475-a10-fixed-e0/attempt_21988939/completion.jsonl
fixed,923500475,8,True,16.80400062398985,dd89fba4c1c368ac4051caa0b60296cfee1a0f92e8adc48bde9023bc1bcdf049,/home/hersco/training_new_domains/2026-09-30/campaign_closure/results/counters-repaired-on-923500475-a10-fixed-e0/attempt_21988939/completion.jsonl
fixed,923500475,9,True,20.811796809983207,dd89fba4c1c368ac4051caa0b60296cfee1a0f92e8adc48bde9023bc1bcdf049,/home/hersco/training_new_domains/2026-09-30/campaign_closure/results/counters-repaired-on-923500475-a10-fixed-e0/attempt_21988939/completion.jsonl
fixed,923500475,10,True,25.82677497601253,dd89fba4c1c368ac4051caa0b60296cfee1a0f92e8adc48bde9023bc1bcdf049,/home/hersco/training_new_domains/2026-09-30/campaign_closure/results/counters-repaired-on-923500475-a10-fixed-e0/attempt_21988939/completion.jsonl
fixed,923500475,11,True,31.08494036999764,dd89fba4c1c368ac4051caa0b60296cfee1a0f92e8adc48bde9023bc1bcdf049,/home/hersco/training_new_domains/2026-09-30/campaign_closure/results/counters-repaired-on-923500475-a10-fixed-e0/attempt_21988939/completion.jsonl
fixed,923500475,12,True,34.8395702370035,dd89fba4c1c368ac4051caa0b60296cfee1a0f92e8adc48bde9023bc1bcdf049,/home/hersco/training_new_domains/2026-09-30/campaign_closure/results/counters-repaired-on-923500475-a10-fixed-e0/attempt_21988939/completion.jsonl
fixed,923500475,13,True,40.593946943001356,dd89fba4c1c368ac4051caa0b60296cfee1a0f92e8adc48bde9023bc1bcdf049,/home/hersco/training_new_domains/2026-09-30/campaign_closure/results/counters-repaired-on-923500475-a10-fixed-e0/attempt_21988939/completion.jsonl
fixed,923500475,14,True,51.3704743339913,dd89fba4c1c368ac4051caa0b60296cfee1a0f92e8adc48bde9023bc1bcdf049,/home/hersco/training_new_domains/2026-09-30/campaign_closure/results/counters-repaired-on-923500475-a10-fixed-e0/attempt_21988939/completion.jsonl
fixed,923500475,15,True,57.63551867500064,dd89fba4c1c368ac4051caa0b60296cfee1a0f92e8adc48bde9023bc1bcdf049,/home/hersco/training_new_domains/2026-09-30/campaign_closure/results/counters-repaired-on-923500475-a10-fixed-e0/attempt_21988939/completion.jsonl
fixed,923500475,16,True,63.64151526297792,dd89fba4c1c368ac4051caa0b60296cfee1a0f92e8adc48bde9023bc1bcdf049,/home/hersco/training_new_domains/2026-09-30/campaign_closure/results/counters-repaired-on-923500475-a10-fixed-e0/attempt_21988939/completion.jsonl
fixed,923500475,17,True,72.40821470101946,dd89fba4c1c368ac4051caa0b60296cfee1a0f92e8adc48bde9023bc1bcdf049,/home/hersco/training_new_domains/2026-09-30/campaign_closure/results/counters-repaired-on-923500475-a10-fixed-e0/attempt_21988939/completion.jsonl
fixed,923500475,18,True,86.18229516298743,dd89fba4c1c368ac4051caa0b60296cfee1a0f92e8adc48bde9023bc1bcdf049,/home/hersco/training_new_domains/2026-09-30/campaign_closure/results/counters-repaired-on-923500475-a10-fixed-e0/attempt_21988939/completion.jsonl
fixed,923500475,19,True,100.9568738679809,dd89fba4c1c368ac4051caa0b60296cfee1a0f92e8adc48bde9023bc1bcdf049,/home/hersco/training_new_domains/2026-09-30/campaign_closure/results/counters-repaired-on-923500475-a10-fixed-e0/attempt_21988939/completion.jsonl
fixed,923500475,20,True,112.71883432299364,dd89fba4c1c368ac4051caa0b60296cfee1a0f92e8adc48bde9023bc1bcdf049,/home/hersco/training_new_domains/2026-09-30/campaign_closure/results/counters-repaired-on-923500475-a10-fixed-e0/attempt_21988939/completion.jsonl
fixed,923500475,21,True,119.48224212700734,dd89fba4c1c368ac4051caa0b60296cfee1a0f92e8adc48bde9023bc1bcdf049,/home/hersco/training_new_domains/2026-09-30/campaign_closure/results/counters-repaired-on-923500475-a10-fixed-e0/attempt_21988939/completion.jsonl
fixed,923500475,22,True,141.79046962599386,dd89fba4c1c368ac4051caa0b60296cfee1a0f92e8adc48bde9023bc1bcdf049,/home/hersco/training_new_domains/2026-09-30/campaign_closure/results/counters-repaired-on-923500475-a10-fixed-e0/attempt_21988939/completion.jsonl
fixed,923500475,23,True,159.82673674900434,dd89fba4c1c368ac4051caa0b60296cfee1a0f92e8adc48bde9023bc1bcdf049,/home/hersco/training_new_domains/2026-09-30/campaign_closure/results/counters-repaired-on-923500475-a10-fixed-e0/attempt_21988939/completion.jsonl
fixed,923500475,24,True,168.6143890710082,dd89fba4c1c368ac4051caa0b60296cfee1a0f92e8adc48bde9023bc1bcdf049,/home/hersco/training_new_domains/2026-09-30/campaign_closure/results/counters-repaired-on-923500475-a10-fixed-e0/attempt_21988939/completion.jsonl
fixed,923500475,25,True,205.4127361580031,dd89fba4c1c368ac4051caa0b60296cfee1a0f92e8adc48bde9023bc1bcdf049,/home/hersco/training_new_domains/2026-09-30/campaign_closure/results/counters-repaired-on-923500475-a10-fixed-e0/attempt_21988939/completion.jsonl
fixed,923500475,26,True,223.15675213598297,dd89fba4c1c368ac4051caa0b60296cfee1a0f92e8adc48bde9023bc1bcdf049,/home/hersco/training_new_domains/2026-09-30/campaign_closure/results/counters-repaired-on-923500475-a10-fixed-e0/attempt_21988939/completion.jsonl
fixed,923500475,27,True,222.41712631902192,dd89fba4c1c368ac4051caa0b60296cfee1a0f92e8adc48bde9023bc1bcdf049,/home/hersco/training_new_domains/2026-09-30/campaign_closure/results/counters-repaired-on-923500475-a10-fixed-e0/attempt_21988939/completion.jsonl
fixed,923500475,28,True,226.42874367599143,dd89fba4c1c368ac4051caa0b60296cfee1a0f92e8adc48bde9023bc1bcdf049,/home/hersco/training_new_domains/2026-09-30/campaign_closure/results/counters-repaired-on-923500475-a10-fixed-e0/attempt_21988939/completion.jsonl
fixed,923500475,29,True,273.2611955180182,dd89fba4c1c368ac4051caa0b60296cfee1a0f92e8adc48bde9023bc1bcdf049,/home/hersco/training_new_domains/2026-09-30/campaign_closure/results/counters-repaired-on-923500475-a10-fixed-e0/attempt_21988939/completion.jsonl
fixed,923500475,30,True,290.5273781880096,dd89fba4c1c368ac4051caa0b60296cfee1a0f92e8adc48bde9023bc1bcdf049,/home/hersco/training_new_domains/2026-09-30/campaign_closure/results/counters-repaired-on-923500475-a10-fixed-e0/attempt_21988939/completion.jsonl
fixed,923500475,31,True,374.9405852390046,dd89fba4c1c368ac4051caa0b60296cfee1a0f92e8adc48bde9023bc1bcdf049,/home/hersco/training_new_domains/2026-09-30/campaign_closure/results/counters-repaired-on-923500475-a10-fixed-e0/attempt_21988939/completion.jsonl
fixed,923500475,32,True,333.8746756510227,dd89fba4c1c368ac4051caa0b60296cfee1a0f92e8adc48bde9023bc1bcdf049,/home/hersco/training_new_domains/2026-09-30/campaign_closure/results/counters-repaired-on-923500475-a10-fixed-e0/attempt_21988939/completion.jsonl
fixed,923500475,35,False,18186.921520100004,dd89fba4c1c368ac4051caa0b60296cfee1a0f92e8adc48bde9023bc1bcdf049,/home/hersco/training_new_domains/2026-09-30/campaign_closure/results/counters-repaired-on-923500475-a10-fixed-e0/attempt_21988939/completion.jsonl
fixed,923500475,37,False,4836.120791719994,dd89fba4c1c368ac4051caa0b60296cfee1a0f92e8adc48bde9023bc1bcdf049,/home/hersco/training_new_domains/2026-09-30/campaign_closure/results/counters-repaired-on-923500475-a10-fixed-e0/attempt_21988939/completion.jsonl
fixed,923500475,38,False,11239.869362397003,dd89fba4c1c368ac4051caa0b60296cfee1a0f92e8adc48bde9023bc1bcdf049,/home/hersco/training_new_domains/2026-09-30/campaign_closure/results/counters-repaired-on-923500475-a10-fixed-e0/attempt_21988939/completion.jsonl
fixed,923500475,36,False,15492.536952697992,dd89fba4c1c368ac4051caa0b60296cfee1a0f92e8adc48bde9023bc1bcdf049,/home/hersco/training_new_domains/2026-09-30/campaign_closure/results/counters-repaired-on-923500475-a10-fixed-e0/attempt_21988939/completion.jsonl
fixed,923500475,39,False,11286.298768102017,dd89fba4c1c368ac4051caa0b60296cfee1a0f92e8adc48bde9023bc1bcdf049,/home/hersco/training_new_domains/2026-09-30/campaign_closure/results/counters-repaired-on-923500475-a10-fixed-e0/attempt_21988939/completion.jsonl
fixed,923500475,40,False,14196.864463668986,dd89fba4c1c368ac4051caa0b60296cfee1a0f92e8adc48bde9023bc1bcdf049,/home/hersco/training_new_domains/2026-09-30/campaign_closure/results/counters-repaired-on-923500475-a10-fixed-e0/attempt_21988939/completion.jsonl
fixed,923500475,41,False,15096.412573847017,dd89fba4c1c368ac4051caa0b60296cfee1a0f92e8adc48bde9023bc1bcdf049,/home/hersco/training_new_domains/2026-09-30/campaign_closure/results/counters-repaired-on-923500475-a10-fixed-e0/attempt_21988939/completion.jsonl
fixed,923500475,42,False,11610.857547969965,dd89fba4c1c368ac4051caa0b60296cfee1a0f92e8adc48bde9023bc1bcdf049,/home/hersco/training_new_domains/2026-09-30/campaign_closure/results/counters-repaired-on-923500475-a10-fixed-e0/attempt_21988939/completion.jsonl
fixed,923500475,43,False,11607.554464854999,dd89fba4c1c368ac4051caa0b60296cfee1a0f92e8adc48bde9023bc1bcdf049,/home/hersco/training_new_domains/2026-09-30/campaign_closure/results/counters-repaired-on-923500475-a10-fixed-e0/attempt_21988939/completion.jsonl
fixed,923500475,44,False,13467.638326551009,dd89fba4c1c368ac4051caa0b60296cfee1a0f92e8adc48bde9023bc1bcdf049,/home/hersco/training_new_domains/2026-09-30/campaign_closure/results/counters-repaired-on-923500475-a10-fixed-e0/attempt_21988939/completion.jsonl
fixed,923500475,45,False,15164.065017636982,dd89fba4c1c368ac4051caa0b60296cfee1a0f92e8adc48bde9023bc1bcdf049,/home/hersco/training_new_domains/2026-09-30/campaign_closure/results/counters-repaired-on-923500475-a10-fixed-e0/attempt_21988939/completion.jsonl
fixed,923500475,46,False,13043.616427303,dd89fba4c1c368ac4051caa0b60296cfee1a0f92e8adc48bde9023bc1bcdf049,/home/hersco/training_new_domains/2026-09-30/campaign_closure/results/counters-repaired-on-923500475-a10-fixed-e0/attempt_21988939/completion.jsonl
fixed,923500475,47,False,16728.75063048303,dd89fba4c1c368ac4051caa0b60296cfee1a0f92e8adc48bde9023bc1bcdf049,/home/hersco/training_new_domains/2026-09-30/campaign_closure/results/counters-repaired-on-923500475-a10-fixed-e0/attempt_21988939/completion.jsonl
fixed,923500475,48,False,15847.146257283981,dd89fba4c1c368ac4051caa0b60296cfee1a0f92e8adc48bde9023bc1bcdf049,/home/hersco/training_new_domains/2026-09-30/campaign_closure/results/counters-repaired-on-923500475-a10-fixed-e0/attempt_21988939/completion.jsonl
fixed,923500475,49,False,15043.490728185046,dd89fba4c1c368ac4051caa0b60296cfee1a0f92e8adc48bde9023bc1bcdf049,/home/hersco/training_new_domains/2026-09-30/campaign_closure/results/counters-repaired-on-923500475-a10-fixed-e0/attempt_21988939/completion.jsonl
fixed,923500475,52,False,6267.391026350029,dd89fba4c1c368ac4051caa0b60296cfee1a0f92e8adc48bde9023bc1bcdf049,/home/hersco/training_new_domains/2026-09-30/campaign_closure/results/counters-repaired-on-923500475-a10-fixed-e0/attempt_21988939/completion.jsonl
fixed,923500475,51,False,15092.34254020499,dd89fba4c1c368ac4051caa0b60296cfee1a0f92e8adc48bde9023bc1bcdf049,/home/hersco/training_new_domains/2026-09-30/campaign_closure/results/counters-repaired-on-923500475-a10-fixed-e0/attempt_21988939/completion.jsonl
fixed,923500475,50,False,16330.449215314002,dd89fba4c1c368ac4051caa0b60296cfee1a0f92e8adc48bde9023bc1bcdf049,/home/hersco/training_new_domains/2026-09-30/campaign_closure/results/counters-repaired-on-923500475-a10-fixed-e0/attempt_21988939/completion.jsonl
