domain,vh,stage,seed,selected_policy,matched_policy,fixed_30m,fixed_2h,fixed_6h,source,policy_log,mcts_log,checkpoint,search_epoch,policy_job,selected_epoch,pw_30m,pw_2h,pw_6h,original_training_selected_policy,original_training_selected_epoch,selection_role
block_grouping,off,stage1,1963100312,18.0,18.0,12,15,15,C:\Users\roeeh\Desktop\School\Meitar\Thesis\Code\numeric-asnets\.codex-worktrees\mcts-safe-context\experiment_tracking\stage1_policy_mcts_seed_cutoffs_latest.csv,/home/hersco/training_new_domains/2026-08-21/statistical_replication_stage1_policy_eval/20424828_Ev_block_grouping_block_grouping_orig_novh_c.1_s1963100312_SR10P_src20401187_e0044.txt,/home/hersco/training_new_domains/2026-08-26/statistical_replication_stage1_mcts_eval/20594580_Ev_block_grouping_block_grouping_mcts_orig_novh_e.5_c.1_s1963100312_K0_SR10M_src20401187_e0044.txt,,,,,,,,,,
block_grouping,off,stage1,2011206605,15.0,15.0,10,12,15,C:\Users\roeeh\Desktop\School\Meitar\Thesis\Code\numeric-asnets\.codex-worktrees\mcts-safe-context\experiment_tracking\stage1_policy_mcts_seed_cutoffs_latest.csv,/home/hersco/training_new_domains/2026-08-21/statistical_replication_stage1_policy_eval/20424847_Ev_block_grouping_block_grouping_orig_novh_c.1_s2011206605_SR10P_src20401188_e0040.txt,/home/hersco/training_new_domains/2026-08-26/statistical_replication_stage1_mcts_eval/20594581_Ev_block_grouping_block_grouping_mcts_orig_novh_e.5_c.1_s2011206605_K0_SR10M_src20401188_e0040.txt,,,,,,,,,,
block_grouping,off,stage1,1073581256,15.0,15.0,11,15,15,C:\Users\roeeh\Desktop\School\Meitar\Thesis\Code\numeric-asnets\.codex-worktrees\mcts-safe-context\experiment_tracking\stage1_policy_mcts_seed_cutoffs_latest.csv,/home/hersco/training_new_domains/2026-08-21/statistical_replication_stage1_policy_eval/20424895_Ev_block_grouping_block_grouping_orig_novh_c.1_s1073581256_SR10P_src20401189_e0023.txt,/home/hersco/training_new_domains/2026-08-26/statistical_replication_stage1_mcts_eval/20594582_Ev_block_grouping_block_grouping_mcts_orig_novh_e.5_c.1_s1073581256_K0_SR10M_src20401189_e0023.txt,,,,,,,,,,
block_grouping,off,stage1,1239739722,17.0,17.0,11,14,15,C:\Users\roeeh\Desktop\School\Meitar\Thesis\Code\numeric-asnets\.codex-worktrees\mcts-safe-context\experiment_tracking\stage1_policy_mcts_seed_cutoffs_latest.csv,/home/hersco/training_new_domains/2026-08-21/statistical_replication_stage1_policy_eval/20425135_Ev_block_grouping_block_grouping_orig_novh_c.1_s1239739722_SR10P_src20401190_e0027.txt,/home/hersco/training_new_domains/2026-08-26/statistical_replication_stage1_mcts_eval/20594583_Ev_block_grouping_block_grouping_mcts_orig_novh_e.5_c.1_s1239739722_K0_SR10M_src20401190_e0027.txt,,,,,,,,,,
block_grouping,off,stage1,1472491096,15.0,15.0,12,16,16,C:\Users\roeeh\Desktop\School\Meitar\Thesis\Code\numeric-asnets\.codex-worktrees\mcts-safe-context\experiment_tracking\stage1_policy_mcts_seed_cutoffs_latest.csv,/home/hersco/training_new_domains/2026-08-21/statistical_replication_stage1_policy_eval/20425141_Ev_block_grouping_block_grouping_orig_novh_c.1_s1472491096_SR10P_src20401191_e0030.txt,/home/hersco/training_new_domains/2026-08-26/statistical_replication_stage1_mcts_eval/20594584_Ev_block_grouping_block_grouping_mcts_orig_novh_e.5_c.1_s1472491096_K0_SR10M_src20401191_e0030.txt,,,,,,,,,,
block_grouping,off,stage1,534933607,17.0,17.0,12,16,16,C:\Users\roeeh\Desktop\School\Meitar\Thesis\Code\numeric-asnets\.codex-worktrees\mcts-safe-context\experiment_tracking\stage1_policy_mcts_seed_cutoffs_latest.csv,/home/hersco/training_new_domains/2026-08-21/statistical_replication_stage1_policy_eval/20425164_Ev_block_grouping_block_grouping_orig_novh_c.1_s534933607_SR10P_src20401192_e0012.txt,/home/hersco/training_new_domains/2026-08-26/statistical_replication_stage1_mcts_eval/20594585_Ev_block_grouping_block_grouping_mcts_orig_novh_e.5_c.1_s534933607_K0_SR10M_src20401192_e0012.txt,,,,,,,,,,
block_grouping,off,stage1,2082152039,15.0,15.0,12,16,16,C:\Users\roeeh\Desktop\School\Meitar\Thesis\Code\numeric-asnets\.codex-worktrees\mcts-safe-context\experiment_tracking\stage1_policy_mcts_seed_cutoffs_latest.csv,/home/hersco/training_new_domains/2026-08-21/statistical_replication_stage1_policy_eval/20425179_Ev_block_grouping_block_grouping_orig_novh_c.1_s2082152039_SR10P_src20401193_e0018.txt,/home/hersco/training_new_domains/2026-08-26/statistical_replication_stage1_mcts_eval/20594587_Ev_block_grouping_block_grouping_mcts_orig_novh_e.5_c.1_s2082152039_K0_SR10M_src20401193_e0018.txt,,,,,,,,,,
block_grouping,off,stage1,1510771779,18.0,18.0,12,15,16,C:\Users\roeeh\Desktop\School\Meitar\Thesis\Code\numeric-asnets\.codex-worktrees\mcts-safe-context\experiment_tracking\stage1_policy_mcts_seed_cutoffs_latest.csv,/home/hersco/training_new_domains/2026-08-21/statistical_replication_stage1_policy_eval/20425196_Ev_block_grouping_block_grouping_orig_novh_c.1_s1510771779_SR10P_src20401194_e0034.txt,/home/hersco/training_new_domains/2026-08-26/statistical_replication_stage1_mcts_eval/20594588_Ev_block_grouping_block_grouping_mcts_orig_novh_e.5_c.1_s1510771779_K0_SR10M_src20401194_e0034.txt,,,,,,,,,,
block_grouping,off,stage1,923500475,16.0,16.0,12,14,14,C:\Users\roeeh\Desktop\School\Meitar\Thesis\Code\numeric-asnets\.codex-worktrees\mcts-safe-context\experiment_tracking\stage1_policy_mcts_seed_cutoffs_latest.csv,/home/hersco/training_new_domains/2026-08-21/statistical_replication_stage1_policy_eval/20425208_Ev_block_grouping_block_grouping_orig_novh_c.1_s923500475_SR10P_src20401195_e0008.txt,/home/hersco/training_new_domains/2026-08-26/statistical_replication_stage1_mcts_eval/20594589_Ev_block_grouping_block_grouping_mcts_orig_novh_e.5_c.1_s923500475_K0_SR10M_src20401195_e0008.txt,,,,,,,,,,
block_grouping,off,stage1,1972442430,17.0,17.0,12,15,16,C:\Users\roeeh\Desktop\School\Meitar\Thesis\Code\numeric-asnets\.codex-worktrees\mcts-safe-context\experiment_tracking\stage1_policy_mcts_seed_cutoffs_latest.csv,/home/hersco/training_new_domains/2026-08-21/statistical_replication_stage1_policy_eval/20425222_Ev_block_grouping_block_grouping_orig_novh_c.1_s1972442430_SR10P_src20401196_e0017.txt,/home/hersco/training_new_domains/2026-08-26/statistical_replication_stage1_mcts_eval/20594590_Ev_block_grouping_block_grouping_mcts_orig_novh_e.5_c.1_s1972442430_K0_SR10M_src20401196_e0017.txt,,,,,,,,,,
block_grouping,on,stage1,1963100312,17.0,17.0,11,13,17,C:\Users\roeeh\Desktop\School\Meitar\Thesis\Code\numeric-asnets\.codex-worktrees\mcts-safe-context\experiment_tracking\stage1_policy_mcts_seed_cutoffs_latest.csv,/home/hersco/training_new_domains/2026-08-21/statistical_replication_stage1_policy_eval/20424464_Ev_block_grouping_block_grouping_orig_vh_c.1_s1963100312_SR10P_src20401177_e0004.txt,/home/hersco/training_new_domains/2026-08-21/statistical_replication_stage1_mcts_eval/20430030_Ev_block_grouping_block_grouping_mcts_orig_vh_e.5_c.1_s1963100312_K0_SR10M_src20401177_e0004.txt,,,,,,,,,,
block_grouping,on,stage1,2011206605,17.0,17.0,12,14,17,C:\Users\roeeh\Desktop\School\Meitar\Thesis\Code\numeric-asnets\.codex-worktrees\mcts-safe-context\experiment_tracking\stage1_policy_mcts_seed_cutoffs_latest.csv,/home/hersco/training_new_domains/2026-08-21/statistical_replication_stage1_policy_eval/20424502_Ev_block_grouping_block_grouping_orig_vh_c.1_s2011206605_SR10P_src20401178_e0026.txt,/home/hersco/training_new_domains/2026-08-21/statistical_replication_stage1_mcts_eval/20430031_Ev_block_grouping_block_grouping_mcts_orig_vh_e.5_c.1_s2011206605_K0_SR10M_src20401178_e0026.txt,,,,,,,,,,
block_grouping,on,stage1,1073581256,14.0,14.0,12,15,15,C:\Users\roeeh\Desktop\School\Meitar\Thesis\Code\numeric-asnets\.codex-worktrees\mcts-safe-context\experiment_tracking\stage1_policy_mcts_seed_cutoffs_latest.csv,/home/hersco/training_new_domains/2026-08-21/statistical_replication_stage1_policy_eval/20424533_Ev_block_grouping_block_grouping_orig_vh_c.1_s1073581256_SR10P_src20401179_e0011.txt,/home/hersco/training_new_domains/2026-08-21/statistical_replication_stage1_mcts_eval/20430032_Ev_block_grouping_block_grouping_mcts_orig_vh_e.5_c.1_s1073581256_K0_SR10M_src20401179_e0011.txt,,,,,,,,,,
block_grouping,on,stage1,1239739722,13.0,13.0,11,12,14,C:\Users\roeeh\Desktop\School\Meitar\Thesis\Code\numeric-asnets\.codex-worktrees\mcts-safe-context\experiment_tracking\stage1_policy_mcts_seed_cutoffs_latest.csv,/home/hersco/training_new_domains/2026-08-21/statistical_replication_stage1_policy_eval/20424548_Ev_block_grouping_block_grouping_orig_vh_c.1_s1239739722_SR10P_src20401180_e0023.txt,/home/hersco/training_new_domains/2026-08-21/statistical_replication_stage1_mcts_eval/20430033_Ev_block_grouping_block_grouping_mcts_orig_vh_e.5_c.1_s1239739722_K0_SR10M_src20401180_e0023.txt,,,,,,,,,,
block_grouping,on,stage1,1472491096,17.0,17.0,14,14,17,C:\Users\roeeh\Desktop\School\Meitar\Thesis\Code\numeric-asnets\.codex-worktrees\mcts-safe-context\experiment_tracking\stage1_policy_mcts_seed_cutoffs_latest.csv,/home/hersco/training_new_domains/2026-08-21/statistical_replication_stage1_policy_eval/20424559_Ev_block_grouping_block_grouping_orig_vh_c.1_s1472491096_SR10P_src20401181_e0002.txt,/home/hersco/training_new_domains/2026-08-21/statistical_replication_stage1_mcts_eval/20430034_Ev_block_grouping_block_grouping_mcts_orig_vh_e.5_c.1_s1472491096_K0_SR10M_src20401181_e0002.txt,,,,,,,,,,
block_grouping,on,stage1,534933607,17.0,17.0,12,15,16,C:\Users\roeeh\Desktop\School\Meitar\Thesis\Code\numeric-asnets\.codex-worktrees\mcts-safe-context\experiment_tracking\stage1_policy_mcts_seed_cutoffs_latest.csv,/home/hersco/training_new_domains/2026-08-21/statistical_replication_stage1_policy_eval/20424573_Ev_block_grouping_block_grouping_orig_vh_c.1_s534933607_SR10P_src20401182_e0019.txt,/home/hersco/training_new_domains/2026-08-21/statistical_replication_stage1_mcts_eval/20430035_Ev_block_grouping_block_grouping_mcts_orig_vh_e.5_c.1_s534933607_K0_SR10M_src20401182_e0019.txt,,,,,,,,,,
block_grouping,on,stage1,2082152039,15.0,15.0,12,14,16,C:\Users\roeeh\Desktop\School\Meitar\Thesis\Code\numeric-asnets\.codex-worktrees\mcts-safe-context\experiment_tracking\stage1_policy_mcts_seed_cutoffs_latest.csv,/home/hersco/training_new_domains/2026-08-21/statistical_replication_stage1_policy_eval/20424586_Ev_block_grouping_block_grouping_orig_vh_c.1_s2082152039_SR10P_src20401183_e0011.txt,/home/hersco/training_new_domains/2026-08-21/statistical_replication_stage1_mcts_eval/20430036_Ev_block_grouping_block_grouping_mcts_orig_vh_e.5_c.1_s2082152039_K0_SR10M_src20401183_e0011.txt,,,,,,,,,,
block_grouping,on,stage1,1510771779,17.0,17.0,12,15,16,C:\Users\roeeh\Desktop\School\Meitar\Thesis\Code\numeric-asnets\.codex-worktrees\mcts-safe-context\experiment_tracking\stage1_policy_mcts_seed_cutoffs_latest.csv,/home/hersco/training_new_domains/2026-08-21/statistical_replication_stage1_policy_eval/20424722_Ev_block_grouping_block_grouping_orig_vh_c.1_s1510771779_SR10P_src20401184_e0088.txt,/home/hersco/training_new_domains/2026-08-21/statistical_replication_stage1_mcts_eval/20430037_Ev_block_grouping_block_grouping_mcts_orig_vh_e.5_c.1_s1510771779_K0_SR10M_src20401184_e0088.txt,,,,,,,,,,
block_grouping,on,stage1,923500475,17.0,17.0,12,14,18,C:\Users\roeeh\Desktop\School\Meitar\Thesis\Code\numeric-asnets\.codex-worktrees\mcts-safe-context\experiment_tracking\stage1_policy_mcts_seed_cutoffs_latest.csv,/home/hersco/training_new_domains/2026-08-21/statistical_replication_stage1_policy_eval/20424731_Ev_block_grouping_block_grouping_orig_vh_c.1_s923500475_SR10P_src20401185_e0020.txt,/home/hersco/training_new_domains/2026-08-21/statistical_replication_stage1_mcts_eval/20430038_Ev_block_grouping_block_grouping_mcts_orig_vh_e.5_c.1_s923500475_K0_SR10M_src20401185_e0020.txt,,,,,,,,,,
block_grouping,on,stage1,1972442430,15.0,15.0,12,14,16,C:\Users\roeeh\Desktop\School\Meitar\Thesis\Code\numeric-asnets\.codex-worktrees\mcts-safe-context\experiment_tracking\stage1_policy_mcts_seed_cutoffs_latest.csv,/home/hersco/training_new_domains/2026-08-21/statistical_replication_stage1_policy_eval/20424758_Ev_block_grouping_block_grouping_orig_vh_c.1_s1972442430_SR10P_src20401186_e0005.txt,/home/hersco/training_new_domains/2026-08-21/statistical_replication_stage1_mcts_eval/20430039_Ev_block_grouping_block_grouping_mcts_orig_vh_e.5_c.1_s1972442430_K0_SR10M_src20401186_e0005.txt,,,,,,,,,,
drone,off,stage1,1963100312,11.0,11.0,10,10,10,C:\Users\roeeh\Desktop\School\Meitar\Thesis\Code\numeric-asnets\.codex-worktrees\mcts-safe-context\experiment_tracking\stage1_policy_mcts_seed_cutoffs_latest.csv,/home/hersco/training_new_domains/2026-08-21/statistical_replication_stage1_policy_eval/20450747_Ev_drone_drone_orig_novh_c.1_s1963100312_SR10P_src20401207_e0157.txt,/home/hersco/training_new_domains/2026-08-21/statistical_replication_stage1_mcts_eval/20451722_Ev_drone_drone_mcts_orig_novh_e.5_c.1_s1963100312_K0_SR10M_src20401207_e0157.txt,,,,,,,,,,
drone,off,stage1,2011206605,5.0,5.0,7,7,7,C:\Users\roeeh\Desktop\School\Meitar\Thesis\Code\numeric-asnets\.codex-worktrees\mcts-safe-context\experiment_tracking\stage1_policy_mcts_seed_cutoffs_latest.csv,/home/hersco/training_new_domains/2026-08-21/statistical_replication_stage1_policy_eval/20425786_Ev_drone_drone_orig_novh_c.1_s2011206605_SR10P_src20401208_e0040.txt,/home/hersco/training_new_domains/2026-08-21/statistical_replication_stage1_mcts_eval/20430057_Ev_drone_drone_mcts_orig_novh_e.5_c.1_s2011206605_K0_SR10M_src20401208_e0040.txt,,,,,,,,,,
drone,off,stage1,1073581256,5.0,5.0,6,6,6,C:\Users\roeeh\Desktop\School\Meitar\Thesis\Code\numeric-asnets\.codex-worktrees\mcts-safe-context\experiment_tracking\stage1_policy_mcts_seed_cutoffs_latest.csv,/home/hersco/training_new_domains/2026-08-21/statistical_replication_stage1_policy_eval/20450765_Ev_drone_drone_orig_novh_c.1_s1073581256_SR10P_src20401209_e0090.txt,/home/hersco/training_new_domains/2026-08-21/statistical_replication_stage1_mcts_eval/20451723_Ev_drone_drone_mcts_orig_novh_e.5_c.1_s1073581256_K0_SR10M_src20401209_e0090.txt,,,,,,,,,,
drone,off,stage1,1239739722,5.0,5.0,8,8,8,C:\Users\roeeh\Desktop\School\Meitar\Thesis\Code\numeric-asnets\.codex-worktrees\mcts-safe-context\experiment_tracking\stage1_policy_mcts_seed_cutoffs_latest.csv,/home/hersco/training_new_domains/2026-08-21/statistical_replication_stage1_policy_eval/20425819_Ev_drone_drone_orig_novh_c.1_s1239739722_SR10P_src20401210_e0051.txt,/home/hersco/training_new_domains/2026-08-21/statistical_replication_stage1_mcts_eval/20430058_Ev_drone_drone_mcts_orig_novh_e.5_c.1_s1239739722_K0_SR10M_src20401210_e0051.txt,,,,,,,,,,
drone,off,stage1,1472491096,10.0,10.0,11,11,11,C:\Users\roeeh\Desktop\School\Meitar\Thesis\Code\numeric-asnets\.codex-worktrees\mcts-safe-context\experiment_tracking\stage1_policy_mcts_seed_cutoffs_latest.csv,/home/hersco/training_new_domains/2026-08-21/statistical_replication_stage1_policy_eval/20450812_Ev_drone_drone_orig_novh_c.1_s1472491096_SR10P_src20401212_e0092.txt,/home/hersco/training_new_domains/2026-08-21/statistical_replication_stage1_mcts_eval/20451724_Ev_drone_drone_mcts_orig_novh_e.5_c.1_s1472491096_K0_SR10M_src20401212_e0092.txt,,,,,,,,,,
drone,off,stage1,534933607,11.0,11.0,10,10,10,C:\Users\roeeh\Desktop\School\Meitar\Thesis\Code\numeric-asnets\.codex-worktrees\mcts-safe-context\experiment_tracking\stage1_policy_mcts_seed_cutoffs_latest.csv,/home/hersco/training_new_domains/2026-08-21/statistical_replication_stage1_policy_eval/20450836_Ev_drone_drone_orig_novh_c.1_s534933607_SR10P_src20401213_e0069.txt,/home/hersco/training_new_domains/2026-08-21/statistical_replication_stage1_mcts_eval/20451725_Ev_drone_drone_mcts_orig_novh_e.5_c.1_s534933607_K0_SR10M_src20401213_e0069.txt,,,,,,,,,,
drone,off,stage1,2082152039,4.0,4.0,6,6,6,C:\Users\roeeh\Desktop\School\Meitar\Thesis\Code\numeric-asnets\.codex-worktrees\mcts-safe-context\experiment_tracking\stage1_policy_mcts_seed_cutoffs_latest.csv,/home/hersco/training_new_domains/2026-08-21/statistical_replication_stage1_policy_eval/20425837_Ev_drone_drone_orig_novh_c.1_s2082152039_SR10P_src20401214_e0038.txt,/home/hersco/training_new_domains/2026-08-21/statistical_replication_stage1_mcts_eval/20430059_Ev_drone_drone_mcts_orig_novh_e.5_c.1_s2082152039_K0_SR10M_src20401214_e0038.txt,,,,,,,,,,
drone,off,stage1,1510771779,3.0,3.0,5,5,5,C:\Users\roeeh\Desktop\School\Meitar\Thesis\Code\numeric-asnets\.codex-worktrees\mcts-safe-context\experiment_tracking\stage1_policy_mcts_seed_cutoffs_latest.csv,/home/hersco/training_new_domains/2026-08-21/statistical_replication_stage1_policy_eval/20425851_Ev_drone_drone_orig_novh_c.1_s1510771779_SR10P_src20401215_e0016.txt,/home/hersco/training_new_domains/2026-08-21/statistical_replication_stage1_mcts_eval/20430060_Ev_drone_drone_mcts_orig_novh_e.5_c.1_s1510771779_K0_SR10M_src20401215_e0016.txt,,,,,,,,,,
drone,off,stage1,923500475,2.0,2.0,2,2,2,C:\Users\roeeh\Desktop\School\Meitar\Thesis\Code\numeric-asnets\.codex-worktrees\mcts-safe-context\experiment_tracking\stage1_policy_mcts_seed_cutoffs_latest.csv,/home/hersco/training_new_domains/2026-08-21/statistical_replication_stage1_policy_eval/20425862_Ev_drone_drone_orig_novh_c.1_s923500475_SR10P_src20401216_e0001.txt,/home/hersco/training_new_domains/2026-08-21/statistical_replication_stage1_mcts_eval/20430061_Ev_drone_drone_mcts_orig_novh_e.5_c.1_s923500475_K0_SR10M_src20401216_e0001.txt,,,,,,,,,,
drone,off,stage1,1972442430,3.0,3.0,4,4,4,C:\Users\roeeh\Desktop\School\Meitar\Thesis\Code\numeric-asnets\.codex-worktrees\mcts-safe-context\experiment_tracking\stage1_policy_mcts_seed_cutoffs_latest.csv,/home/hersco/training_new_domains/2026-08-21/statistical_replication_stage1_policy_eval/20450904_Ev_drone_drone_orig_novh_c.1_s1972442430_SR10P_src20401217_e0067.txt,/home/hersco/training_new_domains/2026-08-21/statistical_replication_stage1_mcts_eval/20451726_Ev_drone_drone_mcts_orig_novh_e.5_c.1_s1972442430_K0_SR10M_src20401217_e0067.txt,,,,,,,,,,
drone,on,stage1,1963100312,2.0,2.0,3,3,3,C:\Users\roeeh\Desktop\School\Meitar\Thesis\Code\numeric-asnets\.codex-worktrees\mcts-safe-context\experiment_tracking\stage1_policy_mcts_seed_cutoffs_latest.csv,/home/hersco/training_new_domains/2026-08-21/statistical_replication_stage1_policy_eval/20425373_Ev_drone_drone_orig_vh_c.1_s1963100312_SR10P_src20401197_e0001.txt,/home/hersco/training_new_domains/2026-08-21/statistical_replication_stage1_mcts_eval/20430050_Ev_drone_drone_mcts_orig_vh_e.5_c.1_s1963100312_K0_SR10M_src20401197_e0001.txt,,,,,,,,,,
drone,on,stage1,2011206605,6.0,6.0,7,8,8,C:\Users\roeeh\Desktop\School\Meitar\Thesis\Code\numeric-asnets\.codex-worktrees\mcts-safe-context\experiment_tracking\stage1_policy_mcts_seed_cutoffs_latest.csv,/home/hersco/training_new_domains/2026-08-21/statistical_replication_stage1_policy_eval/20425406_Ev_drone_drone_orig_vh_c.1_s2011206605_SR10P_src20401198_e0019.txt,/home/hersco/training_new_domains/2026-08-21/statistical_replication_stage1_mcts_eval/20430051_Ev_drone_drone_mcts_orig_vh_e.5_c.1_s2011206605_K0_SR10M_src20401198_e0019.txt,,,,,,,,,,
drone,on,stage1,1073581256,7.0,7.0,15,16,16,C:\Users\roeeh\Desktop\School\Meitar\Thesis\Code\numeric-asnets\.codex-worktrees\mcts-safe-context\experiment_tracking\stage1_policy_mcts_seed_cutoffs_latest.csv,/home/hersco/training_new_domains/2026-08-21/statistical_replication_stage1_policy_eval/20431837_Ev_drone_drone_orig_vh_c.1_s1073581256_SR10P_src20401199_e0118.txt,/home/hersco/training_new_domains/2026-08-21/statistical_replication_stage1_mcts_eval/20431945_Ev_drone_drone_mcts_orig_vh_e.5_c.1_s1073581256_K0_SR10M_src20401199_e0118.txt,,,,,,,,,,
drone,on,stage1,1239739722,3.0,3.0,6,6,6,C:\Users\roeeh\Desktop\School\Meitar\Thesis\Code\numeric-asnets\.codex-worktrees\mcts-safe-context\experiment_tracking\stage1_policy_mcts_seed_cutoffs_latest.csv,/home/hersco/training_new_domains/2026-08-21/statistical_replication_stage1_policy_eval/20425441_Ev_drone_drone_orig_vh_c.1_s1239739722_SR10P_src20401200_e0023.txt,/home/hersco/training_new_domains/2026-08-21/statistical_replication_stage1_mcts_eval/20430052_Ev_drone_drone_mcts_orig_vh_e.5_c.1_s1239739722_K0_SR10M_src20401200_e0023.txt,,,,,,,,,,
drone,on,stage1,1472491096,4.0,4.0,11,11,11,C:\Users\roeeh\Desktop\School\Meitar\Thesis\Code\numeric-asnets\.codex-worktrees\mcts-safe-context\experiment_tracking\stage1_policy_mcts_seed_cutoffs_latest.csv,/home/hersco/training_new_domains/2026-08-21/statistical_replication_stage1_policy_eval/20425477_Ev_drone_drone_orig_vh_c.1_s1472491096_SR10P_src20401201_e0021.txt,/home/hersco/training_new_domains/2026-08-21/statistical_replication_stage1_mcts_eval/20430053_Ev_drone_drone_mcts_orig_vh_e.5_c.1_s1472491096_K0_SR10M_src20401201_e0021.txt,,,,,,,,,,
drone,on,stage1,534933607,11.0,11.0,15,16,16,C:\Users\roeeh\Desktop\School\Meitar\Thesis\Code\numeric-asnets\.codex-worktrees\mcts-safe-context\experiment_tracking\stage1_policy_mcts_seed_cutoffs_latest.csv,/home/hersco/training_new_domains/2026-08-21/statistical_replication_stage1_policy_eval/20450651_Ev_drone_drone_orig_vh_c.1_s534933607_SR10P_src20401202_e0161.txt,/home/hersco/training_new_domains/2026-08-21/statistical_replication_stage1_mcts_eval/20451720_Ev_drone_drone_mcts_orig_vh_e.5_c.1_s534933607_K0_SR10M_src20401202_e0161.txt,,,,,,,,,,
drone,on,stage1,2082152039,5.0,5.0,11,11,11,C:\Users\roeeh\Desktop\School\Meitar\Thesis\Code\numeric-asnets\.codex-worktrees\mcts-safe-context\experiment_tracking\stage1_policy_mcts_seed_cutoffs_latest.csv,/home/hersco/training_new_domains/2026-08-21/statistical_replication_stage1_policy_eval/20425515_Ev_drone_drone_orig_vh_c.1_s2082152039_SR10P_src20401203_e0026.txt,/home/hersco/training_new_domains/2026-08-21/statistical_replication_stage1_mcts_eval/20430054_Ev_drone_drone_mcts_orig_vh_e.5_c.1_s2082152039_K0_SR10M_src20401203_e0026.txt,,,,,,,,,,
drone,on,stage1,1510771779,5.0,5.0,10,10,10,C:\Users\roeeh\Desktop\School\Meitar\Thesis\Code\numeric-asnets\.codex-worktrees\mcts-safe-context\experiment_tracking\stage1_policy_mcts_seed_cutoffs_latest.csv,/home/hersco/training_new_domains/2026-08-21/statistical_replication_stage1_policy_eval/20425545_Ev_drone_drone_orig_vh_c.1_s1510771779_SR10P_src20401204_e0014.txt,/home/hersco/training_new_domains/2026-08-21/statistical_replication_stage1_mcts_eval/20430055_Ev_drone_drone_mcts_orig_vh_e.5_c.1_s1510771779_K0_SR10M_src20401204_e0014.txt,,,,,,,,,,
drone,on,stage1,923500475,4.0,4.0,11,11,11,C:\Users\roeeh\Desktop\School\Meitar\Thesis\Code\numeric-asnets\.codex-worktrees\mcts-safe-context\experiment_tracking\stage1_policy_mcts_seed_cutoffs_latest.csv,/home/hersco/training_new_domains/2026-08-21/statistical_replication_stage1_policy_eval/20450683_Ev_drone_drone_orig_vh_c.1_s923500475_SR10P_src20401205_e0103.txt,/home/hersco/training_new_domains/2026-08-21/statistical_replication_stage1_mcts_eval/20451721_Ev_drone_drone_mcts_orig_vh_e.5_c.1_s923500475_K0_SR10M_src20401205_e0103.txt,,,,,,,,,,
drone,on,stage1,1972442430,4.0,4.0,11,12,12,C:\Users\roeeh\Desktop\School\Meitar\Thesis\Code\numeric-asnets\.codex-worktrees\mcts-safe-context\experiment_tracking\stage1_policy_mcts_seed_cutoffs_latest.csv,/home/hersco/training_new_domains/2026-08-21/statistical_replication_stage1_policy_eval/20425563_Ev_drone_drone_orig_vh_c.1_s1972442430_SR10P_src20401206_e0021.txt,/home/hersco/training_new_domains/2026-08-21/statistical_replication_stage1_mcts_eval/20430056_Ev_drone_drone_mcts_orig_vh_e.5_c.1_s1972442430_K0_SR10M_src20401206_e0021.txt,,,,,,,,,,
fo_counters,off,stage1,1963100312,3.0,3.0,9,9,9,C:\Users\roeeh\Desktop\School\Meitar\Thesis\Code\numeric-asnets\.codex-worktrees\mcts-safe-context\experiment_tracking\stage1_policy_mcts_seed_cutoffs_latest.csv,/home/hersco/training_new_domains/2026-08-21/statistical_replication_stage1_policy_eval/20426778_Ev_fo_counters_fo_counters_orig_novh_c.1_s1963100312_SR10P_src20401228_e0008.txt,/home/hersco/training_new_domains/2026-08-21/statistical_replication_stage1_mcts_eval/20430072_Ev_fo_counters_fo_counters_mcts_orig_novh_e.5_c.1_s1963100312_K0_SR10M_src20401228_e0008.txt,,,,,,,,,,
fo_counters,off,stage1,2011206605,4.0,4.0,9,10,10,C:\Users\roeeh\Desktop\School\Meitar\Thesis\Code\numeric-asnets\.codex-worktrees\mcts-safe-context\experiment_tracking\stage1_policy_mcts_seed_cutoffs_latest.csv,/home/hersco/training_new_domains/2026-08-21/statistical_replication_stage1_policy_eval/20426824_Ev_fo_counters_fo_counters_orig_novh_c.1_s2011206605_SR10P_src20401229_e0046.txt,/home/hersco/training_new_domains/2026-08-21/statistical_replication_stage1_mcts_eval/20430073_Ev_fo_counters_fo_counters_mcts_orig_novh_e.5_c.1_s2011206605_K0_SR10M_src20401229_e0046.txt,,,,,,,,,,
fo_counters,off,stage1,1073581256,3.0,3.0,7,7,7,C:\Users\roeeh\Desktop\School\Meitar\Thesis\Code\numeric-asnets\.codex-worktrees\mcts-safe-context\experiment_tracking\stage1_policy_mcts_seed_cutoffs_latest.csv,/home/hersco/training_new_domains/2026-08-21/statistical_replication_stage1_policy_eval/20426859_Ev_fo_counters_fo_counters_orig_novh_c.1_s1073581256_SR10P_src20401230_e0022.txt,/home/hersco/training_new_domains/2026-08-21/statistical_replication_stage1_mcts_eval/20430074_Ev_fo_counters_fo_counters_mcts_orig_novh_e.5_c.1_s1073581256_K0_SR10M_src20401230_e0022.txt,,,,,,,,,,
fo_counters,off,stage1,1239739722,6.0,6.0,7,7,7,C:\Users\roeeh\Desktop\School\Meitar\Thesis\Code\numeric-asnets\.codex-worktrees\mcts-safe-context\experiment_tracking\stage1_policy_mcts_seed_cutoffs_latest.csv,/home/hersco/training_new_domains/2026-08-21/statistical_replication_stage1_policy_eval/20426898_Ev_fo_counters_fo_counters_orig_novh_c.1_s1239739722_SR10P_src20401231_e0031.txt,/home/hersco/training_new_domains/2026-08-21/statistical_replication_stage1_mcts_eval/20430075_Ev_fo_counters_fo_counters_mcts_orig_novh_e.5_c.1_s1239739722_K0_SR10M_src20401231_e0031.txt,,,,,,,,,,
fo_counters,off,stage1,1472491096,4.0,4.0,7,7,7,C:\Users\roeeh\Desktop\School\Meitar\Thesis\Code\numeric-asnets\.codex-worktrees\mcts-safe-context\experiment_tracking\stage1_policy_mcts_seed_cutoffs_latest.csv,/home/hersco/training_new_domains/2026-08-21/statistical_replication_stage1_policy_eval/20426912_Ev_fo_counters_fo_counters_orig_novh_c.1_s1472491096_SR10P_src20401232_e0016.txt,/home/hersco/training_new_domains/2026-08-21/statistical_replication_stage1_mcts_eval/20430076_Ev_fo_counters_fo_counters_mcts_orig_novh_e.5_c.1_s1472491096_K0_SR10M_src20401232_e0016.txt,,,,,,,,,,
fo_counters,off,stage1,534933607,4.0,4.0,8,8,8,C:\Users\roeeh\Desktop\School\Meitar\Thesis\Code\numeric-asnets\.codex-worktrees\mcts-safe-context\experiment_tracking\stage1_policy_mcts_seed_cutoffs_latest.csv,/home/hersco/training_new_domains/2026-08-21/statistical_replication_stage1_policy_eval/20426934_Ev_fo_counters_fo_counters_orig_novh_c.1_s534933607_SR10P_src20401233_e0057.txt,/home/hersco/training_new_domains/2026-08-21/statistical_replication_stage1_mcts_eval/20430082_Ev_fo_counters_fo_counters_mcts_orig_novh_e.5_c.1_s534933607_K0_SR10M_src20401233_e0057.txt,,,,,,,,,,
fo_counters,off,stage1,2082152039,5.0,5.0,8,8,8,C:\Users\roeeh\Desktop\School\Meitar\Thesis\Code\numeric-asnets\.codex-worktrees\mcts-safe-context\experiment_tracking\stage1_policy_mcts_seed_cutoffs_latest.csv,/home/hersco/training_new_domains/2026-08-21/statistical_replication_stage1_policy_eval/20427127_Ev_fo_counters_fo_counters_orig_novh_c.1_s2082152039_SR10P_src20401234_e0069.txt,/home/hersco/training_new_domains/2026-08-21/statistical_replication_stage1_mcts_eval/20430083_Ev_fo_counters_fo_counters_mcts_orig_novh_e.5_c.1_s2082152039_K0_SR10M_src20401234_e0069.txt,,,,,,,,,,
fo_counters,off,stage1,1510771779,5.0,5.0,5,5,5,C:\Users\roeeh\Desktop\School\Meitar\Thesis\Code\numeric-asnets\.codex-worktrees\mcts-safe-context\experiment_tracking\stage1_policy_mcts_seed_cutoffs_latest.csv,/home/hersco/training_new_domains/2026-08-21/statistical_replication_stage1_policy_eval/20427151_Ev_fo_counters_fo_counters_orig_novh_c.1_s1510771779_SR10P_src20401235_e0066.txt,/home/hersco/training_new_domains/2026-08-21/statistical_replication_stage1_mcts_eval/20430084_Ev_fo_counters_fo_counters_mcts_orig_novh_e.5_c.1_s1510771779_K0_SR10M_src20401235_e0066.txt,,,,,,,,,,
fo_counters,off,stage1,923500475,4.0,4.0,7,9,9,C:\Users\roeeh\Desktop\School\Meitar\Thesis\Code\numeric-asnets\.codex-worktrees\mcts-safe-context\experiment_tracking\stage1_policy_mcts_seed_cutoffs_latest.csv,/home/hersco/training_new_domains/2026-08-21/statistical_replication_stage1_policy_eval/20427164_Ev_fo_counters_fo_counters_orig_novh_c.1_s923500475_SR10P_src20401236_e0014.txt,/home/hersco/training_new_domains/2026-08-21/statistical_replication_stage1_mcts_eval/20430085_Ev_fo_counters_fo_counters_mcts_orig_novh_e.5_c.1_s923500475_K0_SR10M_src20401236_e0014.txt,,,,,,,,,,
fo_counters,off,stage1,1972442430,4.0,4.0,8,8,8,C:\Users\roeeh\Desktop\School\Meitar\Thesis\Code\numeric-asnets\.codex-worktrees\mcts-safe-context\experiment_tracking\stage1_policy_mcts_seed_cutoffs_latest.csv,/home/hersco/training_new_domains/2026-08-21/statistical_replication_stage1_policy_eval/20427180_Ev_fo_counters_fo_counters_orig_novh_c.1_s1972442430_SR10P_src20401237_e0028.txt,/home/hersco/training_new_domains/2026-08-21/statistical_replication_stage1_mcts_eval/20430086_Ev_fo_counters_fo_counters_mcts_orig_novh_e.5_c.1_s1972442430_K0_SR10M_src20401237_e0028.txt,,,,,,,,,,
fo_counters,on,stage1,1963100312,4.0,4.0,5,8,8,C:\Users\roeeh\Desktop\School\Meitar\Thesis\Code\numeric-asnets\.codex-worktrees\mcts-safe-context\experiment_tracking\stage1_policy_mcts_seed_cutoffs_latest.csv,/home/hersco/training_new_domains/2026-08-21/statistical_replication_stage1_policy_eval/20425875_Ev_fo_counters_fo_counters_orig_vh_c.1_s1963100312_SR10P_src20401218_e0011.txt,/home/hersco/training_new_domains/2026-08-21/statistical_replication_stage1_mcts_eval/20430062_Ev_fo_counters_fo_counters_mcts_orig_vh_e.5_c.1_s1963100312_K0_SR10M_src20401218_e0011.txt,,,,,,,,,,
fo_counters,on,stage1,2011206605,3.0,3.0,7,7,7,C:\Users\roeeh\Desktop\School\Meitar\Thesis\Code\numeric-asnets\.codex-worktrees\mcts-safe-context\experiment_tracking\stage1_policy_mcts_seed_cutoffs_latest.csv,/home/hersco/training_new_domains/2026-08-21/statistical_replication_stage1_policy_eval/20426065_Ev_fo_counters_fo_counters_orig_vh_c.1_s2011206605_SR10P_src20401219_e0051.txt,/home/hersco/training_new_domains/2026-08-21/statistical_replication_stage1_mcts_eval/20430063_Ev_fo_counters_fo_counters_mcts_orig_vh_e.5_c.1_s2011206605_K0_SR10M_src20401219_e0051.txt,,,,,,,,,,
fo_counters,on,stage1,1073581256,4.0,4.0,4,4,4,C:\Users\roeeh\Desktop\School\Meitar\Thesis\Code\numeric-asnets\.codex-worktrees\mcts-safe-context\experiment_tracking\stage1_policy_mcts_seed_cutoffs_latest.csv,/home/hersco/training_new_domains/2026-08-21/statistical_replication_stage1_policy_eval/20426139_Ev_fo_counters_fo_counters_orig_vh_c.1_s1073581256_SR10P_src20401220_e0106.txt,/home/hersco/training_new_domains/2026-08-21/statistical_replication_stage1_mcts_eval/20430064_Ev_fo_counters_fo_counters_mcts_orig_vh_e.5_c.1_s1073581256_K0_SR10M_src20401220_e0106.txt,,,,,,,,,,
fo_counters,on,stage1,1239739722,5.0,5.0,6,6,6,C:\Users\roeeh\Desktop\School\Meitar\Thesis\Code\numeric-asnets\.codex-worktrees\mcts-safe-context\experiment_tracking\stage1_policy_mcts_seed_cutoffs_latest.csv,/home/hersco/training_new_domains/2026-08-21/statistical_replication_stage1_policy_eval/20426204_Ev_fo_counters_fo_counters_orig_vh_c.1_s1239739722_SR10P_src20401221_e0092.txt,/home/hersco/training_new_domains/2026-08-21/statistical_replication_stage1_mcts_eval/20430065_Ev_fo_counters_fo_counters_mcts_orig_vh_e.5_c.1_s1239739722_K0_SR10M_src20401221_e0092.txt,,,,,,,,,,
fo_counters,on,stage1,1472491096,3.0,3.0,5,5,5,C:\Users\roeeh\Desktop\School\Meitar\Thesis\Code\numeric-asnets\.codex-worktrees\mcts-safe-context\experiment_tracking\stage1_policy_mcts_seed_cutoffs_latest.csv,/home/hersco/training_new_domains/2026-08-21/statistical_replication_stage1_policy_eval/20426245_Ev_fo_counters_fo_counters_orig_vh_c.1_s1472491096_SR10P_src20401222_e0066.txt,/home/hersco/training_new_domains/2026-08-21/statistical_replication_stage1_mcts_eval/20430066_Ev_fo_counters_fo_counters_mcts_orig_vh_e.5_c.1_s1472491096_K0_SR10M_src20401222_e0066.txt,,,,,,,,,,
fo_counters,on,stage1,534933607,2.0,2.0,4,4,4,C:\Users\roeeh\Desktop\School\Meitar\Thesis\Code\numeric-asnets\.codex-worktrees\mcts-safe-context\experiment_tracking\stage1_policy_mcts_seed_cutoffs_latest.csv,/home/hersco/training_new_domains/2026-08-21/statistical_replication_stage1_policy_eval/20426397_Ev_fo_counters_fo_counters_orig_vh_c.1_s534933607_SR10P_src20401223_e0058.txt,/home/hersco/training_new_domains/2026-08-21/statistical_replication_stage1_mcts_eval/20430067_Ev_fo_counters_fo_counters_mcts_orig_vh_e.5_c.1_s534933607_K0_SR10M_src20401223_e0058.txt,,,,,,,,,,
fo_counters,on,stage1,2082152039,2.0,2.0,3,3,3,C:\Users\roeeh\Desktop\School\Meitar\Thesis\Code\numeric-asnets\.codex-worktrees\mcts-safe-context\experiment_tracking\stage1_policy_mcts_seed_cutoffs_latest.csv,/home/hersco/training_new_domains/2026-08-21/statistical_replication_stage1_policy_eval/20426412_Ev_fo_counters_fo_counters_orig_vh_c.1_s2082152039_SR10P_src20401224_e0023.txt,/home/hersco/training_new_domains/2026-08-21/statistical_replication_stage1_mcts_eval/20430068_Ev_fo_counters_fo_counters_mcts_orig_vh_e.5_c.1_s2082152039_K0_SR10M_src20401224_e0023.txt,,,,,,,,,,
fo_counters,on,stage1,1510771779,6.0,6.0,8,9,9,C:\Users\roeeh\Desktop\School\Meitar\Thesis\Code\numeric-asnets\.codex-worktrees\mcts-safe-context\experiment_tracking\stage1_policy_mcts_seed_cutoffs_latest.csv,/home/hersco/training_new_domains/2026-08-21/statistical_replication_stage1_policy_eval/20426437_Ev_fo_counters_fo_counters_orig_vh_c.1_s1510771779_SR10P_src20401225_e0068.txt,/home/hersco/training_new_domains/2026-08-21/statistical_replication_stage1_mcts_eval/20430069_Ev_fo_counters_fo_counters_mcts_orig_vh_e.5_c.1_s1510771779_K0_SR10M_src20401225_e0068.txt,,,,,,,,,,
fo_counters,on,stage1,923500475,3.0,3.0,4,4,4,C:\Users\roeeh\Desktop\School\Meitar\Thesis\Code\numeric-asnets\.codex-worktrees\mcts-safe-context\experiment_tracking\stage1_policy_mcts_seed_cutoffs_latest.csv,/home/hersco/training_new_domains/2026-08-21/statistical_replication_stage1_policy_eval/20426477_Ev_fo_counters_fo_counters_orig_vh_c.1_s923500475_SR10P_src20401226_e0034.txt,/home/hersco/training_new_domains/2026-08-21/statistical_replication_stage1_mcts_eval/20430070_Ev_fo_counters_fo_counters_mcts_orig_vh_e.5_c.1_s923500475_K0_SR10M_src20401226_e0034.txt,,,,,,,,,,
fo_counters,on,stage1,1972442430,5.0,5.0,7,7,7,C:\Users\roeeh\Desktop\School\Meitar\Thesis\Code\numeric-asnets\.codex-worktrees\mcts-safe-context\experiment_tracking\stage1_policy_mcts_seed_cutoffs_latest.csv,/home/hersco/training_new_domains/2026-08-21/statistical_replication_stage1_policy_eval/20426519_Ev_fo_counters_fo_counters_orig_vh_c.1_s1972442430_SR10P_src20401227_e0042.txt,/home/hersco/training_new_domains/2026-08-21/statistical_replication_stage1_mcts_eval/20430071_Ev_fo_counters_fo_counters_mcts_orig_vh_e.5_c.1_s1972442430_K0_SR10M_src20401227_e0042.txt,,,,,,,,,,
rover,off,stage1,1963100312,4.0,4.0,4,5,5,C:\Users\roeeh\Desktop\School\Meitar\Thesis\Code\numeric-asnets\.codex-worktrees\mcts-safe-context\experiment_tracking\stage1_policy_mcts_seed_cutoffs_latest.csv,/home/hersco/training_new_domains/2026-08-21/statistical_replication_stage1_policy_eval/20428037_Ev_rover_rover_orig_novh_c.1_s1963100312_SR10P_src20401248_e0025.txt,/home/hersco/training_new_domains/2026-08-21/statistical_replication_stage1_mcts_eval/20430097_Ev_rover_rover_mcts_orig_novh_e.5_c.1_s1963100312_K0_SR10M_src20401248_e0025.txt,,,,,,,,,,
rover,off,stage1,2011206605,4.0,4.0,4,4,4,C:\Users\roeeh\Desktop\School\Meitar\Thesis\Code\numeric-asnets\.codex-worktrees\mcts-safe-context\experiment_tracking\stage1_policy_mcts_seed_cutoffs_latest.csv,/home/hersco/training_new_domains/2026-08-21/statistical_replication_stage1_policy_eval/20428091_Ev_rover_rover_orig_novh_c.1_s2011206605_SR10P_src20401249_e0044.txt,/home/hersco/training_new_domains/2026-08-21/statistical_replication_stage1_mcts_eval/20430098_Ev_rover_rover_mcts_orig_novh_e.5_c.1_s2011206605_K0_SR10M_src20401249_e0044.txt,,,,,,,,,,
rover,off,stage1,1073581256,4.0,4.0,6,6,6,C:\Users\roeeh\Desktop\School\Meitar\Thesis\Code\numeric-asnets\.codex-worktrees\mcts-safe-context\experiment_tracking\stage1_policy_mcts_seed_cutoffs_latest.csv,/home/hersco/training_new_domains/2026-08-21/statistical_replication_stage1_policy_eval/20428109_Ev_rover_rover_orig_novh_c.1_s1073581256_SR10P_src20401250_e0040.txt,/home/hersco/training_new_domains/2026-08-21/statistical_replication_stage1_mcts_eval/20430099_Ev_rover_rover_mcts_orig_novh_e.5_c.1_s1073581256_K0_SR10M_src20401250_e0040.txt,,,,,,,,,,
rover,off,stage1,1239739722,4.0,4.0,4,4,4,C:\Users\roeeh\Desktop\School\Meitar\Thesis\Code\numeric-asnets\.codex-worktrees\mcts-safe-context\experiment_tracking\stage1_policy_mcts_seed_cutoffs_latest.csv,/home/hersco/training_new_domains/2026-08-21/statistical_replication_stage1_policy_eval/20428373_Ev_rover_rover_orig_novh_c.1_s1239739722_SR10P_src20401251_e0053.txt,/home/hersco/training_new_domains/2026-08-21/statistical_replication_stage1_mcts_eval/20430100_Ev_rover_rover_mcts_orig_novh_e.5_c.1_s1239739722_K0_SR10M_src20401251_e0053.txt,,,,,,,,,,
rover,off,stage1,1472491096,4.0,4.0,5,5,5,C:\Users\roeeh\Desktop\School\Meitar\Thesis\Code\numeric-asnets\.codex-worktrees\mcts-safe-context\experiment_tracking\stage1_policy_mcts_seed_cutoffs_latest.csv,/home/hersco/training_new_domains/2026-08-21/statistical_replication_stage1_policy_eval/20428427_Ev_rover_rover_orig_novh_c.1_s1472491096_SR10P_src20401252_e0064.txt,/home/hersco/training_new_domains/2026-08-21/statistical_replication_stage1_mcts_eval/20430101_Ev_rover_rover_mcts_orig_novh_e.5_c.1_s1472491096_K0_SR10M_src20401252_e0064.txt,,,,,,,,,,
rover,off,stage1,534933607,4.0,4.0,4,4,4,C:\Users\roeeh\Desktop\School\Meitar\Thesis\Code\numeric-asnets\.codex-worktrees\mcts-safe-context\experiment_tracking\stage1_policy_mcts_seed_cutoffs_latest.csv,/home/hersco/training_new_domains/2026-08-21/statistical_replication_stage1_policy_eval/20428485_Ev_rover_rover_orig_novh_c.1_s534933607_SR10P_src20401253_e0124.txt,/home/hersco/training_new_domains/2026-08-21/statistical_replication_stage1_mcts_eval/20430102_Ev_rover_rover_mcts_orig_novh_e.5_c.1_s534933607_K0_SR10M_src20401253_e0124.txt,,,,,,,,,,
rover,off,stage1,2082152039,4.0,4.0,4,4,4,C:\Users\roeeh\Desktop\School\Meitar\Thesis\Code\numeric-asnets\.codex-worktrees\mcts-safe-context\experiment_tracking\stage1_policy_mcts_seed_cutoffs_latest.csv,/home/hersco/training_new_domains/2026-08-21/statistical_replication_stage1_policy_eval/20428500_Ev_rover_rover_orig_novh_c.1_s2082152039_SR10P_src20401254_e0021.txt,/home/hersco/training_new_domains/2026-08-21/statistical_replication_stage1_mcts_eval/20430103_Ev_rover_rover_mcts_orig_novh_e.5_c.1_s2082152039_K0_SR10M_src20401254_e0021.txt,,,,,,,,,,
rover,off,stage1,1510771779,4.0,4.0,5,6,6,C:\Users\roeeh\Desktop\School\Meitar\Thesis\Code\numeric-asnets\.codex-worktrees\mcts-safe-context\experiment_tracking\stage1_policy_mcts_seed_cutoffs_latest.csv,/home/hersco/training_new_domains/2026-08-21/statistical_replication_stage1_policy_eval/20428661_Ev_rover_rover_orig_novh_c.1_s1510771779_SR10P_src20401255_e0048.txt,/home/hersco/training_new_domains/2026-08-21/statistical_replication_stage1_mcts_eval/20430104_Ev_rover_rover_mcts_orig_novh_e.5_c.1_s1510771779_K0_SR10M_src20401255_e0048.txt,,,,,,,,,,
rover,off,stage1,923500475,4.0,4.0,5,5,5,C:\Users\roeeh\Desktop\School\Meitar\Thesis\Code\numeric-asnets\.codex-worktrees\mcts-safe-context\experiment_tracking\stage1_policy_mcts_seed_cutoffs_latest.csv,/home/hersco/training_new_domains/2026-08-21/statistical_replication_stage1_policy_eval/20428665_Ev_rover_rover_orig_novh_c.1_s923500475_SR10P_src20401256_e0020.txt,/home/hersco/training_new_domains/2026-08-21/statistical_replication_stage1_mcts_eval/20430107_Ev_rover_rover_mcts_orig_novh_e.5_c.1_s923500475_K0_SR10M_src20401256_e0020.txt,,,,,,,,,,
rover,off,stage1,1972442430,4.0,4.0,7,7,7,C:\Users\roeeh\Desktop\School\Meitar\Thesis\Code\numeric-asnets\.codex-worktrees\mcts-safe-context\experiment_tracking\stage1_policy_mcts_seed_cutoffs_latest.csv,/home/hersco/training_new_domains/2026-08-21/statistical_replication_stage1_policy_eval/20450954_Ev_rover_rover_orig_novh_c.1_s1972442430_SR10P_src20401257_e0235.txt,/home/hersco/training_new_domains/2026-08-21/statistical_replication_stage1_mcts_eval/20451727_Ev_rover_rover_mcts_orig_novh_e.5_c.1_s1972442430_K0_SR10M_src20401257_e0235.txt,,,,,,,,,,
rover,on,stage1,1963100312,4.0,4.0,4,4,4,C:\Users\roeeh\Desktop\School\Meitar\Thesis\Code\numeric-asnets\.codex-worktrees\mcts-safe-context\experiment_tracking\stage1_policy_mcts_seed_cutoffs_latest.csv,/home/hersco/training_new_domains/2026-08-21/statistical_replication_stage1_policy_eval/20427194_Ev_rover_rover_orig_vh_c.1_s1963100312_SR10P_src20401238_e0070.txt,/home/hersco/training_new_domains/2026-08-21/statistical_replication_stage1_mcts_eval/20430087_Ev_rover_rover_mcts_orig_vh_e.5_c.1_s1963100312_K0_SR10M_src20401238_e0070.txt,,,,,,,,,,
rover,on,stage1,2011206605,4.0,4.0,5,5,5,C:\Users\roeeh\Desktop\School\Meitar\Thesis\Code\numeric-asnets\.codex-worktrees\mcts-safe-context\experiment_tracking\stage1_policy_mcts_seed_cutoffs_latest.csv,/home/hersco/training_new_domains/2026-08-21/statistical_replication_stage1_policy_eval/20427445_Ev_rover_rover_orig_vh_c.1_s2011206605_SR10P_src20401239_e0095.txt,/home/hersco/training_new_domains/2026-08-21/statistical_replication_stage1_mcts_eval/20430088_Ev_rover_rover_mcts_orig_vh_e.5_c.1_s2011206605_K0_SR10M_src20401239_e0095.txt,,,,,,,,,,
rover,on,stage1,1073581256,4.0,4.0,6,6,6,C:\Users\roeeh\Desktop\School\Meitar\Thesis\Code\numeric-asnets\.codex-worktrees\mcts-safe-context\experiment_tracking\stage1_policy_mcts_seed_cutoffs_latest.csv,/home/hersco/training_new_domains/2026-08-21/statistical_replication_stage1_policy_eval/20427494_Ev_rover_rover_orig_vh_c.1_s1073581256_SR10P_src20401240_e0143.txt,/home/hersco/training_new_domains/2026-08-21/statistical_replication_stage1_mcts_eval/20430089_Ev_rover_rover_mcts_orig_vh_e.5_c.1_s1073581256_K0_SR10M_src20401240_e0143.txt,,,,,,,,,,
rover,on,stage1,1239739722,4.0,4.0,5,5,5,C:\Users\roeeh\Desktop\School\Meitar\Thesis\Code\numeric-asnets\.codex-worktrees\mcts-safe-context\experiment_tracking\stage1_policy_mcts_seed_cutoffs_latest.csv,/home/hersco/training_new_domains/2026-08-21/statistical_replication_stage1_policy_eval/20427527_Ev_rover_rover_orig_vh_c.1_s1239739722_SR10P_src20401241_e0112.txt,/home/hersco/training_new_domains/2026-08-21/statistical_replication_stage1_mcts_eval/20430090_Ev_rover_rover_mcts_orig_vh_e.5_c.1_s1239739722_K0_SR10M_src20401241_e0112.txt,,,,,,,,,,
rover,on,stage1,1472491096,4.0,4.0,4,4,4,C:\Users\roeeh\Desktop\School\Meitar\Thesis\Code\numeric-asnets\.codex-worktrees\mcts-safe-context\experiment_tracking\stage1_policy_mcts_seed_cutoffs_latest.csv,/home/hersco/training_new_domains/2026-08-21/statistical_replication_stage1_policy_eval/20427740_Ev_rover_rover_orig_vh_c.1_s1472491096_SR10P_src20401242_e0115.txt,/home/hersco/training_new_domains/2026-08-21/statistical_replication_stage1_mcts_eval/20430091_Ev_rover_rover_mcts_orig_vh_e.5_c.1_s1472491096_K0_SR10M_src20401242_e0115.txt,,,,,,,,,,
rover,on,stage1,534933607,4.0,4.0,4,4,4,C:\Users\roeeh\Desktop\School\Meitar\Thesis\Code\numeric-asnets\.codex-worktrees\mcts-safe-context\experiment_tracking\stage1_policy_mcts_seed_cutoffs_latest.csv,/home/hersco/training_new_domains/2026-08-21/statistical_replication_stage1_policy_eval/20427795_Ev_rover_rover_orig_vh_c.1_s534933607_SR10P_src20401243_e0017.txt,/home/hersco/training_new_domains/2026-08-21/statistical_replication_stage1_mcts_eval/20430092_Ev_rover_rover_mcts_orig_vh_e.5_c.1_s534933607_K0_SR10M_src20401243_e0017.txt,,,,,,,,,,
rover,on,stage1,2082152039,4.0,4.0,4,4,4,C:\Users\roeeh\Desktop\School\Meitar\Thesis\Code\numeric-asnets\.codex-worktrees\mcts-safe-context\experiment_tracking\stage1_policy_mcts_seed_cutoffs_latest.csv,/home/hersco/training_new_domains/2026-08-21/statistical_replication_stage1_policy_eval/20427835_Ev_rover_rover_orig_vh_c.1_s2082152039_SR10P_src20401244_e0077.txt,/home/hersco/training_new_domains/2026-08-21/statistical_replication_stage1_mcts_eval/20430093_Ev_rover_rover_mcts_orig_vh_e.5_c.1_s2082152039_K0_SR10M_src20401244_e0077.txt,,,,,,,,,,
rover,on,stage1,1510771779,4.0,4.0,4,4,4,C:\Users\roeeh\Desktop\School\Meitar\Thesis\Code\numeric-asnets\.codex-worktrees\mcts-safe-context\experiment_tracking\stage1_policy_mcts_seed_cutoffs_latest.csv,/home/hersco/training_new_domains/2026-08-21/statistical_replication_stage1_policy_eval/20427853_Ev_rover_rover_orig_vh_c.1_s1510771779_SR10P_src20401245_e0090.txt,/home/hersco/training_new_domains/2026-08-21/statistical_replication_stage1_mcts_eval/20430094_Ev_rover_rover_mcts_orig_vh_e.5_c.1_s1510771779_K0_SR10M_src20401245_e0090.txt,,,,,,,,,,
rover,on,stage1,923500475,2.0,2.0,4,4,4,C:\Users\roeeh\Desktop\School\Meitar\Thesis\Code\numeric-asnets\.codex-worktrees\mcts-safe-context\experiment_tracking\stage1_policy_mcts_seed_cutoffs_latest.csv,/home/hersco/training_new_domains/2026-08-21/statistical_replication_stage1_policy_eval/20428007_Ev_rover_rover_orig_vh_c.1_s923500475_SR10P_src20401246_e0004.txt,/home/hersco/training_new_domains/2026-08-21/statistical_replication_stage1_mcts_eval/20430095_Ev_rover_rover_mcts_orig_vh_e.5_c.1_s923500475_K0_SR10M_src20401246_e0004.txt,,,,,,,,,,
rover,on,stage1,1972442430,4.0,4.0,4,4,4,C:\Users\roeeh\Desktop\School\Meitar\Thesis\Code\numeric-asnets\.codex-worktrees\mcts-safe-context\experiment_tracking\stage1_policy_mcts_seed_cutoffs_latest.csv,/home/hersco/training_new_domains/2026-08-21/statistical_replication_stage1_policy_eval/20428032_Ev_rover_rover_orig_vh_c.1_s1972442430_SR10P_src20401247_e0071.txt,/home/hersco/training_new_domains/2026-08-21/statistical_replication_stage1_mcts_eval/20430096_Ev_rover_rover_mcts_orig_vh_e.5_c.1_s1972442430_K0_SR10M_src20401247_e0071.txt,,,,,,,,,,
counters,off,stage1,1963100312,17.0,17.0,22,22,22,C:\Users\roeeh\Desktop\School\Meitar\Thesis\Code\numeric-asnets\.codex-worktrees\mcts-safe-context\experiment_tracking\stage1_policy_mcts_seed_cutoffs_latest.csv,/home/hersco/training_new_domains/2026-08-21/statistical_replication_stage1_policy_eval/20428710_Ev_counters_counters_orig_novh_c.1_s1963100312_SR10P_src20401258_e0101.txt,/home/hersco/training_new_domains/2026-08-27/statistical_replication_stage1_mcts_eval/20620548_Ev_counters_counters_mcts_orig_novh_e.5_c.1_s1963100312_K0_SR10M_src20401258_e0101.txt,,,,,,,,,,
counters,off,stage1,2011206605,19.0,19.0,21,21,21,C:\Users\roeeh\Desktop\School\Meitar\Thesis\Code\numeric-asnets\.codex-worktrees\mcts-safe-context\experiment_tracking\stage1_policy_mcts_seed_cutoffs_latest.csv,/home/hersco/training_new_domains/2026-08-21/statistical_replication_stage1_policy_eval/20428752_Ev_counters_counters_orig_novh_c.1_s2011206605_SR10P_src20401259_e0037.txt,/home/hersco/training_new_domains/2026-08-27/statistical_replication_stage1_mcts_eval/20620549_Ev_counters_counters_mcts_orig_novh_e.5_c.1_s2011206605_K0_SR10M_src20401259_e0037.txt,,,,,,,,,,
counters,off,stage1,1073581256,59.0,59.0,52,59,59,C:\Users\roeeh\Desktop\School\Meitar\Thesis\Code\numeric-asnets\.codex-worktrees\mcts-safe-context\experiment_tracking\stage1_policy_mcts_seed_cutoffs_latest.csv,/home/hersco/training_new_domains/2026-08-21/statistical_replication_stage1_policy_eval/20428778_Ev_counters_counters_orig_novh_c.1_s1073581256_SR10P_src20401260_e0003.txt,/home/hersco/training_new_domains/2026-08-27/counters_stage1_narrow_mcts/20620550_Ev_counters_counters_mcts_orig_novh_e.5_c.1_s1073581256_K0_SR10M_src20401260_e0003.txt,,,,,,,,,,
counters,off,stage1,1239739722,17.0,17.0,17,17,17,C:\Users\roeeh\Desktop\School\Meitar\Thesis\Code\numeric-asnets\.codex-worktrees\mcts-safe-context\experiment_tracking\stage1_policy_mcts_seed_cutoffs_latest.csv,/home/hersco/training_new_domains/2026-08-21/statistical_replication_stage1_policy_eval/20428780_Ev_counters_counters_orig_novh_c.1_s1239739722_SR10P_src20401261_e0005.txt,/home/hersco/training_new_domains/2026-08-27/counters_stage1_narrow_mcts/20620551_Ev_counters_counters_mcts_orig_novh_e.5_c.1_s1239739722_K0_SR10M_src20401261_e0005.txt,,,,,,,,,,
counters,on,stage1,2011206605,7.0,7.0,14,14,14,C:\Users\roeeh\Desktop\School\Meitar\Thesis\Code\numeric-asnets\.codex-worktrees\mcts-safe-context\experiment_tracking\stage1_policy_mcts_seed_cutoffs_latest.csv,/home/hersco/training_new_domains/2026-08-21/statistical_replication_stage1_policy_eval/20429498_Ev_counters_counters_orig_vh_c.1_s2011206605_SR10P_src20401269_e0009.txt,/home/hersco/training_new_domains/2026-08-27/statistical_replication_stage1_mcts_eval/20620559_Ev_counters_counters_mcts_orig_vh_e.5_c.1_s2011206605_K0_SR10M_src20401269_e0009.txt,,,,,,,,,,
counters,on,stage1,1239739722,8.0,8.0,15,16,16,C:\Users\roeeh\Desktop\School\Meitar\Thesis\Code\numeric-asnets\.codex-worktrees\mcts-safe-context\experiment_tracking\stage1_policy_mcts_seed_cutoffs_latest.csv,/home/hersco/training_new_domains/2026-08-21/statistical_replication_stage1_policy_eval/20429535_Ev_counters_counters_orig_vh_c.1_s1239739722_SR10P_src20401271_e0080.txt,/home/hersco/training_new_domains/2026-08-27/statistical_replication_stage1_mcts_eval/20620561_Ev_counters_counters_mcts_orig_vh_e.5_c.1_s1239739722_K0_SR10M_src20401271_e0080.txt,,,,,,,,,,
counters,on,stage1,534933607,59.0,59.0,49,59,59,C:\Users\roeeh\Desktop\School\Meitar\Thesis\Code\numeric-asnets\.codex-worktrees\mcts-safe-context\experiment_tracking\stage1_policy_mcts_seed_cutoffs_latest.csv,/home/hersco/training_new_domains/2026-08-21/statistical_replication_stage1_policy_eval/20429771_Ev_counters_counters_orig_vh_c.1_s534933607_SR10P_src20401273_e0011.txt,/home/hersco/training_new_domains/2026-08-27/counters_stage1_narrow_mcts/20620563_Ev_counters_counters_mcts_orig_vh_e.5_c.1_s534933607_K0_SR10M_src20401273_e0011.txt,,,,,,,,,,
counters,on,stage1,2082152039,9.0,9.0,14,14,14,C:\Users\roeeh\Desktop\School\Meitar\Thesis\Code\numeric-asnets\.codex-worktrees\mcts-safe-context\experiment_tracking\stage1_policy_mcts_seed_cutoffs_latest.csv,/home/hersco/training_new_domains/2026-08-21/statistical_replication_stage1_policy_eval/20429840_Ev_counters_counters_orig_vh_c.1_s2082152039_SR10P_src20401274_e0097.txt,/home/hersco/training_new_domains/2026-08-27/statistical_replication_stage1_mcts_eval/20620564_Ev_counters_counters_mcts_orig_vh_e.5_c.1_s2082152039_K0_SR10M_src20401274_e0097.txt,,,,,,,,,,
counters,on,stage1,1472491096,20.0,20.0,26,26,26,C:\Users\roeeh\Desktop\School\Meitar\Thesis\Code\numeric-asnets\.codex-worktrees\mcts-safe-context\experiment_tracking\stage1_policy_mcts_seed_cutoffs_latest.csv,/home/hersco/training_new_domains/2026-08-21/statistical_replication_stage1_policy_eval/20429559_Ev_counters_counters_orig_vh_c.1_s1472491096_SR10P_src20401272_e0018.txt,/home/hersco/training_new_domains/2026-08-27/statistical_replication_stage1_mcts_eval/20620562_Ev_counters_counters_mcts_orig_vh_e.5_c.1_s1472491096_K0_SR10M_src20401272_e0018.txt,,,,,,,,,,
counters,off,stage1,1472491096,38.0,38.0,38,38,38,C:\Users\roeeh\Desktop\School\Meitar\Thesis\Code\numeric-asnets\.codex-worktrees\mcts-safe-context\experiment_tracking\stage1_policy_mcts_seed_cutoffs_latest.csv,/home/hersco/training_new_domains/2026-08-21/statistical_replication_stage1_policy_eval/20428811_Ev_counters_counters_orig_novh_c.1_s1472491096_SR10P_src20401262_e0020.txt,/home/hersco/training_new_domains/2026-08-27/statistical_replication_stage1_mcts_eval/20620552_Ev_counters_counters_mcts_orig_novh_e.5_c.1_s1472491096_K0_SR10M_src20401262_e0020.txt,,,,,,,,,,
counters,off,stage1,1510771779,10.0,10.0,17,17,17,C:\Users\roeeh\Desktop\School\Meitar\Thesis\Code\numeric-asnets\.codex-worktrees\mcts-safe-context\experiment_tracking\stage1_policy_mcts_seed_cutoffs_latest.csv,/home/hersco/training_new_domains/2026-08-21/statistical_replication_stage1_policy_eval/20429156_Ev_counters_counters_orig_novh_c.1_s1510771779_SR10P_src20401265_e0001.txt,/home/hersco/training_new_domains/2026-08-27/statistical_replication_stage1_mcts_eval/20620555_Ev_counters_counters_mcts_orig_novh_e.5_c.1_s1510771779_K0_SR10M_src20401265_e0001.txt,,,,,,,,,,
counters,on,stage1,1510771779,3.0,3.0,16,17,17,C:\Users\roeeh\Desktop\School\Meitar\Thesis\Code\numeric-asnets\.codex-worktrees\mcts-safe-context\experiment_tracking\stage1_policy_mcts_seed_cutoffs_latest.csv,/home/hersco/training_new_domains/2026-08-21/statistical_replication_stage1_policy_eval/20429872_Ev_counters_counters_orig_vh_c.1_s1510771779_SR10P_src20401275_e0041.txt,/home/hersco/training_new_domains/2026-08-27/statistical_replication_stage1_mcts_eval/20620565_Ev_counters_counters_mcts_orig_vh_e.5_c.1_s1510771779_K0_SR10M_src20401275_e0041.txt,,,,,,,,,,
counters,on,stage1,923500475,3.0,3.0,17,17,17,C:\Users\roeeh\Desktop\School\Meitar\Thesis\Code\numeric-asnets\.codex-worktrees\mcts-safe-context\experiment_tracking\stage1_policy_mcts_seed_cutoffs_latest.csv,/home/hersco/training_new_domains/2026-08-21/statistical_replication_stage1_policy_eval/20429883_Ev_counters_counters_orig_vh_c.1_s923500475_SR10P_src20401276_e0002.txt,/home/hersco/training_new_domains/2026-08-27/statistical_replication_stage1_mcts_eval/20620566_Ev_counters_counters_mcts_orig_vh_e.5_c.1_s923500475_K0_SR10M_src20401276_e0002.txt,,,,,,,,,,
counters,off,stage1,534933607,59.0,59.0,23,23,23,C:\Users\roeeh\Desktop\School\Meitar\Thesis\Code\numeric-asnets\.codex-worktrees\mcts-safe-context\experiment_tracking\stage1_policy_mcts_seed_cutoffs_latest.csv,/home/hersco/training_new_domains/2026-08-21/statistical_replication_stage1_policy_eval/20429101_Ev_counters_counters_orig_novh_c.1_s534933607_SR10P_src20401263_e0043.txt,/home/hersco/training_new_domains/2026-08-27/statistical_replication_stage1_mcts_eval/20620553_Ev_counters_counters_mcts_orig_novh_e.5_c.1_s534933607_K0_SR10M_src20401263_e0043.txt,,,,,,,,,,
counters,off,stage1,2082152039,35.0,35.0,18,18,18,C:\Users\roeeh\Desktop\School\Meitar\Thesis\Code\numeric-asnets\.codex-worktrees\mcts-safe-context\experiment_tracking\stage1_policy_mcts_seed_cutoffs_latest.csv,/home/hersco/training_new_domains/2026-08-21/statistical_replication_stage1_policy_eval/20429130_Ev_counters_counters_orig_novh_c.1_s2082152039_SR10P_src20401264_e0012.txt,/home/hersco/training_new_domains/2026-08-27/statistical_replication_stage1_mcts_eval/20620554_Ev_counters_counters_mcts_orig_novh_e.5_c.1_s2082152039_K0_SR10M_src20401264_e0012.txt,,,,,,,,,,
counters,off,stage1,923500475,59.0,59.0,28,28,29,C:\Users\roeeh\Desktop\School\Meitar\Thesis\Code\numeric-asnets\.codex-worktrees\mcts-safe-context\experiment_tracking\stage1_policy_mcts_seed_cutoffs_latest.csv,/home/hersco/training_new_domains/2026-08-21/statistical_replication_stage1_policy_eval/20429173_Ev_counters_counters_orig_novh_c.1_s923500475_SR10P_src20401266_e0012.txt,/home/hersco/training_new_domains/2026-08-27/statistical_replication_stage1_mcts_eval/20620556_Ev_counters_counters_mcts_orig_novh_e.5_c.1_s923500475_K0_SR10M_src20401266_e0012.txt,,,,,,,,,,
counters,off,stage1,1972442430,12.0,12.0,13,13,13,C:\Users\roeeh\Desktop\School\Meitar\Thesis\Code\numeric-asnets\.codex-worktrees\mcts-safe-context\experiment_tracking\stage1_policy_mcts_seed_cutoffs_latest.csv,/home/hersco/training_new_domains/2026-08-21/statistical_replication_stage1_policy_eval/20429194_Ev_counters_counters_orig_novh_c.1_s1972442430_SR10P_src20401267_e0053.txt,/home/hersco/training_new_domains/2026-08-27/statistical_replication_stage1_mcts_eval/20620557_Ev_counters_counters_mcts_orig_novh_e.5_c.1_s1972442430_K0_SR10M_src20401267_e0053.txt,,,,,,,,,,
counters,on,stage1,1963100312,3.0,3.0,13,13,13,C:\Users\roeeh\Desktop\School\Meitar\Thesis\Code\numeric-asnets\.codex-worktrees\mcts-safe-context\experiment_tracking\stage1_policy_mcts_seed_cutoffs_latest.csv,/home/hersco/training_new_domains/2026-08-21/statistical_replication_stage1_policy_eval/20429486_Ev_counters_counters_orig_vh_c.1_s1963100312_SR10P_src20401268_e0204.txt,/home/hersco/training_new_domains/2026-08-27/statistical_replication_stage1_mcts_eval/20620558_Ev_counters_counters_mcts_orig_vh_e.5_c.1_s1963100312_K0_SR10M_src20401268_e0204.txt,,,,,,,,,,
counters,on,stage1,1073581256,59.0,59.0,23,29,33,C:\Users\roeeh\Desktop\School\Meitar\Thesis\Code\numeric-asnets\.codex-worktrees\mcts-safe-context\experiment_tracking\stage1_policy_mcts_seed_cutoffs_latest.csv,/home/hersco/training_new_domains/2026-08-21/statistical_replication_stage1_policy_eval/20429518_Ev_counters_counters_orig_vh_c.1_s1073581256_SR10P_src20401270_e0042.txt,/home/hersco/training_new_domains/2026-08-27/statistical_replication_stage1_mcts_eval/20620560_Ev_counters_counters_mcts_orig_vh_e.5_c.1_s1073581256_K0_SR10M_src20401270_e0042.txt,,,,,,,,,,
counters,on,stage1,1972442430,15.0,15.0,16,16,16,C:\Users\roeeh\Desktop\School\Meitar\Thesis\Code\numeric-asnets\.codex-worktrees\mcts-safe-context\experiment_tracking\stage1_policy_mcts_seed_cutoffs_latest.csv,/home/hersco/training_new_domains/2026-08-21/statistical_replication_stage1_policy_eval/20429894_Ev_counters_counters_orig_vh_c.1_s1972442430_SR10P_src20401277_e0001.txt,/home/hersco/training_new_domains/2026-08-27/statistical_replication_stage1_mcts_eval/20620567_Ev_counters_counters_mcts_orig_vh_e.5_c.1_s1972442430_K0_SR10M_src20401277_e0001.txt,,,,,,,,,,
block_grouping,off,stage2,534933607,17.0,17.0,13,16,16,C:\Users\roeeh\Desktop\School\Meitar\Thesis\Code\numeric-asnets\.codex-worktrees\mcts-safe-context\experiment_tracking\stage2_policy_mcts_seed_cutoffs_latest.csv,/home/hersco/training_new_domains/2026-08-22/statistical_replication_stage2_policy_eval/20488009_Ev_block_grouping_block_grouping_orig_novh_c.1_s534933607_SR10P_src20430360_e0010.txt,/home/hersco/training_new_domains/2026-09-03/statistical_replication_stage2_mcts_eval/20891020_Ev_block_grouping_block_grouping_mcts_orig_novh_e.5_c.1_s534933607_K0_SR10M_src20430360_e0010.txt,,,,,,,,,,
block_grouping,off,stage2,923500475,15.0,15.0,11,15,15,C:\Users\roeeh\Desktop\School\Meitar\Thesis\Code\numeric-asnets\.codex-worktrees\mcts-safe-context\experiment_tracking\stage2_policy_mcts_seed_cutoffs_latest.csv,/home/hersco/training_new_domains/2026-08-22/statistical_replication_stage2_policy_eval/20488096_Ev_block_grouping_block_grouping_orig_novh_c.1_s923500475_SR10P_src20430363_e0002.txt,/home/hersco/training_new_domains/2026-09-03/statistical_replication_stage2_mcts_eval/20891021_Ev_block_grouping_block_grouping_mcts_orig_novh_e.5_c.1_s923500475_K0_SR10M_src20430363_e0002.txt,,,,,,,,,,
block_grouping,off,stage2,1073581256,17.0,17.0,11,15,17,C:\Users\roeeh\Desktop\School\Meitar\Thesis\Code\numeric-asnets\.codex-worktrees\mcts-safe-context\experiment_tracking\stage2_policy_mcts_seed_cutoffs_latest.csv,/home/hersco/training_new_domains/2026-08-22/statistical_replication_stage2_policy_eval/20487962_Ev_block_grouping_block_grouping_orig_novh_c.1_s1073581256_SR10P_src20430357_e0007.txt,/home/hersco/training_new_domains/2026-09-03/statistical_replication_stage2_mcts_eval/20891022_Ev_block_grouping_block_grouping_mcts_orig_novh_e.5_c.1_s1073581256_K0_SR10M_src20430357_e0007.txt,,,,,,,,,,
block_grouping,off,stage2,1239739722,17.0,17.0,14,17,17,C:\Users\roeeh\Desktop\School\Meitar\Thesis\Code\numeric-asnets\.codex-worktrees\mcts-safe-context\experiment_tracking\stage2_policy_mcts_seed_cutoffs_latest.csv,/home/hersco/training_new_domains/2026-08-22/statistical_replication_stage2_policy_eval/20487984_Ev_block_grouping_block_grouping_orig_novh_c.1_s1239739722_SR10P_src20430358_e0004.txt,/home/hersco/training_new_domains/2026-09-03/statistical_replication_stage2_mcts_eval/20891023_Ev_block_grouping_block_grouping_mcts_orig_novh_e.5_c.1_s1239739722_K0_SR10M_src20430358_e0004.txt,,,,,,,,,,
block_grouping,off,stage2,1472491096,15.0,15.0,11,16,16,C:\Users\roeeh\Desktop\School\Meitar\Thesis\Code\numeric-asnets\.codex-worktrees\mcts-safe-context\experiment_tracking\stage2_policy_mcts_seed_cutoffs_latest.csv,/home/hersco/training_new_domains/2026-08-22/statistical_replication_stage2_policy_eval/20488006_Ev_block_grouping_block_grouping_orig_novh_c.1_s1472491096_SR10P_src20430359_e0002.txt,/home/hersco/training_new_domains/2026-09-03/statistical_replication_stage2_mcts_eval/20891024_Ev_block_grouping_block_grouping_mcts_orig_novh_e.5_c.1_s1472491096_K0_SR10M_src20430359_e0002.txt,,,,,,,,,,
block_grouping,off,stage2,1510771779,17.0,17.0,12,17,17,C:\Users\roeeh\Desktop\School\Meitar\Thesis\Code\numeric-asnets\.codex-worktrees\mcts-safe-context\experiment_tracking\stage2_policy_mcts_seed_cutoffs_latest.csv,/home/hersco/training_new_domains/2026-08-22/statistical_replication_stage2_policy_eval/20488074_Ev_block_grouping_block_grouping_orig_novh_c.1_s1510771779_SR10P_src20430362_e0008.txt,/home/hersco/training_new_domains/2026-09-03/statistical_replication_stage2_mcts_eval/20891025_Ev_block_grouping_block_grouping_mcts_orig_novh_e.5_c.1_s1510771779_K0_SR10M_src20430362_e0008.txt,,,,,,,,,,
block_grouping,off,stage2,1963100312,15.0,15.0,11,15,15,C:\Users\roeeh\Desktop\School\Meitar\Thesis\Code\numeric-asnets\.codex-worktrees\mcts-safe-context\experiment_tracking\stage2_policy_mcts_seed_cutoffs_latest.csv,/home/hersco/training_new_domains/2026-08-22/statistical_replication_stage2_policy_eval/20487884_Ev_block_grouping_block_grouping_orig_novh_c.1_s1963100312_SR10P_src20430354_e0000.txt,/home/hersco/training_new_domains/2026-09-03/statistical_replication_stage2_mcts_eval/20891026_Ev_block_grouping_block_grouping_mcts_orig_novh_e.5_c.1_s1963100312_K0_SR10M_src20430354_e0000.txt,,,,,,,,,,
block_grouping,off,stage2,1972442430,17.0,17.0,11,14,15,C:\Users\roeeh\Desktop\School\Meitar\Thesis\Code\numeric-asnets\.codex-worktrees\mcts-safe-context\experiment_tracking\stage2_policy_mcts_seed_cutoffs_latest.csv,/home/hersco/training_new_domains/2026-08-22/statistical_replication_stage2_policy_eval/20489063_Ev_block_grouping_block_grouping_orig_novh_c.1_s1972442430_SR10P_src20430364_e0002.txt,/home/hersco/training_new_domains/2026-09-03/statistical_replication_stage2_mcts_eval/20891027_Ev_block_grouping_block_grouping_mcts_orig_novh_e.5_c.1_s1972442430_K0_SR10M_src20430364_e0002.txt,,,,,,,,,,
block_grouping,off,stage2,2011206605,15.0,15.0,9,12,14,C:\Users\roeeh\Desktop\School\Meitar\Thesis\Code\numeric-asnets\.codex-worktrees\mcts-safe-context\experiment_tracking\stage2_policy_mcts_seed_cutoffs_latest.csv,/home/hersco/training_new_domains/2026-08-22/statistical_replication_stage2_policy_eval/20487905_Ev_block_grouping_block_grouping_orig_novh_c.1_s2011206605_SR10P_src20430355_e0000.txt,/home/hersco/training_new_domains/2026-09-04/statistical_replication_stage2_mcts_eval/20943868_Ev_block_grouping_block_grouping_mcts_orig_novh_e.5_c.1_s2011206605_K0_SR10M_src20430355_e0000.txt,,,,,,,,,,
block_grouping,off,stage2,2082152039,15.0,15.0,11,13,15,C:\Users\roeeh\Desktop\School\Meitar\Thesis\Code\numeric-asnets\.codex-worktrees\mcts-safe-context\experiment_tracking\stage2_policy_mcts_seed_cutoffs_latest.csv,/home/hersco/training_new_domains/2026-08-22/statistical_replication_stage2_policy_eval/20488049_Ev_block_grouping_block_grouping_orig_novh_c.1_s2082152039_SR10P_src20430361_e0002.txt,/home/hersco/training_new_domains/2026-09-04/statistical_replication_stage2_mcts_eval/20943871_Ev_block_grouping_block_grouping_mcts_orig_novh_e.5_c.1_s2082152039_K0_SR10M_src20430361_e0002.txt,,,,,,,,,,
block_grouping,on,stage2,534933607,11.0,11.0,10,10,13,C:\Users\roeeh\Desktop\School\Meitar\Thesis\Code\numeric-asnets\.codex-worktrees\mcts-safe-context\experiment_tracking\stage2_policy_mcts_seed_cutoffs_latest.csv,/home/hersco/training_new_domains/2026-08-24/statistical_replication_stage2_policy_eval/20523045_Ev_block_grouping_block_grouping_orig_vh_c.1_s534933607_SR10P_src20430349_e0055.txt,/home/hersco/training_new_domains/2026-08-25/statistical_replication_stage2_mcts_eval/20559485_Ev_block_grouping_block_grouping_mcts_orig_vh_e.5_c.1_s534933607_K0_SR10M_src20430349_e0055.txt,,,,,,,,,,
block_grouping,on,stage2,923500475,11.0,11.0,8,8,11,C:\Users\roeeh\Desktop\School\Meitar\Thesis\Code\numeric-asnets\.codex-worktrees\mcts-safe-context\experiment_tracking\stage2_policy_mcts_seed_cutoffs_latest.csv,/home/hersco/training_new_domains/2026-08-24/statistical_replication_stage2_policy_eval/20523154_Ev_block_grouping_block_grouping_orig_vh_c.1_s923500475_SR10P_src20430352_e0038.txt,/home/hersco/training_new_domains/2026-08-25/statistical_replication_stage2_mcts_eval/20559488_Ev_block_grouping_block_grouping_mcts_orig_vh_e.5_c.1_s923500475_K0_SR10M_src20430352_e0038.txt,,,,,,,,,,
block_grouping,on,stage2,1073581256,13.0,13.0,11,14,14,C:\Users\roeeh\Desktop\School\Meitar\Thesis\Code\numeric-asnets\.codex-worktrees\mcts-safe-context\experiment_tracking\stage2_policy_mcts_seed_cutoffs_latest.csv,/home/hersco/training_new_domains/2026-08-22/statistical_replication_stage2_policy_eval/20487861_Ev_block_grouping_block_grouping_orig_vh_c.1_s1073581256_SR10P_src20430346_e0019.txt,/home/hersco/training_new_domains/2026-09-04/statistical_replication_stage2_mcts_eval/20944335_Ev_block_grouping_block_grouping_mcts_orig_vh_e.5_c.1_s1073581256_K0_SR10M_src20430346_e0019.txt,,,,,,,,,,
block_grouping,on,stage2,1239739722,16.0,16.0,12,12,14,C:\Users\roeeh\Desktop\School\Meitar\Thesis\Code\numeric-asnets\.codex-worktrees\mcts-safe-context\experiment_tracking\stage2_policy_mcts_seed_cutoffs_latest.csv,/home/hersco/training_new_domains/2026-08-24/statistical_replication_stage2_policy_eval/20522994_Ev_block_grouping_block_grouping_orig_vh_c.1_s1239739722_SR10P_src20430347_e0000.txt,/home/hersco/training_new_domains/2026-08-25/statistical_replication_stage2_mcts_eval/20559484_Ev_block_grouping_block_grouping_mcts_orig_vh_e.5_c.1_s1239739722_K0_SR10M_src20430347_e0000.txt,,,,,,,,,,
block_grouping,on,stage2,1472491096,16.0,16.0,12,13,16,C:\Users\roeeh\Desktop\School\Meitar\Thesis\Code\numeric-asnets\.codex-worktrees\mcts-safe-context\experiment_tracking\stage2_policy_mcts_seed_cutoffs_latest.csv,/home/hersco/training_new_domains/2026-08-22/statistical_replication_stage2_policy_eval/20487883_Ev_block_grouping_block_grouping_orig_vh_c.1_s1472491096_SR10P_src20430348_e0069.txt,/home/hersco/training_new_domains/2026-09-04/statistical_replication_stage2_mcts_eval/20943875_Ev_block_grouping_block_grouping_mcts_orig_vh_e.5_c.1_s1472491096_K0_SR10M_src20430348_e0069.txt,,,,,,,,,,
block_grouping,on,stage2,1510771779,14.0,14.0,12,13,14,C:\Users\roeeh\Desktop\School\Meitar\Thesis\Code\numeric-asnets\.codex-worktrees\mcts-safe-context\experiment_tracking\stage2_policy_mcts_seed_cutoffs_latest.csv,/home/hersco/training_new_domains/2026-08-24/statistical_replication_stage2_policy_eval/20523132_Ev_block_grouping_block_grouping_orig_vh_c.1_s1510771779_SR10P_src20430351_e0041.txt,/home/hersco/training_new_domains/2026-08-25/statistical_replication_stage2_mcts_eval/20559487_Ev_block_grouping_block_grouping_mcts_orig_vh_e.5_c.1_s1510771779_K0_SR10M_src20430351_e0041.txt,,,,,,,,,,
block_grouping,on,stage2,1963100312,11.0,11.0,8,8,11,C:\Users\roeeh\Desktop\School\Meitar\Thesis\Code\numeric-asnets\.codex-worktrees\mcts-safe-context\experiment_tracking\stage2_policy_mcts_seed_cutoffs_latest.csv,/home/hersco/training_new_domains/2026-08-24/statistical_replication_stage2_policy_eval/20522958_Ev_block_grouping_block_grouping_orig_vh_c.1_s1963100312_SR10P_src20430344_e0023.txt,/home/hersco/training_new_domains/2026-08-25/statistical_replication_stage2_mcts_eval/20559482_Ev_block_grouping_block_grouping_mcts_orig_vh_e.5_c.1_s1963100312_K0_SR10M_src20430344_e0023.txt,,,,,,,,,,
block_grouping,on,stage2,1972442430,12.0,12.0,9,9,10,C:\Users\roeeh\Desktop\School\Meitar\Thesis\Code\numeric-asnets\.codex-worktrees\mcts-safe-context\experiment_tracking\stage2_policy_mcts_seed_cutoffs_latest.csv,/home/hersco/training_new_domains/2026-08-24/statistical_replication_stage2_policy_eval/20523176_Ev_block_grouping_block_grouping_orig_vh_c.1_s1972442430_SR10P_src20430353_e0009.txt,/home/hersco/training_new_domains/2026-08-25/statistical_replication_stage2_mcts_eval/20559489_Ev_block_grouping_block_grouping_mcts_orig_vh_e.5_c.1_s1972442430_K0_SR10M_src20430353_e0009.txt,,,,,,,,,,
block_grouping,on,stage2,2011206605,12.0,12.0,9,9,11,C:\Users\roeeh\Desktop\School\Meitar\Thesis\Code\numeric-asnets\.codex-worktrees\mcts-safe-context\experiment_tracking\stage2_policy_mcts_seed_cutoffs_latest.csv,/home/hersco/training_new_domains/2026-08-24/statistical_replication_stage2_policy_eval/20522993_Ev_block_grouping_block_grouping_orig_vh_c.1_s2011206605_SR10P_src20430345_e0008.txt,/home/hersco/training_new_domains/2026-08-25/statistical_replication_stage2_mcts_eval/20559483_Ev_block_grouping_block_grouping_mcts_orig_vh_e.5_c.1_s2011206605_K0_SR10M_src20430345_e0008.txt,,,,,,,,,,
block_grouping,on,stage2,2082152039,12.0,12.0,10,10,12,C:\Users\roeeh\Desktop\School\Meitar\Thesis\Code\numeric-asnets\.codex-worktrees\mcts-safe-context\experiment_tracking\stage2_policy_mcts_seed_cutoffs_latest.csv,/home/hersco/training_new_domains/2026-08-24/statistical_replication_stage2_policy_eval/20523110_Ev_block_grouping_block_grouping_orig_vh_c.1_s2082152039_SR10P_src20430350_e0034.txt,/home/hersco/training_new_domains/2026-08-25/statistical_replication_stage2_mcts_eval/20559486_Ev_block_grouping_block_grouping_mcts_orig_vh_e.5_c.1_s2082152039_K0_SR10M_src20430350_e0034.txt,,,,,,,,,,
counters,off,stage2,534933607,6.0,6.0,9,9,9,C:\Users\roeeh\Desktop\School\Meitar\Thesis\Code\numeric-asnets\.codex-worktrees\mcts-safe-context\experiment_tracking\stage2_policy_mcts_seed_cutoffs_latest.csv,/home/hersco/training_new_domains/2026-08-21/statistical_replication_stage2_policy_eval/20465165_Ev_counters_counters_orig_novh_c.1_s534933607_SR10P_src20430422_e0008.txt,/home/hersco/training_new_domains/2026-08-27/statistical_replication_stage2_mcts_eval/20649849_Ev_counters_counters_mcts_orig_novh_e.5_c.1_s534933607_K0_SR10M_src20430422_e0008.txt,,,,,,,,,,
counters,off,stage2,923500475,32.0,32.0,33,33,33,C:\Users\roeeh\Desktop\School\Meitar\Thesis\Code\numeric-asnets\.codex-worktrees\mcts-safe-context\experiment_tracking\stage2_policy_mcts_seed_cutoffs_latest.csv,/home/hersco/training_new_domains/2026-08-21/statistical_replication_stage2_policy_eval/20465209_Ev_counters_counters_orig_novh_c.1_s923500475_SR10P_src20430425_e0000.txt,/home/hersco/training_new_domains/2026-08-27/statistical_replication_stage2_mcts_eval/20649852_Ev_counters_counters_mcts_orig_novh_e.5_c.1_s923500475_K0_SR10M_src20430425_e0000.txt,,,,,,,,,,
counters,off,stage2,1073581256,53.0,53.0,51,51,51,C:\Users\roeeh\Desktop\School\Meitar\Thesis\Code\numeric-asnets\.codex-worktrees\mcts-safe-context\experiment_tracking\stage2_policy_mcts_seed_cutoffs_latest.csv,/home/hersco/training_new_domains/2026-08-21/statistical_replication_stage2_policy_eval/20451602_Ev_counters_counters_orig_novh_c.1_s1073581256_SR10P_src20430419_e0000.txt,/home/hersco/training_new_domains/2026-08-27/statistical_replication_stage2_mcts_eval/20649846_Ev_counters_counters_mcts_orig_novh_e.5_c.1_s1073581256_K0_SR10M_src20430419_e0000.txt,,,,,,,,,,
counters,off,stage2,1239739722,21.0,21.0,22,22,22,C:\Users\roeeh\Desktop\School\Meitar\Thesis\Code\numeric-asnets\.codex-worktrees\mcts-safe-context\experiment_tracking\stage2_policy_mcts_seed_cutoffs_latest.csv,/home/hersco/training_new_domains/2026-08-21/statistical_replication_stage2_policy_eval/20465054_Ev_counters_counters_orig_novh_c.1_s1239739722_SR10P_src20430420_e0005.txt,/home/hersco/training_new_domains/2026-08-27/statistical_replication_stage2_mcts_eval/20649847_Ev_counters_counters_mcts_orig_novh_e.5_c.1_s1239739722_K0_SR10M_src20430420_e0005.txt,,,,,,,,,,
counters,off,stage2,1472491096,18.0,18.0,18,18,18,C:\Users\roeeh\Desktop\School\Meitar\Thesis\Code\numeric-asnets\.codex-worktrees\mcts-safe-context\experiment_tracking\stage2_policy_mcts_seed_cutoffs_latest.csv,/home/hersco/training_new_domains/2026-08-21/statistical_replication_stage2_policy_eval/20465075_Ev_counters_counters_orig_novh_c.1_s1472491096_SR10P_src20430421_e0005.txt,/home/hersco/training_new_domains/2026-08-27/statistical_replication_stage2_mcts_eval/20649848_Ev_counters_counters_mcts_orig_novh_e.5_c.1_s1472491096_K0_SR10M_src20430421_e0005.txt,,,,,,,,,,
counters,off,stage2,1510771779,45.0,45.0,48,48,48,C:\Users\roeeh\Desktop\School\Meitar\Thesis\Code\numeric-asnets\.codex-worktrees\mcts-safe-context\experiment_tracking\stage2_policy_mcts_seed_cutoffs_latest.csv,/home/hersco/training_new_domains/2026-08-21/statistical_replication_stage2_policy_eval/20465208_Ev_counters_counters_orig_novh_c.1_s1510771779_SR10P_src20430424_e0037.txt,/home/hersco/training_new_domains/2026-08-27/statistical_replication_stage2_mcts_eval/20649851_Ev_counters_counters_mcts_orig_novh_e.5_c.1_s1510771779_K0_SR10M_src20430424_e0037.txt,,,,,,,,,,
counters,off,stage2,1963100312,59.0,59.0,40,49,49,C:\Users\roeeh\Desktop\School\Meitar\Thesis\Code\numeric-asnets\.codex-worktrees\mcts-safe-context\experiment_tracking\stage2_policy_mcts_seed_cutoffs_latest.csv,/home/hersco/training_new_domains/2026-08-21/statistical_replication_stage2_policy_eval/20451601_Ev_counters_counters_orig_novh_c.1_s1963100312_SR10P_src20430416_e0033.txt,/home/hersco/training_new_domains/2026-08-27/statistical_replication_stage2_mcts_eval/20649844_Ev_counters_counters_mcts_orig_novh_e.5_c.1_s1963100312_K0_SR10M_src20430416_e0033.txt,,,,,,,,,,
counters,off,stage2,1972442430,37.0,37.0,38,38,38,C:\Users\roeeh\Desktop\School\Meitar\Thesis\Code\numeric-asnets\.codex-worktrees\mcts-safe-context\experiment_tracking\stage2_policy_mcts_seed_cutoffs_latest.csv,/home/hersco/training_new_domains/2026-08-21/statistical_replication_stage2_policy_eval/20465251_Ev_counters_counters_orig_novh_c.1_s1972442430_SR10P_src20430426_e0082.txt,/home/hersco/training_new_domains/2026-08-27/statistical_replication_stage2_mcts_eval/20649853_Ev_counters_counters_mcts_orig_novh_e.5_c.1_s1972442430_K0_SR10M_src20430426_e0082.txt,,,,,,,,,,
counters,off,stage2,2011206605,39.0,39.0,40,40,40,C:\Users\roeeh\Desktop\School\Meitar\Thesis\Code\numeric-asnets\.codex-worktrees\mcts-safe-context\experiment_tracking\stage2_policy_mcts_seed_cutoffs_latest.csv,/home/hersco/training_new_domains/2026-08-21/statistical_replication_stage2_policy_eval/20465052_Ev_counters_counters_orig_novh_c.1_s2011206605_SR10P_src20430417_e0012.txt,/home/hersco/training_new_domains/2026-08-27/statistical_replication_stage2_mcts_eval/20649845_Ev_counters_counters_mcts_orig_novh_e.5_c.1_s2011206605_K0_SR10M_src20430417_e0012.txt,,,,,,,,,,
counters,off,stage2,2082152039,59.0,59.0,50,59,59,C:\Users\roeeh\Desktop\School\Meitar\Thesis\Code\numeric-asnets\.codex-worktrees\mcts-safe-context\experiment_tracking\stage2_policy_mcts_seed_cutoffs_latest.csv,/home/hersco/training_new_domains/2026-08-21/statistical_replication_stage2_policy_eval/20465166_Ev_counters_counters_orig_novh_c.1_s2082152039_SR10P_src20430423_e0000.txt,/home/hersco/training_new_domains/2026-08-27/statistical_replication_stage2_mcts_eval/20649850_Ev_counters_counters_mcts_orig_novh_e.5_c.1_s2082152039_K0_SR10M_src20430423_e0000.txt,,,,,,,,,,
counters,on,stage2,534933607,59.0,59.0,44,58,59,C:\Users\roeeh\Desktop\School\Meitar\Thesis\Code\numeric-asnets\.codex-worktrees\mcts-safe-context\experiment_tracking\stage2_policy_mcts_seed_cutoffs_latest.csv,/home/hersco/training_new_domains/2026-08-21/statistical_replication_stage2_policy_eval/20465470_Ev_counters_counters_orig_vh_c.1_s534933607_SR10P_src20430432_e0002.txt,/home/hersco/training_new_domains/2026-08-27/statistical_replication_stage2_mcts_eval/20649859_Ev_counters_counters_mcts_orig_vh_e.5_c.1_s534933607_K0_SR10M_src20430432_e0002.txt,,,,,,,,,,
counters,on,stage2,923500475,38.0,38.0,24,28,28,C:\Users\roeeh\Desktop\School\Meitar\Thesis\Code\numeric-asnets\.codex-worktrees\mcts-safe-context\experiment_tracking\stage2_policy_mcts_seed_cutoffs_latest.csv,/home/hersco/training_new_domains/2026-08-21/statistical_replication_stage2_policy_eval/20465539_Ev_counters_counters_orig_vh_c.1_s923500475_SR10P_src20430435_e0001.txt,/home/hersco/training_new_domains/2026-08-27/statistical_replication_stage2_mcts_eval/20649862_Ev_counters_counters_mcts_orig_vh_e.5_c.1_s923500475_K0_SR10M_src20430435_e0001.txt,,,,,,,,,,
counters,on,stage2,1073581256,55.0,55.0,36,50,56,C:\Users\roeeh\Desktop\School\Meitar\Thesis\Code\numeric-asnets\.codex-worktrees\mcts-safe-context\experiment_tracking\stage2_policy_mcts_seed_cutoffs_latest.csv,/home/hersco/training_new_domains/2026-08-21/statistical_replication_stage2_policy_eval/20465374_Ev_counters_counters_orig_vh_c.1_s1073581256_SR10P_src20430429_e0016.txt,/home/hersco/training_new_domains/2026-08-27/statistical_replication_stage2_mcts_eval/20649856_Ev_counters_counters_mcts_orig_vh_e.5_c.1_s1073581256_K0_SR10M_src20430429_e0016.txt,,,,,,,,,,
counters,on,stage2,1239739722,14.0,14.0,18,21,21,C:\Users\roeeh\Desktop\School\Meitar\Thesis\Code\numeric-asnets\.codex-worktrees\mcts-safe-context\experiment_tracking\stage2_policy_mcts_seed_cutoffs_latest.csv,/home/hersco/training_new_domains/2026-08-21/statistical_replication_stage2_policy_eval/20465397_Ev_counters_counters_orig_vh_c.1_s1239739722_SR10P_src20430430_e0028.txt,/home/hersco/training_new_domains/2026-08-27/statistical_replication_stage2_mcts_eval/20649857_Ev_counters_counters_mcts_orig_vh_e.5_c.1_s1239739722_K0_SR10M_src20430430_e0028.txt,,,,,,,,,,
counters,on,stage2,1472491096,3.0,3.0,7,7,7,C:\Users\roeeh\Desktop\School\Meitar\Thesis\Code\numeric-asnets\.codex-worktrees\mcts-safe-context\experiment_tracking\stage2_policy_mcts_seed_cutoffs_latest.csv,/home/hersco/training_new_domains/2026-08-21/statistical_replication_stage2_policy_eval/20465398_Ev_counters_counters_orig_vh_c.1_s1472491096_SR10P_src20430431_e0000.txt,/home/hersco/training_new_domains/2026-08-27/statistical_replication_stage2_mcts_eval/20649858_Ev_counters_counters_mcts_orig_vh_e.5_c.1_s1472491096_K0_SR10M_src20430431_e0000.txt,,,,,,,,,,
counters,on,stage2,1510771779,4.0,4.0,21,22,22,C:\Users\roeeh\Desktop\School\Meitar\Thesis\Code\numeric-asnets\.codex-worktrees\mcts-safe-context\experiment_tracking\stage2_policy_mcts_seed_cutoffs_latest.csv,/home/hersco/training_new_domains/2026-08-21/statistical_replication_stage2_policy_eval/20465494_Ev_counters_counters_orig_vh_c.1_s1510771779_SR10P_src20430434_e0000.txt,/home/hersco/training_new_domains/2026-08-27/statistical_replication_stage2_mcts_eval/20649861_Ev_counters_counters_mcts_orig_vh_e.5_c.1_s1510771779_K0_SR10M_src20430434_e0000.txt,,,,,,,,,,
counters,on,stage2,1963100312,3.0,3.0,19,21,21,C:\Users\roeeh\Desktop\School\Meitar\Thesis\Code\numeric-asnets\.codex-worktrees\mcts-safe-context\experiment_tracking\stage2_policy_mcts_seed_cutoffs_latest.csv,/home/hersco/training_new_domains/2026-08-21/statistical_replication_stage2_policy_eval/20465252_Ev_counters_counters_orig_vh_c.1_s1963100312_SR10P_src20430427_e0000.txt,/home/hersco/training_new_domains/2026-08-27/statistical_replication_stage2_mcts_eval/20649854_Ev_counters_counters_mcts_orig_vh_e.5_c.1_s1963100312_K0_SR10M_src20430427_e0000.txt,,,,,,,,,,
counters,on,stage2,1972442430,23.0,23.0,24,24,24,C:\Users\roeeh\Desktop\School\Meitar\Thesis\Code\numeric-asnets\.codex-worktrees\mcts-safe-context\experiment_tracking\stage2_policy_mcts_seed_cutoffs_latest.csv,/home/hersco/training_new_domains/2026-08-22/statistical_replication_stage2_policy_eval/20488484_Ev_counters_counters_orig_vh_c.1_s1972442430_SR10P_src20430436_e0030.txt,/home/hersco/training_new_domains/2026-08-27/statistical_replication_stage2_mcts_eval/20649863_Ev_counters_counters_mcts_orig_vh_e.5_c.1_s1972442430_K0_SR10M_src20430436_e0030.txt,,,,,,,,,,
counters,on,stage2,2011206605,7.0,7.0,14,14,14,C:\Users\roeeh\Desktop\School\Meitar\Thesis\Code\numeric-asnets\.codex-worktrees\mcts-safe-context\experiment_tracking\stage2_policy_mcts_seed_cutoffs_latest.csv,/home/hersco/training_new_domains/2026-08-21/statistical_replication_stage2_policy_eval/20465349_Ev_counters_counters_orig_vh_c.1_s2011206605_SR10P_src20430428_e0067.txt,/home/hersco/training_new_domains/2026-08-27/statistical_replication_stage2_mcts_eval/20649855_Ev_counters_counters_mcts_orig_vh_e.5_c.1_s2011206605_K0_SR10M_src20430428_e0067.txt,,,,,,,,,,
counters,on,stage2,2082152039,12.0,12.0,19,19,19,C:\Users\roeeh\Desktop\School\Meitar\Thesis\Code\numeric-asnets\.codex-worktrees\mcts-safe-context\experiment_tracking\stage2_policy_mcts_seed_cutoffs_latest.csv,/home/hersco/training_new_domains/2026-08-21/statistical_replication_stage2_policy_eval/20465493_Ev_counters_counters_orig_vh_c.1_s2082152039_SR10P_src20430433_e0004.txt,/home/hersco/training_new_domains/2026-08-27/statistical_replication_stage2_mcts_eval/20649860_Ev_counters_counters_mcts_orig_vh_e.5_c.1_s2082152039_K0_SR10M_src20430433_e0004.txt,,,,,,,,,,
drone,off,stage2,534933607,8.0,8.0,10,11,11,C:\Users\roeeh\Desktop\School\Meitar\Thesis\Code\numeric-asnets\.codex-worktrees\mcts-safe-context\experiment_tracking\stage2_policy_mcts_seed_cutoffs_latest.csv,/home/hersco/training_new_domains/2026-08-22/statistical_replication_stage2_policy_eval/20489106_Ev_drone_drone_orig_novh_c.1_s534933607_SR10P_src20451802_e0063.txt,/home/hersco/training_new_domains/2026-08-30/statistical_replication_stage2_mcts_eval/20726030_Ev_drone_drone_mcts_orig_novh_e.5_c.1_s534933607_K0_SR10M_src20451802_e0063.txt,,,,,,,,,,
drone,off,stage2,923500475,3.0,3.0,3,3,3,C:\Users\roeeh\Desktop\School\Meitar\Thesis\Code\numeric-asnets\.codex-worktrees\mcts-safe-context\experiment_tracking\stage2_policy_mcts_seed_cutoffs_latest.csv,/home/hersco/training_new_domains/2026-08-21/statistical_replication_stage2_policy_eval/20464888_Ev_drone_drone_orig_novh_c.1_s923500475_SR10P_src20430376_e0016.txt,/home/hersco/training_new_domains/2026-08-30/statistical_replication_stage2_mcts_eval/20726031_Ev_drone_drone_mcts_orig_novh_e.5_c.1_s923500475_K0_SR10M_src20430376_e0016.txt,,,,,,,,,,
drone,off,stage2,1073581256,12.0,12.0,8,8,8,C:\Users\roeeh\Desktop\School\Meitar\Thesis\Code\numeric-asnets\.codex-worktrees\mcts-safe-context\experiment_tracking\stage2_policy_mcts_seed_cutoffs_latest.csv,/home/hersco/training_new_domains/2026-08-24/statistical_replication_stage2_policy_eval/20523246_Ev_drone_drone_orig_novh_c.1_s1073581256_SR10P_src20451800_e0014.txt,/home/hersco/training_new_domains/2026-08-25/statistical_replication_stage2_mcts_eval/20559493_Ev_drone_drone_mcts_orig_novh_e.5_c.1_s1073581256_K0_SR10M_src20451800_e0014.txt,,,,,,,,,,
drone,off,stage2,1239739722,4.0,4.0,6,6,6,C:\Users\roeeh\Desktop\School\Meitar\Thesis\Code\numeric-asnets\.codex-worktrees\mcts-safe-context\experiment_tracking\stage2_policy_mcts_seed_cutoffs_latest.csv,/home/hersco/training_new_domains/2026-08-21/statistical_replication_stage2_policy_eval/20464792_Ev_drone_drone_orig_novh_c.1_s1239739722_SR10P_src20430373_e0056.txt,/home/hersco/training_new_domains/2026-08-30/statistical_replication_stage2_mcts_eval/20726032_Ev_drone_drone_mcts_orig_novh_e.5_c.1_s1239739722_K0_SR10M_src20430373_e0056.txt,,,,,,,,,,
drone,off,stage2,1472491096,12.0,12.0,12,13,13,C:\Users\roeeh\Desktop\School\Meitar\Thesis\Code\numeric-asnets\.codex-worktrees\mcts-safe-context\experiment_tracking\stage2_policy_mcts_seed_cutoffs_latest.csv,/home/hersco/training_new_domains/2026-08-24/statistical_replication_stage2_policy_eval/20523269_Ev_drone_drone_orig_novh_c.1_s1472491096_SR10P_src20451801_e0014.txt,/home/hersco/training_new_domains/2026-08-25/statistical_replication_stage2_mcts_eval/20559494_Ev_drone_drone_mcts_orig_novh_e.5_c.1_s1472491096_K0_SR10M_src20451801_e0014.txt,,,,,,,,,,
drone,off,stage2,1510771779,3.0,3.0,5,5,5,C:\Users\roeeh\Desktop\School\Meitar\Thesis\Code\numeric-asnets\.codex-worktrees\mcts-safe-context\experiment_tracking\stage2_policy_mcts_seed_cutoffs_latest.csv,/home/hersco/training_new_domains/2026-08-21/statistical_replication_stage2_policy_eval/20464816_Ev_drone_drone_orig_novh_c.1_s1510771779_SR10P_src20430375_e0000.txt,/home/hersco/training_new_domains/2026-08-30/statistical_replication_stage2_mcts_eval/20726033_Ev_drone_drone_mcts_orig_novh_e.5_c.1_s1510771779_K0_SR10M_src20430375_e0000.txt,,,,,,,,,,
drone,off,stage2,1963100312,9.0,9.0,9,9,9,C:\Users\roeeh\Desktop\School\Meitar\Thesis\Code\numeric-asnets\.codex-worktrees\mcts-safe-context\experiment_tracking\stage2_policy_mcts_seed_cutoffs_latest.csv,/home/hersco/training_new_domains/2026-08-24/statistical_replication_stage2_policy_eval/20523202_Ev_drone_drone_orig_novh_c.1_s1963100312_SR10P_src20451799_e0010.txt,/home/hersco/training_new_domains/2026-08-25/statistical_replication_stage2_mcts_eval/20559492_Ev_drone_drone_mcts_orig_novh_e.5_c.1_s1963100312_K0_SR10M_src20451799_e0010.txt,,,,,,,,,,
drone,off,stage2,1972442430,6.0,6.0,8,8,8,C:\Users\roeeh\Desktop\School\Meitar\Thesis\Code\numeric-asnets\.codex-worktrees\mcts-safe-context\experiment_tracking\stage2_policy_mcts_seed_cutoffs_latest.csv,/home/hersco/training_new_domains/2026-08-22/statistical_replication_stage2_policy_eval/20489129_Ev_drone_drone_orig_novh_c.1_s1972442430_SR10P_src20451803_e0092.txt,/home/hersco/training_new_domains/2026-08-30/statistical_replication_stage2_mcts_eval/20726034_Ev_drone_drone_mcts_orig_novh_e.5_c.1_s1972442430_K0_SR10M_src20451803_e0092.txt,,,,,,,,,,
drone,off,stage2,2011206605,4.0,4.0,6,6,6,C:\Users\roeeh\Desktop\School\Meitar\Thesis\Code\numeric-asnets\.codex-worktrees\mcts-safe-context\experiment_tracking\stage2_policy_mcts_seed_cutoffs_latest.csv,/home/hersco/training_new_domains/2026-08-21/statistical_replication_stage2_policy_eval/20464768_Ev_drone_drone_orig_novh_c.1_s2011206605_SR10P_src20430372_e0001.txt,/home/hersco/training_new_domains/2026-08-30/statistical_replication_stage2_mcts_eval/20726035_Ev_drone_drone_mcts_orig_novh_e.5_c.1_s2011206605_K0_SR10M_src20430372_e0001.txt,,,,,,,,,,
drone,off,stage2,2082152039,6.0,6.0,8,8,8,C:\Users\roeeh\Desktop\School\Meitar\Thesis\Code\numeric-asnets\.codex-worktrees\mcts-safe-context\experiment_tracking\stage2_policy_mcts_seed_cutoffs_latest.csv,/home/hersco/training_new_domains/2026-08-21/statistical_replication_stage2_policy_eval/20464815_Ev_drone_drone_orig_novh_c.1_s2082152039_SR10P_src20430374_e0001.txt,/home/hersco/training_new_domains/2026-08-30/statistical_replication_stage2_mcts_eval/20726036_Ev_drone_drone_mcts_orig_novh_e.5_c.1_s2082152039_K0_SR10M_src20430374_e0001.txt,,,,,,,,,,
drone,on,stage2,534933607,12.0,12.0,16,16,16,C:\Users\roeeh\Desktop\School\Meitar\Thesis\Code\numeric-asnets\.codex-worktrees\mcts-safe-context\experiment_tracking\stage2_policy_mcts_seed_cutoffs_latest.csv,/home/hersco/training_new_domains/2026-08-24/statistical_replication_stage2_policy_eval/20523199_Ev_drone_drone_orig_vh_c.1_s534933607_SR10P_src20451797_e0086.txt,/home/hersco/training_new_domains/2026-08-25/statistical_replication_stage2_mcts_eval/20559490_Ev_drone_drone_mcts_orig_vh_e.5_c.1_s534933607_K0_SR10M_src20451797_e0086.txt,,,,,,,,,,
drone,on,stage2,923500475,6.0,6.0,14,14,14,C:\Users\roeeh\Desktop\School\Meitar\Thesis\Code\numeric-asnets\.codex-worktrees\mcts-safe-context\experiment_tracking\stage2_policy_mcts_seed_cutoffs_latest.csv,/home/hersco/training_new_domains/2026-08-22/statistical_replication_stage2_policy_eval/20488514_Ev_drone_drone_orig_vh_c.1_s923500475_SR10P_src20451798_e0030.txt,/home/hersco/training_new_domains/2026-08-30/statistical_replication_stage2_mcts_eval/20726037_Ev_drone_drone_mcts_orig_vh_e.5_c.1_s923500475_K0_SR10M_src20451798_e0030.txt,,,,,,,,,,
drone,on,stage2,1073581256,10.0,10.0,14,14,14,C:\Users\roeeh\Desktop\School\Meitar\Thesis\Code\numeric-asnets\.codex-worktrees\mcts-safe-context\experiment_tracking\stage2_policy_mcts_seed_cutoffs_latest.csv,/home/hersco/training_new_domains/2026-08-22/statistical_replication_stage2_policy_eval/20489071_Ev_drone_drone_orig_vh_c.1_s1073581256_SR10P_src20431946_e0035.txt,/home/hersco/training_new_domains/2026-08-30/statistical_replication_stage2_mcts_eval/20726038_Ev_drone_drone_mcts_orig_vh_e.5_c.1_s1073581256_K0_SR10M_src20431946_e0035.txt,,,,,,,,,,
drone,on,stage2,1239739722,3.0,3.0,9,9,9,C:\Users\roeeh\Desktop\School\Meitar\Thesis\Code\numeric-asnets\.codex-worktrees\mcts-safe-context\experiment_tracking\stage2_policy_mcts_seed_cutoffs_latest.csv,/home/hersco/training_new_domains/2026-08-21/statistical_replication_stage2_policy_eval/20464616_Ev_drone_drone_orig_vh_c.1_s1239739722_SR10P_src20430367_e0036.txt,/home/hersco/training_new_domains/2026-08-30/statistical_replication_stage2_mcts_eval/20726039_Ev_drone_drone_mcts_orig_vh_e.5_c.1_s1239739722_K0_SR10M_src20430367_e0036.txt,,,,,,,,,,
drone,on,stage2,1472491096,3.0,3.0,10,10,10,C:\Users\roeeh\Desktop\School\Meitar\Thesis\Code\numeric-asnets\.codex-worktrees\mcts-safe-context\experiment_tracking\stage2_policy_mcts_seed_cutoffs_latest.csv,/home/hersco/training_new_domains/2026-08-21/statistical_replication_stage2_policy_eval/20464617_Ev_drone_drone_orig_vh_c.1_s1472491096_SR10P_src20430368_e0000.txt,/home/hersco/training_new_domains/2026-08-30/statistical_replication_stage2_mcts_eval/20726040_Ev_drone_drone_mcts_orig_vh_e.5_c.1_s1472491096_K0_SR10M_src20430368_e0000.txt,,,,,,,,,,
drone,on,stage2,1510771779,4.0,4.0,9,9,9,C:\Users\roeeh\Desktop\School\Meitar\Thesis\Code\numeric-asnets\.codex-worktrees\mcts-safe-context\experiment_tracking\stage2_policy_mcts_seed_cutoffs_latest.csv,/home/hersco/training_new_domains/2026-08-21/statistical_replication_stage2_policy_eval/20464720_Ev_drone_drone_orig_vh_c.1_s1510771779_SR10P_src20430370_e0076.txt,/home/hersco/training_new_domains/2026-08-30/statistical_replication_stage2_mcts_eval/20726041_Ev_drone_drone_mcts_orig_vh_e.5_c.1_s1510771779_K0_SR10M_src20430370_e0076.txt,,,,,,,,,,
drone,on,stage2,1963100312,2.0,2.0,4,4,4,C:\Users\roeeh\Desktop\School\Meitar\Thesis\Code\numeric-asnets\.codex-worktrees\mcts-safe-context\experiment_tracking\stage2_policy_mcts_seed_cutoffs_latest.csv,/home/hersco/training_new_domains/2026-08-22/statistical_replication_stage2_policy_eval/20488120_Ev_drone_drone_orig_vh_c.1_s1963100312_SR10P_src20430365_e0021.txt,/home/hersco/training_new_domains/2026-08-30/statistical_replication_stage2_mcts_eval/20726042_Ev_drone_drone_mcts_orig_vh_e.5_c.1_s1963100312_K0_SR10M_src20430365_e0021.txt,,,,,,,,,,
drone,on,stage2,1972442430,3.0,3.0,12,13,13,C:\Users\roeeh\Desktop\School\Meitar\Thesis\Code\numeric-asnets\.codex-worktrees\mcts-safe-context\experiment_tracking\stage2_policy_mcts_seed_cutoffs_latest.csv,/home/hersco/training_new_domains/2026-08-21/statistical_replication_stage2_policy_eval/20464744_Ev_drone_drone_orig_vh_c.1_s1972442430_SR10P_src20430371_e0094.txt,/home/hersco/training_new_domains/2026-08-30/statistical_replication_stage2_mcts_eval/20726043_Ev_drone_drone_mcts_orig_vh_e.5_c.1_s1972442430_K0_SR10M_src20430371_e0094.txt,,,,,,,,,,
drone,on,stage2,2011206605,3.0,3.0,8,9,9,C:\Users\roeeh\Desktop\School\Meitar\Thesis\Code\numeric-asnets\.codex-worktrees\mcts-safe-context\experiment_tracking\stage2_policy_mcts_seed_cutoffs_latest.csv,/home/hersco/training_new_domains/2026-08-21/statistical_replication_stage2_policy_eval/20464574_Ev_drone_drone_orig_vh_c.1_s2011206605_SR10P_src20430366_e0000.txt,/home/hersco/training_new_domains/2026-08-30/statistical_replication_stage2_mcts_eval/20726044_Ev_drone_drone_mcts_orig_vh_e.5_c.1_s2011206605_K0_SR10M_src20430366_e0000.txt,,,,,,,,,,
drone,on,stage2,2082152039,4.0,4.0,13,14,14,C:\Users\roeeh\Desktop\School\Meitar\Thesis\Code\numeric-asnets\.codex-worktrees\mcts-safe-context\experiment_tracking\stage2_policy_mcts_seed_cutoffs_latest.csv,/home/hersco/training_new_domains/2026-08-21/statistical_replication_stage2_policy_eval/20464659_Ev_drone_drone_orig_vh_c.1_s2082152039_SR10P_src20430369_e0088.txt,/home/hersco/training_new_domains/2026-08-30/statistical_replication_stage2_mcts_eval/20726045_Ev_drone_drone_mcts_orig_vh_e.5_c.1_s2082152039_K0_SR10M_src20430369_e0088.txt,,,,,,,,,,
rover,off,stage2,534933607,4.0,4.0,4,4,4,C:\Users\roeeh\Desktop\School\Meitar\Thesis\Code\numeric-asnets\.codex-worktrees\mcts-safe-context\experiment_tracking\stage2_policy_mcts_seed_cutoffs_latest.csv,/home/hersco/training_new_domains/2026-08-22/statistical_replication_stage2_policy_eval/20488387_Ev_rover_rover_orig_novh_c.1_s534933607_SR10P_src20430412_e0000.txt,/home/hersco/training_new_domains/2026-09-04/statistical_replication_stage2_mcts_eval/20945820_Ev_rover_rover_mcts_orig_novh_e.5_c.1_s534933607_K0_SR10M_src20430412_e0000.txt,,,,,,,,,,
rover,off,stage2,923500475,4.0,4.0,5,5,5,C:\Users\roeeh\Desktop\School\Meitar\Thesis\Code\numeric-asnets\.codex-worktrees\mcts-safe-context\experiment_tracking\stage2_policy_mcts_seed_cutoffs_latest.csv,/home/hersco/training_new_domains/2026-08-22/statistical_replication_stage2_policy_eval/20488455_Ev_rover_rover_orig_novh_c.1_s923500475_SR10P_src20430415_e0000.txt,/home/hersco/training_new_domains/2026-09-04/statistical_replication_stage2_mcts_eval/20944964_Ev_rover_rover_mcts_orig_novh_e.5_c.1_s923500475_K0_SR10M_src20430415_e0000.txt,,,,,,,,,,
rover,off,stage2,1073581256,4.0,4.0,5,5,5,C:\Users\roeeh\Desktop\School\Meitar\Thesis\Code\numeric-asnets\.codex-worktrees\mcts-safe-context\experiment_tracking\stage2_policy_mcts_seed_cutoffs_latest.csv,/home/hersco/training_new_domains/2026-08-22/statistical_replication_stage2_policy_eval/20488323_Ev_rover_rover_orig_novh_c.1_s1073581256_SR10P_src20430409_e0000.txt,/home/hersco/training_new_domains/2026-09-04/statistical_replication_stage2_mcts_eval/20943988_Ev_rover_rover_mcts_orig_novh_e.5_c.1_s1073581256_K0_SR10M_src20430409_e0000.txt,,,,,,,,,,
rover,off,stage2,1239739722,4.0,4.0,4,4,4,C:\Users\roeeh\Desktop\School\Meitar\Thesis\Code\numeric-asnets\.codex-worktrees\mcts-safe-context\experiment_tracking\stage2_policy_mcts_seed_cutoffs_latest.csv,/home/hersco/training_new_domains/2026-08-22/statistical_replication_stage2_policy_eval/20488344_Ev_rover_rover_orig_novh_c.1_s1239739722_SR10P_src20430410_e0000.txt,/home/hersco/training_new_domains/2026-09-04/statistical_replication_stage2_mcts_eval/20945821_Ev_rover_rover_mcts_orig_novh_e.5_c.1_s1239739722_K0_SR10M_src20430410_e0000.txt,,,,,,,,,,
rover,off,stage2,1472491096,4.0,4.0,5,5,5,C:\Users\roeeh\Desktop\School\Meitar\Thesis\Code\numeric-asnets\.codex-worktrees\mcts-safe-context\experiment_tracking\stage2_policy_mcts_seed_cutoffs_latest.csv,/home/hersco/training_new_domains/2026-08-22/statistical_replication_stage2_policy_eval/20488386_Ev_rover_rover_orig_novh_c.1_s1472491096_SR10P_src20430411_e0001.txt,/home/hersco/training_new_domains/2026-09-04/statistical_replication_stage2_mcts_eval/20945822_Ev_rover_rover_mcts_orig_novh_e.5_c.1_s1472491096_K0_SR10M_src20430411_e0001.txt,,,,,,,,,,
rover,off,stage2,1510771779,4.0,4.0,6,6,6,C:\Users\roeeh\Desktop\School\Meitar\Thesis\Code\numeric-asnets\.codex-worktrees\mcts-safe-context\experiment_tracking\stage2_policy_mcts_seed_cutoffs_latest.csv,/home/hersco/training_new_domains/2026-08-22/statistical_replication_stage2_policy_eval/20488454_Ev_rover_rover_orig_novh_c.1_s1510771779_SR10P_src20430414_e0003.txt,/home/hersco/training_new_domains/2026-09-04/statistical_replication_stage2_mcts_eval/20945823_Ev_rover_rover_mcts_orig_novh_e.5_c.1_s1510771779_K0_SR10M_src20430414_e0003.txt,,,,,,,,,,
rover,off,stage2,1963100312,4.0,4.0,4,4,4,C:\Users\roeeh\Desktop\School\Meitar\Thesis\Code\numeric-asnets\.codex-worktrees\mcts-safe-context\experiment_tracking\stage2_policy_mcts_seed_cutoffs_latest.csv,/home/hersco/training_new_domains/2026-08-22/statistical_replication_stage2_policy_eval/20488301_Ev_rover_rover_orig_novh_c.1_s1963100312_SR10P_src20430407_e0004.txt,/home/hersco/training_new_domains/2026-09-04/statistical_replication_stage2_mcts_eval/20945824_Ev_rover_rover_mcts_orig_novh_e.5_c.1_s1963100312_K0_SR10M_src20430407_e0004.txt,,,,,,,,,,
rover,off,stage2,1972442430,4.0,4.0,4,4,4,C:\Users\roeeh\Desktop\School\Meitar\Thesis\Code\numeric-asnets\.codex-worktrees\mcts-safe-context\experiment_tracking\stage2_policy_mcts_seed_cutoffs_latest.csv,/home/hersco/training_new_domains/2026-08-24/statistical_replication_stage2_policy_eval/20523270_Ev_rover_rover_orig_novh_c.1_s1972442430_SR10P_src20451804_e0000.txt,/home/hersco/training_new_domains/2026-08-25/statistical_replication_stage2_mcts_eval/20559495_Ev_rover_rover_mcts_orig_novh_e.5_c.1_s1972442430_K0_SR10M_src20451804_e0000.txt,,,,,,,,,,
rover,off,stage2,2011206605,4.0,4.0,4,4,4,C:\Users\roeeh\Desktop\School\Meitar\Thesis\Code\numeric-asnets\.codex-worktrees\mcts-safe-context\experiment_tracking\stage2_policy_mcts_seed_cutoffs_latest.csv,/home/hersco/training_new_domains/2026-08-22/statistical_replication_stage2_policy_eval/20488302_Ev_rover_rover_orig_novh_c.1_s2011206605_SR10P_src20430408_e0000.txt,/home/hersco/training_new_domains/2026-09-04/statistical_replication_stage2_mcts_eval/20945826_Ev_rover_rover_mcts_orig_novh_e.5_c.1_s2011206605_K0_SR10M_src20430408_e0000.txt,,,,,,,,,,
rover,off,stage2,2082152039,4.0,4.0,4,4,4,C:\Users\roeeh\Desktop\School\Meitar\Thesis\Code\numeric-asnets\.codex-worktrees\mcts-safe-context\experiment_tracking\stage2_policy_mcts_seed_cutoffs_latest.csv,/home/hersco/training_new_domains/2026-08-22/statistical_replication_stage2_policy_eval/20488411_Ev_rover_rover_orig_novh_c.1_s2082152039_SR10P_src20430413_e0000.txt,/home/hersco/training_new_domains/2026-09-04/statistical_replication_stage2_mcts_eval/20943994_Ev_rover_rover_mcts_orig_novh_e.5_c.1_s2082152039_K0_SR10M_src20430413_e0000.txt,,,,,,,,,,
rover,on,stage2,534933607,4.0,4.0,4,4,4,C:\Users\roeeh\Desktop\School\Meitar\Thesis\Code\numeric-asnets\.codex-worktrees\mcts-safe-context\experiment_tracking\stage2_policy_mcts_seed_cutoffs_latest.csv,/home/hersco/training_new_domains/2026-08-22/statistical_replication_stage2_policy_eval/20488180_Ev_rover_rover_orig_vh_c.1_s534933607_SR10P_src20430402_e0025.txt,/home/hersco/training_new_domains/2026-09-04/statistical_replication_stage2_mcts_eval/20943995_Ev_rover_rover_mcts_orig_vh_e.5_c.1_s534933607_K0_SR10M_src20430402_e0025.txt,,,,,,,,,,
rover,on,stage2,923500475,1.0,1.0,3,3,3,C:\Users\roeeh\Desktop\School\Meitar\Thesis\Code\numeric-asnets\.codex-worktrees\mcts-safe-context\experiment_tracking\stage2_policy_mcts_seed_cutoffs_latest.csv,/home/hersco/training_new_domains/2026-08-26/statistical_replication_stage2_policy_eval/20594483_Ev_rover_rover_orig_vh_c.1_s923500475_SR10P_src20430405_e0002.txt,/home/hersco/training_new_domains/2026-09-04/statistical_replication_stage2_mcts_eval/20945827_Ev_rover_rover_mcts_orig_vh_e.5_c.1_s923500475_K0_SR10M_src20430405_e0002.txt,,,,,,,,,,
rover,on,stage2,1073581256,4.0,4.0,4,5,5,C:\Users\roeeh\Desktop\School\Meitar\Thesis\Code\numeric-asnets\.codex-worktrees\mcts-safe-context\experiment_tracking\stage2_policy_mcts_seed_cutoffs_latest.csv,/home/hersco/training_new_domains/2026-08-22/statistical_replication_stage2_policy_eval/20488121_Ev_rover_rover_orig_vh_c.1_s1073581256_SR10P_src20430399_e0000.txt,/home/hersco/training_new_domains/2026-09-04/statistical_replication_stage2_mcts_eval/20944971_Ev_rover_rover_mcts_orig_vh_e.5_c.1_s1073581256_K0_SR10M_src20430399_e0000.txt,,,,,,,,,,
rover,on,stage2,1239739722,4.0,4.0,4,4,4,C:\Users\roeeh\Desktop\School\Meitar\Thesis\Code\numeric-asnets\.codex-worktrees\mcts-safe-context\experiment_tracking\stage2_policy_mcts_seed_cutoffs_latest.csv,/home/hersco/training_new_domains/2026-08-21/statistical_replication_stage2_policy_eval/20465010_Ev_rover_rover_orig_vh_c.1_s1239739722_SR10P_src20430400_e0000.txt,/home/hersco/training_new_domains/2026-09-04/statistical_replication_stage2_mcts_eval/20944972_Ev_rover_rover_mcts_orig_vh_e.5_c.1_s1239739722_K0_SR10M_src20430400_e0000.txt,,,,,,,,,,
rover,on,stage2,1472491096,4.0,4.0,6,6,6,C:\Users\roeeh\Desktop\School\Meitar\Thesis\Code\numeric-asnets\.codex-worktrees\mcts-safe-context\experiment_tracking\stage2_policy_mcts_seed_cutoffs_latest.csv,/home/hersco/training_new_domains/2026-08-22/statistical_replication_stage2_policy_eval/20488144_Ev_rover_rover_orig_vh_c.1_s1472491096_SR10P_src20430401_e0000.txt,/home/hersco/training_new_domains/2026-09-04/statistical_replication_stage2_mcts_eval/20943999_Ev_rover_rover_mcts_orig_vh_e.5_c.1_s1472491096_K0_SR10M_src20430401_e0000.txt,,,,,,,,,,
rover,on,stage2,1510771779,4.0,4.0,5,5,5,C:\Users\roeeh\Desktop\School\Meitar\Thesis\Code\numeric-asnets\.codex-worktrees\mcts-safe-context\experiment_tracking\stage2_policy_mcts_seed_cutoffs_latest.csv,/home/hersco/training_new_domains/2026-08-22/statistical_replication_stage2_policy_eval/20488217_Ev_rover_rover_orig_vh_c.1_s1510771779_SR10P_src20430404_e0000.txt,/home/hersco/training_new_domains/2026-09-04/statistical_replication_stage2_mcts_eval/20946113_Ev_rover_rover_mcts_orig_vh_e.5_c.1_s1510771779_K0_SR10M_src20430404_e0000.txt,,,,,,,,,,
rover,on,stage2,1963100312,4.0,4.0,5,5,5,C:\Users\roeeh\Desktop\School\Meitar\Thesis\Code\numeric-asnets\.codex-worktrees\mcts-safe-context\experiment_tracking\stage2_policy_mcts_seed_cutoffs_latest.csv,/home/hersco/training_new_domains/2026-08-21/statistical_replication_stage2_policy_eval/20464936_Ev_rover_rover_orig_vh_c.1_s1963100312_SR10P_src20430397_e0001.txt,/home/hersco/training_new_domains/2026-09-04/statistical_replication_stage2_mcts_eval/20944001_Ev_rover_rover_mcts_orig_vh_e.5_c.1_s1963100312_K0_SR10M_src20430397_e0001.txt,,,,,,,,,,
rover,on,stage2,1972442430,5.0,5.0,5,5,5,C:\Users\roeeh\Desktop\School\Meitar\Thesis\Code\numeric-asnets\.codex-worktrees\mcts-safe-context\experiment_tracking\stage2_policy_mcts_seed_cutoffs_latest.csv,/home/hersco/training_new_domains/2026-08-22/statistical_replication_stage2_policy_eval/20488238_Ev_rover_rover_orig_vh_c.1_s1972442430_SR10P_src20430406_e0000.txt,/home/hersco/training_new_domains/2026-09-04/statistical_replication_stage2_mcts_eval/20946114_Ev_rover_rover_mcts_orig_vh_e.5_c.1_s1972442430_K0_SR10M_src20430406_e0000.txt,,,,,,,,,,
rover,on,stage2,2011206605,5.0,5.0,4,4,4,C:\Users\roeeh\Desktop\School\Meitar\Thesis\Code\numeric-asnets\.codex-worktrees\mcts-safe-context\experiment_tracking\stage2_policy_mcts_seed_cutoffs_latest.csv,/home/hersco/training_new_domains/2026-08-21/statistical_replication_stage2_policy_eval/20465009_Ev_rover_rover_orig_vh_c.1_s2011206605_SR10P_src20430398_e0031.txt,/home/hersco/training_new_domains/2026-09-04/statistical_replication_stage2_mcts_eval/20946115_Ev_rover_rover_mcts_orig_vh_e.5_c.1_s2011206605_K0_SR10M_src20430398_e0031.txt,,,,,,,,,,
rover,on,stage2,2082152039,4.0,4.0,4,4,4,C:\Users\roeeh\Desktop\School\Meitar\Thesis\Code\numeric-asnets\.codex-worktrees\mcts-safe-context\experiment_tracking\stage2_policy_mcts_seed_cutoffs_latest.csv,/home/hersco/training_new_domains/2026-08-22/statistical_replication_stage2_policy_eval/20488196_Ev_rover_rover_orig_vh_c.1_s2082152039_SR10P_src20430403_e0000.txt,/home/hersco/training_new_domains/2026-09-04/statistical_replication_stage2_mcts_eval/20944004_Ev_rover_rover_mcts_orig_vh_e.5_c.1_s2082152039_K0_SR10M_src20430403_e0000.txt,,,,,,,,,,
fo_counters,off,stage2,534933607,4.0,4.0,6,6,6,C:\Users\roeeh\Desktop\School\Meitar\Thesis\Code\numeric-asnets\.codex-worktrees\mcts-safe-context\experiment_tracking\advisor_followup_20260910\fo_stage2_validation_vh_off_exact_seed_results_20260913.csv,,,,,,,,,,,,
fo_counters,off,stage2,923500475,1.0,1.0,8,8,8,C:\Users\roeeh\Desktop\School\Meitar\Thesis\Code\numeric-asnets\.codex-worktrees\mcts-safe-context\experiment_tracking\advisor_followup_20260910\fo_stage2_validation_vh_off_exact_seed_results_20260913.csv,,,,,,,,,,,,
fo_counters,off,stage2,1073581256,2.0,2.0,5,5,5,C:\Users\roeeh\Desktop\School\Meitar\Thesis\Code\numeric-asnets\.codex-worktrees\mcts-safe-context\experiment_tracking\advisor_followup_20260910\fo_stage2_validation_vh_off_exact_seed_results_20260913.csv,,,,,,,,,,,,
fo_counters,off,stage2,1239739722,3.0,3.0,4,4,4,C:\Users\roeeh\Desktop\School\Meitar\Thesis\Code\numeric-asnets\.codex-worktrees\mcts-safe-context\experiment_tracking\advisor_followup_20260910\fo_stage2_validation_vh_off_exact_seed_results_20260913.csv,,,,,,,,,,,,
fo_counters,off,stage2,1472491096,4.0,4.0,6,6,6,C:\Users\roeeh\Desktop\School\Meitar\Thesis\Code\numeric-asnets\.codex-worktrees\mcts-safe-context\experiment_tracking\advisor_followup_20260910\fo_stage2_validation_vh_off_exact_seed_results_20260913.csv,,,,,,,,,,,,
fo_counters,off,stage2,1510771779,2.0,2.0,6,6,6,C:\Users\roeeh\Desktop\School\Meitar\Thesis\Code\numeric-asnets\.codex-worktrees\mcts-safe-context\experiment_tracking\advisor_followup_20260910\fo_stage2_validation_vh_off_exact_seed_results_20260913.csv,,,,,,,,,,,,
fo_counters,off,stage2,1963100312,3.0,3.0,4,4,4,C:\Users\roeeh\Desktop\School\Meitar\Thesis\Code\numeric-asnets\.codex-worktrees\mcts-safe-context\experiment_tracking\advisor_followup_20260910\fo_stage2_validation_vh_off_exact_seed_results_20260913.csv,,,,,,,,,,,,
fo_counters,off,stage2,1972442430,2.0,2.0,6,6,6,C:\Users\roeeh\Desktop\School\Meitar\Thesis\Code\numeric-asnets\.codex-worktrees\mcts-safe-context\experiment_tracking\advisor_followup_20260910\fo_stage2_validation_vh_off_exact_seed_results_20260913.csv,,,,,,,,,,,,
fo_counters,off,stage2,2011206605,5.0,5.0,11,11,11,C:\Users\roeeh\Desktop\School\Meitar\Thesis\Code\numeric-asnets\.codex-worktrees\mcts-safe-context\experiment_tracking\advisor_followup_20260910\fo_stage2_validation_vh_off_exact_seed_results_20260913.csv,,,,,,,,,,,,
fo_counters,off,stage2,2082152039,3.0,3.0,5,5,5,C:\Users\roeeh\Desktop\School\Meitar\Thesis\Code\numeric-asnets\.codex-worktrees\mcts-safe-context\experiment_tracking\advisor_followup_20260910\fo_stage2_validation_vh_off_exact_seed_results_20260913.csv,,,,,,,,,,,,
fo_counters,on,stage2,534933607,2.0,2.0,6,6,6,C:\Users\roeeh\Desktop\School\Meitar\Thesis\Code\numeric-asnets\.codex-worktrees\mcts-safe-context\experiment_tracking\advisor_followup_20260910\fo_stage2_validation_vh_on_exact_seed_results_20260912.csv,,,,,,,,,,,,
fo_counters,on,stage2,923500475,1.0,1.0,5,6,6,C:\Users\roeeh\Desktop\School\Meitar\Thesis\Code\numeric-asnets\.codex-worktrees\mcts-safe-context\experiment_tracking\advisor_followup_20260910\fo_stage2_validation_vh_on_exact_seed_results_20260912.csv,,,,,,,,,,,,
fo_counters,on,stage2,1073581256,4.0,4.0,6,6,6,C:\Users\roeeh\Desktop\School\Meitar\Thesis\Code\numeric-asnets\.codex-worktrees\mcts-safe-context\experiment_tracking\advisor_followup_20260910\fo_stage2_validation_vh_on_exact_seed_results_20260912.csv,,,,,,,,,,,,
fo_counters,on,stage2,1239739722,3.0,3.0,6,6,6,C:\Users\roeeh\Desktop\School\Meitar\Thesis\Code\numeric-asnets\.codex-worktrees\mcts-safe-context\experiment_tracking\advisor_followup_20260910\fo_stage2_validation_vh_on_exact_seed_results_20260912.csv,,,,,,,,,,,,
fo_counters,on,stage2,1472491096,3.0,3.0,5,5,5,C:\Users\roeeh\Desktop\School\Meitar\Thesis\Code\numeric-asnets\.codex-worktrees\mcts-safe-context\experiment_tracking\advisor_followup_20260910\fo_stage2_validation_vh_on_exact_seed_results_20260912.csv,,,,,,,,,,,,
fo_counters,on,stage2,1510771779,4.0,4.0,5,5,5,C:\Users\roeeh\Desktop\School\Meitar\Thesis\Code\numeric-asnets\.codex-worktrees\mcts-safe-context\experiment_tracking\advisor_followup_20260910\fo_stage2_validation_vh_on_exact_seed_results_20260912.csv,,,,,,,,,,,,
fo_counters,on,stage2,1963100312,2.0,2.0,3,3,3,C:\Users\roeeh\Desktop\School\Meitar\Thesis\Code\numeric-asnets\.codex-worktrees\mcts-safe-context\experiment_tracking\advisor_followup_20260910\fo_stage2_validation_vh_on_exact_seed_results_20260912.csv,,,,,,,,,,,,
fo_counters,on,stage2,1972442430,6.0,6.0,9,9,9,C:\Users\roeeh\Desktop\School\Meitar\Thesis\Code\numeric-asnets\.codex-worktrees\mcts-safe-context\experiment_tracking\advisor_followup_20260910\fo_stage2_validation_vh_on_exact_seed_results_20260912.csv,,,,,,,,,,,,
fo_counters,on,stage2,2011206605,4.0,4.0,5,6,6,C:\Users\roeeh\Desktop\School\Meitar\Thesis\Code\numeric-asnets\.codex-worktrees\mcts-safe-context\experiment_tracking\advisor_followup_20260910\fo_stage2_validation_vh_on_exact_seed_results_20260912.csv,,,,,,,,,,,,
fo_counters,on,stage2,2082152039,2.0,2.0,2,2,2,C:\Users\roeeh\Desktop\School\Meitar\Thesis\Code\numeric-asnets\.codex-worktrees\mcts-safe-context\experiment_tracking\advisor_followup_20260910\fo_stage2_validation_vh_on_exact_seed_results_20260912.csv,,,,,,,,,,,,
mprime,off,stage1,1073581256,18.0,18.0,12,12,14,C:\Users\roeeh\Desktop\School\Meitar\Thesis\Code\numeric-asnets\experiment_tracking\mprime_phase_b_a_stage1_mcts_20260913\results_20260914\per_seed_results.csv,,,"/home/hersco/bershco-nu-asnets/numeric-asnets/asnets/experiment-results/experiments_numeric.domain.mprime_validation_ipc_scale_v1-experiments_numeric.architecture_2.mprime-2026-08-27T10:22:13.145359/P[domain,pfile01,pfile02,pfile04,pfile05]-S[0.003,50,enhsp-hmrp-ha-gbfs]-MO[]-T[518400]-04915056-1247c09/snapshots/snapshot_75_0.750",75,20668436,75,,,,17.0,81,corrected-validation Phase-B replicate-A primary
mprime,off,stage1,1239739722,18.0,18.0,13,16,16,C:\Users\roeeh\Desktop\School\Meitar\Thesis\Code\numeric-asnets\experiment_tracking\mprime_phase_b_a_stage1_mcts_20260913\results_20260914\per_seed_results.csv,,,"/home/hersco/bershco-nu-asnets/numeric-asnets/asnets/experiment-results/experiments_numeric.domain.mprime_validation_ipc_scale_v1-experiments_numeric.architecture_2.mprime-2026-08-27T10:22:13.145394/P[domain,pfile01,pfile02,pfile04,pfile05]-S[0.003,50,enhsp-hmrp-ha-gbfs]-MO[]-T[518400]-04915056-7d9a779/snapshots/snapshot_7_0.750",7,20668441,7,,,,18.0,7,corrected-validation Phase-B replicate-A primary
mprime,off,stage1,1472491096,14.0,14.0,12,13,15,C:\Users\roeeh\Desktop\School\Meitar\Thesis\Code\numeric-asnets\experiment_tracking\mprime_phase_b_a_stage1_mcts_20260913\results_20260914\per_seed_results.csv,,,"/home/hersco/bershco-nu-asnets/numeric-asnets/asnets/experiment-results/experiments_numeric.domain.mprime_validation_ipc_scale_v1-experiments_numeric.architecture_2.mprime-2026-08-27T10:22:03.804337/P[domain,pfile01,pfile02,pfile04,pfile05]-S[0.003,50,enhsp-hmrp-ha-gbfs]-MO[]-T[518400]-04915056-43e0a7a/snapshots/snapshot_41_0.750",41,20668461,41,,,,14.0,41,corrected-validation Phase-B replicate-A primary
mprime,off,stage1,1510771779,15.0,15.0,14,15,15,C:\Users\roeeh\Desktop\School\Meitar\Thesis\Code\numeric-asnets\experiment_tracking\mprime_phase_b_a_stage1_mcts_20260913\results_20260914\per_seed_results.csv,,,"/home/hersco/bershco-nu-asnets/numeric-asnets/asnets/experiment-results/experiments_numeric.domain.mprime_validation_ipc_scale_v1-experiments_numeric.architecture_2.mprime-2026-08-27T10:22:31.184158/P[domain,pfile01,pfile02,pfile04,pfile05]-S[0.003,50,enhsp-hmrp-ha-gbfs]-MO[]-T[518400]-04915056-17cc32a/snapshots/snapshot_10_0.750",10,20668503,10,,,,13.0,27,corrected-validation Phase-B replicate-A primary
mprime,off,stage1,1963100312,20.0,20.0,14,16,18,C:\Users\roeeh\Desktop\School\Meitar\Thesis\Code\numeric-asnets\experiment_tracking\mprime_phase_b_a_stage1_mcts_20260913\results_20260914\per_seed_results.csv,,,"/home/hersco/bershco-nu-asnets/numeric-asnets/asnets/experiment-results/experiments_numeric.domain.mprime_validation_ipc_scale_v1-experiments_numeric.architecture_2.mprime-2026-08-27T10:22:28.216357/P[domain,pfile01,pfile02,pfile04,pfile05]-S[0.003,50,enhsp-hmrp-ha-gbfs]-MO[]-T[518400]-04915056-2fc32f3/snapshots/snapshot_5_0.750",5,20668390,5,,,,16.0,23,corrected-validation Phase-B replicate-A primary
mprime,off,stage1,1972442430,18.0,18.0,12,14,17,C:\Users\roeeh\Desktop\School\Meitar\Thesis\Code\numeric-asnets\experiment_tracking\mprime_phase_b_a_stage1_mcts_20260913\results_20260914\per_seed_results.csv,,,"/home/hersco/bershco-nu-asnets/numeric-asnets/asnets/experiment-results/experiments_numeric.domain.mprime_validation_ipc_scale_v1-experiments_numeric.architecture_2.mprime-2026-08-27T10:22:03.307645/P[domain,pfile01,pfile02,pfile04,pfile05]-S[0.003,50,enhsp-hmrp-ha-gbfs]-MO[]-T[518400]-04915056-72aea46/snapshots/snapshot_5_0.750",5,20668536,5,,,,12.0,2,corrected-validation Phase-B replicate-A primary
mprime,off,stage1,2011206605,13.0,13.0,15,16,16,C:\Users\roeeh\Desktop\School\Meitar\Thesis\Code\numeric-asnets\experiment_tracking\mprime_phase_b_a_stage1_mcts_20260913\results_20260914\per_seed_results.csv,,,"/home/hersco/bershco-nu-asnets/numeric-asnets/asnets/experiment-results/experiments_numeric.domain.mprime_validation_ipc_scale_v1-experiments_numeric.architecture_2.mprime-2026-08-27T10:22:20.629844/P[domain,pfile01,pfile02,pfile04,pfile05]-S[0.003,50,enhsp-hmrp-ha-gbfs]-MO[]-T[518400]-04915056-067843/snapshots/snapshot_5_0.750",5,20668406,5,,,,16.0,66,corrected-validation Phase-B replicate-A primary
mprime,off,stage1,2082152039,15.0,15.0,13,16,16,C:\Users\roeeh\Desktop\School\Meitar\Thesis\Code\numeric-asnets\experiment_tracking\mprime_phase_b_a_stage1_mcts_20260913\results_20260914\per_seed_results.csv,,,"/home/hersco/bershco-nu-asnets/numeric-asnets/asnets/experiment-results/experiments_numeric.domain.mprime_validation_ipc_scale_v1-experiments_numeric.architecture_2.mprime-2026-08-27T10:22:31.184116/P[domain,pfile01,pfile02,pfile04,pfile05]-S[0.003,50,enhsp-hmrp-ha-gbfs]-MO[]-T[518400]-04915056-faf7d6/snapshots/snapshot_10_0.750",10,20668489,10,,,,14.0,14,corrected-validation Phase-B replicate-A primary
mprime,off,stage1,534933607,15.0,15.0,11,14,14,C:\Users\roeeh\Desktop\School\Meitar\Thesis\Code\numeric-asnets\experiment_tracking\mprime_phase_b_a_stage1_mcts_20260913\results_20260914\per_seed_results.csv,,,"/home/hersco/bershco-nu-asnets/numeric-asnets/asnets/experiment-results/experiments_numeric.domain.mprime_validation_ipc_scale_v1-experiments_numeric.architecture_2.mprime-2026-08-27T10:22:03.804336/P[domain,pfile01,pfile02,pfile04,pfile05]-S[0.003,50,enhsp-hmrp-ha-gbfs]-MO[]-T[518400]-04915056-3c74d66/snapshots/snapshot_10_0.750",10,20668474,10,,,,16.0,13,corrected-validation Phase-B replicate-A primary
mprime,off,stage1,923500475,17.0,17.0,14,15,16,C:\Users\roeeh\Desktop\School\Meitar\Thesis\Code\numeric-asnets\experiment_tracking\mprime_phase_b_a_stage1_mcts_20260913\results_20260914\per_seed_results.csv,,,"/home/hersco/bershco-nu-asnets/numeric-asnets/asnets/experiment-results/experiments_numeric.domain.mprime_validation_ipc_scale_v1-experiments_numeric.architecture_2.mprime-2026-08-27T10:22:31.184165/P[domain,pfile01,pfile02,pfile04,pfile05]-S[0.003,50,enhsp-hmrp-ha-gbfs]-MO[]-T[518400]-04915056-5194f74/snapshots/snapshot_20_0.750",20,20668523,20,,,,14.0,11,corrected-validation Phase-B replicate-A primary
mprime,on,stage1,1073581256,12.0,12.0,11,15,18,C:\Users\roeeh\Desktop\School\Meitar\Thesis\Code\numeric-asnets\experiment_tracking\mprime_phase_b_a_stage1_mcts_20260913\results_20260914\per_seed_results.csv,,,"/home/hersco/bershco-nu-asnets/numeric-asnets/asnets/experiment-results/experiments_numeric.domain.mprime_validation_ipc_scale_v1-experiments_numeric.architecture_2.mprime-2026-08-27T10:22:09.631662/P[domain,pfile01,pfile02,pfile04,pfile05]-S[0.003,50,enhsp-hmrp-ha-gbfs]-MO[]-T[518400]-04915056-1247c09/snapshots/snapshot_15_0.750",15,20668579,15,,,,14.0,16,corrected-validation Phase-B replicate-A primary
mprime,on,stage1,1239739722,16.0,16.0,15,15,17,C:\Users\roeeh\Desktop\School\Meitar\Thesis\Code\numeric-asnets\experiment_tracking\mprime_phase_b_a_stage1_mcts_20260913\results_20260914\per_seed_results.csv,,,"/home/hersco/bershco-nu-asnets/numeric-asnets/asnets/experiment-results/experiments_numeric.domain.mprime_validation_ipc_scale_v1-experiments_numeric.architecture_2.mprime-2026-08-27T10:22:09.631660/P[domain,pfile01,pfile02,pfile04,pfile05]-S[0.003,50,enhsp-hmrp-ha-gbfs]-MO[]-T[518400]-04915056-7d9a779/snapshots/snapshot_20_0.750",20,20668596,20,,,,13.0,5,corrected-validation Phase-B replicate-A primary
mprime,on,stage1,1472491096,18.0,18.0,13,14,15,C:\Users\roeeh\Desktop\School\Meitar\Thesis\Code\numeric-asnets\experiment_tracking\mprime_phase_b_a_stage1_mcts_20260913\results_20260914\per_seed_results.csv,,,"/home/hersco/bershco-nu-asnets/numeric-asnets/asnets/experiment-results/experiments_numeric.domain.mprime_validation_ipc_scale_v1-experiments_numeric.architecture_2.mprime-2026-08-27T10:22:26.265795/P[domain,pfile01,pfile02,pfile04,pfile05]-S[0.003,50,enhsp-hmrp-ha-gbfs]-MO[]-T[518400]-04915056-43e0a7a/snapshots/snapshot_5_0.750",5,20668610,5,,,,12.0,61,corrected-validation Phase-B replicate-A primary
mprime,on,stage1,1510771779,17.0,17.0,11,14,15,C:\Users\roeeh\Desktop\School\Meitar\Thesis\Code\numeric-asnets\experiment_tracking\mprime_phase_b_a_stage1_mcts_20260913\results_20260914\per_seed_results.csv,,,"/home/hersco/bershco-nu-asnets/numeric-asnets/asnets/experiment-results/experiments_numeric.domain.mprime_validation_ipc_scale_v1-experiments_numeric.architecture_2.mprime-2026-08-27T10:22:13.389031/P[domain,pfile01,pfile02,pfile04,pfile05]-S[0.003,50,enhsp-hmrp-ha-gbfs]-MO[]-T[518400]-04915056-17cc32a/snapshots/snapshot_45_0.750",45,20668715,45,,,,19.0,12,corrected-validation Phase-B replicate-A primary
mprime,on,stage1,1963100312,17.0,17.0,14,16,16,C:\Users\roeeh\Desktop\School\Meitar\Thesis\Code\numeric-asnets\experiment_tracking\mprime_phase_b_a_stage1_mcts_20260913\results_20260914\per_seed_results.csv,,,"/home/hersco/bershco-nu-asnets/numeric-asnets/asnets/experiment-results/experiments_numeric.domain.mprime_validation_ipc_scale_v1-experiments_numeric.architecture_2.mprime-2026-08-27T10:22:03.307641/P[domain,pfile01,pfile02,pfile04,pfile05]-S[0.003,50,enhsp-hmrp-ha-gbfs]-MO[]-T[518400]-04915056-2fc32f3/snapshots/snapshot_6_0.750",6,20668548,6,,,,17.0,6,corrected-validation Phase-B replicate-A primary
mprime,on,stage1,1972442430,17.0,17.0,15,17,17,C:\Users\roeeh\Desktop\School\Meitar\Thesis\Code\numeric-asnets\experiment_tracking\mprime_phase_b_a_stage1_mcts_20260913\results_20260914\per_seed_results.csv,,,"/home/hersco/bershco-nu-asnets/numeric-asnets/asnets/experiment-results/experiments_numeric.domain.mprime_validation_ipc_scale_v1-experiments_numeric.architecture_2.mprime-2026-08-27T10:22:16.868288/P[domain,pfile01,pfile02,pfile04,pfile05]-S[0.003,50,enhsp-hmrp-ha-gbfs]-MO[]-T[518400]-04915056-72aea46/snapshots/snapshot_5_0.625",5,20668753,5,,,,17.0,14,corrected-validation Phase-B replicate-A primary
mprime,on,stage1,2011206605,16.0,16.0,17,17,17,C:\Users\roeeh\Desktop\School\Meitar\Thesis\Code\numeric-asnets\experiment_tracking\mprime_phase_b_a_stage1_mcts_20260913\results_20260914\per_seed_results.csv,,,"/home/hersco/bershco-nu-asnets/numeric-asnets/asnets/experiment-results/experiments_numeric.domain.mprime_validation_ipc_scale_v1-experiments_numeric.architecture_2.mprime-2026-08-27T10:22:03.307653/P[domain,pfile01,pfile02,pfile04,pfile05]-S[0.003,50,enhsp-hmrp-ha-gbfs]-MO[]-T[518400]-04915056-067843/snapshots/snapshot_5_0.750",5,20668561,5,,,,13.0,18,corrected-validation Phase-B replicate-A primary
mprime,on,stage1,2082152039,13.0,13.0,14,16,16,C:\Users\roeeh\Desktop\School\Meitar\Thesis\Code\numeric-asnets\experiment_tracking\mprime_phase_b_a_stage1_mcts_20260913\results_20260914\per_seed_results.csv,,,"/home/hersco/bershco-nu-asnets/numeric-asnets/asnets/experiment-results/experiments_numeric.domain.mprime_validation_ipc_scale_v1-experiments_numeric.architecture_2.mprime-2026-08-27T10:43:39.769362/P[domain,pfile01,pfile02,pfile04,pfile05]-S[0.003,50,enhsp-hmrp-ha-gbfs]-MO[]-T[518400]-04915077-faf7d6/snapshots/snapshot_5_0.750",5,20668673,5,,,,13.0,5,corrected-validation Phase-B replicate-A primary
mprime,on,stage1,534933607,17.0,17.0,12,14,14,C:\Users\roeeh\Desktop\School\Meitar\Thesis\Code\numeric-asnets\experiment_tracking\mprime_phase_b_a_stage1_mcts_20260913\results_20260914\per_seed_results.csv,,,"/home/hersco/bershco-nu-asnets/numeric-asnets/asnets/experiment-results/experiments_numeric.domain.mprime_validation_ipc_scale_v1-experiments_numeric.architecture_2.mprime-2026-08-27T10:28:36.642522/P[domain,pfile01,pfile02,pfile04,pfile05]-S[0.003,50,enhsp-hmrp-ha-gbfs]-MO[]-T[518400]-04915062-3c74d66/snapshots/snapshot_30_0.750",30,20668656,30,,,,13.0,13,corrected-validation Phase-B replicate-A primary
mprime,on,stage1,923500475,14.0,14.0,11,13,15,C:\Users\roeeh\Desktop\School\Meitar\Thesis\Code\numeric-asnets\experiment_tracking\mprime_phase_b_a_stage1_mcts_20260913\results_20260914\per_seed_results.csv,,,"/home/hersco/bershco-nu-asnets/numeric-asnets/asnets/experiment-results/experiments_numeric.domain.mprime_validation_ipc_scale_v1-experiments_numeric.architecture_2.mprime-2026-08-27T10:22:16.868149/P[domain,pfile01,pfile02,pfile04,pfile05]-S[0.003,50,enhsp-hmrp-ha-gbfs]-MO[]-T[518400]-04915056-5194f74/snapshots/snapshot_35_0.750",35,20668739,35,,,,15.0,15,corrected-validation Phase-B replicate-A primary
mprime,off,stage2,534933607,18.0,18.0,13,16,19,C:\Users\roeeh\Desktop\School\Meitar\Thesis\Code\numeric-asnets\.codex-worktrees\mcts-safe-context\experiment_tracking\mprime_final_stage2_search_20260916\final_per_seed_results_20260918.csv,,,,,,,16,19,19,,,
mprime,off,stage2,923500475,16.0,16.0,14,14,14,C:\Users\roeeh\Desktop\School\Meitar\Thesis\Code\numeric-asnets\.codex-worktrees\mcts-safe-context\experiment_tracking\mprime_final_stage2_search_20260916\final_per_seed_results_20260918.csv,,,,,,,14,16,16,,,
mprime,off,stage2,1073581256,14.0,14.0,14,16,17,C:\Users\roeeh\Desktop\School\Meitar\Thesis\Code\numeric-asnets\.codex-worktrees\mcts-safe-context\experiment_tracking\mprime_final_stage2_search_20260916\final_per_seed_results_20260918.csv,,,,,,,16,18,18,,,
mprime,off,stage2,1239739722,14.0,14.0,15,16,16,C:\Users\roeeh\Desktop\School\Meitar\Thesis\Code\numeric-asnets\.codex-worktrees\mcts-safe-context\experiment_tracking\mprime_final_stage2_search_20260916\final_per_seed_results_20260918.csv,,,,,,,16,17,18,,,
mprime,off,stage2,1472491096,15.0,15.0,13,16,16,C:\Users\roeeh\Desktop\School\Meitar\Thesis\Code\numeric-asnets\.codex-worktrees\mcts-safe-context\experiment_tracking\mprime_final_stage2_search_20260916\final_per_seed_results_20260918.csv,,,,,,,16,16,17,,,
mprime,off,stage2,1510771779,20.0,20.0,15,17,18,C:\Users\roeeh\Desktop\School\Meitar\Thesis\Code\numeric-asnets\.codex-worktrees\mcts-safe-context\experiment_tracking\mprime_final_stage2_search_20260916\final_per_seed_results_20260918.csv,,,,,,,17,19,19,,,
mprime,off,stage2,1963100312,20.0,20.0,15,16,16,C:\Users\roeeh\Desktop\School\Meitar\Thesis\Code\numeric-asnets\.codex-worktrees\mcts-safe-context\experiment_tracking\mprime_final_stage2_search_20260916\final_per_seed_results_20260918.csv,,,,,,,17,20,20,,,
mprime,off,stage2,1972442430,17.0,17.0,14,15,16,C:\Users\roeeh\Desktop\School\Meitar\Thesis\Code\numeric-asnets\.codex-worktrees\mcts-safe-context\experiment_tracking\mprime_final_stage2_search_20260916\final_per_seed_results_20260918.csv,,,,,,,17,17,17,,,
mprime,off,stage2,2011206605,16.0,16.0,16,16,16,C:\Users\roeeh\Desktop\School\Meitar\Thesis\Code\numeric-asnets\.codex-worktrees\mcts-safe-context\experiment_tracking\mprime_final_stage2_search_20260916\final_per_seed_results_20260918.csv,,,,,,,16,17,17,,,
mprime,off,stage2,2082152039,15.0,15.0,13,16,18,C:\Users\roeeh\Desktop\School\Meitar\Thesis\Code\numeric-asnets\.codex-worktrees\mcts-safe-context\experiment_tracking\mprime_final_stage2_search_20260916\final_per_seed_results_20260918.csv,,,,,,,15,18,18,,,
mprime,on,stage2,534933607,18.0,18.0,14,14,16,C:\Users\roeeh\Desktop\School\Meitar\Thesis\Code\numeric-asnets\.codex-worktrees\mcts-safe-context\experiment_tracking\mprime_final_stage2_search_20260916\final_per_seed_results_20260918.csv,,,,,,,14,14,14,,,
mprime,on,stage2,923500475,16.0,16.0,10,12,14,C:\Users\roeeh\Desktop\School\Meitar\Thesis\Code\numeric-asnets\.codex-worktrees\mcts-safe-context\experiment_tracking\mprime_final_stage2_search_20260916\final_per_seed_results_20260918.csv,,,,,,,16,17,17,,,
mprime,on,stage2,1073581256,13.0,13.0,13,16,17,C:\Users\roeeh\Desktop\School\Meitar\Thesis\Code\numeric-asnets\.codex-worktrees\mcts-safe-context\experiment_tracking\mprime_final_stage2_search_20260916\final_per_seed_results_20260918.csv,,,,,,,15,18,18,,,
mprime,on,stage2,1239739722,15.0,15.0,14,14,16,C:\Users\roeeh\Desktop\School\Meitar\Thesis\Code\numeric-asnets\.codex-worktrees\mcts-safe-context\experiment_tracking\mprime_final_stage2_search_20260916\final_per_seed_results_20260918.csv,,,,,,,15,15,16,,,
mprime,on,stage2,1472491096,17.0,17.0,12,13,13,C:\Users\roeeh\Desktop\School\Meitar\Thesis\Code\numeric-asnets\.codex-worktrees\mcts-safe-context\experiment_tracking\mprime_final_stage2_search_20260916\final_per_seed_results_20260918.csv,,,,,,,14,15,15,,,
mprime,on,stage2,1510771779,17.0,17.0,12,14,16,C:\Users\roeeh\Desktop\School\Meitar\Thesis\Code\numeric-asnets\.codex-worktrees\mcts-safe-context\experiment_tracking\mprime_final_stage2_search_20260916\final_per_seed_results_20260918.csv,,,,,,,14,17,17,,,
mprime,on,stage2,1963100312,15.0,15.0,13,16,17,C:\Users\roeeh\Desktop\School\Meitar\Thesis\Code\numeric-asnets\.codex-worktrees\mcts-safe-context\experiment_tracking\mprime_final_stage2_search_20260916\final_per_seed_results_20260918.csv,,,,,,,16,19,19,,,
mprime,on,stage2,1972442430,18.0,18.0,13,16,17,C:\Users\roeeh\Desktop\School\Meitar\Thesis\Code\numeric-asnets\.codex-worktrees\mcts-safe-context\experiment_tracking\mprime_final_stage2_search_20260916\final_per_seed_results_20260918.csv,,,,,,,16,18,18,,,
mprime,on,stage2,2011206605,20.0,20.0,14,16,17,C:\Users\roeeh\Desktop\School\Meitar\Thesis\Code\numeric-asnets\.codex-worktrees\mcts-safe-context\experiment_tracking\mprime_final_stage2_search_20260916\final_per_seed_results_20260918.csv,,,,,,,16,19,20,,,
mprime,on,stage2,2082152039,18.0,18.0,14,15,17,C:\Users\roeeh\Desktop\School\Meitar\Thesis\Code\numeric-asnets\.codex-worktrees\mcts-safe-context\experiment_tracking\mprime_final_stage2_search_20260916\final_per_seed_results_20260918.csv,,,,,,,16,18,18,,,
